"SampleID","Longitude","Latitude","Project_na","Region","Type","Source","Date","Station","Microcystis","Chlorophyll","Secchi","Temperature","SalSurf","TurbidityNTU","TowType","Year","Month","BottomDepth","Tide","Datetime","DO","TurbidityFNU","SizeClass","ClamGroup","Volume","CPUE"
"FRP PG1-10APR2018",-121.58961,38.09645,"Web Tract Berms","Web Tract Berms","Inside","FRP",2018-04-10 07:00:00,"Webb Tract Island and Berm","1",NA,NA,15.3,0.140937578764476,9.2,"PPG",2018,NA,NA,"Flood",2018-04-10 10:50:00,10.4,NA,"Macro","Corbicula",0.0231,0
"FRP PG1-10APR2018",-121.58961,38.09645,"Web Tract Berms","Web Tract Berms","Inside","FRP",2018-04-10 07:00:00,"Webb Tract Island and Berm","1",NA,NA,15.3,0.140937578764476,9.2,"PPG",2018,NA,NA,"Flood",2018-04-10 10:50:00,10.4,NA,"Macro","Other",0.0231,303.030303030303
"FRP PG1-10APR2018",-121.58961,38.09645,"Web Tract Berms","Web Tract Berms","Inside","FRP",2018-04-10 07:00:00,"Webb Tract Island and Berm","1",NA,NA,15.3,0.140937578764476,9.2,"PPG",2018,NA,NA,"Flood",2018-04-10 10:50:00,10.4,NA,"Macro","Potamocorbula",0.0231,0
"FRP PG1-11APR2018",-121.66486,38.240705,NA,"Cache Slough","Outside","FRP",2018-04-11 07:00:00,"Miner Slough","1",NA,30,13.8,0.0979773366123054,54.9,"PPG",2018,NA,NA,"Ebb",2018-04-11 08:30:00,10,NA,"Macro","Corbicula",0.0231,86.5800865800866
"FRP PG1-11APR2018",-121.66486,38.240705,NA,"Cache Slough","Outside","FRP",2018-04-11 07:00:00,"Miner Slough","1",NA,30,13.8,0.0979773366123054,54.9,"PPG",2018,NA,NA,"Ebb",2018-04-11 08:30:00,10,NA,"Macro","Other",0.0231,0
"FRP PG1-11APR2018",-121.66486,38.240705,NA,"Cache Slough","Outside","FRP",2018-04-11 07:00:00,"Miner Slough","1",NA,30,13.8,0.0979773366123054,54.9,"PPG",2018,NA,NA,"Ebb",2018-04-11 08:30:00,10,NA,"Macro","Potamocorbula",0.0231,0
"FRP PG1-12APR2018",-121.99758,38.12914,NA,"Grizzly Bay","Outside","FRP",2018-04-12 07:00:00,"Grizzly Bay","1",NA,10,13.2,0.0581867227214772,147.2,"PPG",2018,NA,NA,"Flood",2018-04-12 10:15:00,11.3,NA,"Macro","Corbicula",0.0231,0
"FRP PG1-12APR2018",-121.99758,38.12914,NA,"Grizzly Bay","Outside","FRP",2018-04-12 07:00:00,"Grizzly Bay","1",NA,10,13.2,0.0581867227214772,147.2,"PPG",2018,NA,NA,"Flood",2018-04-12 10:15:00,11.3,NA,"Macro","Other",0.0231,216.450216450216
"FRP PG1-12APR2018",-121.99758,38.12914,NA,"Grizzly Bay","Outside","FRP",2018-04-12 07:00:00,"Grizzly Bay","1",NA,10,13.2,0.0581867227214772,147.2,"PPG",2018,NA,NA,"Flood",2018-04-12 10:15:00,11.3,NA,"Macro","Potamocorbula",0.0231,519.48051948052
"FRP PG1-13APR2018",-121.72456,38.08291,NA,"Decker","Outside","FRP",2018-04-13 07:00:00,"Horseshoe Bend","1",NA,NA,14.3,0.122548276349843,17.2,"PPG",2018,NA,NA,"Low slack",2018-04-13 11:00:00,11.5,NA,"Macro","Corbicula",0.0231,4588.74458874459
"FRP PG1-13APR2018",-121.72456,38.08291,NA,"Decker","Outside","FRP",2018-04-13 07:00:00,"Horseshoe Bend","1",NA,NA,14.3,0.122548276349843,17.2,"PPG",2018,NA,NA,"Low slack",2018-04-13 11:00:00,11.5,NA,"Macro","Other",0.0231,0
"FRP PG1-13APR2018",-121.72456,38.08291,NA,"Decker","Outside","FRP",2018-04-13 07:00:00,"Horseshoe Bend","1",NA,NA,14.3,0.122548276349843,17.2,"PPG",2018,NA,NA,"Low slack",2018-04-13 11:00:00,11.5,NA,"Macro","Potamocorbula",0.0231,0
"FRP PG1-18APR2018",-121.83355,38.02312,NA,"Confluence","Outside","FRP",2018-04-18 07:00:00,"Dow","1",NA,74,14.7,0.17256239846247,10.8,"PPG",2018,NA,NA,"Ebb",2018-04-18 07:23:00,7.1,NA,"Macro","Corbicula",0.0231,43.2900432900433
"FRP PG1-18APR2018",-121.83355,38.02312,NA,"Confluence","Outside","FRP",2018-04-18 07:00:00,"Dow","1",NA,74,14.7,0.17256239846247,10.8,"PPG",2018,NA,NA,"Ebb",2018-04-18 07:23:00,7.1,NA,"Macro","Other",0.0231,259.74025974026
"FRP PG1-18APR2018",-121.83355,38.02312,NA,"Confluence","Outside","FRP",2018-04-18 07:00:00,"Dow","1",NA,74,14.7,0.17256239846247,10.8,"PPG",2018,NA,NA,"Ebb",2018-04-18 07:23:00,7.1,NA,"Macro","Potamocorbula",0.0231,0
"FRP PG1-22MAR2018",-121.86946,38.04501,NA,"Confluence","Outside","FRP",2018-03-22 07:00:00,"Browns Island","1",NA,54,13.1,0.706302745383371,19,"PPG",2018,NA,NA,"Ebb",2018-03-22 08:15:00,10,NA,"Macro","Corbicula",0.0231,0
"FRP PG1-22MAR2018",-121.86946,38.04501,NA,"Confluence","Outside","FRP",2018-03-22 07:00:00,"Browns Island","1",NA,54,13.1,0.706302745383371,19,"PPG",2018,NA,NA,"Ebb",2018-03-22 08:15:00,10,NA,"Macro","Other",0.0231,0
"FRP PG1-22MAR2018",-121.86946,38.04501,NA,"Confluence","Outside","FRP",2018-03-22 07:00:00,"Browns Island","1",NA,54,13.1,0.706302745383371,19,"PPG",2018,NA,NA,"Ebb",2018-03-22 08:15:00,10,NA,"Macro","Potamocorbula",0.0231,0
"FRP PG1-23MAR2018",-121.6851,38.24561,"Liberty","Cache Slough","Inside","FRP",2018-03-23 07:00:00,"Liberty Island","1",NA,100,12.2,0.0994194744434963,5.7,"PPG",2018,NA,NA,"Flood",2018-03-23 08:19:00,9.9,NA,"Macro","Corbicula",0.0231,779.220779220779
"FRP PG1-23MAR2018",-121.6851,38.24561,"Liberty","Cache Slough","Inside","FRP",2018-03-23 07:00:00,"Liberty Island","1",NA,100,12.2,0.0994194744434963,5.7,"PPG",2018,NA,NA,"Flood",2018-03-23 08:19:00,9.9,NA,"Macro","Other",0.0231,0
"FRP PG1-23MAR2018",-121.6851,38.24561,"Liberty","Cache Slough","Inside","FRP",2018-03-23 07:00:00,"Liberty Island","1",NA,100,12.2,0.0994194744434963,5.7,"PPG",2018,NA,NA,"Flood",2018-03-23 08:19:00,9.9,NA,"Macro","Potamocorbula",0.0231,0
"FRP PG1-29MAR2018",-122.01504,38.07898,"Ryer","Grizzly Bay","Inside","FRP",2018-03-29 07:00:00,"Ryer Island","1",NA,35,13.4,0.174027154897068,33.4,"PPG",2018,NA,NA,"Low slack",2018-03-29 08:37:00,9.7,NA,"Macro","Corbicula",0.0231,173.160173160173
"FRP PG1-29MAR2018",-122.01504,38.07898,"Ryer","Grizzly Bay","Inside","FRP",2018-03-29 07:00:00,"Ryer Island","1",NA,35,13.4,0.174027154897068,33.4,"PPG",2018,NA,NA,"Low slack",2018-03-29 08:37:00,9.7,NA,"Macro","Other",0.0231,0
"FRP PG1-29MAR2018",-122.01504,38.07898,"Ryer","Grizzly Bay","Inside","FRP",2018-03-29 07:00:00,"Ryer Island","1",NA,35,13.4,0.174027154897068,33.4,"PPG",2018,NA,NA,"Low slack",2018-03-29 08:37:00,9.7,NA,"Macro","Potamocorbula",0.0231,0
"FRP PG1-5JUN2018",-121.72453,38.0832,NA,"Decker","Outside","FRP",2018-06-05 07:00:00,"Horseshoe Bend","1",NA,130,20.5,0.0883721285150298,4.8,"PPG",2018,NA,NA,"High slack",2018-06-05 09:30:00,9.3,NA,"Macro","Corbicula",0.0231,0
"FRP PG1-5JUN2018",-121.72453,38.0832,NA,"Decker","Outside","FRP",2018-06-05 07:00:00,"Horseshoe Bend","1",NA,130,20.5,0.0883721285150298,4.8,"PPG",2018,NA,NA,"High slack",2018-06-05 09:30:00,9.3,NA,"Macro","Other",0.0231,0
"FRP PG1-5JUN2018",-121.72453,38.0832,NA,"Decker","Outside","FRP",2018-06-05 07:00:00,"Horseshoe Bend","1",NA,130,20.5,0.0883721285150298,4.8,"PPG",2018,NA,NA,"High slack",2018-06-05 09:30:00,9.3,NA,"Macro","Potamocorbula",0.0231,0
"FRP PG1-BI-28MAR2019",-121.85641,38.04119,"Browns","Confluence","Inside","FRP",2019-03-28 07:00:00,"Browns Island","1",NA,74,13.8,0.250293256654012,17.3,"PPG",2019,NA,NA,"Ebb",NA,8.1,NA,"Macro","Corbicula",0.0231,303.030303030303
"FRP PG1-BI-28MAR2019",-121.85641,38.04119,"Browns","Confluence","Inside","FRP",2019-03-28 07:00:00,"Browns Island","1",NA,74,13.8,0.250293256654012,17.3,"PPG",2019,NA,NA,"Ebb",NA,8.1,NA,"Macro","Other",0.0231,0
"FRP PG1-BI-28MAR2019",-121.85641,38.04119,"Browns","Confluence","Inside","FRP",2019-03-28 07:00:00,"Browns Island","1",NA,74,13.8,0.250293256654012,17.3,"PPG",2019,NA,NA,"Ebb",NA,8.1,NA,"Macro","Potamocorbula",0.0231,0
"FRP PG1-CI-13MAY2019",-121.926516,38.05592,"Chipps","Confluence","Inside","FRP",2019-05-13 07:00:00,"Chipps Island",NA,NA,31,17.2,0.083095335466724,28.1,"PPG",2019,NA,NA,NA,NA,9.2,NA,"Macro","Corbicula",0.0231,389.61038961039
"FRP PG1-CI-13MAY2019",-121.926516,38.05592,"Chipps","Confluence","Inside","FRP",2019-05-13 07:00:00,"Chipps Island",NA,NA,31,17.2,0.083095335466724,28.1,"PPG",2019,NA,NA,NA,NA,9.2,NA,"Macro","Other",0.0231,0
"FRP PG1-CI-13MAY2019",-121.926516,38.05592,"Chipps","Confluence","Inside","FRP",2019-05-13 07:00:00,"Chipps Island",NA,NA,31,17.2,0.083095335466724,28.1,"PPG",2019,NA,NA,NA,NA,9.2,NA,"Macro","Potamocorbula",0.0231,0
"FRP PG1-DECK-02JAN2020",-121.72424,38.08384,NA,"Decker","Outside","FRP",2020-01-02 08:00:00,"Decker Island","1",NA,92,9.4,0.124480601103396,3.6,"PPG",2020,NA,NA,"High slack",NA,10.2,NA,"Macro","Corbicula",0.0231,216.450216450216
"FRP PG1-DECK-02JAN2020",-121.72424,38.08384,NA,"Decker","Outside","FRP",2020-01-02 08:00:00,"Decker Island","1",NA,92,9.4,0.124480601103396,3.6,"PPG",2020,NA,NA,"High slack",NA,10.2,NA,"Macro","Other",0.0231,0
"FRP PG1-DECK-02JAN2020",-121.72424,38.08384,NA,"Decker","Outside","FRP",2020-01-02 08:00:00,"Decker Island","1",NA,92,9.4,0.124480601103396,3.6,"PPG",2020,NA,NA,"High slack",NA,10.2,NA,"Macro","Potamocorbula",0.0231,0
"FRP PG1-DECK-16MAR2020",-121.724,38.08438,"Decker","Decker","Inside","FRP",2020-03-16 07:00:00,"Decker Island","1",NA,NA,12.7,0.130766127291806,NA,"PPG",2020,NA,NA,"Ebb",NA,9.8,NA,"Macro","Corbicula",0.0231,86.5800865800866
"FRP PG1-DECK-16MAR2020",-121.724,38.08438,"Decker","Decker","Inside","FRP",2020-03-16 07:00:00,"Decker Island","1",NA,NA,12.7,0.130766127291806,NA,"PPG",2020,NA,NA,"Ebb",NA,9.8,NA,"Macro","Other",0.0231,0
"FRP PG1-DECK-16MAR2020",-121.724,38.08438,"Decker","Decker","Inside","FRP",2020-03-16 07:00:00,"Decker Island","1",NA,NA,12.7,0.130766127291806,NA,"PPG",2020,NA,NA,"Ebb",NA,9.8,NA,"Macro","Potamocorbula",0.0231,0
"FRP PG1-DI-18MAR2019",-121.7244,38.08384,NA,"Decker","Outside","FRP",2019-03-18 07:00:00,"Horseshoe Bend","1",NA,65,15.5,0.0878922547868343,17.2,"PPG",2019,NA,NA,"Flood",NA,9.4,NA,"Macro","Corbicula",0.0231,0
"FRP PG1-DI-18MAR2019",-121.7244,38.08384,NA,"Decker","Outside","FRP",2019-03-18 07:00:00,"Horseshoe Bend","1",NA,65,15.5,0.0878922547868343,17.2,"PPG",2019,NA,NA,"Flood",NA,9.4,NA,"Macro","Other",0.0231,0
"FRP PG1-DI-18MAR2019",-121.7244,38.08384,NA,"Decker","Outside","FRP",2019-03-18 07:00:00,"Horseshoe Bend","1",NA,65,15.5,0.0878922547868343,17.2,"PPG",2019,NA,NA,"Flood",NA,9.4,NA,"Macro","Potamocorbula",0.0231,0
"FRP PG1-GB-25APR2019",-121.9994,38.13138,NA,"Grizzly Bay","Outside","FRP",2019-04-25 07:00:00,"Grizzly Bay","1",NA,19,21.7,0.123031283827652,71,"PPG",2019,NA,NA,"High slack",NA,8.9,NA,"Macro","Corbicula",0.0231,0
"FRP PG1-GB-25APR2019",-121.9994,38.13138,NA,"Grizzly Bay","Outside","FRP",2019-04-25 07:00:00,"Grizzly Bay","1",NA,19,21.7,0.123031283827652,71,"PPG",2019,NA,NA,"High slack",NA,8.9,NA,"Macro","Other",0.0231,0
"FRP PG1-GB-25APR2019",-121.9994,38.13138,NA,"Grizzly Bay","Outside","FRP",2019-04-25 07:00:00,"Grizzly Bay","1",NA,19,21.7,0.123031283827652,71,"PPG",2019,NA,NA,"High slack",NA,8.9,NA,"Macro","Potamocorbula",0.0231,649.350649350649
"FRP PG1-LI-25APR2019",-121.69313,38.28035,"Liberty","Cache Slough","Inside","FRP",2019-04-25 07:00:00,"Liberty Island","1",NA,140,20.8,0.148702256136035,3.1,"PPG",2019,NA,NA,"Flood",NA,8.6,NA,"Macro","Corbicula",0.0231,909.090909090909
"FRP PG1-LI-25APR2019",-121.69313,38.28035,"Liberty","Cache Slough","Inside","FRP",2019-04-25 07:00:00,"Liberty Island","1",NA,140,20.8,0.148702256136035,3.1,"PPG",2019,NA,NA,"Flood",NA,8.6,NA,"Macro","Other",0.0231,0
"FRP PG1-LI-25APR2019",-121.69313,38.28035,"Liberty","Cache Slough","Inside","FRP",2019-04-25 07:00:00,"Liberty Island","1",NA,140,20.8,0.148702256136035,3.1,"PPG",2019,NA,NA,"Flood",NA,8.6,NA,"Macro","Potamocorbula",0.0231,0
"FRP PG1-RI-11APR2019",-122.01449,38.07878,"Ryer","Grizzly Bay","Inside","FRP",2019-04-11 07:00:00,"Ryer Island","1",NA,67,14.8,0.0917322350221805,12.4,"PPG",2019,NA,NA,"Ebb",NA,9.6,NA,"Macro","Corbicula",0.0231,216.450216450216
"FRP PG1-RI-11APR2019",-122.01449,38.07878,"Ryer","Grizzly Bay","Inside","FRP",2019-04-11 07:00:00,"Ryer Island","1",NA,67,14.8,0.0917322350221805,12.4,"PPG",2019,NA,NA,"Ebb",NA,9.6,NA,"Macro","Other",0.0231,0
"FRP PG1-RI-11APR2019",-122.01449,38.07878,"Ryer","Grizzly Bay","Inside","FRP",2019-04-11 07:00:00,"Ryer Island","1",NA,67,14.8,0.0917322350221805,12.4,"PPG",2019,NA,NA,"Ebb",NA,9.6,NA,"Macro","Potamocorbula",0.0231,43.2900432900433
"FRP PG1-SJ-22MAR2019",-121.59084,38.09947,NA,"Web Tract Berms","Outside","FRP",2019-03-22 07:00:00,"Webb Tract Island and Berm","1",NA,85,13.3,0.0806980297525719,17.2,"PPG",2019,NA,NA,"Ebb",NA,9.9,NA,"Macro","Corbicula",0.0231,0
"FRP PG1-SJ-22MAR2019",-121.59084,38.09947,NA,"Web Tract Berms","Outside","FRP",2019-03-22 07:00:00,"Webb Tract Island and Berm","1",NA,85,13.3,0.0806980297525719,17.2,"PPG",2019,NA,NA,"Ebb",NA,9.9,NA,"Macro","Other",0.0231,389.61038961039
"FRP PG1-SJ-22MAR2019",-121.59084,38.09947,NA,"Web Tract Berms","Outside","FRP",2019-03-22 07:00:00,"Webb Tract Island and Berm","1",NA,85,13.3,0.0806980297525719,17.2,"PPG",2019,NA,NA,"Ebb",NA,9.9,NA,"Macro","Potamocorbula",0.0231,0
"FRP PG1-WI-27MAR2019",-121.84138,38.03429,NA,"Confluence","Outside","FRP",2019-03-27 07:00:00,"Winter Island","1",NA,77,13.9,0.090291973538643,16.5,"PPG",2019,NA,NA,"Flood",NA,9.9,NA,"Macro","Corbicula",0.0231,0
"FRP PG1-WI-27MAR2019",-121.84138,38.03429,NA,"Confluence","Outside","FRP",2019-03-27 07:00:00,"Winter Island","1",NA,77,13.9,0.090291973538643,16.5,"PPG",2019,NA,NA,"Flood",NA,9.9,NA,"Macro","Other",0.0231,0
"FRP PG1-WI-27MAR2019",-121.84138,38.03429,NA,"Confluence","Outside","FRP",2019-03-27 07:00:00,"Winter Island","1",NA,77,13.9,0.090291973538643,16.5,"PPG",2019,NA,NA,"Flood",NA,9.9,NA,"Macro","Potamocorbula",0.0231,0
"FRP PG1-WI-28MAR2019",-121.83935,38.03243,NA,"Confluence","Outside","FRP",2019-03-28 07:00:00,"Broad Slough","1",NA,109,13.9,0.0917322350221805,6.8,"PPG",2019,NA,NA,"High slack",NA,9.7,NA,"Macro","Corbicula",0.0231,952.380952380952
"FRP PG1-WI-28MAR2019",-121.83935,38.03243,NA,"Confluence","Outside","FRP",2019-03-28 07:00:00,"Broad Slough","1",NA,109,13.9,0.0917322350221805,6.8,"PPG",2019,NA,NA,"High slack",NA,9.7,NA,"Macro","Other",0.0231,0
"FRP PG1-WI-28MAR2019",-121.83935,38.03243,NA,"Confluence","Outside","FRP",2019-03-28 07:00:00,"Broad Slough","1",NA,109,13.9,0.0917322350221805,6.8,"PPG",2019,NA,NA,"High slack",NA,9.7,NA,"Macro","Potamocorbula",0.0231,0
"FRP PG1-YF-23MAY2019",-121.64278,38.36224,"Flyway Farms","Cache Slough","Inside","FRP",2019-05-23 07:00:00,"Yolo Flyway Farms","1",NA,23,19.6,0.237917474193642,46.8,"PPG",2019,NA,NA,"Ebb",NA,8.3,NA,"Macro","Corbicula",0.0231,0
"FRP PG1-YF-23MAY2019",-121.64278,38.36224,"Flyway Farms","Cache Slough","Inside","FRP",2019-05-23 07:00:00,"Yolo Flyway Farms","1",NA,23,19.6,0.237917474193642,46.8,"PPG",2019,NA,NA,"Ebb",NA,8.3,NA,"Macro","Other",0.0231,0
"FRP PG1-YF-23MAY2019",-121.64278,38.36224,"Flyway Farms","Cache Slough","Inside","FRP",2019-05-23 07:00:00,"Yolo Flyway Farms","1",NA,23,19.6,0.237917474193642,46.8,"PPG",2019,NA,NA,"Ebb",NA,8.3,NA,"Macro","Potamocorbula",0.0231,0
"FRP PG2-10APR2018",-121.5895,38.09645,"Web Tract Berms","Web Tract Berms","Inside","FRP",2018-04-10 07:00:00,"Webb Tract Island and Berm","1",NA,NA,15.3,0.140937578764476,9.2,"PPG",2018,NA,NA,"Flood",2018-04-10 10:50:00,10.4,NA,"Macro","Corbicula",0.0231,86.5800865800866
"FRP PG2-10APR2018",-121.5895,38.09645,"Web Tract Berms","Web Tract Berms","Inside","FRP",2018-04-10 07:00:00,"Webb Tract Island and Berm","1",NA,NA,15.3,0.140937578764476,9.2,"PPG",2018,NA,NA,"Flood",2018-04-10 10:50:00,10.4,NA,"Macro","Other",0.0231,0
"FRP PG2-10APR2018",-121.5895,38.09645,"Web Tract Berms","Web Tract Berms","Inside","FRP",2018-04-10 07:00:00,"Webb Tract Island and Berm","1",NA,NA,15.3,0.140937578764476,9.2,"PPG",2018,NA,NA,"Flood",2018-04-10 10:50:00,10.4,NA,"Macro","Potamocorbula",0.0231,0
"FRP PG2-11APR2018",-121.659756,38.243621,NA,"Cache Slough","Outside","FRP",2018-04-11 07:00:00,"Miner Slough","1",NA,30,13.8,0.0979773366123054,54.9,"PPG",2018,NA,NA,"Ebb",2018-04-11 08:30:00,10,NA,"Macro","Corbicula",0.0231,173.160173160173
"FRP PG2-11APR2018",-121.659756,38.243621,NA,"Cache Slough","Outside","FRP",2018-04-11 07:00:00,"Miner Slough","1",NA,30,13.8,0.0979773366123054,54.9,"PPG",2018,NA,NA,"Ebb",2018-04-11 08:30:00,10,NA,"Macro","Other",0.0231,0
"FRP PG2-11APR2018",-121.659756,38.243621,NA,"Cache Slough","Outside","FRP",2018-04-11 07:00:00,"Miner Slough","1",NA,30,13.8,0.0979773366123054,54.9,"PPG",2018,NA,NA,"Ebb",2018-04-11 08:30:00,10,NA,"Macro","Potamocorbula",0.0231,0
"FRP PG2-12APR2018",-121.99349,38.12181,NA,"Grizzly Bay","Outside","FRP",2018-04-12 07:00:00,"Grizzly Bay","1",NA,NA,NA,NA,NA,"PPG",2018,NA,NA,"Flood",2018-04-12 10:41:00,NA,NA,"Macro","Corbicula",0.0231,0
"FRP PG2-12APR2018",-121.99349,38.12181,NA,"Grizzly Bay","Outside","FRP",2018-04-12 07:00:00,"Grizzly Bay","1",NA,NA,NA,NA,NA,"PPG",2018,NA,NA,"Flood",2018-04-12 10:41:00,NA,NA,"Macro","Other",0.0231,346.320346320346
"FRP PG2-12APR2018",-121.99349,38.12181,NA,"Grizzly Bay","Outside","FRP",2018-04-12 07:00:00,"Grizzly Bay","1",NA,NA,NA,NA,NA,"PPG",2018,NA,NA,"Flood",2018-04-12 10:41:00,NA,NA,"Macro","Potamocorbula",0.0231,2164.50216450216
"FRP PG2-13APR2018",-121.71504,38.08353,NA,"Decker","Outside","FRP",2018-04-13 07:00:00,"Horseshoe Bend","1",NA,72,15.4,0.126413714855381,23.2,"PPG",2018,NA,NA,"Flood",2018-04-13 12:00:00,11.5,NA,"Macro","Corbicula",0.0231,3246.75324675325
"FRP PG2-13APR2018",-121.71504,38.08353,NA,"Decker","Outside","FRP",2018-04-13 07:00:00,"Horseshoe Bend","1",NA,72,15.4,0.126413714855381,23.2,"PPG",2018,NA,NA,"Flood",2018-04-13 12:00:00,11.5,NA,"Macro","Other",0.0231,43.2900432900433
"FRP PG2-13APR2018",-121.71504,38.08353,NA,"Decker","Outside","FRP",2018-04-13 07:00:00,"Horseshoe Bend","1",NA,72,15.4,0.126413714855381,23.2,"PPG",2018,NA,NA,"Flood",2018-04-13 12:00:00,11.5,NA,"Macro","Potamocorbula",0.0231,0
"FRP PG2-18APR2018",-121.82925,38.02362,NA,"Confluence","Outside","FRP",2018-04-18 07:00:00,"Dow","1",NA,61,14.2,0.097496706236128,10.9,"PPG",2018,NA,NA,"Ebb",2018-04-18 08:18:00,9.2,NA,"Macro","Corbicula",0.0231,0
"FRP PG2-18APR2018",-121.82925,38.02362,NA,"Confluence","Outside","FRP",2018-04-18 07:00:00,"Dow","1",NA,61,14.2,0.097496706236128,10.9,"PPG",2018,NA,NA,"Ebb",2018-04-18 08:18:00,9.2,NA,"Macro","Other",0.0231,0
"FRP PG2-18APR2018",-121.82925,38.02362,NA,"Confluence","Outside","FRP",2018-04-18 07:00:00,"Dow","1",NA,61,14.2,0.097496706236128,10.9,"PPG",2018,NA,NA,"Ebb",2018-04-18 08:18:00,9.2,NA,"Macro","Potamocorbula",0.0231,0
"FRP PG2-23MAR2018",-121.69263,38.27983,"Liberty","Cache Slough","Inside","FRP",2018-03-23 07:00:00,"Liberty Island","1",NA,93,13.2,0.146759866533279,6.1,"PPG",2018,NA,NA,"Flood",2018-03-23 09:10:00,11,NA,"Macro","Corbicula",0.0231,606.060606060606
"FRP PG2-23MAR2018",-121.69263,38.27983,"Liberty","Cache Slough","Inside","FRP",2018-03-23 07:00:00,"Liberty Island","1",NA,93,13.2,0.146759866533279,6.1,"PPG",2018,NA,NA,"Flood",2018-03-23 09:10:00,11,NA,"Macro","Other",0.0231,0
"FRP PG2-23MAR2018",-121.69263,38.27983,"Liberty","Cache Slough","Inside","FRP",2018-03-23 07:00:00,"Liberty Island","1",NA,93,13.2,0.146759866533279,6.1,"PPG",2018,NA,NA,"Flood",2018-03-23 09:10:00,11,NA,"Macro","Potamocorbula",0.0231,0
"FRP PG2-29MAR2018",-122.01734,38.08027,"Ryer","Grizzly Bay","Inside","FRP",2018-03-29 07:00:00,"Ryer Island","1",NA,23,13.5,0.170122138675085,36,"PPG",2018,NA,NA,"Flood",2018-03-29 09:17:00,9.3,NA,"Macro","Corbicula",0.0231,1038.96103896104
"FRP PG2-29MAR2018",-122.01734,38.08027,"Ryer","Grizzly Bay","Inside","FRP",2018-03-29 07:00:00,"Ryer Island","1",NA,23,13.5,0.170122138675085,36,"PPG",2018,NA,NA,"Flood",2018-03-29 09:17:00,9.3,NA,"Macro","Other",0.0231,0
"FRP PG2-29MAR2018",-122.01734,38.08027,"Ryer","Grizzly Bay","Inside","FRP",2018-03-29 07:00:00,"Ryer Island","1",NA,23,13.5,0.170122138675085,36,"PPG",2018,NA,NA,"Flood",2018-03-29 09:17:00,9.3,NA,"Macro","Potamocorbula",0.0231,43.2900432900433
"FRP PG2-BI-28MAR2019",-121.85577,38.04114,"Browns","Confluence","Inside","FRP",2019-03-28 07:00:00,"Browns Island","1",NA,78,13.5,0.326097107027213,15.2,"PPG",2019,NA,NA,"Ebb",NA,7.4,NA,"Macro","Corbicula",0.0231,129.87012987013
"FRP PG2-BI-28MAR2019",-121.85577,38.04114,"Browns","Confluence","Inside","FRP",2019-03-28 07:00:00,"Browns Island","1",NA,78,13.5,0.326097107027213,15.2,"PPG",2019,NA,NA,"Ebb",NA,7.4,NA,"Macro","Other",0.0231,0
"FRP PG2-BI-28MAR2019",-121.85577,38.04114,"Browns","Confluence","Inside","FRP",2019-03-28 07:00:00,"Browns Island","1",NA,78,13.5,0.326097107027213,15.2,"PPG",2019,NA,NA,"Ebb",NA,7.4,NA,"Macro","Potamocorbula",0.0231,0
"FRP PG2-CI-29APR2019",-121.91603,38.05125,"Chipps","Confluence","Inside","FRP",2019-04-29 07:00:00,"Chipps Island","1",NA,NA,18.9,0.0888520368837082,32.6,"PPG",2019,NA,NA,NA,NA,9,NA,"Macro","Corbicula",0.0231,0
"FRP PG2-CI-29APR2019",-121.91603,38.05125,"Chipps","Confluence","Inside","FRP",2019-04-29 07:00:00,"Chipps Island","1",NA,NA,18.9,0.0888520368837082,32.6,"PPG",2019,NA,NA,NA,NA,9,NA,"Macro","Other",0.0231,0
"FRP PG2-CI-29APR2019",-121.91603,38.05125,"Chipps","Confluence","Inside","FRP",2019-04-29 07:00:00,"Chipps Island","1",NA,NA,18.9,0.0888520368837082,32.6,"PPG",2019,NA,NA,NA,NA,9,NA,"Macro","Potamocorbula",0.0231,0
"FRP PG2-DECK-02JAN2020",-121.72411,38.08405,NA,"Decker","Outside","FRP",2020-01-02 08:00:00,"Decker Island","1",NA,92,9.4,0.124480601103396,3.6,"PPG",2020,NA,NA,"High slack",NA,10.2,NA,"Macro","Corbicula",0.0231,43.2900432900433
"FRP PG2-DECK-02JAN2020",-121.72411,38.08405,NA,"Decker","Outside","FRP",2020-01-02 08:00:00,"Decker Island","1",NA,92,9.4,0.124480601103396,3.6,"PPG",2020,NA,NA,"High slack",NA,10.2,NA,"Macro","Other",0.0231,0
"FRP PG2-DECK-02JAN2020",-121.72411,38.08405,NA,"Decker","Outside","FRP",2020-01-02 08:00:00,"Decker Island","1",NA,92,9.4,0.124480601103396,3.6,"PPG",2020,NA,NA,"High slack",NA,10.2,NA,"Macro","Potamocorbula",0.0231,0
"FRP PG2-DECK-16MAR2020",-121.7239,38.08442,"Decker","Decker","Inside","FRP",2020-03-16 07:00:00,"Decker Island","1",NA,NA,12.4,0.130282326252029,2.3,"PPG",2020,NA,NA,"Ebb",NA,8.9,NA,"Macro","Corbicula",0.0231,0
"FRP PG2-DECK-16MAR2020",-121.7239,38.08442,"Decker","Decker","Inside","FRP",2020-03-16 07:00:00,"Decker Island","1",NA,NA,12.4,0.130282326252029,2.3,"PPG",2020,NA,NA,"Ebb",NA,8.9,NA,"Macro","Other",0.0231,0
"FRP PG2-DECK-16MAR2020",-121.7239,38.08442,"Decker","Decker","Inside","FRP",2020-03-16 07:00:00,"Decker Island","1",NA,NA,12.4,0.130282326252029,2.3,"PPG",2020,NA,NA,"Ebb",NA,8.9,NA,"Macro","Potamocorbula",0.0231,0
"FRP PG2-DI-18MAR2019",-121.72082,38.08401,NA,"Decker","Outside","FRP",2019-03-18 07:00:00,"Horseshoe Bend","1",NA,67,14.8,0.0802186535554827,13.4,"PPG",2019,NA,NA,"High slack",NA,10.1,NA,"Macro","Corbicula",0.0231,0
"FRP PG2-DI-18MAR2019",-121.72082,38.08401,NA,"Decker","Outside","FRP",2019-03-18 07:00:00,"Horseshoe Bend","1",NA,67,14.8,0.0802186535554827,13.4,"PPG",2019,NA,NA,"High slack",NA,10.1,NA,"Macro","Other",0.0231,0
"FRP PG2-DI-18MAR2019",-121.72082,38.08401,NA,"Decker","Outside","FRP",2019-03-18 07:00:00,"Horseshoe Bend","1",NA,67,14.8,0.0802186535554827,13.4,"PPG",2019,NA,NA,"High slack",NA,10.1,NA,"Macro","Potamocorbula",0.0231,0
"FRP PG2-GB-25APR2019",-121.99654,38.12691,NA,"Grizzly Bay","Outside","FRP",2019-04-25 07:00:00,"Grizzly Bay","1",NA,18,21.5,0.14724538763085,66.5,"PPG",2019,NA,NA,"Ebb",NA,9.1,NA,"Macro","Corbicula",0.0231,0
"FRP PG2-GB-25APR2019",-121.99654,38.12691,NA,"Grizzly Bay","Outside","FRP",2019-04-25 07:00:00,"Grizzly Bay","1",NA,18,21.5,0.14724538763085,66.5,"PPG",2019,NA,NA,"Ebb",NA,9.1,NA,"Macro","Other",0.0231,0
"FRP PG2-GB-25APR2019",-121.99654,38.12691,NA,"Grizzly Bay","Outside","FRP",2019-04-25 07:00:00,"Grizzly Bay","1",NA,18,21.5,0.14724538763085,66.5,"PPG",2019,NA,NA,"Ebb",NA,9.1,NA,"Macro","Potamocorbula",0.0231,1082.25108225108
"FRP PG2-LI-25APR2019",-121.6919,38.28479,"Liberty","Cache Slough","Inside","FRP",2019-04-25 07:00:00,"Liberty Island","1",NA,138,21.1,0.148216582430301,3.3,"PPG",2019,NA,NA,"High slack",NA,8.6,NA,"Macro","Corbicula",0.0231,43.2900432900433
"FRP PG2-LI-25APR2019",-121.6919,38.28479,"Liberty","Cache Slough","Inside","FRP",2019-04-25 07:00:00,"Liberty Island","1",NA,138,21.1,0.148216582430301,3.3,"PPG",2019,NA,NA,"High slack",NA,8.6,NA,"Macro","Other",0.0231,0
"FRP PG2-LI-25APR2019",-121.6919,38.28479,"Liberty","Cache Slough","Inside","FRP",2019-04-25 07:00:00,"Liberty Island","1",NA,138,21.1,0.148216582430301,3.3,"PPG",2019,NA,NA,"High slack",NA,8.6,NA,"Macro","Potamocorbula",0.0231,0
"FRP PG2-RI-11APR2019",-122.01758,38.08137,"Ryer","Grizzly Bay","Inside","FRP",2019-04-11 07:00:00,"Ryer Island","1",NA,69,14.9,0.10856197703083,12.9,"PPG",2019,NA,NA,"Ebb",NA,9.3,NA,"Macro","Corbicula",0.0231,606.060606060606
"FRP PG2-RI-11APR2019",-122.01758,38.08137,"Ryer","Grizzly Bay","Inside","FRP",2019-04-11 07:00:00,"Ryer Island","1",NA,69,14.9,0.10856197703083,12.9,"PPG",2019,NA,NA,"Ebb",NA,9.3,NA,"Macro","Other",0.0231,0
"FRP PG2-RI-11APR2019",-122.01758,38.08137,"Ryer","Grizzly Bay","Inside","FRP",2019-04-11 07:00:00,"Ryer Island","1",NA,69,14.9,0.10856197703083,12.9,"PPG",2019,NA,NA,"Ebb",NA,9.3,NA,"Macro","Potamocorbula",0.0231,0
"FRP PG2-SJ-22MAR2019",-121.58842,38.09776,NA,"Web Tract Berms","Outside","FRP",2019-03-22 07:00:00,"Webb Tract Island and Berm","1",NA,101,13.1,0.0806980297525719,16.4,"PPG",2019,NA,NA,"Ebb",NA,8.8,NA,"Macro","Corbicula",0.0231,0
"FRP PG2-SJ-22MAR2019",-121.58842,38.09776,NA,"Web Tract Berms","Outside","FRP",2019-03-22 07:00:00,"Webb Tract Island and Berm","1",NA,101,13.1,0.0806980297525719,16.4,"PPG",2019,NA,NA,"Ebb",NA,8.8,NA,"Macro","Other",0.0231,86.5800865800866
"FRP PG2-SJ-22MAR2019",-121.58842,38.09776,NA,"Web Tract Berms","Outside","FRP",2019-03-22 07:00:00,"Webb Tract Island and Berm","1",NA,101,13.1,0.0806980297525719,16.4,"PPG",2019,NA,NA,"Ebb",NA,8.8,NA,"Macro","Potamocorbula",0.0231,0
"FRP PG2-STAC-17MAR2020",-121.59048,38.09466,NA,"Web Tract Berms","Outside","FRP",2020-03-17 07:00:00,"Webb Tract Island and Berm","1",NA,185,14.1,0.127864070586621,NA,"PPG",2020,NA,NA,"Ebb",NA,9.8,NA,"Macro","Corbicula",0.0231,0
"FRP PG2-STAC-17MAR2020",-121.59048,38.09466,NA,"Web Tract Berms","Outside","FRP",2020-03-17 07:00:00,"Webb Tract Island and Berm","1",NA,185,14.1,0.127864070586621,NA,"PPG",2020,NA,NA,"Ebb",NA,9.8,NA,"Macro","Other",0.0231,0
"FRP PG2-STAC-17MAR2020",-121.59048,38.09466,NA,"Web Tract Berms","Outside","FRP",2020-03-17 07:00:00,"Webb Tract Island and Berm","1",NA,185,14.1,0.127864070586621,NA,"PPG",2020,NA,NA,"Ebb",NA,9.8,NA,"Macro","Potamocorbula",0.0231,0
"FRP PG2-YF-23MAY2019",-121.64297,38.3613,"Flyway Farms","Cache Slough","Inside","FRP",2019-05-23 07:00:00,"Yolo Flyway Farms","1",NA,23,19.6,0.237917474193642,46.8,"PPG",2019,NA,NA,"Ebb",NA,8.3,NA,"Macro","Corbicula",0.0231,0
"FRP PG2-YF-23MAY2019",-121.64297,38.3613,"Flyway Farms","Cache Slough","Inside","FRP",2019-05-23 07:00:00,"Yolo Flyway Farms","1",NA,23,19.6,0.237917474193642,46.8,"PPG",2019,NA,NA,"Ebb",NA,8.3,NA,"Macro","Other",0.0231,0
"FRP PG2-YF-23MAY2019",-121.64297,38.3613,"Flyway Farms","Cache Slough","Inside","FRP",2019-05-23 07:00:00,"Yolo Flyway Farms","1",NA,23,19.6,0.237917474193642,46.8,"PPG",2019,NA,NA,"Ebb",NA,8.3,NA,"Macro","Potamocorbula",0.0231,0
"FRP PG3-10APR2018",-121.59016,38.09499,"Web Tract Berms","Web Tract Berms","Inside","FRP",2018-04-10 07:00:00,"Webb Tract Island and Berm","1",NA,NA,15.4,0.142877528359921,8.1,"PPG",2018,NA,NA,"High slack",2018-04-10 11:30:00,10.2,NA,"Macro","Corbicula",0.0231,0
"FRP PG3-10APR2018",-121.59016,38.09499,"Web Tract Berms","Web Tract Berms","Inside","FRP",2018-04-10 07:00:00,"Webb Tract Island and Berm","1",NA,NA,15.4,0.142877528359921,8.1,"PPG",2018,NA,NA,"High slack",2018-04-10 11:30:00,10.2,NA,"Macro","Other",0.0231,0
"FRP PG3-10APR2018",-121.59016,38.09499,"Web Tract Berms","Web Tract Berms","Inside","FRP",2018-04-10 07:00:00,"Webb Tract Island and Berm","1",NA,NA,15.4,0.142877528359921,8.1,"PPG",2018,NA,NA,"High slack",2018-04-10 11:30:00,10.2,NA,"Macro","Potamocorbula",0.0231,0
"FRP PG3-11APR2018",-121.6657,38.238552,NA,"Cache Slough","Outside","FRP",2018-04-11 07:00:00,"Miner Slough","1",NA,30,13.8,0.0979773366123054,54.9,"PPG",2018,NA,NA,"Ebb",2018-04-11 08:30:00,10,NA,"Macro","Corbicula",0.0231,86.5800865800866
"FRP PG3-11APR2018",-121.6657,38.238552,NA,"Cache Slough","Outside","FRP",2018-04-11 07:00:00,"Miner Slough","1",NA,30,13.8,0.0979773366123054,54.9,"PPG",2018,NA,NA,"Ebb",2018-04-11 08:30:00,10,NA,"Macro","Other",0.0231,0
"FRP PG3-11APR2018",-121.6657,38.238552,NA,"Cache Slough","Outside","FRP",2018-04-11 07:00:00,"Miner Slough","1",NA,30,13.8,0.0979773366123054,54.9,"PPG",2018,NA,NA,"Ebb",2018-04-11 08:30:00,10,NA,"Macro","Potamocorbula",0.0231,0
"FRP PG3-12APR2018",-121.98871,38.11612,NA,"Grizzly Bay","Outside","FRP",2018-04-12 07:00:00,"Grizzly Bay","1",NA,NA,NA,NA,NA,"PPG",2018,NA,NA,"Flood",2018-04-12 11:05:00,NA,NA,"Macro","Corbicula",0.0231,0
"FRP PG3-12APR2018",-121.98871,38.11612,NA,"Grizzly Bay","Outside","FRP",2018-04-12 07:00:00,"Grizzly Bay","1",NA,NA,NA,NA,NA,"PPG",2018,NA,NA,"Flood",2018-04-12 11:05:00,NA,NA,"Macro","Other",0.0231,86.5800865800866
"FRP PG3-12APR2018",-121.98871,38.11612,NA,"Grizzly Bay","Outside","FRP",2018-04-12 07:00:00,"Grizzly Bay","1",NA,NA,NA,NA,NA,"PPG",2018,NA,NA,"Flood",2018-04-12 11:05:00,NA,NA,"Macro","Potamocorbula",0.0231,303.030303030303
"FRP PG3-13APR2018",-121.71127,38.08677,NA,"Decker","Outside","FRP",2018-04-13 07:00:00,"Horseshoe Bend","1",NA,67,14.8,0.126897117095727,13.6,"PPG",2018,NA,NA,"Flood",2018-04-13 12:30:00,10.4,NA,"Macro","Corbicula",0.0231,4329.00432900433
"FRP PG3-13APR2018",-121.71127,38.08677,NA,"Decker","Outside","FRP",2018-04-13 07:00:00,"Horseshoe Bend","1",NA,67,14.8,0.126897117095727,13.6,"PPG",2018,NA,NA,"Flood",2018-04-13 12:30:00,10.4,NA,"Macro","Other",0.0231,0
"FRP PG3-13APR2018",-121.71127,38.08677,NA,"Decker","Outside","FRP",2018-04-13 07:00:00,"Horseshoe Bend","1",NA,67,14.8,0.126897117095727,13.6,"PPG",2018,NA,NA,"Flood",2018-04-13 12:30:00,10.4,NA,"Macro","Potamocorbula",0.0231,0
"FRP PG3-23MAR2018",-121.66806,38.3085,"Liberty","Cache Slough","Inside","FRP",2018-03-23 07:00:00,"Liberty Island","1",NA,49,12.5,0.11338034085457,13,"PPG",2018,NA,NA,"High slack",2018-03-23 10:10:00,11.9,NA,"Macro","Corbicula",0.0231,1341.99134199134
"FRP PG3-23MAR2018",-121.66806,38.3085,"Liberty","Cache Slough","Inside","FRP",2018-03-23 07:00:00,"Liberty Island","1",NA,49,12.5,0.11338034085457,13,"PPG",2018,NA,NA,"High slack",2018-03-23 10:10:00,11.9,NA,"Macro","Other",0.0231,0
"FRP PG3-23MAR2018",-121.66806,38.3085,"Liberty","Cache Slough","Inside","FRP",2018-03-23 07:00:00,"Liberty Island","1",NA,49,12.5,0.11338034085457,13,"PPG",2018,NA,NA,"High slack",2018-03-23 10:10:00,11.9,NA,"Macro","Potamocorbula",0.0231,0
"FRP PG3-29MAR2018",-122.01795,38.08215,"Ryer","Grizzly Bay","Inside","FRP",2018-03-29 07:00:00,"Ryer Island","1",NA,18,13.9,0.213249986392619,46.6,"PPG",2018,NA,NA,"Flood",2018-03-29 09:57:00,10,NA,"Macro","Corbicula",0.0231,519.48051948052
"FRP PG3-29MAR2018",-122.01795,38.08215,"Ryer","Grizzly Bay","Inside","FRP",2018-03-29 07:00:00,"Ryer Island","1",NA,18,13.9,0.213249986392619,46.6,"PPG",2018,NA,NA,"Flood",2018-03-29 09:57:00,10,NA,"Macro","Other",0.0231,0
"FRP PG3-29MAR2018",-122.01795,38.08215,"Ryer","Grizzly Bay","Inside","FRP",2018-03-29 07:00:00,"Ryer Island","1",NA,18,13.9,0.213249986392619,46.6,"PPG",2018,NA,NA,"Flood",2018-03-29 09:57:00,10,NA,"Macro","Potamocorbula",0.0231,0
"FRP PG3-BI-28MAR2019",-121.86882,38.04259,"Browns","Confluence","Inside","FRP",2019-03-28 07:00:00,"Browns Island","1",NA,77,13.8,0.123997446128026,16.8,"PPG",2019,NA,NA,"Ebb",NA,9.1,NA,"Macro","Corbicula",0.0231,1385.28138528139
"FRP PG3-BI-28MAR2019",-121.86882,38.04259,"Browns","Confluence","Inside","FRP",2019-03-28 07:00:00,"Browns Island","1",NA,77,13.8,0.123997446128026,16.8,"PPG",2019,NA,NA,"Ebb",NA,9.1,NA,"Macro","Other",0.0231,0
"FRP PG3-BI-28MAR2019",-121.86882,38.04259,"Browns","Confluence","Inside","FRP",2019-03-28 07:00:00,"Browns Island","1",NA,77,13.8,0.123997446128026,16.8,"PPG",2019,NA,NA,"Ebb",NA,9.1,NA,"Macro","Potamocorbula",0.0231,0
"FRP PG3-DECK-02JAN2020",-121.72406,38.08411,NA,"Decker","Outside","FRP",2020-01-02 08:00:00,"Decker Island","1",NA,120,9.5,0.124480601103396,3.7,"PPG",2020,NA,NA,"Ebb",NA,9.8,NA,"Macro","Corbicula",0.0231,216.450216450216
"FRP PG3-DECK-02JAN2020",-121.72406,38.08411,NA,"Decker","Outside","FRP",2020-01-02 08:00:00,"Decker Island","1",NA,120,9.5,0.124480601103396,3.7,"PPG",2020,NA,NA,"Ebb",NA,9.8,NA,"Macro","Other",0.0231,43.2900432900433
"FRP PG3-DECK-02JAN2020",-121.72406,38.08411,NA,"Decker","Outside","FRP",2020-01-02 08:00:00,"Decker Island","1",NA,120,9.5,0.124480601103396,3.7,"PPG",2020,NA,NA,"Ebb",NA,9.8,NA,"Macro","Potamocorbula",0.0231,0
"FRP PG3-DI-18MAR2019",-121.71222,38.08709,NA,"Decker","Outside","FRP",2019-03-18 07:00:00,"Horseshoe Bend","1",NA,52,16.2,0.0806980297525719,14.5,"PPG",2019,NA,NA,"High slack",NA,10.2,NA,"Macro","Corbicula",0.0231,0
"FRP PG3-DI-18MAR2019",-121.71222,38.08709,NA,"Decker","Outside","FRP",2019-03-18 07:00:00,"Horseshoe Bend","1",NA,52,16.2,0.0806980297525719,14.5,"PPG",2019,NA,NA,"High slack",NA,10.2,NA,"Macro","Other",0.0231,0
"FRP PG3-DI-18MAR2019",-121.71222,38.08709,NA,"Decker","Outside","FRP",2019-03-18 07:00:00,"Horseshoe Bend","1",NA,52,16.2,0.0806980297525719,14.5,"PPG",2019,NA,NA,"High slack",NA,10.2,NA,"Macro","Potamocorbula",0.0231,0
"FRP PG3-GB-25APR2019",-121.99303,38.12106,NA,"Grizzly Bay","Outside","FRP",2019-04-25 07:00:00,"Grizzly Bay","1",NA,29,20.3,0.104229346207134,52.2,"PPG",2019,NA,NA,"Ebb",NA,9.1,NA,"Macro","Corbicula",0.0231,0
"FRP PG3-GB-25APR2019",-121.99303,38.12106,NA,"Grizzly Bay","Outside","FRP",2019-04-25 07:00:00,"Grizzly Bay","1",NA,29,20.3,0.104229346207134,52.2,"PPG",2019,NA,NA,"Ebb",NA,9.1,NA,"Macro","Other",0.0231,0
"FRP PG3-GB-25APR2019",-121.99303,38.12106,NA,"Grizzly Bay","Outside","FRP",2019-04-25 07:00:00,"Grizzly Bay","1",NA,29,20.3,0.104229346207134,52.2,"PPG",2019,NA,NA,"Ebb",NA,9.1,NA,"Macro","Potamocorbula",0.0231,909.090909090909
"FRP PG3-LI-25APR2019",-121.69127,38.26855,"Liberty","Cache Slough","Inside","FRP",2019-04-25 07:00:00,"Liberty Island","1",NA,112,21.2,0.146759866533279,4.1,"PPG",2019,NA,NA,"High slack",NA,9.3,NA,"Macro","Corbicula",0.0231,86.5800865800866
"FRP PG3-LI-25APR2019",-121.69127,38.26855,"Liberty","Cache Slough","Inside","FRP",2019-04-25 07:00:00,"Liberty Island","1",NA,112,21.2,0.146759866533279,4.1,"PPG",2019,NA,NA,"High slack",NA,9.3,NA,"Macro","Other",0.0231,86.5800865800866
"FRP PG3-LI-25APR2019",-121.69127,38.26855,"Liberty","Cache Slough","Inside","FRP",2019-04-25 07:00:00,"Liberty Island","1",NA,112,21.2,0.146759866533279,4.1,"PPG",2019,NA,NA,"High slack",NA,9.3,NA,"Macro","Potamocorbula",0.0231,0
"FRP PG3-PI-26MAR2019",-121.66359,38.24183,NA,"Cache Slough","Outside","FRP",2019-03-26 07:00:00,"Miner Slough","1",NA,58,13,0.0730309670554583,15.1,"PPG",2019,NA,NA,"Ebb",NA,10,NA,"Macro","Corbicula",0.0231,0
"FRP PG3-PI-26MAR2019",-121.66359,38.24183,NA,"Cache Slough","Outside","FRP",2019-03-26 07:00:00,"Miner Slough","1",NA,58,13,0.0730309670554583,15.1,"PPG",2019,NA,NA,"Ebb",NA,10,NA,"Macro","Other",0.0231,0
"FRP PG3-PI-26MAR2019",-121.66359,38.24183,NA,"Cache Slough","Outside","FRP",2019-03-26 07:00:00,"Miner Slough","1",NA,58,13,0.0730309670554583,15.1,"PPG",2019,NA,NA,"Ebb",NA,10,NA,"Macro","Potamocorbula",0.0231,0
"FRP PG3-RI-11APR2019",-122.01622,38.08543,"Ryer","Grizzly Bay","Inside","FRP",2019-04-11 07:00:00,"Ryer Island","1",NA,70,15.3,0.163783341734448,12.9,"PPG",2019,NA,NA,"Ebb",NA,8.7,NA,"Macro","Corbicula",0.0231,129.87012987013
"FRP PG3-RI-11APR2019",-122.01622,38.08543,"Ryer","Grizzly Bay","Inside","FRP",2019-04-11 07:00:00,"Ryer Island","1",NA,70,15.3,0.163783341734448,12.9,"PPG",2019,NA,NA,"Ebb",NA,8.7,NA,"Macro","Other",0.0231,0
"FRP PG3-RI-11APR2019",-122.01622,38.08543,"Ryer","Grizzly Bay","Inside","FRP",2019-04-11 07:00:00,"Ryer Island","1",NA,70,15.3,0.163783341734448,12.9,"PPG",2019,NA,NA,"Ebb",NA,8.7,NA,"Macro","Potamocorbula",0.0231,43.2900432900433
"FRP PG3-SJ-22MAR2019",-121.58646,38.0967,NA,"Web Tract Berms","Outside","FRP",2019-03-22 07:00:00,"Webb Tract Island and Berm","1",NA,80,13.5,0.0802186535554827,20.1,"PPG",2019,NA,NA,"Ebb",NA,9.7,NA,"Macro","Corbicula",0.0231,259.74025974026
"FRP PG3-SJ-22MAR2019",-121.58646,38.0967,NA,"Web Tract Berms","Outside","FRP",2019-03-22 07:00:00,"Webb Tract Island and Berm","1",NA,80,13.5,0.0802186535554827,20.1,"PPG",2019,NA,NA,"Ebb",NA,9.7,NA,"Macro","Other",0.0231,43.2900432900433
"FRP PG3-SJ-22MAR2019",-121.58646,38.0967,NA,"Web Tract Berms","Outside","FRP",2019-03-22 07:00:00,"Webb Tract Island and Berm","1",NA,80,13.5,0.0802186535554827,20.1,"PPG",2019,NA,NA,"Ebb",NA,9.7,NA,"Macro","Potamocorbula",0.0231,0
"FRP PG3-STAC-17MAR2020",-121.5861,38.09579,NA,"Web Tract Berms","Outside","FRP",2020-03-17 07:00:00,"Webb Tract Island and Berm","1",NA,200,14.1,0.126897117095727,NA,"PPG",2020,NA,NA,"Ebb",NA,9.7,NA,"Macro","Corbicula",0.0231,86.5800865800866
"FRP PG3-STAC-17MAR2020",-121.5861,38.09579,NA,"Web Tract Berms","Outside","FRP",2020-03-17 07:00:00,"Webb Tract Island and Berm","1",NA,200,14.1,0.126897117095727,NA,"PPG",2020,NA,NA,"Ebb",NA,9.7,NA,"Macro","Other",0.0231,0
"FRP PG3-STAC-17MAR2020",-121.5861,38.09579,NA,"Web Tract Berms","Outside","FRP",2020-03-17 07:00:00,"Webb Tract Island and Berm","1",NA,200,14.1,0.126897117095727,NA,"PPG",2020,NA,NA,"Ebb",NA,9.7,NA,"Macro","Potamocorbula",0.0231,0
"FRP PG3-WI-27MAR2019",-121.84377,38.03866,NA,"Confluence","Outside","FRP",2019-03-27 07:00:00,"Broad Slough","1",NA,100,13.8,0.0955745888896929,11.7,"PPG",2019,NA,NA,"Ebb",NA,8.3,NA,"Macro","Corbicula",0.0231,0
"FRP PG3-WI-27MAR2019",-121.84377,38.03866,NA,"Confluence","Outside","FRP",2019-03-27 07:00:00,"Broad Slough","1",NA,100,13.8,0.0955745888896929,11.7,"PPG",2019,NA,NA,"Ebb",NA,8.3,NA,"Macro","Other",0.0231,0
"FRP PG3-WI-27MAR2019",-121.84377,38.03866,NA,"Confluence","Outside","FRP",2019-03-27 07:00:00,"Broad Slough","1",NA,100,13.8,0.0955745888896929,11.7,"PPG",2019,NA,NA,"Ebb",NA,8.3,NA,"Macro","Potamocorbula",0.0231,0
"FRP PG3-YF-23MAY2019",-121.64201,38.36073,"Flyway Farms","Cache Slough","Inside","FRP",2019-05-23 07:00:00,"Yolo Flyway Farms","1",NA,23,19.6,0.237917474193642,46.8,"PPG",2019,NA,NA,"Ebb",NA,8.3,NA,"Macro","Corbicula",0.0231,43.2900432900433
"FRP PG3-YF-23MAY2019",-121.64201,38.36073,"Flyway Farms","Cache Slough","Inside","FRP",2019-05-23 07:00:00,"Yolo Flyway Farms","1",NA,23,19.6,0.237917474193642,46.8,"PPG",2019,NA,NA,"Ebb",NA,8.3,NA,"Macro","Other",0.0231,0
"FRP PG3-YF-23MAY2019",-121.64201,38.36073,"Flyway Farms","Cache Slough","Inside","FRP",2019-05-23 07:00:00,"Yolo Flyway Farms","1",NA,23,19.6,0.237917474193642,46.8,"PPG",2019,NA,NA,"Ebb",NA,8.3,NA,"Macro","Potamocorbula",0.0231,0
"FRP PG4-10APR2018",-121.59013,38.09502,"Web Tract Berms","Web Tract Berms","Inside","FRP",2018-04-10 07:00:00,"Webb Tract Island and Berm","1",NA,NA,15.4,0.142877528359921,8.1,"PPG",2018,NA,NA,"High slack",2018-04-10 11:40:00,10.2,NA,"Macro","Corbicula",0.0231,0
"FRP PG4-10APR2018",-121.59013,38.09502,"Web Tract Berms","Web Tract Berms","Inside","FRP",2018-04-10 07:00:00,"Webb Tract Island and Berm","1",NA,NA,15.4,0.142877528359921,8.1,"PPG",2018,NA,NA,"High slack",2018-04-10 11:40:00,10.2,NA,"Macro","Other",0.0231,0
"FRP PG4-10APR2018",-121.59013,38.09502,"Web Tract Berms","Web Tract Berms","Inside","FRP",2018-04-10 07:00:00,"Webb Tract Island and Berm","1",NA,NA,15.4,0.142877528359921,8.1,"PPG",2018,NA,NA,"High slack",2018-04-10 11:40:00,10.2,NA,"Macro","Potamocorbula",0.0231,0
"FRP PG4-12APR2018",-121.98988,38.1176,NA,"Grizzly Bay","Outside","FRP",2018-04-12 07:00:00,"Grizzly Bay","1",NA,9,14,0.129459979293153,179,"PPG",2018,NA,NA,"Flood",2018-04-12 11:28:00,10.9,NA,"Macro","Corbicula",0.0231,0
"FRP PG4-12APR2018",-121.98988,38.1176,NA,"Grizzly Bay","Outside","FRP",2018-04-12 07:00:00,"Grizzly Bay","1",NA,9,14,0.129459979293153,179,"PPG",2018,NA,NA,"Flood",2018-04-12 11:28:00,10.9,NA,"Macro","Other",0.0231,995.670995670996
"FRP PG4-12APR2018",-121.98988,38.1176,NA,"Grizzly Bay","Outside","FRP",2018-04-12 07:00:00,"Grizzly Bay","1",NA,9,14,0.129459979293153,179,"PPG",2018,NA,NA,"Flood",2018-04-12 11:28:00,10.9,NA,"Macro","Potamocorbula",0.0231,1255.41125541126
"FRP PG4-23MAR2018",-121.66824,38.30347,"Liberty","Cache Slough","Inside","FRP",2018-03-23 07:00:00,"Liberty Island","1",NA,43,12.6,0.11338034085457,17,"PPG",2018,NA,NA,"High slack",2018-03-23 10:45:00,11.9,NA,"Macro","Corbicula",0.0231,1082.25108225108
"FRP PG4-23MAR2018",-121.66824,38.30347,"Liberty","Cache Slough","Inside","FRP",2018-03-23 07:00:00,"Liberty Island","1",NA,43,12.6,0.11338034085457,17,"PPG",2018,NA,NA,"High slack",2018-03-23 10:45:00,11.9,NA,"Macro","Other",0.0231,0
"FRP PG4-23MAR2018",-121.66824,38.30347,"Liberty","Cache Slough","Inside","FRP",2018-03-23 07:00:00,"Liberty Island","1",NA,43,12.6,0.11338034085457,17,"PPG",2018,NA,NA,"High slack",2018-03-23 10:45:00,11.9,NA,"Macro","Potamocorbula",0.0231,0
"FRP PG4-29MAR2018",-122.02377,38.08636,"Ryer","Grizzly Bay","Inside","FRP",2018-03-29 07:00:00,"Ryer Island","1",NA,19,13.9,0.106154512579989,36.1,"PPG",2018,NA,NA,"Flood",2018-03-29 11:45:00,10,NA,"Macro","Corbicula",0.0231,432.900432900433
"FRP PG4-29MAR2018",-122.02377,38.08636,"Ryer","Grizzly Bay","Inside","FRP",2018-03-29 07:00:00,"Ryer Island","1",NA,19,13.9,0.106154512579989,36.1,"PPG",2018,NA,NA,"Flood",2018-03-29 11:45:00,10,NA,"Macro","Other",0.0231,0
"FRP PG4-29MAR2018",-122.02377,38.08636,"Ryer","Grizzly Bay","Inside","FRP",2018-03-29 07:00:00,"Ryer Island","1",NA,19,13.9,0.106154512579989,36.1,"PPG",2018,NA,NA,"Flood",2018-03-29 11:45:00,10,NA,"Macro","Potamocorbula",0.0231,0
"FRP PG4-BI-28MAR2019",-121.8718,38.04498,NA,"Confluence","Outside","FRP",2019-03-28 07:00:00,"Browns Island","1",NA,98,14,0.103748164885434,14,"PPG",2019,NA,NA,"Ebb",NA,9.3,NA,"Macro","Corbicula",0.0231,129.87012987013
"FRP PG4-BI-28MAR2019",-121.8718,38.04498,NA,"Confluence","Outside","FRP",2019-03-28 07:00:00,"Browns Island","1",NA,98,14,0.103748164885434,14,"PPG",2019,NA,NA,"Ebb",NA,9.3,NA,"Macro","Other",0.0231,0
"FRP PG4-BI-28MAR2019",-121.8718,38.04498,NA,"Confluence","Outside","FRP",2019-03-28 07:00:00,"Browns Island","1",NA,98,14,0.103748164885434,14,"PPG",2019,NA,NA,"Ebb",NA,9.3,NA,"Macro","Potamocorbula",0.0231,0
"FRP PG4-DI-18MAR2019",-121.71019,38.09226,NA,"Decker","Outside","FRP",2019-03-18 07:00:00,"Horseshoe Bend","1",NA,57,14.1,0.0787806858705691,13.4,"PPG",2019,NA,NA,"High slack",NA,9.9,NA,"Macro","Corbicula",0.0231,173.160173160173
"FRP PG4-DI-18MAR2019",-121.71019,38.09226,NA,"Decker","Outside","FRP",2019-03-18 07:00:00,"Horseshoe Bend","1",NA,57,14.1,0.0787806858705691,13.4,"PPG",2019,NA,NA,"High slack",NA,9.9,NA,"Macro","Other",0.0231,0
"FRP PG4-DI-18MAR2019",-121.71019,38.09226,NA,"Decker","Outside","FRP",2019-03-18 07:00:00,"Horseshoe Bend","1",NA,57,14.1,0.0787806858705691,13.4,"PPG",2019,NA,NA,"High slack",NA,9.9,NA,"Macro","Potamocorbula",0.0231,0
"FRP PG4-GB-25APR2019",-121.99998,38.1111,NA,"Grizzly Bay","Outside","FRP",2019-04-25 07:00:00,"Grizzly Bay","1",NA,54,18.7,0.0787806858705691,21.7,"PPG",2019,NA,NA,"Ebb",NA,9.4,NA,"Macro","Corbicula",0.0231,0
"FRP PG4-GB-25APR2019",-121.99998,38.1111,NA,"Grizzly Bay","Outside","FRP",2019-04-25 07:00:00,"Grizzly Bay","1",NA,54,18.7,0.0787806858705691,21.7,"PPG",2019,NA,NA,"Ebb",NA,9.4,NA,"Macro","Other",0.0231,0
"FRP PG4-GB-25APR2019",-121.99998,38.1111,NA,"Grizzly Bay","Outside","FRP",2019-04-25 07:00:00,"Grizzly Bay","1",NA,54,18.7,0.0787806858705691,21.7,"PPG",2019,NA,NA,"Ebb",NA,9.4,NA,"Macro","Potamocorbula",0.0231,476.190476190476
"FRP PG4-HORS-17MAR2020",-121.71971,38.08307,NA,"Decker","Outside","FRP",2020-03-17 07:00:00,"Horseshoe Bend","1",NA,147,14.2,0.131249978416953,NA,"PPG",2020,NA,NA,"Ebb",NA,11.5,NA,"Macro","Corbicula",0.0231,476.190476190476
"FRP PG4-HORS-17MAR2020",-121.71971,38.08307,NA,"Decker","Outside","FRP",2020-03-17 07:00:00,"Horseshoe Bend","1",NA,147,14.2,0.131249978416953,NA,"PPG",2020,NA,NA,"Ebb",NA,11.5,NA,"Macro","Other",0.0231,0
"FRP PG4-HORS-17MAR2020",-121.71971,38.08307,NA,"Decker","Outside","FRP",2020-03-17 07:00:00,"Horseshoe Bend","1",NA,147,14.2,0.131249978416953,NA,"PPG",2020,NA,NA,"Ebb",NA,11.5,NA,"Macro","Potamocorbula",0.0231,0
"FRP PG4-LI-25APR2019",-121.68862,38.25739,"Liberty","Cache Slough","Inside","FRP",2019-04-25 07:00:00,"Liberty Island","1",NA,165,20.9,0.133669986890616,4,"PPG",2019,NA,NA,"Ebb",NA,9.2,NA,"Macro","Corbicula",0.0231,0
"FRP PG4-LI-25APR2019",-121.68862,38.25739,"Liberty","Cache Slough","Inside","FRP",2019-04-25 07:00:00,"Liberty Island","1",NA,165,20.9,0.133669986890616,4,"PPG",2019,NA,NA,"Ebb",NA,9.2,NA,"Macro","Other",0.0231,129.87012987013
"FRP PG4-LI-25APR2019",-121.68862,38.25739,"Liberty","Cache Slough","Inside","FRP",2019-04-25 07:00:00,"Liberty Island","1",NA,165,20.9,0.133669986890616,4,"PPG",2019,NA,NA,"Ebb",NA,9.2,NA,"Macro","Potamocorbula",0.0231,0
"FRP PG4-SJ-22MAR2019",-121.59212,38.09966,NA,"Web Tract Berms","Outside","FRP",2019-03-22 07:00:00,"Webb Tract Island and Berm","1",NA,86,13.5,0.0811774336133525,16.8,"PPG",2019,NA,NA,"Ebb",NA,9.9,NA,"Macro","Corbicula",0.0231,606.060606060606
"FRP PG4-SJ-22MAR2019",-121.59212,38.09966,NA,"Web Tract Berms","Outside","FRP",2019-03-22 07:00:00,"Webb Tract Island and Berm","1",NA,86,13.5,0.0811774336133525,16.8,"PPG",2019,NA,NA,"Ebb",NA,9.9,NA,"Macro","Other",0.0231,0
"FRP PG4-SJ-22MAR2019",-121.59212,38.09966,NA,"Web Tract Berms","Outside","FRP",2019-03-22 07:00:00,"Webb Tract Island and Berm","1",NA,86,13.5,0.0811774336133525,16.8,"PPG",2019,NA,NA,"Ebb",NA,9.9,NA,"Macro","Potamocorbula",0.0231,0
"FRP PG4-WI-27MAR2019",-121.84515,38.04627,NA,"Confluence","Outside","FRP",2019-03-27 07:00:00,"Broad Slough","1",NA,89,14,0.095094159219062,17.4,"PPG",2019,NA,NA,"Ebb",NA,8.6,NA,"Macro","Corbicula",0.0231,129.87012987013
"FRP PG4-WI-27MAR2019",-121.84515,38.04627,NA,"Confluence","Outside","FRP",2019-03-27 07:00:00,"Broad Slough","1",NA,89,14,0.095094159219062,17.4,"PPG",2019,NA,NA,"Ebb",NA,8.6,NA,"Macro","Other",0.0231,0
"FRP PG4-WI-27MAR2019",-121.84515,38.04627,NA,"Confluence","Outside","FRP",2019-03-27 07:00:00,"Broad Slough","1",NA,89,14,0.095094159219062,17.4,"PPG",2019,NA,NA,"Ebb",NA,8.6,NA,"Macro","Potamocorbula",0.0231,0
"FRP PG4-YF-23MAY2019",-121.64143,38.36088,"Flyway Farms","Cache Slough","Inside","FRP",2019-05-23 07:00:00,"Yolo Flyway Farms","1",NA,23,19.6,0.237917474193642,46.8,"PPG",2019,NA,NA,"Ebb",NA,8.3,NA,"Macro","Corbicula",0.0231,0
"FRP PG4-YF-23MAY2019",-121.64143,38.36088,"Flyway Farms","Cache Slough","Inside","FRP",2019-05-23 07:00:00,"Yolo Flyway Farms","1",NA,23,19.6,0.237917474193642,46.8,"PPG",2019,NA,NA,"Ebb",NA,8.3,NA,"Macro","Other",0.0231,0
"FRP PG4-YF-23MAY2019",-121.64143,38.36088,"Flyway Farms","Cache Slough","Inside","FRP",2019-05-23 07:00:00,"Yolo Flyway Farms","1",NA,23,19.6,0.237917474193642,46.8,"PPG",2019,NA,NA,"Ebb",NA,8.3,NA,"Macro","Potamocorbula",0.0231,0
"FRP PG5-12APR2018",-121.99496,38.124,NA,"Grizzly Bay","Outside","FRP",2018-04-12 07:00:00,"Grizzly Bay","1",NA,NA,NA,NA,NA,"PPG",2018,NA,NA,"Flood",2018-04-12 11:50:00,NA,NA,"Macro","Corbicula",0.0231,0
"FRP PG5-12APR2018",-121.99496,38.124,NA,"Grizzly Bay","Outside","FRP",2018-04-12 07:00:00,"Grizzly Bay","1",NA,NA,NA,NA,NA,"PPG",2018,NA,NA,"Flood",2018-04-12 11:50:00,NA,NA,"Macro","Other",0.0231,173.160173160173
"FRP PG5-12APR2018",-121.99496,38.124,NA,"Grizzly Bay","Outside","FRP",2018-04-12 07:00:00,"Grizzly Bay","1",NA,NA,NA,NA,NA,"PPG",2018,NA,NA,"Flood",2018-04-12 11:50:00,NA,NA,"Macro","Potamocorbula",0.0231,519.48051948052
"FRP PG5-18APR2018",-121.82989,38.0244,NA,"Confluence","Outside","FRP",2018-04-18 07:00:00,"Dow","1",NA,60,15.1,0.154534307852535,19,"PPG",2018,NA,NA,"Ebb",2018-04-18 10:55:00,10.9,NA,"Macro","Corbicula",0.0231,0
"FRP PG5-18APR2018",-121.82989,38.0244,NA,"Confluence","Outside","FRP",2018-04-18 07:00:00,"Dow","1",NA,60,15.1,0.154534307852535,19,"PPG",2018,NA,NA,"Ebb",2018-04-18 10:55:00,10.9,NA,"Macro","Other",0.0231,0
"FRP PG5-18APR2018",-121.82989,38.0244,NA,"Confluence","Outside","FRP",2018-04-18 07:00:00,"Dow","1",NA,60,15.1,0.154534307852535,19,"PPG",2018,NA,NA,"Ebb",2018-04-18 10:55:00,10.9,NA,"Macro","Potamocorbula",0.0231,0
"FRP PG5-23MAR2018",-121.67684,38.30095,"Liberty","Cache Slough","Inside","FRP",2018-03-23 07:00:00,"Liberty Island","1",NA,60,12.7,0.123031283827652,9.5,"PPG",2018,NA,NA,"Ebb",2018-03-23 11:30:00,10.9,NA,"Macro","Corbicula",0.0231,43.2900432900433
"FRP PG5-23MAR2018",-121.67684,38.30095,"Liberty","Cache Slough","Inside","FRP",2018-03-23 07:00:00,"Liberty Island","1",NA,60,12.7,0.123031283827652,9.5,"PPG",2018,NA,NA,"Ebb",2018-03-23 11:30:00,10.9,NA,"Macro","Other",0.0231,0
"FRP PG5-23MAR2018",-121.67684,38.30095,"Liberty","Cache Slough","Inside","FRP",2018-03-23 07:00:00,"Liberty Island","1",NA,60,12.7,0.123031283827652,9.5,"PPG",2018,NA,NA,"Ebb",2018-03-23 11:30:00,10.9,NA,"Macro","Potamocorbula",0.0231,0
"FRP PG5-29MAR2018",-122.02573,38.08627,NA,"Grizzly Bay","Outside","FRP",2018-03-29 07:00:00,"Ryer Island","1",NA,33,14.6,0.103748164885434,33.7,"PPG",2018,NA,NA,"Flood",2018-03-29 12:20:00,10.6,NA,"Macro","Corbicula",0.0231,129.87012987013
"FRP PG5-29MAR2018",-122.02573,38.08627,NA,"Grizzly Bay","Outside","FRP",2018-03-29 07:00:00,"Ryer Island","1",NA,33,14.6,0.103748164885434,33.7,"PPG",2018,NA,NA,"Flood",2018-03-29 12:20:00,10.6,NA,"Macro","Other",0.0231,86.5800865800866
"FRP PG5-29MAR2018",-122.02573,38.08627,NA,"Grizzly Bay","Outside","FRP",2018-03-29 07:00:00,"Ryer Island","1",NA,33,14.6,0.103748164885434,33.7,"PPG",2018,NA,NA,"Flood",2018-03-29 12:20:00,10.6,NA,"Macro","Potamocorbula",0.0231,173.160173160173
"FRP PG5-BI-28MAR2019",-121.8736,38.0452,NA,"Confluence","Outside","FRP",2019-03-28 07:00:00,"Browns Island","1",NA,90,14.5,0.110007000878567,17.9,"PPG",2019,NA,NA,"Ebb",NA,9.8,NA,"Macro","Corbicula",0.0231,173.160173160173
"FRP PG5-BI-28MAR2019",-121.8736,38.0452,NA,"Confluence","Outside","FRP",2019-03-28 07:00:00,"Browns Island","1",NA,90,14.5,0.110007000878567,17.9,"PPG",2019,NA,NA,"Ebb",NA,9.8,NA,"Macro","Other",0.0231,0
"FRP PG5-BI-28MAR2019",-121.8736,38.0452,NA,"Confluence","Outside","FRP",2019-03-28 07:00:00,"Browns Island","1",NA,90,14.5,0.110007000878567,17.9,"PPG",2019,NA,NA,"Ebb",NA,9.8,NA,"Macro","Potamocorbula",0.0231,0
"FRP PG5-HORS-17MAR2020",-121.71066,38.08921,NA,"Decker","Outside","FRP",2020-03-17 07:00:00,"Horseshoe Bend","1",NA,NA,14,0.135606899506195,NA,"PPG",2020,NA,NA,"Ebb",NA,9.8,NA,"Macro","Corbicula",0.0231,649.350649350649
"FRP PG5-HORS-17MAR2020",-121.71066,38.08921,NA,"Decker","Outside","FRP",2020-03-17 07:00:00,"Horseshoe Bend","1",NA,NA,14,0.135606899506195,NA,"PPG",2020,NA,NA,"Ebb",NA,9.8,NA,"Macro","Other",0.0231,0
"FRP PG5-HORS-17MAR2020",-121.71066,38.08921,NA,"Decker","Outside","FRP",2020-03-17 07:00:00,"Horseshoe Bend","1",NA,NA,14,0.135606899506195,NA,"PPG",2020,NA,NA,"Ebb",NA,9.8,NA,"Macro","Potamocorbula",0.0231,0
"FRP PG5-LI-25APR2019",-121.6726,38.26108,"Liberty","Cache Slough","Inside","FRP",2019-04-25 07:00:00,"Liberty Island","1",NA,90,22.9,0.209805730537108,5.7,"PPG",2019,NA,NA,"Ebb",NA,8.2,NA,"Macro","Corbicula",0.0231,216.450216450216
"FRP PG5-LI-25APR2019",-121.6726,38.26108,"Liberty","Cache Slough","Inside","FRP",2019-04-25 07:00:00,"Liberty Island","1",NA,90,22.9,0.209805730537108,5.7,"PPG",2019,NA,NA,"Ebb",NA,8.2,NA,"Macro","Other",0.0231,259.74025974026
"FRP PG5-LI-25APR2019",-121.6726,38.26108,"Liberty","Cache Slough","Inside","FRP",2019-04-25 07:00:00,"Liberty Island","1",NA,90,22.9,0.209805730537108,5.7,"PPG",2019,NA,NA,"Ebb",NA,8.2,NA,"Macro","Potamocorbula",0.0231,0
"FRP PG5-RI-11APR2019",-122.01473,38.08098,"Ryer","Grizzly Bay","Inside","FRP",2019-04-11 07:00:00,"Ryer Island","1",NA,63,15.5,0.195070926727708,12.8,"PPG",2019,NA,NA,"Ebb",NA,8.2,NA,"Macro","Corbicula",0.0231,822.510822510823
"FRP PG5-RI-11APR2019",-122.01473,38.08098,"Ryer","Grizzly Bay","Inside","FRP",2019-04-11 07:00:00,"Ryer Island","1",NA,63,15.5,0.195070926727708,12.8,"PPG",2019,NA,NA,"Ebb",NA,8.2,NA,"Macro","Other",0.0231,0
"FRP PG5-RI-11APR2019",-122.01473,38.08098,"Ryer","Grizzly Bay","Inside","FRP",2019-04-11 07:00:00,"Ryer Island","1",NA,63,15.5,0.195070926727708,12.8,"PPG",2019,NA,NA,"Ebb",NA,8.2,NA,"Macro","Potamocorbula",0.0231,0
"FRP PG5-WI-27MAR2019",-121.84666,38.04946,NA,"Confluence","Outside","FRP",2019-03-27 07:00:00,"Broad Slough","1",NA,72,14.4,0.105191840788008,21.9,"PPG",2019,NA,NA,"Ebb",NA,8.4,NA,"Macro","Corbicula",0.0231,562.770562770563
"FRP PG5-WI-27MAR2019",-121.84666,38.04946,NA,"Confluence","Outside","FRP",2019-03-27 07:00:00,"Broad Slough","1",NA,72,14.4,0.105191840788008,21.9,"PPG",2019,NA,NA,"Ebb",NA,8.4,NA,"Macro","Other",0.0231,0
"FRP PG5-WI-27MAR2019",-121.84666,38.04946,NA,"Confluence","Outside","FRP",2019-03-27 07:00:00,"Broad Slough","1",NA,72,14.4,0.105191840788008,21.9,"PPG",2019,NA,NA,"Ebb",NA,8.4,NA,"Macro","Potamocorbula",0.0231,0
"FRP PG6-12APR2018",-121.99915,38.13071,NA,"Grizzly Bay","Outside","FRP",2018-04-12 07:00:00,"Grizzly Bay","1",NA,NA,NA,NA,NA,"PPG",2018,NA,NA,"Flood",2018-04-12 12:10:00,NA,NA,"Macro","Corbicula",0.0231,0
"FRP PG6-12APR2018",-121.99915,38.13071,NA,"Grizzly Bay","Outside","FRP",2018-04-12 07:00:00,"Grizzly Bay","1",NA,NA,NA,NA,NA,"PPG",2018,NA,NA,"Flood",2018-04-12 12:10:00,NA,NA,"Macro","Other",0.0231,0
"FRP PG6-12APR2018",-121.99915,38.13071,NA,"Grizzly Bay","Outside","FRP",2018-04-12 07:00:00,"Grizzly Bay","1",NA,NA,NA,NA,NA,"PPG",2018,NA,NA,"Flood",2018-04-12 12:10:00,NA,NA,"Macro","Potamocorbula",0.0231,173.160173160173
"FRP PG6-22MAR2018",-121.85738,38.03917,"Browns","Confluence","Inside","FRP",2018-03-22 07:00:00,"Browns Island","1",NA,93,13.6,0.523267143648879,6,"PPG",2018,NA,NA,"Low slack",2018-03-22 11:35:00,9.8,NA,"Macro","Corbicula",0.0231,0
"FRP PG6-22MAR2018",-121.85738,38.03917,"Browns","Confluence","Inside","FRP",2018-03-22 07:00:00,"Browns Island","1",NA,93,13.6,0.523267143648879,6,"PPG",2018,NA,NA,"Low slack",2018-03-22 11:35:00,9.8,NA,"Macro","Other",0.0231,0
"FRP PG6-22MAR2018",-121.85738,38.03917,"Browns","Confluence","Inside","FRP",2018-03-22 07:00:00,"Browns Island","1",NA,93,13.6,0.523267143648879,6,"PPG",2018,NA,NA,"Low slack",2018-03-22 11:35:00,9.8,NA,"Macro","Potamocorbula",0.0231,0
"FRP PG6-23MAR2018",-121.69159,38.29,"Liberty","Cache Slough","Inside","FRP",2018-03-23 07:00:00,"Liberty Island","1",NA,101,13.2,0.134154139445465,4.6,"PPG",2018,NA,NA,"Ebb",2018-03-23 12:15:00,12,NA,"Macro","Corbicula",0.0231,476.190476190476
"FRP PG6-23MAR2018",-121.69159,38.29,"Liberty","Cache Slough","Inside","FRP",2018-03-23 07:00:00,"Liberty Island","1",NA,101,13.2,0.134154139445465,4.6,"PPG",2018,NA,NA,"Ebb",2018-03-23 12:15:00,12,NA,"Macro","Other",0.0231,0
"FRP PG6-23MAR2018",-121.69159,38.29,"Liberty","Cache Slough","Inside","FRP",2018-03-23 07:00:00,"Liberty Island","1",NA,101,13.2,0.134154139445465,4.6,"PPG",2018,NA,NA,"Ebb",2018-03-23 12:15:00,12,NA,"Macro","Potamocorbula",0.0231,0
"FRP PG6-29MAR2018",-122.01604,38.07461,NA,"Grizzly Bay","Outside","FRP",2018-03-29 07:00:00,"Ryer Island","1",NA,28,14.6,0.113862433552381,42.6,"PPG",2018,NA,NA,"Flood",2018-03-29 13:10:00,10.7,NA,"Macro","Corbicula",0.0231,43.2900432900433
"FRP PG6-29MAR2018",-122.01604,38.07461,NA,"Grizzly Bay","Outside","FRP",2018-03-29 07:00:00,"Ryer Island","1",NA,28,14.6,0.113862433552381,42.6,"PPG",2018,NA,NA,"Flood",2018-03-29 13:10:00,10.7,NA,"Macro","Other",0.0231,0
"FRP PG6-29MAR2018",-122.01604,38.07461,NA,"Grizzly Bay","Outside","FRP",2018-03-29 07:00:00,"Ryer Island","1",NA,28,14.6,0.113862433552381,42.6,"PPG",2018,NA,NA,"Flood",2018-03-29 13:10:00,10.7,NA,"Macro","Potamocorbula",0.0231,432.900432900433
"FRP PG6-BI-28MAR2019",-121.87532,38.04723,NA,"Confluence","Outside","FRP",2019-03-28 07:00:00,"Browns Island","1",NA,87,13.9,0.0965355672727244,18.3,"PPG",2019,NA,NA,"Ebb",NA,9.7,NA,"Macro","Corbicula",0.0231,216.450216450216
"FRP PG6-BI-28MAR2019",-121.87532,38.04723,NA,"Confluence","Outside","FRP",2019-03-28 07:00:00,"Browns Island","1",NA,87,13.9,0.0965355672727244,18.3,"PPG",2019,NA,NA,"Ebb",NA,9.7,NA,"Macro","Other",0.0231,0
"FRP PG6-BI-28MAR2019",-121.87532,38.04723,NA,"Confluence","Outside","FRP",2019-03-28 07:00:00,"Browns Island","1",NA,87,13.9,0.0965355672727244,18.3,"PPG",2019,NA,NA,"Ebb",NA,9.7,NA,"Macro","Potamocorbula",0.0231,259.74025974026
"FRP PG6-LI-25APR2019",-121.67234,38.26762,"Liberty","Cache Slough","Inside","FRP",2019-04-25 07:00:00,"Liberty Island","1",NA,90,22.9,0.209805730537108,5.7,"PPG",2019,NA,NA,"Ebb",NA,8.2,NA,"Macro","Corbicula",0.0231,1861.47186147186
"FRP PG6-LI-25APR2019",-121.67234,38.26762,"Liberty","Cache Slough","Inside","FRP",2019-04-25 07:00:00,"Liberty Island","1",NA,90,22.9,0.209805730537108,5.7,"PPG",2019,NA,NA,"Ebb",NA,8.2,NA,"Macro","Other",0.0231,0
"FRP PG6-LI-25APR2019",-121.67234,38.26762,"Liberty","Cache Slough","Inside","FRP",2019-04-25 07:00:00,"Liberty Island","1",NA,90,22.9,0.209805730537108,5.7,"PPG",2019,NA,NA,"Ebb",NA,8.2,NA,"Macro","Potamocorbula",0.0231,0
"FRP PG6-RI-11APR2019",-122.0118,38.08226,"Ryer","Grizzly Bay","Inside","FRP",2019-04-11 07:00:00,"Ryer Island","1",NA,60,15.9,0.216204028542897,13.1,"PPG",2019,NA,NA,"Ebb",NA,8.3,NA,"Macro","Corbicula",0.0231,519.48051948052
"FRP PG6-RI-11APR2019",-122.0118,38.08226,"Ryer","Grizzly Bay","Inside","FRP",2019-04-11 07:00:00,"Ryer Island","1",NA,60,15.9,0.216204028542897,13.1,"PPG",2019,NA,NA,"Ebb",NA,8.3,NA,"Macro","Other",0.0231,0
"FRP PG6-RI-11APR2019",-122.0118,38.08226,"Ryer","Grizzly Bay","Inside","FRP",2019-04-11 07:00:00,"Ryer Island","1",NA,60,15.9,0.216204028542897,13.1,"PPG",2019,NA,NA,"Ebb",NA,8.3,NA,"Macro","Potamocorbula",0.0231,0
"FRP PG6W-12MAR2018",-121.8478,38.04857,NA,"Confluence","Outside","FRP",2018-03-12 07:00:00,"Broad Slough","1",NA,NA,12.2,0.346697230871465,9.9,"PVC",2018,NA,NA,"Ebb",2018-03-12 10:13:00,10.6,NA,"Macro","Corbicula",0.000811,0
"FRP PG6W-12MAR2018",-121.8478,38.04857,NA,"Confluence","Outside","FRP",2018-03-12 07:00:00,"Broad Slough","1",NA,NA,12.2,0.346697230871465,9.9,"PVC",2018,NA,NA,"Ebb",2018-03-12 10:13:00,10.6,NA,"Macro","Other",0.000811,0
"FRP PG6W-12MAR2018",-121.8478,38.04857,NA,"Confluence","Outside","FRP",2018-03-12 07:00:00,"Broad Slough","1",NA,NA,12.2,0.346697230871465,9.9,"PVC",2018,NA,NA,"Ebb",2018-03-12 10:13:00,10.6,NA,"Macro","Potamocorbula",0.000811,0
"FRP PG7-DI-18MAR2019",-121.72411,38.0841,NA,"Decker","Outside","FRP",2019-03-18 07:00:00,"Decker Island","1",NA,54,14.6,0.0816568656327022,15,"PPG",2019,NA,NA,"Ebb",NA,9.7,NA,"Macro","Corbicula",0.0231,0
"FRP PG7-DI-18MAR2019",-121.72411,38.0841,NA,"Decker","Outside","FRP",2019-03-18 07:00:00,"Decker Island","1",NA,54,14.6,0.0816568656327022,15,"PPG",2019,NA,NA,"Ebb",NA,9.7,NA,"Macro","Other",0.0231,0
"FRP PG7-DI-18MAR2019",-121.72411,38.0841,NA,"Decker","Outside","FRP",2019-03-18 07:00:00,"Decker Island","1",NA,54,14.6,0.0816568656327022,15,"PPG",2019,NA,NA,"Ebb",NA,9.7,NA,"Macro","Potamocorbula",0.0231,0
"FRP PG8-RI-11APR2019",-122.0208,38.08594,"Ryer","Grizzly Bay","Inside","FRP",2019-04-11 07:00:00,"Ryer Island","1",NA,66,15.3,0.15793971755047,13.6,"PPG",2019,NA,NA,"Ebb",NA,8.8,NA,"Macro","Corbicula",0.0231,129.87012987013
"FRP PG8-RI-11APR2019",-122.0208,38.08594,"Ryer","Grizzly Bay","Inside","FRP",2019-04-11 07:00:00,"Ryer Island","1",NA,66,15.3,0.15793971755047,13.6,"PPG",2019,NA,NA,"Ebb",NA,8.8,NA,"Macro","Other",0.0231,0
"FRP PG8-RI-11APR2019",-122.0208,38.08594,"Ryer","Grizzly Bay","Inside","FRP",2019-04-11 07:00:00,"Ryer Island","1",NA,66,15.3,0.15793971755047,13.6,"PPG",2019,NA,NA,"Ebb",NA,8.8,NA,"Macro","Potamocorbula",0.0231,0
"FRP PG_801-2-12MAR2018",-121.84394,38.03846,NA,"Confluence","Outside","FRP",2018-03-12 07:00:00,"Broad Slough","1",NA,NA,12.2,0.346697230871465,9.9,"PVC",2018,NA,NA,"Ebb",2018-03-12 09:03:00,10.6,NA,"Macro","Corbicula",0.000811,0
"FRP PG_801-2-12MAR2018",-121.84394,38.03846,NA,"Confluence","Outside","FRP",2018-03-12 07:00:00,"Broad Slough","1",NA,NA,12.2,0.346697230871465,9.9,"PVC",2018,NA,NA,"Ebb",2018-03-12 09:03:00,10.6,NA,"Macro","Other",0.000811,0
"FRP PG_801-2-12MAR2018",-121.84394,38.03846,NA,"Confluence","Outside","FRP",2018-03-12 07:00:00,"Broad Slough","1",NA,NA,12.2,0.346697230871465,9.9,"PVC",2018,NA,NA,"Ebb",2018-03-12 09:03:00,10.6,NA,"Macro","Potamocorbula",0.000811,0
"FRP PG_801-3-12MAR2018",-121.8472,38.04814,NA,"Confluence","Outside","FRP",2018-03-12 07:00:00,"Broad Slough","1",NA,NA,12.2,0.346697230871465,9.9,"PVC",2018,NA,NA,"Ebb",2018-03-12 09:58:00,10.6,NA,"Macro","Corbicula",0.000811,0
"FRP PG_801-3-12MAR2018",-121.8472,38.04814,NA,"Confluence","Outside","FRP",2018-03-12 07:00:00,"Broad Slough","1",NA,NA,12.2,0.346697230871465,9.9,"PVC",2018,NA,NA,"Ebb",2018-03-12 09:58:00,10.6,NA,"Macro","Other",0.000811,0
"FRP PG_801-3-12MAR2018",-121.8472,38.04814,NA,"Confluence","Outside","FRP",2018-03-12 07:00:00,"Broad Slough","1",NA,NA,12.2,0.346697230871465,9.9,"PVC",2018,NA,NA,"Ebb",2018-03-12 09:58:00,10.6,NA,"Macro","Potamocorbula",0.000811,0
"FRP PG_801-4-12MAR2018",-121.84779,38.04941,NA,"Confluence","Outside","FRP",2018-03-12 07:00:00,"Broad Slough","1",NA,NA,12.2,0.346697230871465,9.9,"PVC",2018,NA,NA,"Ebb",2018-03-12 10:22:00,10.6,NA,"Macro","Corbicula",0.000811,0
"FRP PG_801-4-12MAR2018",-121.84779,38.04941,NA,"Confluence","Outside","FRP",2018-03-12 07:00:00,"Broad Slough","1",NA,NA,12.2,0.346697230871465,9.9,"PVC",2018,NA,NA,"Ebb",2018-03-12 10:22:00,10.6,NA,"Macro","Other",0.000811,0
"FRP PG_801-4-12MAR2018",-121.84779,38.04941,NA,"Confluence","Outside","FRP",2018-03-12 07:00:00,"Broad Slough","1",NA,NA,12.2,0.346697230871465,9.9,"PVC",2018,NA,NA,"Ebb",2018-03-12 10:22:00,10.6,NA,"Macro","Potamocorbula",0.000811,0
"FRP PPG1-BROA-12APR2022",-121.849568,38.053202,"Winter","Confluence","Inside","FRP",2022-04-12 07:00:00,"Broad Slough","1",NA,41,15.9,2.28844327558694,33.1,"PPG",2022,NA,NA,"Flood",2022-04-12 10:28:00,9.7,NA,"Macro","Corbicula",0.0231,43.2900432900433
"FRP PPG1-BROA-12APR2022",-121.849568,38.053202,"Winter","Confluence","Inside","FRP",2022-04-12 07:00:00,"Broad Slough","1",NA,41,15.9,2.28844327558694,33.1,"PPG",2022,NA,NA,"Flood",2022-04-12 10:28:00,9.7,NA,"Macro","Other",0.0231,43.2900432900433
"FRP PPG1-BROA-12APR2022",-121.849568,38.053202,"Winter","Confluence","Inside","FRP",2022-04-12 07:00:00,"Broad Slough","1",NA,41,15.9,2.28844327558694,33.1,"PPG",2022,NA,NA,"Flood",2022-04-12 10:28:00,9.7,NA,"Macro","Potamocorbula",0.0231,0
"FRP PPG1-BROA-13APR2022",-121.839512,38.032388,"Winter","Confluence","Inside","FRP",2022-04-13 07:00:00,"Broad Slough","1",NA,39,16,0.867248231504448,16.5,"PPG",2022,NA,NA,"High slack",2022-04-13 12:50:00,10.22,NA,"Macro","Corbicula",0.0231,303.030303030303
"FRP PPG1-BROA-13APR2022",-121.839512,38.032388,"Winter","Confluence","Inside","FRP",2022-04-13 07:00:00,"Broad Slough","1",NA,39,16,0.867248231504448,16.5,"PPG",2022,NA,NA,"High slack",2022-04-13 12:50:00,10.22,NA,"Macro","Other",0.0231,0
"FRP PPG1-BROA-13APR2022",-121.839512,38.032388,"Winter","Confluence","Inside","FRP",2022-04-13 07:00:00,"Broad Slough","1",NA,39,16,0.867248231504448,16.5,"PPG",2022,NA,NA,"High slack",2022-04-13 12:50:00,10.22,NA,"Macro","Potamocorbula",0.0231,0
"FRP PPG1-BROW-06APR2021",-121.865694,38.038339,"Browns","Confluence","Inside","FRP",2021-04-06 07:00:00,"Browns Island","1",NA,45,15,2.41673911852112,13.1,"PPG",2021,NA,NA,"High slack",2021-04-06 12:09:00,9.57,NA,"Macro","Corbicula",0.0231,692.640692640693
"FRP PPG1-BROW-06APR2021",-121.865694,38.038339,"Browns","Confluence","Inside","FRP",2021-04-06 07:00:00,"Browns Island","1",NA,45,15,2.41673911852112,13.1,"PPG",2021,NA,NA,"High slack",2021-04-06 12:09:00,9.57,NA,"Macro","Other",0.0231,0
"FRP PPG1-BROW-06APR2021",-121.865694,38.038339,"Browns","Confluence","Inside","FRP",2021-04-06 07:00:00,"Browns Island","1",NA,45,15,2.41673911852112,13.1,"PPG",2021,NA,NA,"High slack",2021-04-06 12:09:00,9.57,NA,"Macro","Potamocorbula",0.0231,0
"FRP PPG1-BROW-12APR2022",-121.857707,38.03898,"Browns","Confluence","Inside","FRP",2022-04-12 07:00:00,"Browns Island","1",NA,58,13.1,1.78049715433996,13.7,"PPG",2022,NA,NA,"Flood",2022-04-12 09:11:00,7.33,NA,"Macro","Corbicula",0.0231,0
"FRP PPG1-BROW-12APR2022",-121.857707,38.03898,"Browns","Confluence","Inside","FRP",2022-04-12 07:00:00,"Browns Island","1",NA,58,13.1,1.78049715433996,13.7,"PPG",2022,NA,NA,"Flood",2022-04-12 09:11:00,7.33,NA,"Macro","Other",0.0231,0
"FRP PPG1-BROW-12APR2022",-121.857707,38.03898,"Browns","Confluence","Inside","FRP",2022-04-12 07:00:00,"Browns Island","1",NA,58,13.1,1.78049715433996,13.7,"PPG",2022,NA,NA,"Flood",2022-04-12 09:11:00,7.33,NA,"Macro","Potamocorbula",0.0231,0
"FRP PPG1-CHIP-21APR2021",-121.919096,38.05828,"Chipps","Confluence","Inside","FRP",2021-04-21 07:00:00,"Chipps Island","1",NA,NA,16.7,4.74529199473255,32.5,"PPG",2021,NA,NA,"Ebb",2021-04-21 11:51:00,9.03,NA,"Macro","Corbicula",0.0231,2337.66233766234
"FRP PPG1-CHIP-21APR2021",-121.919096,38.05828,"Chipps","Confluence","Inside","FRP",2021-04-21 07:00:00,"Chipps Island","1",NA,NA,16.7,4.74529199473255,32.5,"PPG",2021,NA,NA,"Ebb",2021-04-21 11:51:00,9.03,NA,"Macro","Other",0.0231,0
"FRP PPG1-CHIP-21APR2021",-121.919096,38.05828,"Chipps","Confluence","Inside","FRP",2021-04-21 07:00:00,"Chipps Island","1",NA,NA,16.7,4.74529199473255,32.5,"PPG",2021,NA,NA,"Ebb",2021-04-21 11:51:00,9.03,NA,"Macro","Potamocorbula",0.0231,0
"FRP PPG1-DECK-11JUN2020",-121.72392,38.08442,"Decker","Decker","Inside","FRP",2020-06-11 07:00:00,"Decker Island","1",NA,92,21.5,0.129314874234204,22,"PPG",2020,NA,NA,"Ebb",NA,5.1,NA,"Macro","Corbicula",0.0231,0
"FRP PPG1-DECK-11JUN2020",-121.72392,38.08442,"Decker","Decker","Inside","FRP",2020-06-11 07:00:00,"Decker Island","1",NA,92,21.5,0.129314874234204,22,"PPG",2020,NA,NA,"Ebb",NA,5.1,NA,"Macro","Other",0.0231,0
"FRP PPG1-DECK-11JUN2020",-121.72392,38.08442,"Decker","Decker","Inside","FRP",2020-06-11 07:00:00,"Decker Island","1",NA,92,21.5,0.129314874234204,22,"PPG",2020,NA,NA,"Ebb",NA,5.1,NA,"Macro","Potamocorbula",0.0231,0
"FRP PPG1-HORS-11JUN2020",-121.73026,38.08302,NA,"Decker","Outside","FRP",2020-06-11 07:00:00,"Horseshoe Bend","2",NA,86,21.8,0.237423016245715,4.7,"PPG",2020,NA,NA,"Ebb",NA,8.2,NA,"Macro","Corbicula",0.0231,432.900432900433
"FRP PPG1-HORS-11JUN2020",-121.73026,38.08302,NA,"Decker","Outside","FRP",2020-06-11 07:00:00,"Horseshoe Bend","2",NA,86,21.8,0.237423016245715,4.7,"PPG",2020,NA,NA,"Ebb",NA,8.2,NA,"Macro","Other",0.0231,0
"FRP PPG1-HORS-11JUN2020",-121.73026,38.08302,NA,"Decker","Outside","FRP",2020-06-11 07:00:00,"Horseshoe Bend","2",NA,86,21.8,0.237423016245715,4.7,"PPG",2020,NA,NA,"Ebb",NA,8.2,NA,"Macro","Potamocorbula",0.0231,0
"FRP PPG1-HORS-24MAR2021",-121.724805,38.083113,NA,"Decker","Outside","FRP",2021-03-24 07:00:00,"Horseshoe Bend","1",NA,80,14.2,0.163296094813566,6.9,"PPG",2021,NA,NA,"Ebb",2021-03-24 14:54:00,10.33,NA,"Macro","Corbicula",0.0231,0
"FRP PPG1-HORS-24MAR2021",-121.724805,38.083113,NA,"Decker","Outside","FRP",2021-03-24 07:00:00,"Horseshoe Bend","1",NA,80,14.2,0.163296094813566,6.9,"PPG",2021,NA,NA,"Ebb",2021-03-24 14:54:00,10.33,NA,"Macro","Other",0.0231,0
"FRP PPG1-HORS-24MAR2021",-121.724805,38.083113,NA,"Decker","Outside","FRP",2021-03-24 07:00:00,"Horseshoe Bend","1",NA,80,14.2,0.163296094813566,6.9,"PPG",2021,NA,NA,"Ebb",2021-03-24 14:54:00,10.33,NA,"Macro","Potamocorbula",0.0231,0
"FRP PPG1-LIBE-10JUN2020",-121.68834,38.28263,"Liberty","Cache Slough","Inside","FRP",2020-06-10 07:00:00,"Liberty Island","1",NA,115,21.4,0.0869326097219391,NA,"PPG",2020,NA,NA,"High slack",NA,9.8,NA,"Macro","Corbicula",0.0231,2510.82251082251
"FRP PPG1-LIBE-10JUN2020",-121.68834,38.28263,"Liberty","Cache Slough","Inside","FRP",2020-06-10 07:00:00,"Liberty Island","1",NA,115,21.4,0.0869326097219391,NA,"PPG",2020,NA,NA,"High slack",NA,9.8,NA,"Macro","Other",0.0231,0
"FRP PPG1-LIBE-10JUN2020",-121.68834,38.28263,"Liberty","Cache Slough","Inside","FRP",2020-06-10 07:00:00,"Liberty Island","1",NA,115,21.4,0.0869326097219391,NA,"PPG",2020,NA,NA,"High slack",NA,9.8,NA,"Macro","Potamocorbula",0.0231,0
"FRP PPG1-LIBE-16APR2021",-121.691388,38.283721,"Liberty","Cache Slough","Inside","FRP",2021-04-16 07:00:00,"Liberty Island","1",NA,NA,15.9,0.109525280447396,2.5,"PPG",2021,NA,NA,"High slack",2021-04-16 08:00:00,9.6,NA,"Macro","Corbicula",0.0231,86.5800865800866
"FRP PPG1-LIBE-16APR2021",-121.691388,38.283721,"Liberty","Cache Slough","Inside","FRP",2021-04-16 07:00:00,"Liberty Island","1",NA,NA,15.9,0.109525280447396,2.5,"PPG",2021,NA,NA,"High slack",2021-04-16 08:00:00,9.6,NA,"Macro","Other",0.0231,0
"FRP PPG1-LIBE-16APR2021",-121.691388,38.283721,"Liberty","Cache Slough","Inside","FRP",2021-04-16 07:00:00,"Liberty Island","1",NA,NA,15.9,0.109525280447396,2.5,"PPG",2021,NA,NA,"High slack",2021-04-16 08:00:00,9.6,NA,"Macro","Potamocorbula",0.0231,0
"FRP PPG1-LOWE-01APR2021",-121.644328,38.360825,"Flyway Farms","Cache Slough","Inside","FRP",2021-04-01 07:00:00,"Lower Yolo Ranch","1",NA,43,17,0.407836432277625,15,"PPG",2021,NA,NA,"Ebb",2021-04-01 11:26:00,8.12,NA,"Macro","Corbicula",0.0231,909.090909090909
"FRP PPG1-LOWE-01APR2021",-121.644328,38.360825,"Flyway Farms","Cache Slough","Inside","FRP",2021-04-01 07:00:00,"Lower Yolo Ranch","1",NA,43,17,0.407836432277625,15,"PPG",2021,NA,NA,"Ebb",2021-04-01 11:26:00,8.12,NA,"Macro","Other",0.0231,0
"FRP PPG1-LOWE-01APR2021",-121.644328,38.360825,"Flyway Farms","Cache Slough","Inside","FRP",2021-04-01 07:00:00,"Lower Yolo Ranch","1",NA,43,17,0.407836432277625,15,"PPG",2021,NA,NA,"Ebb",2021-04-01 11:26:00,8.12,NA,"Macro","Potamocorbula",0.0231,0
"FRP PPG1-RYER-20APR2021",-122.022976,38.086533,"Ryer","Grizzly Bay","Inside","FRP",2021-04-20 07:00:00,"Ryer Island","1",NA,39,15.5,7.65708021512339,21.7,"PPG",2021,NA,NA,"Ebb",2021-04-20 10:23:00,9.06,NA,"Macro","Corbicula",0.0231,476.190476190476
"FRP PPG1-RYER-20APR2021",-122.022976,38.086533,"Ryer","Grizzly Bay","Inside","FRP",2021-04-20 07:00:00,"Ryer Island","1",NA,39,15.5,7.65708021512339,21.7,"PPG",2021,NA,NA,"Ebb",2021-04-20 10:23:00,9.06,NA,"Macro","Other",0.0231,0
"FRP PPG1-RYER-20APR2021",-122.022976,38.086533,"Ryer","Grizzly Bay","Inside","FRP",2021-04-20 07:00:00,"Ryer Island","1",NA,39,15.5,7.65708021512339,21.7,"PPG",2021,NA,NA,"Ebb",2021-04-20 10:23:00,9.06,NA,"Macro","Potamocorbula",0.0231,779.220779220779
"FRP PPG1-RYER-23APR2021",-122.00579,38.07696,"Ryer","Grizzly Bay","Inside","FRP",2021-04-23 07:00:00,"Ryer Island","1",NA,30,16.4,6.79615303321735,24.8,"PPG",2021,NA,NA,"High slack",2021-04-23 10:42:00,9.22,NA,"Macro","Corbicula",0.0231,173.160173160173
"FRP PPG1-RYER-23APR2021",-122.00579,38.07696,"Ryer","Grizzly Bay","Inside","FRP",2021-04-23 07:00:00,"Ryer Island","1",NA,30,16.4,6.79615303321735,24.8,"PPG",2021,NA,NA,"High slack",2021-04-23 10:42:00,9.22,NA,"Macro","Other",0.0231,0
"FRP PPG1-RYER-23APR2021",-122.00579,38.07696,"Ryer","Grizzly Bay","Inside","FRP",2021-04-23 07:00:00,"Ryer Island","1",NA,30,16.4,6.79615303321735,24.8,"PPG",2021,NA,NA,"High slack",2021-04-23 10:42:00,9.22,NA,"Macro","Potamocorbula",0.0231,86.5800865800866
"FRP PPG1-SHAG-05MAY2022",-121.692387,38.31904,NA,"Cache Slough","Outside","FRP",2022-05-05 07:00:00,"Shag Slough","1",NA,143,17.9,0.175980862417248,2.8,"PPG",2022,NA,NA,"Ebb",2022-05-05 07:44:00,9.12,NA,"Macro","Corbicula",0.0231,0
"FRP PPG1-SHAG-05MAY2022",-121.692387,38.31904,NA,"Cache Slough","Outside","FRP",2022-05-05 07:00:00,"Shag Slough","1",NA,143,17.9,0.175980862417248,2.8,"PPG",2022,NA,NA,"Ebb",2022-05-05 07:44:00,9.12,NA,"Macro","Other",0.0231,1861.47186147186
"FRP PPG1-SHAG-05MAY2022",-121.692387,38.31904,NA,"Cache Slough","Outside","FRP",2022-05-05 07:00:00,"Shag Slough","1",NA,143,17.9,0.175980862417248,2.8,"PPG",2022,NA,NA,"Ebb",2022-05-05 07:44:00,9.12,NA,"Macro","Potamocorbula",0.0231,0
"FRP PPG1-SHAG-15APR2021",-121.692963,38.319654,NA,"Cache Slough","Outside","FRP",2021-04-15 07:00:00,"Shag Slough","1",NA,138,16.7,0.22408962385325,3.4,"PPG",2021,NA,NA,"Ebb",2021-04-15 10:11:00,8.43,NA,"Macro","Corbicula",0.0231,0
"FRP PPG1-SHAG-15APR2021",-121.692963,38.319654,NA,"Cache Slough","Outside","FRP",2021-04-15 07:00:00,"Shag Slough","1",NA,138,16.7,0.22408962385325,3.4,"PPG",2021,NA,NA,"Ebb",2021-04-15 10:11:00,8.43,NA,"Macro","Other",0.0231,0
"FRP PPG1-SHAG-15APR2021",-121.692963,38.319654,NA,"Cache Slough","Outside","FRP",2021-04-15 07:00:00,"Shag Slough","1",NA,138,16.7,0.22408962385325,3.4,"PPG",2021,NA,NA,"Ebb",2021-04-15 10:11:00,8.43,NA,"Macro","Potamocorbula",0.0231,43.2900432900433
"FRP PPG1-STAC-17MAR2020",-121.58983,38.09602,"Web Tract Berms","Web Tract Berms","Inside","FRP",2020-03-17 07:00:00,"Webb Tract Island and Berm","1",NA,NA,14.4,0.127864070586621,NA,"PPG",2020,NA,NA,"High slack",NA,10.4,NA,"Macro","Corbicula",0.0231,173.160173160173
"FRP PPG1-STAC-17MAR2020",-121.58983,38.09602,"Web Tract Berms","Web Tract Berms","Inside","FRP",2020-03-17 07:00:00,"Webb Tract Island and Berm","1",NA,NA,14.4,0.127864070586621,NA,"PPG",2020,NA,NA,"High slack",NA,10.4,NA,"Macro","Other",0.0231,0
"FRP PPG1-STAC-17MAR2020",-121.58983,38.09602,"Web Tract Berms","Web Tract Berms","Inside","FRP",2020-03-17 07:00:00,"Webb Tract Island and Berm","1",NA,NA,14.4,0.127864070586621,NA,"PPG",2020,NA,NA,"High slack",NA,10.4,NA,"Macro","Potamocorbula",0.0231,0
"FRP PPG1-STAC-22MAR2021",-121.589885,38.095822,"Web Tract Berms","Web Tract Berms","Inside","FRP",2021-03-22 07:00:00,"Webb Tract Island and Berm","1",NA,151,13.4,0.156479951640596,3.1,"PPG",2021,NA,NA,"Ebb",2021-03-22 11:23:00,10.5,NA,"Macro","Corbicula",0.0231,0
"FRP PPG1-STAC-22MAR2021",-121.589885,38.095822,"Web Tract Berms","Web Tract Berms","Inside","FRP",2021-03-22 07:00:00,"Webb Tract Island and Berm","1",NA,151,13.4,0.156479951640596,3.1,"PPG",2021,NA,NA,"Ebb",2021-03-22 11:23:00,10.5,NA,"Macro","Other",0.0231,0
"FRP PPG1-STAC-22MAR2021",-121.589885,38.095822,"Web Tract Berms","Web Tract Berms","Inside","FRP",2021-03-22 07:00:00,"Webb Tract Island and Berm","1",NA,151,13.4,0.156479951640596,3.1,"PPG",2021,NA,NA,"Ebb",2021-03-22 11:23:00,10.5,NA,"Macro","Potamocorbula",0.0231,0
"FRP PPG1-STAC-25JUN2020",-121.58974,38.09612,"Web Tract Berms","Web Tract Berms","Inside","FRP",2020-06-25 07:00:00,"Webb Tract Island and Berm","3",NA,170,23.1,0.0922123959752611,2.4,"PPG",2020,NA,NA,"High slack",NA,8.2,NA,"Macro","Corbicula",0.0231,0
"FRP PPG1-STAC-25JUN2020",-121.58974,38.09612,"Web Tract Berms","Web Tract Berms","Inside","FRP",2020-06-25 07:00:00,"Webb Tract Island and Berm","3",NA,170,23.1,0.0922123959752611,2.4,"PPG",2020,NA,NA,"High slack",NA,8.2,NA,"Macro","Other",0.0231,0
"FRP PPG1-STAC-25JUN2020",-121.58974,38.09612,"Web Tract Berms","Web Tract Berms","Inside","FRP",2020-06-25 07:00:00,"Webb Tract Island and Berm","3",NA,170,23.1,0.0922123959752611,2.4,"PPG",2020,NA,NA,"High slack",NA,8.2,NA,"Macro","Potamocorbula",0.0231,0
"FRP PPG1-STAI-14APR2021",-121.684263,38.329164,NA,"Cache Slough","Outside","FRP",2021-04-14 07:00:00,"Stairsteps-Liberty Cut","1",NA,77,16.2,0.215711571784253,7,"PPG",2021,NA,NA,"Ebb",2021-04-14 09:11:00,7.93,NA,"Macro","Corbicula",0.0231,0
"FRP PPG1-STAI-14APR2021",-121.684263,38.329164,NA,"Cache Slough","Outside","FRP",2021-04-14 07:00:00,"Stairsteps-Liberty Cut","1",NA,77,16.2,0.215711571784253,7,"PPG",2021,NA,NA,"Ebb",2021-04-14 09:11:00,7.93,NA,"Macro","Other",0.0231,0
"FRP PPG1-STAI-14APR2021",-121.684263,38.329164,NA,"Cache Slough","Outside","FRP",2021-04-14 07:00:00,"Stairsteps-Liberty Cut","1",NA,77,16.2,0.215711571784253,7,"PPG",2021,NA,NA,"Ebb",2021-04-14 09:11:00,7.93,NA,"Macro","Potamocorbula",0.0231,0
"FRP PPG1-TULE-26APR2021",-121.981914,38.121428,"Tule Red","Grizzly Bay","Inside","FRP",2021-04-26 07:00:00,"Tule Red","1",NA,21,17.1,7.8695176980611,31.3,"PPG",2021,NA,NA,"High slack",2021-04-26 15:37:00,9.07,NA,"Macro","Corbicula",0.0231,0
"FRP PPG1-TULE-26APR2021",-121.981914,38.121428,"Tule Red","Grizzly Bay","Inside","FRP",2021-04-26 07:00:00,"Tule Red","1",NA,21,17.1,7.8695176980611,31.3,"PPG",2021,NA,NA,"High slack",2021-04-26 15:37:00,9.07,NA,"Macro","Other",0.0231,0
"FRP PPG1-TULE-26APR2021",-121.981914,38.121428,"Tule Red","Grizzly Bay","Inside","FRP",2021-04-26 07:00:00,"Tule Red","1",NA,21,17.1,7.8695176980611,31.3,"PPG",2021,NA,NA,"High slack",2021-04-26 15:37:00,9.07,NA,"Macro","Potamocorbula",0.0231,0
"FRP PPG1-WINT-11APR2022",-121.85285,38.051792,"Winter","Confluence","Inside","FRP",2022-04-11 07:00:00,"Winter Island","1",NA,34,14.9,1.7306701527979,29.9,"PPG",2022,NA,NA,"Flood",2022-04-11 08:00:00,7.44,NA,"Macro","Corbicula",0.0231,0
"FRP PPG1-WINT-11APR2022",-121.85285,38.051792,"Winter","Confluence","Inside","FRP",2022-04-11 07:00:00,"Winter Island","1",NA,34,14.9,1.7306701527979,29.9,"PPG",2022,NA,NA,"Flood",2022-04-11 08:00:00,7.44,NA,"Macro","Other",0.0231,0
"FRP PPG1-WINT-11APR2022",-121.85285,38.051792,"Winter","Confluence","Inside","FRP",2022-04-11 07:00:00,"Winter Island","1",NA,34,14.9,1.7306701527979,29.9,"PPG",2022,NA,NA,"Flood",2022-04-11 08:00:00,7.44,NA,"Macro","Potamocorbula",0.0231,0
"FRP PPG1-WTIB-18APR2022",-121.589791,38.09605,"Web Tract Berms","Web Tract Berms","Inside","FRP",2022-04-18 07:00:00,"Webb Tract Island and Berm","1",NA,70,15.7,0.134638342376438,8.8,"PPG",2022,NA,NA,"Low slack",2022-04-18 07:40:00,9.35,NA,"Macro","Corbicula",0.0231,0
"FRP PPG1-WTIB-18APR2022",-121.589791,38.09605,"Web Tract Berms","Web Tract Berms","Inside","FRP",2022-04-18 07:00:00,"Webb Tract Island and Berm","1",NA,70,15.7,0.134638342376438,8.8,"PPG",2022,NA,NA,"Low slack",2022-04-18 07:40:00,9.35,NA,"Macro","Other",0.0231,129.87012987013
"FRP PPG1-WTIB-18APR2022",-121.589791,38.09605,"Web Tract Berms","Web Tract Berms","Inside","FRP",2022-04-18 07:00:00,"Webb Tract Island and Berm","1",NA,70,15.7,0.134638342376438,8.8,"PPG",2022,NA,NA,"Low slack",2022-04-18 07:40:00,9.35,NA,"Macro","Potamocorbula",0.0231,0
"FRP PPG1-YOLO-09JUN2020",-121.64301,38.3615,"Flyway Farms","Cache Slough","Inside","FRP",2020-06-09 07:00:00,"Yolo Flyway Farms","1",NA,NA,23.3,0.106154512579989,15.8,"PPG",2020,NA,NA,"Ebb",NA,8.4,NA,"Macro","Corbicula",0.0231,43.2900432900433
"FRP PPG1-YOLO-09JUN2020",-121.64301,38.3615,"Flyway Farms","Cache Slough","Inside","FRP",2020-06-09 07:00:00,"Yolo Flyway Farms","1",NA,NA,23.3,0.106154512579989,15.8,"PPG",2020,NA,NA,"Ebb",NA,8.4,NA,"Macro","Other",0.0231,0
"FRP PPG1-YOLO-09JUN2020",-121.64301,38.3615,"Flyway Farms","Cache Slough","Inside","FRP",2020-06-09 07:00:00,"Yolo Flyway Farms","1",NA,NA,23.3,0.106154512579989,15.8,"PPG",2020,NA,NA,"Ebb",NA,8.4,NA,"Macro","Potamocorbula",0.0231,0
"FRP PPG10-WINT-05APR2021",-121.846823,38.044333,"Winter","Confluence","Inside","FRP",2021-04-05 07:00:00,"Winter Island","1",NA,56,14.5,2.82289312436194,18.1,"PPG",2021,NA,NA,"High slack",2021-04-05 11:04:00,9.57,NA,"Macro","Corbicula",0.0231,822.510822510823
"FRP PPG10-WINT-05APR2021",-121.846823,38.044333,"Winter","Confluence","Inside","FRP",2021-04-05 07:00:00,"Winter Island","1",NA,56,14.5,2.82289312436194,18.1,"PPG",2021,NA,NA,"High slack",2021-04-05 11:04:00,9.57,NA,"Macro","Other",0.0231,0
"FRP PPG10-WINT-05APR2021",-121.846823,38.044333,"Winter","Confluence","Inside","FRP",2021-04-05 07:00:00,"Winter Island","1",NA,56,14.5,2.82289312436194,18.1,"PPG",2021,NA,NA,"High slack",2021-04-05 11:04:00,9.57,NA,"Macro","Potamocorbula",0.0231,0
"FRP PPG11-CHIP-10MAY2022",-121.932819,38.054096,"Chipps","Confluence","Inside","FRP",2022-05-10 07:00:00,"Chipps Island","1",NA,32,14.9,4.46188751886987,33.5,"PPG",2022,NA,NA,"Flood",2022-05-10 09:10:00,9.56,NA,"Macro","Corbicula",0.0231,43.2900432900433
"FRP PPG11-CHIP-10MAY2022",-121.932819,38.054096,"Chipps","Confluence","Inside","FRP",2022-05-10 07:00:00,"Chipps Island","1",NA,32,14.9,4.46188751886987,33.5,"PPG",2022,NA,NA,"Flood",2022-05-10 09:10:00,9.56,NA,"Macro","Other",0.0231,0
"FRP PPG11-CHIP-10MAY2022",-121.932819,38.054096,"Chipps","Confluence","Inside","FRP",2022-05-10 07:00:00,"Chipps Island","1",NA,32,14.9,4.46188751886987,33.5,"PPG",2022,NA,NA,"Flood",2022-05-10 09:10:00,9.56,NA,"Macro","Potamocorbula",0.0231,346.320346320346
"FRP PPG11-LIBE-04APR2022",-121.682082,38.242756,"Liberty","Cache Slough","Inside","FRP",2022-04-04 07:00:00,"Liberty Island","1",NA,140,16.8,0.0989387204619183,3,"PPG",2022,NA,NA,"Ebb",2022-04-04 13:27:00,10.85,NA,"Macro","Corbicula",0.0231,0
"FRP PPG11-LIBE-04APR2022",-121.682082,38.242756,"Liberty","Cache Slough","Inside","FRP",2022-04-04 07:00:00,"Liberty Island","1",NA,140,16.8,0.0989387204619183,3,"PPG",2022,NA,NA,"Ebb",2022-04-04 13:27:00,10.85,NA,"Macro","Other",0.0231,0
"FRP PPG11-LIBE-04APR2022",-121.682082,38.242756,"Liberty","Cache Slough","Inside","FRP",2022-04-04 07:00:00,"Liberty Island","1",NA,140,16.8,0.0989387204619183,3,"PPG",2022,NA,NA,"Ebb",2022-04-04 13:27:00,10.85,NA,"Macro","Potamocorbula",0.0231,43.2900432900433
"FRP PPG11-TULE-11MAY2022",-121.988039,38.12838,"Tule Red","Grizzly Bay","Inside","FRP",2022-05-11 07:00:00,"Tule Red","1",NA,19,14.9,6.99338697887193,40.7,"PPG",2022,NA,NA,"Flood",2022-05-11 11:18:00,9.21,NA,"Macro","Corbicula",0.0231,0
"FRP PPG11-TULE-11MAY2022",-121.988039,38.12838,"Tule Red","Grizzly Bay","Inside","FRP",2022-05-11 07:00:00,"Tule Red","1",NA,19,14.9,6.99338697887193,40.7,"PPG",2022,NA,NA,"Flood",2022-05-11 11:18:00,9.21,NA,"Macro","Other",0.0231,0
"FRP PPG11-TULE-11MAY2022",-121.988039,38.12838,"Tule Red","Grizzly Bay","Inside","FRP",2022-05-11 07:00:00,"Tule Red","1",NA,19,14.9,6.99338697887193,40.7,"PPG",2022,NA,NA,"Flood",2022-05-11 11:18:00,9.21,NA,"Macro","Potamocorbula",0.0231,432.900432900433
"FRP PPG11-WINT-05APR2021",-121.847481,38.046652,"Winter","Confluence","Inside","FRP",2021-04-05 07:00:00,"Winter Island","1",NA,50,15.2,2.52621362533473,13.8,"PPG",2021,NA,NA,"Ebb",2021-04-05 12:25:00,9.24,NA,"Macro","Corbicula",0.0231,1082.25108225108
"FRP PPG11-WINT-05APR2021",-121.847481,38.046652,"Winter","Confluence","Inside","FRP",2021-04-05 07:00:00,"Winter Island","1",NA,50,15.2,2.52621362533473,13.8,"PPG",2021,NA,NA,"Ebb",2021-04-05 12:25:00,9.24,NA,"Macro","Other",0.0231,0
"FRP PPG11-WINT-05APR2021",-121.847481,38.046652,"Winter","Confluence","Inside","FRP",2021-04-05 07:00:00,"Winter Island","1",NA,50,15.2,2.52621362533473,13.8,"PPG",2021,NA,NA,"Ebb",2021-04-05 12:25:00,9.24,NA,"Macro","Potamocorbula",0.0231,43.2900432900433
"FRP PPG12-CHIP-10MAY2022",-121.921427,38.057597,"Chipps","Confluence","Inside","FRP",2022-05-10 07:00:00,"Chipps Island","1",NA,30,15.2,4.26626786013022,30.2,"PPG",2022,NA,NA,"Flood",2022-05-10 09:10:00,9.79,NA,"Macro","Corbicula",0.0231,303.030303030303
"FRP PPG12-CHIP-10MAY2022",-121.921427,38.057597,"Chipps","Confluence","Inside","FRP",2022-05-10 07:00:00,"Chipps Island","1",NA,30,15.2,4.26626786013022,30.2,"PPG",2022,NA,NA,"Flood",2022-05-10 09:10:00,9.79,NA,"Macro","Other",0.0231,0
"FRP PPG12-CHIP-10MAY2022",-121.921427,38.057597,"Chipps","Confluence","Inside","FRP",2022-05-10 07:00:00,"Chipps Island","1",NA,30,15.2,4.26626786013022,30.2,"PPG",2022,NA,NA,"Flood",2022-05-10 09:10:00,9.79,NA,"Macro","Potamocorbula",0.0231,0
"FRP PPG12-DECK-24MAR2021",-121.72428,38.083004,NA,"Decker","Outside","FRP",2021-03-24 07:00:00,"Horseshoe Bend","1",NA,NA,14.7,0.131733879673918,31.2,"PPG",2021,NA,NA,"Ebb",2021-03-24 17:18:00,12.3,NA,"Macro","Corbicula",0.0231,0
"FRP PPG12-DECK-24MAR2021",-121.72428,38.083004,NA,"Decker","Outside","FRP",2021-03-24 07:00:00,"Horseshoe Bend","1",NA,NA,14.7,0.131733879673918,31.2,"PPG",2021,NA,NA,"Ebb",2021-03-24 17:18:00,12.3,NA,"Macro","Other",0.0231,0
"FRP PPG12-DECK-24MAR2021",-121.72428,38.083004,NA,"Decker","Outside","FRP",2021-03-24 07:00:00,"Horseshoe Bend","1",NA,NA,14.7,0.131733879673918,31.2,"PPG",2021,NA,NA,"Ebb",2021-03-24 17:18:00,12.3,NA,"Macro","Potamocorbula",0.0231,865.800865800866
"FRP PPG12-TOED-07APR2022",-121.642329,38.355092,NA,"Cache Slough","Outside","FRP",2022-04-07 07:00:00,"Toe Drain","1",NA,38,18.7,0.31106341836774,19.9,"PPG",2022,NA,NA,"Flood",NA,8.3,NA,"Macro","Corbicula",0.0231,389.61038961039
"FRP PPG12-TOED-07APR2022",-121.642329,38.355092,NA,"Cache Slough","Outside","FRP",2022-04-07 07:00:00,"Toe Drain","1",NA,38,18.7,0.31106341836774,19.9,"PPG",2022,NA,NA,"Flood",NA,8.3,NA,"Macro","Other",0.0231,0
"FRP PPG12-TOED-07APR2022",-121.642329,38.355092,NA,"Cache Slough","Outside","FRP",2022-04-07 07:00:00,"Toe Drain","1",NA,38,18.7,0.31106341836774,19.9,"PPG",2022,NA,NA,"Flood",NA,8.3,NA,"Macro","Potamocorbula",0.0231,0
"FRP PPG12-TULE-11MAY2022",-121.982925,38.121641,"Tule Red","Grizzly Bay","Inside","FRP",2022-05-11 07:00:00,"Tule Red","1",NA,33,16.1,7.45076351337855,17.6,"PPG",2022,NA,NA,"Flood",2022-05-11 11:47:00,8.45,NA,"Macro","Corbicula",0.0231,0
"FRP PPG12-TULE-11MAY2022",-121.982925,38.121641,"Tule Red","Grizzly Bay","Inside","FRP",2022-05-11 07:00:00,"Tule Red","1",NA,33,16.1,7.45076351337855,17.6,"PPG",2022,NA,NA,"Flood",2022-05-11 11:47:00,8.45,NA,"Macro","Other",0.0231,173.160173160173
"FRP PPG12-TULE-11MAY2022",-121.982925,38.121641,"Tule Red","Grizzly Bay","Inside","FRP",2022-05-11 07:00:00,"Tule Red","1",NA,33,16.1,7.45076351337855,17.6,"PPG",2022,NA,NA,"Flood",2022-05-11 11:47:00,8.45,NA,"Macro","Potamocorbula",0.0231,0
"FRP PPG12-WINT-05APR2021",-121.84855,38.047813,"Winter","Confluence","Inside","FRP",2021-04-05 07:00:00,"Winter Island","1",NA,70,15.4,2.13259449694441,8.2,"PPG",2021,NA,NA,"Ebb",2021-04-05 14:08:00,9.14,NA,"Macro","Corbicula",0.0231,216.450216450216
"FRP PPG12-WINT-05APR2021",-121.84855,38.047813,"Winter","Confluence","Inside","FRP",2021-04-05 07:00:00,"Winter Island","1",NA,70,15.4,2.13259449694441,8.2,"PPG",2021,NA,NA,"Ebb",2021-04-05 14:08:00,9.14,NA,"Macro","Other",0.0231,216.450216450216
"FRP PPG12-WINT-05APR2021",-121.84855,38.047813,"Winter","Confluence","Inside","FRP",2021-04-05 07:00:00,"Winter Island","1",NA,70,15.4,2.13259449694441,8.2,"PPG",2021,NA,NA,"Ebb",2021-04-05 14:08:00,9.14,NA,"Macro","Potamocorbula",0.0231,0
"FRP PPG13-BROA-05APR2021",-121.847104,38.047783,NA,"Confluence","Outside","FRP",2021-04-05 07:00:00,"Broad Slough","1",NA,25,15.6,2.56657562506605,29.3,"PPG",2021,NA,NA,"Ebb",NA,9.78,NA,"Macro","Corbicula",0.0231,86.5800865800866
"FRP PPG13-BROA-05APR2021",-121.847104,38.047783,NA,"Confluence","Outside","FRP",2021-04-05 07:00:00,"Broad Slough","1",NA,25,15.6,2.56657562506605,29.3,"PPG",2021,NA,NA,"Ebb",NA,9.78,NA,"Macro","Other",0.0231,0
"FRP PPG13-BROA-05APR2021",-121.847104,38.047783,NA,"Confluence","Outside","FRP",2021-04-05 07:00:00,"Broad Slough","1",NA,25,15.6,2.56657562506605,29.3,"PPG",2021,NA,NA,"Ebb",NA,9.78,NA,"Macro","Potamocorbula",0.0231,43.2900432900433
"FRP PPG13-CHIP-10MAY2022",-121.909477,38.061439,"Chipps","Confluence","Inside","FRP",2022-05-10 07:00:00,"Chipps Island","1",NA,30,15.4,4.9509866273815,29.5,"PPG",2022,NA,NA,"Ebb",2022-05-10 11:00:00,9.75,NA,"Macro","Corbicula",0.0231,0
"FRP PPG13-CHIP-10MAY2022",-121.909477,38.061439,"Chipps","Confluence","Inside","FRP",2022-05-10 07:00:00,"Chipps Island","1",NA,30,15.4,4.9509866273815,29.5,"PPG",2022,NA,NA,"Ebb",2022-05-10 11:00:00,9.75,NA,"Macro","Other",0.0231,0
"FRP PPG13-CHIP-10MAY2022",-121.909477,38.061439,"Chipps","Confluence","Inside","FRP",2022-05-10 07:00:00,"Chipps Island","1",NA,30,15.4,4.9509866273815,29.5,"PPG",2022,NA,NA,"Ebb",2022-05-10 11:00:00,9.75,NA,"Macro","Potamocorbula",0.0231,346.320346320346
"FRP PPG13-STAI-07APR2022",-121.645805,38.349743,NA,"Cache Slough","Outside","FRP",2022-04-07 07:00:00,"Stairsteps-Liberty Cut","1",NA,39,18.1,0.284090485830692,17.7,"PPG",2022,NA,NA,"Flood",NA,7.84,NA,"Macro","Corbicula",0.0231,259.74025974026
"FRP PPG13-STAI-07APR2022",-121.645805,38.349743,NA,"Cache Slough","Outside","FRP",2022-04-07 07:00:00,"Stairsteps-Liberty Cut","1",NA,39,18.1,0.284090485830692,17.7,"PPG",2022,NA,NA,"Flood",NA,7.84,NA,"Macro","Other",0.0231,0
"FRP PPG13-STAI-07APR2022",-121.645805,38.349743,NA,"Cache Slough","Outside","FRP",2022-04-07 07:00:00,"Stairsteps-Liberty Cut","1",NA,39,18.1,0.284090485830692,17.7,"PPG",2022,NA,NA,"Flood",NA,7.84,NA,"Macro","Potamocorbula",0.0231,0
"FRP PPG14-BROA-05APR2021",-121.846154,38.04464,NA,"Confluence","Outside","FRP",2021-04-05 07:00:00,"Broad Slough","1",NA,26,15.4,2.11688533292392,31.6,"PPG",2021,NA,NA,"Ebb",NA,9.91,NA,"Macro","Corbicula",0.0231,43.2900432900433
"FRP PPG14-BROA-05APR2021",-121.846154,38.04464,NA,"Confluence","Outside","FRP",2021-04-05 07:00:00,"Broad Slough","1",NA,26,15.4,2.11688533292392,31.6,"PPG",2021,NA,NA,"Ebb",NA,9.91,NA,"Macro","Other",0.0231,0
"FRP PPG14-BROA-05APR2021",-121.846154,38.04464,NA,"Confluence","Outside","FRP",2021-04-05 07:00:00,"Broad Slough","1",NA,26,15.4,2.11688533292392,31.6,"PPG",2021,NA,NA,"Ebb",NA,9.91,NA,"Macro","Potamocorbula",0.0231,0
"FRP PPG14-CHIP-10MAY2022",-121.912645,38.0672,"Chipps","Confluence","Inside","FRP",2022-05-10 07:00:00,"Chipps Island","1",NA,27,15.7,4.87376610242012,33.7,"PPG",2022,NA,NA,"Ebb",2022-05-10 11:43:00,9.76,NA,"Macro","Corbicula",0.0231,43.2900432900433
"FRP PPG14-CHIP-10MAY2022",-121.912645,38.0672,"Chipps","Confluence","Inside","FRP",2022-05-10 07:00:00,"Chipps Island","1",NA,27,15.7,4.87376610242012,33.7,"PPG",2022,NA,NA,"Ebb",2022-05-10 11:43:00,9.76,NA,"Macro","Other",0.0231,0
"FRP PPG14-CHIP-10MAY2022",-121.912645,38.0672,"Chipps","Confluence","Inside","FRP",2022-05-10 07:00:00,"Chipps Island","1",NA,27,15.7,4.87376610242012,33.7,"PPG",2022,NA,NA,"Ebb",2022-05-10 11:43:00,9.76,NA,"Macro","Potamocorbula",0.0231,86.5800865800866
"FRP PPG2-BROW-06APR2021",-121.859974,38.039058,"Browns","Confluence","Inside","FRP",2021-04-06 07:00:00,"Browns Island","1",NA,59,15.4,1.83708422580326,8.1,"PPG",2021,NA,NA,"Ebb",NA,8.86,NA,"Macro","Corbicula",0.0231,0
"FRP PPG2-BROW-06APR2021",-121.859974,38.039058,"Browns","Confluence","Inside","FRP",2021-04-06 07:00:00,"Browns Island","1",NA,59,15.4,1.83708422580326,8.1,"PPG",2021,NA,NA,"Ebb",NA,8.86,NA,"Macro","Other",0.0231,0
"FRP PPG2-BROW-06APR2021",-121.859974,38.039058,"Browns","Confluence","Inside","FRP",2021-04-06 07:00:00,"Browns Island","1",NA,59,15.4,1.83708422580326,8.1,"PPG",2021,NA,NA,"Ebb",NA,8.86,NA,"Macro","Potamocorbula",0.0231,0
"FRP PPG2-BROW-12APR2022",-121.857212,38.038515,"Browns","Confluence","Inside","FRP",2022-04-12 07:00:00,"Browns Island","1",NA,40,12.8,1.7976822059315,21,"PPG",2022,NA,NA,"Flood",2022-04-12 09:21:00,6.81,NA,"Macro","Corbicula",0.0231,0
"FRP PPG2-BROW-12APR2022",-121.857212,38.038515,"Browns","Confluence","Inside","FRP",2022-04-12 07:00:00,"Browns Island","1",NA,40,12.8,1.7976822059315,21,"PPG",2022,NA,NA,"Flood",2022-04-12 09:21:00,6.81,NA,"Macro","Other",0.0231,0
"FRP PPG2-BROW-12APR2022",-121.857212,38.038515,"Browns","Confluence","Inside","FRP",2022-04-12 07:00:00,"Browns Island","1",NA,40,12.8,1.7976822059315,21,"PPG",2022,NA,NA,"Flood",2022-04-12 09:21:00,6.81,NA,"Macro","Potamocorbula",0.0231,0
"FRP PPG2-CHIP-21APR2021",-121.926722,38.056092,"Chipps","Confluence","Inside","FRP",2021-04-21 07:00:00,"Chipps Island","1",NA,19,17.6,4.92284029356998,60.8,"PPG",2021,NA,NA,"Ebb",2021-04-21 14:18:00,8.23,NA,"Macro","Corbicula",0.0231,259.74025974026
"FRP PPG2-CHIP-21APR2021",-121.926722,38.056092,"Chipps","Confluence","Inside","FRP",2021-04-21 07:00:00,"Chipps Island","1",NA,19,17.6,4.92284029356998,60.8,"PPG",2021,NA,NA,"Ebb",2021-04-21 14:18:00,8.23,NA,"Macro","Other",0.0231,0
"FRP PPG2-CHIP-21APR2021",-121.926722,38.056092,"Chipps","Confluence","Inside","FRP",2021-04-21 07:00:00,"Chipps Island","1",NA,19,17.6,4.92284029356998,60.8,"PPG",2021,NA,NA,"Ebb",2021-04-21 14:18:00,8.23,NA,"Macro","Potamocorbula",0.0231,0
"FRP PPG2-DECK-11JUN2020",-121.72426,38.08383,NA,"Decker","Outside","FRP",2020-06-11 07:00:00,"Decker Island","1",NA,NA,21.5,0.129798575249461,2.8,"PPG",2020,NA,NA,"Ebb",NA,5.3,NA,"Macro","Corbicula",0.0231,0
"FRP PPG2-DECK-11JUN2020",-121.72426,38.08383,NA,"Decker","Outside","FRP",2020-06-11 07:00:00,"Decker Island","1",NA,NA,21.5,0.129798575249461,2.8,"PPG",2020,NA,NA,"Ebb",NA,5.3,NA,"Macro","Other",0.0231,0
"FRP PPG2-DECK-11JUN2020",-121.72426,38.08383,NA,"Decker","Outside","FRP",2020-06-11 07:00:00,"Decker Island","1",NA,NA,21.5,0.129798575249461,2.8,"PPG",2020,NA,NA,"Ebb",NA,5.3,NA,"Macro","Potamocorbula",0.0231,0
"FRP PPG2-DECK-21APR2022",-121.723941,38.084275,"Decker","Decker","Inside","FRP",2022-04-21 07:00:00,"Decker Island","1",NA,50,16.1,0.799162724891536,13.9,"PPG",2022,NA,NA,"High slack",2022-04-21 08:04:00,8.5,NA,"Macro","Corbicula",0.0231,0
"FRP PPG2-DECK-21APR2022",-121.723941,38.084275,"Decker","Decker","Inside","FRP",2022-04-21 07:00:00,"Decker Island","1",NA,50,16.1,0.799162724891536,13.9,"PPG",2022,NA,NA,"High slack",2022-04-21 08:04:00,8.5,NA,"Macro","Other",0.0231,216.450216450216
"FRP PPG2-DECK-21APR2022",-121.723941,38.084275,"Decker","Decker","Inside","FRP",2022-04-21 07:00:00,"Decker Island","1",NA,50,16.1,0.799162724891536,13.9,"PPG",2022,NA,NA,"High slack",2022-04-21 08:04:00,8.5,NA,"Macro","Potamocorbula",0.0231,0
"FRP PPG2-HORS-24MAR2021",-121.716231,38.083582,NA,"Decker","Outside","FRP",2021-03-24 07:00:00,"Horseshoe Bend",NA,NA,76,13.8,0.14724538763085,5.8,"PPG",2021,NA,NA,NA,2021-03-24 16:28:00,10.32,NA,"Macro","Corbicula",0.0231,0
"FRP PPG2-HORS-24MAR2021",-121.716231,38.083582,NA,"Decker","Outside","FRP",2021-03-24 07:00:00,"Horseshoe Bend",NA,NA,76,13.8,0.14724538763085,5.8,"PPG",2021,NA,NA,NA,2021-03-24 16:28:00,10.32,NA,"Macro","Other",0.0231,0
"FRP PPG2-HORS-24MAR2021",-121.716231,38.083582,NA,"Decker","Outside","FRP",2021-03-24 07:00:00,"Horseshoe Bend",NA,NA,76,13.8,0.14724538763085,5.8,"PPG",2021,NA,NA,NA,2021-03-24 16:28:00,10.32,NA,"Macro","Potamocorbula",0.0231,0
"FRP PPG2-HORS-26JUN2020",-121.7312,38.08317,NA,"Decker","Outside","FRP",2020-06-26 07:00:00,"Horseshoe Bend","2",NA,79,22,0.621924083171892,7.3,"PPG",2020,NA,NA,"Ebb",NA,8,NA,"Macro","Corbicula",0.0231,0
"FRP PPG2-HORS-26JUN2020",-121.7312,38.08317,NA,"Decker","Outside","FRP",2020-06-26 07:00:00,"Horseshoe Bend","2",NA,79,22,0.621924083171892,7.3,"PPG",2020,NA,NA,"Ebb",NA,8,NA,"Macro","Other",0.0231,259.74025974026
"FRP PPG2-HORS-26JUN2020",-121.7312,38.08317,NA,"Decker","Outside","FRP",2020-06-26 07:00:00,"Horseshoe Bend","2",NA,79,22,0.621924083171892,7.3,"PPG",2020,NA,NA,"Ebb",NA,8,NA,"Macro","Potamocorbula",0.0231,0
"FRP PPG2-LIBE-10JUN2020",-121.667,38.28438,"Liberty","Cache Slough","Inside","FRP",2020-06-10 07:00:00,"Liberty Island","1",NA,112,22,0.0859730985594487,0.6,"PPG",2020,NA,NA,"Ebb",NA,10.3,NA,"Macro","Corbicula",0.0231,2943.72294372294
"FRP PPG2-LIBE-10JUN2020",-121.667,38.28438,"Liberty","Cache Slough","Inside","FRP",2020-06-10 07:00:00,"Liberty Island","1",NA,112,22,0.0859730985594487,0.6,"PPG",2020,NA,NA,"Ebb",NA,10.3,NA,"Macro","Other",0.0231,0
"FRP PPG2-LIBE-10JUN2020",-121.667,38.28438,"Liberty","Cache Slough","Inside","FRP",2020-06-10 07:00:00,"Liberty Island","1",NA,112,22,0.0859730985594487,0.6,"PPG",2020,NA,NA,"Ebb",NA,10.3,NA,"Macro","Potamocorbula",0.0231,0
"FRP PPG2-LIBE-16APR2021",-121.671177,38.305047,"Liberty","Cache Slough","Inside","FRP",2021-04-16 07:00:00,"Liberty Island","1",NA,80,15.1,0.11916859151355,7.2,"PPG",2021,NA,NA,"Ebb",2021-04-16 08:40:00,9.43,NA,"Macro","Corbicula",0.0231,0
"FRP PPG2-LIBE-16APR2021",-121.671177,38.305047,"Liberty","Cache Slough","Inside","FRP",2021-04-16 07:00:00,"Liberty Island","1",NA,80,15.1,0.11916859151355,7.2,"PPG",2021,NA,NA,"Ebb",2021-04-16 08:40:00,9.43,NA,"Macro","Other",0.0231,0
"FRP PPG2-LIBE-16APR2021",-121.671177,38.305047,"Liberty","Cache Slough","Inside","FRP",2021-04-16 07:00:00,"Liberty Island","1",NA,80,15.1,0.11916859151355,7.2,"PPG",2021,NA,NA,"Ebb",2021-04-16 08:40:00,9.43,NA,"Macro","Potamocorbula",0.0231,0
"FRP PPG2-LOWE-01APR2021",-121.647213,38.360794,"Flyway Farms","Cache Slough","Inside","FRP",2021-04-01 07:00:00,"Lower Yolo Ranch","1",NA,36,18.1,0.472516551138188,16.2,"PPG",2021,NA,NA,"Ebb",2021-04-01 12:57:00,9.24,NA,"Macro","Corbicula",0.0231,86.5800865800866
"FRP PPG2-LOWE-01APR2021",-121.647213,38.360794,"Flyway Farms","Cache Slough","Inside","FRP",2021-04-01 07:00:00,"Lower Yolo Ranch","1",NA,36,18.1,0.472516551138188,16.2,"PPG",2021,NA,NA,"Ebb",2021-04-01 12:57:00,9.24,NA,"Macro","Other",0.0231,0
"FRP PPG2-LOWE-01APR2021",-121.647213,38.360794,"Flyway Farms","Cache Slough","Inside","FRP",2021-04-01 07:00:00,"Lower Yolo Ranch","1",NA,36,18.1,0.472516551138188,16.2,"PPG",2021,NA,NA,"Ebb",2021-04-01 12:57:00,9.24,NA,"Macro","Potamocorbula",0.0231,0
"FRP PPG2-RYER-20APR2021",-122.017833,38.081693,"Ryer","Grizzly Bay","Inside","FRP",2021-04-20 07:00:00,"Ryer Island","1",NA,29,15.9,6.63443060900795,18.5,"PPG",2021,NA,NA,"Ebb",2021-04-20 10:40:00,8.35,NA,"Macro","Corbicula",0.0231,476.190476190476
"FRP PPG2-RYER-20APR2021",-122.017833,38.081693,"Ryer","Grizzly Bay","Inside","FRP",2021-04-20 07:00:00,"Ryer Island","1",NA,29,15.9,6.63443060900795,18.5,"PPG",2021,NA,NA,"Ebb",2021-04-20 10:40:00,8.35,NA,"Macro","Other",0.0231,0
"FRP PPG2-RYER-20APR2021",-122.017833,38.081693,"Ryer","Grizzly Bay","Inside","FRP",2021-04-20 07:00:00,"Ryer Island","1",NA,29,15.9,6.63443060900795,18.5,"PPG",2021,NA,NA,"Ebb",2021-04-20 10:40:00,8.35,NA,"Macro","Potamocorbula",0.0231,0
"FRP PPG2-RYER-23APR2021",-122.00591,38.07661,"Ryer","Grizzly Bay","Inside","FRP",2021-04-23 07:00:00,"Ryer Island","1",NA,30,16.4,6.79615303321735,24.8,"PPG",2021,NA,NA,"High slack",2021-04-23 11:02:00,9.22,NA,"Macro","Corbicula",0.0231,86.5800865800866
"FRP PPG2-RYER-23APR2021",-122.00591,38.07661,"Ryer","Grizzly Bay","Inside","FRP",2021-04-23 07:00:00,"Ryer Island","1",NA,30,16.4,6.79615303321735,24.8,"PPG",2021,NA,NA,"High slack",2021-04-23 11:02:00,9.22,NA,"Macro","Other",0.0231,0
"FRP PPG2-RYER-23APR2021",-122.00591,38.07661,"Ryer","Grizzly Bay","Inside","FRP",2021-04-23 07:00:00,"Ryer Island","1",NA,30,16.4,6.79615303321735,24.8,"PPG",2021,NA,NA,"High slack",2021-04-23 11:02:00,9.22,NA,"Macro","Potamocorbula",0.0231,346.320346320346
"FRP PPG2-SHAG-05MAY2022",-121.692297,38.302156,NA,"Cache Slough","Outside","FRP",2022-05-05 07:00:00,"Shag Slough","1",NA,189,17.8,0.139483149401861,4.7,"PPG",2022,NA,NA,"Ebb",2022-05-05 08:23:00,9.95,NA,"Macro","Corbicula",0.0231,0
"FRP PPG2-SHAG-05MAY2022",-121.692297,38.302156,NA,"Cache Slough","Outside","FRP",2022-05-05 07:00:00,"Shag Slough","1",NA,189,17.8,0.139483149401861,4.7,"PPG",2022,NA,NA,"Ebb",2022-05-05 08:23:00,9.95,NA,"Macro","Other",0.0231,0
"FRP PPG2-SHAG-05MAY2022",-121.692297,38.302156,NA,"Cache Slough","Outside","FRP",2022-05-05 07:00:00,"Shag Slough","1",NA,189,17.8,0.139483149401861,4.7,"PPG",2022,NA,NA,"Ebb",2022-05-05 08:23:00,9.95,NA,"Macro","Potamocorbula",0.0231,0
"FRP PPG2-SHAG-15APR2021",-121.692961,38.297482,NA,"Cache Slough","Outside","FRP",2021-04-15 07:00:00,"Shag Slough","1",NA,212,16.9,0.208822080104737,2.3,"PPG",2021,NA,NA,"Ebb",2021-04-15 11:51:00,9.08,NA,"Macro","Corbicula",0.0231,3679.65367965368
"FRP PPG2-SHAG-15APR2021",-121.692961,38.297482,NA,"Cache Slough","Outside","FRP",2021-04-15 07:00:00,"Shag Slough","1",NA,212,16.9,0.208822080104737,2.3,"PPG",2021,NA,NA,"Ebb",2021-04-15 11:51:00,9.08,NA,"Macro","Other",0.0231,86.5800865800866
"FRP PPG2-SHAG-15APR2021",-121.692961,38.297482,NA,"Cache Slough","Outside","FRP",2021-04-15 07:00:00,"Shag Slough","1",NA,212,16.9,0.208822080104737,2.3,"PPG",2021,NA,NA,"Ebb",2021-04-15 11:51:00,9.08,NA,"Macro","Potamocorbula",0.0231,0
"FRP PPG2-STAC-22MAR2021",-121.590785,38.095004,"Web Tract Berms","Web Tract Berms","Inside","FRP",2021-03-22 07:00:00,"Webb Tract Island and Berm","1",NA,184,13.5,0.158426407652994,3.2,"PPG",2021,NA,NA,"Ebb",2021-03-22 12:57:00,10.07,NA,"Macro","Corbicula",0.0231,0
"FRP PPG2-STAC-22MAR2021",-121.590785,38.095004,"Web Tract Berms","Web Tract Berms","Inside","FRP",2021-03-22 07:00:00,"Webb Tract Island and Berm","1",NA,184,13.5,0.158426407652994,3.2,"PPG",2021,NA,NA,"Ebb",2021-03-22 12:57:00,10.07,NA,"Macro","Other",0.0231,0
"FRP PPG2-STAC-22MAR2021",-121.590785,38.095004,"Web Tract Berms","Web Tract Berms","Inside","FRP",2021-03-22 07:00:00,"Webb Tract Island and Berm","1",NA,184,13.5,0.158426407652994,3.2,"PPG",2021,NA,NA,"Ebb",2021-03-22 12:57:00,10.07,NA,"Macro","Potamocorbula",0.0231,0
"FRP PPG2-STAC-25JUN2020",-121.59077,38.09461,NA,"Web Tract Berms","Outside","FRP",2020-06-25 07:00:00,"Webb Tract Island and Berm","3",NA,90,23.7,0.0922123959752611,2.5,"PPG",2020,NA,NA,"Ebb",NA,8.3,NA,"Macro","Corbicula",0.0231,129.87012987013
"FRP PPG2-STAC-25JUN2020",-121.59077,38.09461,NA,"Web Tract Berms","Outside","FRP",2020-06-25 07:00:00,"Webb Tract Island and Berm","3",NA,90,23.7,0.0922123959752611,2.5,"PPG",2020,NA,NA,"Ebb",NA,8.3,NA,"Macro","Other",0.0231,0
"FRP PPG2-STAC-25JUN2020",-121.59077,38.09461,NA,"Web Tract Berms","Outside","FRP",2020-06-25 07:00:00,"Webb Tract Island and Berm","3",NA,90,23.7,0.0922123959752611,2.5,"PPG",2020,NA,NA,"Ebb",NA,8.3,NA,"Macro","Potamocorbula",0.0231,0
"FRP PPG2-STAI-14APR2021",-121.675332,38.336145,NA,"Cache Slough","Outside","FRP",2021-04-14 07:00:00,"Stairsteps-Liberty Cut","1",NA,78,16.5,0.196051906295406,10.4,"PPG",2021,NA,NA,"Ebb",2021-04-14 10:20:00,8.19,NA,"Macro","Corbicula",0.0231,129.87012987013
"FRP PPG2-STAI-14APR2021",-121.675332,38.336145,NA,"Cache Slough","Outside","FRP",2021-04-14 07:00:00,"Stairsteps-Liberty Cut","1",NA,78,16.5,0.196051906295406,10.4,"PPG",2021,NA,NA,"Ebb",2021-04-14 10:20:00,8.19,NA,"Macro","Other",0.0231,43.2900432900433
"FRP PPG2-STAI-14APR2021",-121.675332,38.336145,NA,"Cache Slough","Outside","FRP",2021-04-14 07:00:00,"Stairsteps-Liberty Cut","1",NA,78,16.5,0.196051906295406,10.4,"PPG",2021,NA,NA,"Ebb",2021-04-14 10:20:00,8.19,NA,"Macro","Potamocorbula",0.0231,0
"FRP PPG2-TULE-26APR2021",-121.995974,38.133552,"Tule Red","Grizzly Bay","Inside","FRP",2021-04-26 07:00:00,"Tule Red","1",NA,16,17.5,7.48242343699843,92,"PPG",2021,NA,NA,"Ebb",2021-04-26 16:53:00,9.53,NA,"Macro","Corbicula",0.0231,0
"FRP PPG2-TULE-26APR2021",-121.995974,38.133552,"Tule Red","Grizzly Bay","Inside","FRP",2021-04-26 07:00:00,"Tule Red","1",NA,16,17.5,7.48242343699843,92,"PPG",2021,NA,NA,"Ebb",2021-04-26 16:53:00,9.53,NA,"Macro","Other",0.0231,0
"FRP PPG2-TULE-26APR2021",-121.995974,38.133552,"Tule Red","Grizzly Bay","Inside","FRP",2021-04-26 07:00:00,"Tule Red","1",NA,16,17.5,7.48242343699843,92,"PPG",2021,NA,NA,"Ebb",2021-04-26 16:53:00,9.53,NA,"Macro","Potamocorbula",0.0231,0
"FRP PPG2-WINT-05APR2021",-121.854933,38.053235,"Winter","Confluence","Inside","FRP",2021-04-05 07:00:00,"Winter Island","1",NA,73,15.3,2.6788109451255,10.3,"PPG",2021,NA,NA,"Ebb",2021-04-05 13:50:00,9.31,NA,"Macro","Corbicula",0.0231,2770.56277056277
"FRP PPG2-WINT-05APR2021",-121.854933,38.053235,"Winter","Confluence","Inside","FRP",2021-04-05 07:00:00,"Winter Island","1",NA,73,15.3,2.6788109451255,10.3,"PPG",2021,NA,NA,"Ebb",2021-04-05 13:50:00,9.31,NA,"Macro","Other",0.0231,0
"FRP PPG2-WINT-05APR2021",-121.854933,38.053235,"Winter","Confluence","Inside","FRP",2021-04-05 07:00:00,"Winter Island","1",NA,73,15.3,2.6788109451255,10.3,"PPG",2021,NA,NA,"Ebb",2021-04-05 13:50:00,9.31,NA,"Macro","Potamocorbula",0.0231,0
"FRP PPG2-WINT-11APR2022",-121.852587,38.047746,"Winter","Confluence","Inside","FRP",2022-04-11 07:00:00,"Winter Island","1",NA,33,16,2.5893355406406,24.9,"PPG",2022,NA,NA,"Flood",2022-04-11 08:30:00,8.37,NA,"Macro","Corbicula",0.0231,0
"FRP PPG2-WINT-11APR2022",-121.852587,38.047746,"Winter","Confluence","Inside","FRP",2022-04-11 07:00:00,"Winter Island","1",NA,33,16,2.5893355406406,24.9,"PPG",2022,NA,NA,"Flood",2022-04-11 08:30:00,8.37,NA,"Macro","Other",0.0231,0
"FRP PPG2-WINT-11APR2022",-121.852587,38.047746,"Winter","Confluence","Inside","FRP",2022-04-11 07:00:00,"Winter Island","1",NA,33,16,2.5893355406406,24.9,"PPG",2022,NA,NA,"Flood",2022-04-11 08:30:00,8.37,NA,"Macro","Potamocorbula",0.0231,0
"FRP PPG2-WTIB-18APR2022",-121.592335,38.096389,"Web Tract Berms","Web Tract Berms","Inside","FRP",2022-04-18 07:00:00,"Webb Tract Island and Berm","1",NA,63,15.7,0.131733879673918,7.5,"PPG",2022,NA,NA,"Ebb",2022-04-18 08:09:00,9.41,NA,"Macro","Corbicula",0.0231,0
"FRP PPG2-WTIB-18APR2022",-121.592335,38.096389,"Web Tract Berms","Web Tract Berms","Inside","FRP",2022-04-18 07:00:00,"Webb Tract Island and Berm","1",NA,63,15.7,0.131733879673918,7.5,"PPG",2022,NA,NA,"Ebb",2022-04-18 08:09:00,9.41,NA,"Macro","Other",0.0231,0
"FRP PPG2-WTIB-18APR2022",-121.592335,38.096389,"Web Tract Berms","Web Tract Berms","Inside","FRP",2022-04-18 07:00:00,"Webb Tract Island and Berm","1",NA,63,15.7,0.131733879673918,7.5,"PPG",2022,NA,NA,"Ebb",2022-04-18 08:09:00,9.41,NA,"Macro","Potamocorbula",0.0231,0
"FRP PPG2-YOLO-09JUN2020",-121.64304,38.36124,"Flyway Farms","Cache Slough","Inside","FRP",2020-06-09 07:00:00,"Yolo Flyway Farms","1",NA,35,23.1,0.107117363080277,18.3,"PPG",2020,NA,NA,"Ebb",NA,7,NA,"Macro","Corbicula",0.0231,389.61038961039
"FRP PPG2-YOLO-09JUN2020",-121.64304,38.36124,"Flyway Farms","Cache Slough","Inside","FRP",2020-06-09 07:00:00,"Yolo Flyway Farms","1",NA,35,23.1,0.107117363080277,18.3,"PPG",2020,NA,NA,"Ebb",NA,7,NA,"Macro","Other",0.0231,0
"FRP PPG2-YOLO-09JUN2020",-121.64304,38.36124,"Flyway Farms","Cache Slough","Inside","FRP",2020-06-09 07:00:00,"Yolo Flyway Farms","1",NA,35,23.1,0.107117363080277,18.3,"PPG",2020,NA,NA,"Ebb",NA,7,NA,"Macro","Potamocorbula",0.0231,0
"FRP PPG2-YOLO-31MAR2021",-121.642807,38.362073,"Flyway Farms","Cache Slough","Inside","FRP",2021-03-31 07:00:00,"Yolo Flyway Farms","1",NA,43,15.1,0.400737321410047,14.5,"PPG",2021,NA,NA,"Ebb",2021-03-31 09:36:00,8.04,NA,"Macro","Corbicula",0.0231,129.87012987013
"FRP PPG2-YOLO-31MAR2021",-121.642807,38.362073,"Flyway Farms","Cache Slough","Inside","FRP",2021-03-31 07:00:00,"Yolo Flyway Farms","1",NA,43,15.1,0.400737321410047,14.5,"PPG",2021,NA,NA,"Ebb",2021-03-31 09:36:00,8.04,NA,"Macro","Other",0.0231,0
"FRP PPG2-YOLO-31MAR2021",-121.642807,38.362073,"Flyway Farms","Cache Slough","Inside","FRP",2021-03-31 07:00:00,"Yolo Flyway Farms","1",NA,43,15.1,0.400737321410047,14.5,"PPG",2021,NA,NA,"Ebb",2021-03-31 09:36:00,8.04,NA,"Macro","Potamocorbula",0.0231,0
"FRP PPG20-LIBE-04APR2022",-121.674039,38.274008,"Liberty","Cache Slough","Inside","FRP",2022-04-04 07:00:00,"Liberty Island","1",NA,200,16.2,0.11338034085457,4.2,"PPG",2022,NA,NA,"High slack",2022-04-04 08:02:00,9.3,NA,"Macro","Corbicula",0.0231,476.190476190476
"FRP PPG20-LIBE-04APR2022",-121.674039,38.274008,"Liberty","Cache Slough","Inside","FRP",2022-04-04 07:00:00,"Liberty Island","1",NA,200,16.2,0.11338034085457,4.2,"PPG",2022,NA,NA,"High slack",2022-04-04 08:02:00,9.3,NA,"Macro","Other",0.0231,0
"FRP PPG20-LIBE-04APR2022",-121.674039,38.274008,"Liberty","Cache Slough","Inside","FRP",2022-04-04 07:00:00,"Liberty Island","1",NA,200,16.2,0.11338034085457,4.2,"PPG",2022,NA,NA,"High slack",2022-04-04 08:02:00,9.3,NA,"Macro","Potamocorbula",0.0231,0
"FRP PPG20-STAI-05APR2022",-121.646215,38.350034,NA,"Cache Slough","Outside","FRP",2022-04-05 07:00:00,"Stairsteps-Liberty Cut","1",NA,NA,17.4,0.282595391120588,16,"PPG",2022,NA,NA,"Ebb",2022-04-05 11:20:00,7.51,NA,"Macro","Corbicula",0.0231,1341.99134199134
"FRP PPG20-STAI-05APR2022",-121.646215,38.350034,NA,"Cache Slough","Outside","FRP",2022-04-05 07:00:00,"Stairsteps-Liberty Cut","1",NA,NA,17.4,0.282595391120588,16,"PPG",2022,NA,NA,"Ebb",2022-04-05 11:20:00,7.51,NA,"Macro","Other",0.0231,0
"FRP PPG20-STAI-05APR2022",-121.646215,38.350034,NA,"Cache Slough","Outside","FRP",2022-04-05 07:00:00,"Stairsteps-Liberty Cut","1",NA,NA,17.4,0.282595391120588,16,"PPG",2022,NA,NA,"Ebb",2022-04-05 11:20:00,7.51,NA,"Macro","Potamocorbula",0.0231,0
"FRP PPG20-YOLO-06APR2022",-121.640412,38.360614,"Flyway Farms","Cache Slough","Inside","FRP",2022-04-06 07:00:00,"Yolo Flyway Farms","1",NA,50,17.6,0.351730890723595,15.5,"PPG",2022,NA,NA,"Ebb",2022-04-06 11:10:00,7.2,NA,"Macro","Corbicula",0.0231,562.770562770563
"FRP PPG20-YOLO-06APR2022",-121.640412,38.360614,"Flyway Farms","Cache Slough","Inside","FRP",2022-04-06 07:00:00,"Yolo Flyway Farms","1",NA,50,17.6,0.351730890723595,15.5,"PPG",2022,NA,NA,"Ebb",2022-04-06 11:10:00,7.2,NA,"Macro","Other",0.0231,0
"FRP PPG20-YOLO-06APR2022",-121.640412,38.360614,"Flyway Farms","Cache Slough","Inside","FRP",2022-04-06 07:00:00,"Yolo Flyway Farms","1",NA,50,17.6,0.351730890723595,15.5,"PPG",2022,NA,NA,"Ebb",2022-04-06 11:10:00,7.2,NA,"Macro","Potamocorbula",0.0231,0
"FRP PPG21-LIBE-04APR2022",-121.666806,38.284652,"Liberty","Cache Slough","Inside","FRP",2022-04-04 07:00:00,"Liberty Island","1",NA,67,15.5,0.111934344347295,12.5,"PPG",2022,NA,NA,"Ebb",2022-04-04 09:37:00,8.99,NA,"Macro","Corbicula",0.0231,173.160173160173
"FRP PPG21-LIBE-04APR2022",-121.666806,38.284652,"Liberty","Cache Slough","Inside","FRP",2022-04-04 07:00:00,"Liberty Island","1",NA,67,15.5,0.111934344347295,12.5,"PPG",2022,NA,NA,"Ebb",2022-04-04 09:37:00,8.99,NA,"Macro","Other",0.0231,43.2900432900433
"FRP PPG21-LIBE-04APR2022",-121.666806,38.284652,"Liberty","Cache Slough","Inside","FRP",2022-04-04 07:00:00,"Liberty Island","1",NA,67,15.5,0.111934344347295,12.5,"PPG",2022,NA,NA,"Ebb",2022-04-04 09:37:00,8.99,NA,"Macro","Potamocorbula",0.0231,0
"FRP PPG21-RYER-09MAY2022",-122.016471,38.086026,"Ryer","Grizzly Bay","Inside","FRP",2022-05-09 07:00:00,"Ryer Island","1",NA,27,16.2,9.03731803857098,60.4,"PPG",2022,NA,NA,"Ebb",2022-05-09 12:02:00,10.35,NA,"Macro","Corbicula",0.0231,43.2900432900433
"FRP PPG21-RYER-09MAY2022",-122.016471,38.086026,"Ryer","Grizzly Bay","Inside","FRP",2022-05-09 07:00:00,"Ryer Island","1",NA,27,16.2,9.03731803857098,60.4,"PPG",2022,NA,NA,"Ebb",2022-05-09 12:02:00,10.35,NA,"Macro","Other",0.0231,0
"FRP PPG21-RYER-09MAY2022",-122.016471,38.086026,"Ryer","Grizzly Bay","Inside","FRP",2022-05-09 07:00:00,"Ryer Island","1",NA,27,16.2,9.03731803857098,60.4,"PPG",2022,NA,NA,"Ebb",2022-05-09 12:02:00,10.35,NA,"Macro","Potamocorbula",0.0231,86.5800865800866
"FRP PPG21-RYER-12MAY2022",-122.009041,38.085397,"Ryer","Grizzly Bay","Inside","FRP",2022-05-12 07:00:00,"Ryer Island","1",NA,33,16.1,6.93231410191144,22.2,"PPG",2022,NA,NA,"Flood",2022-05-12 10:09:00,8.96,NA,"Macro","Corbicula",0.0231,86.5800865800866
"FRP PPG21-RYER-12MAY2022",-122.009041,38.085397,"Ryer","Grizzly Bay","Inside","FRP",2022-05-12 07:00:00,"Ryer Island","1",NA,33,16.1,6.93231410191144,22.2,"PPG",2022,NA,NA,"Flood",2022-05-12 10:09:00,8.96,NA,"Macro","Other",0.0231,0
"FRP PPG21-RYER-12MAY2022",-122.009041,38.085397,"Ryer","Grizzly Bay","Inside","FRP",2022-05-12 07:00:00,"Ryer Island","1",NA,33,16.1,6.93231410191144,22.2,"PPG",2022,NA,NA,"Flood",2022-05-12 10:09:00,8.96,NA,"Macro","Potamocorbula",0.0231,2467.53246753247
"FRP PPG21-YOLO-06APR2022",-121.642515,38.360688,"Flyway Farms","Cache Slough","Inside","FRP",2022-04-06 07:00:00,"Yolo Flyway Farms","1",NA,33,17.5,0.373920820548245,13.7,"PPG",2022,NA,NA,"Ebb",2022-04-06 11:30:00,7.19,NA,"Macro","Corbicula",0.0231,1298.7012987013
"FRP PPG21-YOLO-06APR2022",-121.642515,38.360688,"Flyway Farms","Cache Slough","Inside","FRP",2022-04-06 07:00:00,"Yolo Flyway Farms","1",NA,33,17.5,0.373920820548245,13.7,"PPG",2022,NA,NA,"Ebb",2022-04-06 11:30:00,7.19,NA,"Macro","Other",0.0231,0
"FRP PPG21-YOLO-06APR2022",-121.642515,38.360688,"Flyway Farms","Cache Slough","Inside","FRP",2022-04-06 07:00:00,"Yolo Flyway Farms","1",NA,33,17.5,0.373920820548245,13.7,"PPG",2022,NA,NA,"Ebb",2022-04-06 11:30:00,7.19,NA,"Macro","Potamocorbula",0.0231,0
"FRP PPG22-BROA-12APR2022",-121.848415,38.050352,"Winter","Confluence","Inside","FRP",2022-04-12 07:00:00,"Broad Slough","1",NA,44,15.9,2.19213965346595,18.1,"PPG",2022,NA,NA,"Flood",2022-04-12 10:50:00,9.68,NA,"Macro","Corbicula",0.0231,0
"FRP PPG22-BROA-12APR2022",-121.848415,38.050352,"Winter","Confluence","Inside","FRP",2022-04-12 07:00:00,"Broad Slough","1",NA,44,15.9,2.19213965346595,18.1,"PPG",2022,NA,NA,"Flood",2022-04-12 10:50:00,9.68,NA,"Macro","Other",0.0231,0
"FRP PPG22-BROA-12APR2022",-121.848415,38.050352,"Winter","Confluence","Inside","FRP",2022-04-12 07:00:00,"Broad Slough","1",NA,44,15.9,2.19213965346595,18.1,"PPG",2022,NA,NA,"Flood",2022-04-12 10:50:00,9.68,NA,"Macro","Potamocorbula",0.0231,0
"FRP PPG22-HONK-10MAY2022",-121.911277,38.067732,NA,"Confluence","Outside","FRP",2022-05-10 07:00:00,"Honker-Spoonbill","1",NA,19,14.9,5.27832894752569,41.2,"PPG",2022,NA,NA,"Flood",2022-05-10 09:40:00,9.6,NA,"Macro","Corbicula",0.0231,216.450216450216
"FRP PPG22-HONK-10MAY2022",-121.911277,38.067732,NA,"Confluence","Outside","FRP",2022-05-10 07:00:00,"Honker-Spoonbill","1",NA,19,14.9,5.27832894752569,41.2,"PPG",2022,NA,NA,"Flood",2022-05-10 09:40:00,9.6,NA,"Macro","Other",0.0231,0
"FRP PPG22-HONK-10MAY2022",-121.911277,38.067732,NA,"Confluence","Outside","FRP",2022-05-10 07:00:00,"Honker-Spoonbill","1",NA,19,14.9,5.27832894752569,41.2,"PPG",2022,NA,NA,"Flood",2022-05-10 09:40:00,9.6,NA,"Macro","Potamocorbula",0.0231,346.320346320346
"FRP PPG22-LIBE-04APR2022",-121.690491,38.273002,"Liberty","Cache Slough","Inside","FRP",2022-04-04 07:00:00,"Liberty Island","1",NA,NA,16.2,0.110007000878567,2.4,"PPG",2022,NA,NA,"Ebb",2022-04-04 11:22:00,10.09,NA,"Macro","Corbicula",0.0231,86.5800865800866
"FRP PPG22-LIBE-04APR2022",-121.690491,38.273002,"Liberty","Cache Slough","Inside","FRP",2022-04-04 07:00:00,"Liberty Island","1",NA,NA,16.2,0.110007000878567,2.4,"PPG",2022,NA,NA,"Ebb",2022-04-04 11:22:00,10.09,NA,"Macro","Other",0.0231,0
"FRP PPG22-LIBE-04APR2022",-121.690491,38.273002,"Liberty","Cache Slough","Inside","FRP",2022-04-04 07:00:00,"Liberty Island","1",NA,NA,16.2,0.110007000878567,2.4,"PPG",2022,NA,NA,"Ebb",2022-04-04 11:22:00,10.09,NA,"Macro","Potamocorbula",0.0231,0
"FRP PPG22-RYER-09MAY2022",-122.022726,38.086447,"Ryer","Grizzly Bay","Inside","FRP",2022-05-09 07:00:00,"Ryer Island","1",NA,21,16.2,8.87255313739335,19.3,"PPG",2022,NA,NA,"Ebb",2022-05-09 12:22:00,10.25,NA,"Macro","Corbicula",0.0231,129.87012987013
"FRP PPG22-RYER-09MAY2022",-122.022726,38.086447,"Ryer","Grizzly Bay","Inside","FRP",2022-05-09 07:00:00,"Ryer Island","1",NA,21,16.2,8.87255313739335,19.3,"PPG",2022,NA,NA,"Ebb",2022-05-09 12:22:00,10.25,NA,"Macro","Other",0.0231,0
"FRP PPG22-RYER-09MAY2022",-122.022726,38.086447,"Ryer","Grizzly Bay","Inside","FRP",2022-05-09 07:00:00,"Ryer Island","1",NA,21,16.2,8.87255313739335,19.3,"PPG",2022,NA,NA,"Ebb",2022-05-09 12:22:00,10.25,NA,"Macro","Potamocorbula",0.0231,389.61038961039
"FRP PPG22-TOED-07APR2022",-121.637133,38.365987,NA,"Cache Slough","Outside","FRP",2022-04-07 07:00:00,"Toe Drain","1",NA,34,18.5,0.361304616134746,20.6,"PPG",2022,NA,NA,"Flood",NA,7.46,NA,"Macro","Corbicula",0.0231,2164.50216450216
"FRP PPG22-TOED-07APR2022",-121.637133,38.365987,NA,"Cache Slough","Outside","FRP",2022-04-07 07:00:00,"Toe Drain","1",NA,34,18.5,0.361304616134746,20.6,"PPG",2022,NA,NA,"Flood",NA,7.46,NA,"Macro","Other",0.0231,0
"FRP PPG22-TOED-07APR2022",-121.637133,38.365987,NA,"Cache Slough","Outside","FRP",2022-04-07 07:00:00,"Toe Drain","1",NA,34,18.5,0.361304616134746,20.6,"PPG",2022,NA,NA,"Flood",NA,7.46,NA,"Macro","Potamocorbula",0.0231,0
"FRP PPG22-YOLO-06APR2022",-121.645155,38.360789,"Flyway Farms","Cache Slough","Inside","FRP",2022-04-06 07:00:00,"Yolo Flyway Farms","1",NA,37,17.8,0.405300304343259,14.9,"PPG",2022,NA,NA,"Ebb",2022-04-06 12:00:00,7.76,NA,"Macro","Corbicula",0.0231,86.5800865800866
"FRP PPG22-YOLO-06APR2022",-121.645155,38.360789,"Flyway Farms","Cache Slough","Inside","FRP",2022-04-06 07:00:00,"Yolo Flyway Farms","1",NA,37,17.8,0.405300304343259,14.9,"PPG",2022,NA,NA,"Ebb",2022-04-06 12:00:00,7.76,NA,"Macro","Other",0.0231,0
"FRP PPG22-YOLO-06APR2022",-121.645155,38.360789,"Flyway Farms","Cache Slough","Inside","FRP",2022-04-06 07:00:00,"Yolo Flyway Farms","1",NA,37,17.8,0.405300304343259,14.9,"PPG",2022,NA,NA,"Ebb",2022-04-06 12:00:00,7.76,NA,"Macro","Potamocorbula",0.0231,0
"FRP PPG23-BROA-12APR2022",-121.846153,38.043216,"Winter","Confluence","Inside","FRP",2022-04-12 07:00:00,"Broad Slough","1",NA,56,16.4,0.949481762524837,12.9,"PPG",2022,NA,NA,"Flood",2022-04-12 11:16:00,9.57,NA,"Macro","Corbicula",0.0231,86.5800865800866
"FRP PPG23-BROA-12APR2022",-121.846153,38.043216,"Winter","Confluence","Inside","FRP",2022-04-12 07:00:00,"Broad Slough","1",NA,56,16.4,0.949481762524837,12.9,"PPG",2022,NA,NA,"Flood",2022-04-12 11:16:00,9.57,NA,"Macro","Other",0.0231,0
"FRP PPG23-BROA-12APR2022",-121.846153,38.043216,"Winter","Confluence","Inside","FRP",2022-04-12 07:00:00,"Broad Slough","1",NA,56,16.4,0.949481762524837,12.9,"PPG",2022,NA,NA,"Flood",2022-04-12 11:16:00,9.57,NA,"Macro","Potamocorbula",0.0231,0
"FRP PPG23-HONK-10MAY2022",-121.918465,38.069984,"Chipps","Confluence","Inside","FRP",2022-05-10 07:00:00,"Honker-Spoonbill","1",NA,19,15.2,4.88752667503882,40,"PPG",2022,NA,NA,"Flood",2022-05-10 10:08:00,9.76,NA,"Macro","Corbicula",0.0231,476.190476190476
"FRP PPG23-HONK-10MAY2022",-121.918465,38.069984,"Chipps","Confluence","Inside","FRP",2022-05-10 07:00:00,"Honker-Spoonbill","1",NA,19,15.2,4.88752667503882,40,"PPG",2022,NA,NA,"Flood",2022-05-10 10:08:00,9.76,NA,"Macro","Other",0.0231,0
"FRP PPG23-HONK-10MAY2022",-121.918465,38.069984,"Chipps","Confluence","Inside","FRP",2022-05-10 07:00:00,"Honker-Spoonbill","1",NA,19,15.2,4.88752667503882,40,"PPG",2022,NA,NA,"Flood",2022-05-10 10:08:00,9.76,NA,"Macro","Potamocorbula",0.0231,259.74025974026
"FRP PPG23-LIBE-04APR2022",-121.689227,38.258545,"Liberty","Cache Slough","Inside","FRP",2022-04-04 07:00:00,"Liberty Island","1",NA,NA,16.5,0.102304882365889,2.1,"PPG",2022,NA,NA,"Ebb",2022-04-04 12:23:00,10.33,NA,"Macro","Corbicula",0.0231,2380.95238095238
"FRP PPG23-LIBE-04APR2022",-121.689227,38.258545,"Liberty","Cache Slough","Inside","FRP",2022-04-04 07:00:00,"Liberty Island","1",NA,NA,16.5,0.102304882365889,2.1,"PPG",2022,NA,NA,"Ebb",2022-04-04 12:23:00,10.33,NA,"Macro","Other",0.0231,0
"FRP PPG23-LIBE-04APR2022",-121.689227,38.258545,"Liberty","Cache Slough","Inside","FRP",2022-04-04 07:00:00,"Liberty Island","1",NA,NA,16.5,0.102304882365889,2.1,"PPG",2022,NA,NA,"Ebb",2022-04-04 12:23:00,10.33,NA,"Macro","Potamocorbula",0.0231,0
"FRP PPG23-RYER-09MAY2022",-122.01501,38.085408,"Ryer","Grizzly Bay","Inside","FRP",2022-05-09 07:00:00,"Ryer Island","1",NA,28,17.1,8.78681213082145,35.9,"PPG",2022,NA,NA,"Ebb",2022-05-09 12:53:00,10.28,NA,"Macro","Corbicula",0.0231,173.160173160173
"FRP PPG23-RYER-09MAY2022",-122.01501,38.085408,"Ryer","Grizzly Bay","Inside","FRP",2022-05-09 07:00:00,"Ryer Island","1",NA,28,17.1,8.78681213082145,35.9,"PPG",2022,NA,NA,"Ebb",2022-05-09 12:53:00,10.28,NA,"Macro","Other",0.0231,0
"FRP PPG23-RYER-09MAY2022",-122.01501,38.085408,"Ryer","Grizzly Bay","Inside","FRP",2022-05-09 07:00:00,"Ryer Island","1",NA,28,17.1,8.78681213082145,35.9,"PPG",2022,NA,NA,"Ebb",2022-05-09 12:53:00,10.28,NA,"Macro","Potamocorbula",0.0231,519.48051948052
"FRP PPG23-YOLO-06APR2022",-121.643205,38.363867,"Flyway Farms","Cache Slough","Inside","FRP",2022-04-06 07:00:00,"Yolo Flyway Farms","1",NA,37,16.4,0.429680158267339,20.8,"PPG",2022,NA,NA,"Ebb",2022-04-06 12:20:00,8.28,NA,"Macro","Corbicula",0.0231,0
"FRP PPG23-YOLO-06APR2022",-121.643205,38.363867,"Flyway Farms","Cache Slough","Inside","FRP",2022-04-06 07:00:00,"Yolo Flyway Farms","1",NA,37,16.4,0.429680158267339,20.8,"PPG",2022,NA,NA,"Ebb",2022-04-06 12:20:00,8.28,NA,"Macro","Other",0.0231,0
"FRP PPG23-YOLO-06APR2022",-121.643205,38.363867,"Flyway Farms","Cache Slough","Inside","FRP",2022-04-06 07:00:00,"Yolo Flyway Farms","1",NA,37,16.4,0.429680158267339,20.8,"PPG",2022,NA,NA,"Ebb",2022-04-06 12:20:00,8.28,NA,"Macro","Potamocorbula",0.0231,0
"FRP PPG24-HONK-10MAY2022",-121.931362,38.056367,"Chipps","Confluence","Inside","FRP",2022-05-10 07:00:00,"Honker-Spoonbill","1",NA,22,15.5,4.57007792118479,39.4,"PPG",2022,NA,NA,"Flood",2022-05-10 10:45:00,9.83,NA,"Macro","Corbicula",0.0231,692.640692640693
"FRP PPG24-HONK-10MAY2022",-121.931362,38.056367,"Chipps","Confluence","Inside","FRP",2022-05-10 07:00:00,"Honker-Spoonbill","1",NA,22,15.5,4.57007792118479,39.4,"PPG",2022,NA,NA,"Flood",2022-05-10 10:45:00,9.83,NA,"Macro","Other",0.0231,0
"FRP PPG24-HONK-10MAY2022",-121.931362,38.056367,"Chipps","Confluence","Inside","FRP",2022-05-10 07:00:00,"Honker-Spoonbill","1",NA,22,15.5,4.57007792118479,39.4,"PPG",2022,NA,NA,"Flood",2022-05-10 10:45:00,9.83,NA,"Macro","Potamocorbula",0.0231,43.2900432900433
"FRP PPG24-LIBE-04APR2022",-121.682059,38.248892,"Liberty","Cache Slough","Inside","FRP",2022-04-04 07:00:00,"Liberty Island","1",NA,130,16.2,0.102304882365889,3.6,"PPG",2022,NA,NA,"Low slack",2022-04-04 13:59:00,10.32,NA,"Macro","Corbicula",0.0231,173.160173160173
"FRP PPG24-LIBE-04APR2022",-121.682059,38.248892,"Liberty","Cache Slough","Inside","FRP",2022-04-04 07:00:00,"Liberty Island","1",NA,130,16.2,0.102304882365889,3.6,"PPG",2022,NA,NA,"Low slack",2022-04-04 13:59:00,10.32,NA,"Macro","Other",0.0231,0
"FRP PPG24-LIBE-04APR2022",-121.682059,38.248892,"Liberty","Cache Slough","Inside","FRP",2022-04-04 07:00:00,"Liberty Island","1",NA,130,16.2,0.102304882365889,3.6,"PPG",2022,NA,NA,"Low slack",2022-04-04 13:59:00,10.32,NA,"Macro","Potamocorbula",0.0231,0
"FRP PPG24-RYER-09MAY2022",-122.014511,38.081044,"Ryer","Grizzly Bay","Inside","FRP",2022-05-09 07:00:00,"Ryer Island","1",NA,37,16.5,8.57468952675489,20.6,"PPG",2022,NA,NA,"Ebb",NA,9.95,NA,"Macro","Corbicula",0.0231,43.2900432900433
"FRP PPG24-RYER-09MAY2022",-122.014511,38.081044,"Ryer","Grizzly Bay","Inside","FRP",2022-05-09 07:00:00,"Ryer Island","1",NA,37,16.5,8.57468952675489,20.6,"PPG",2022,NA,NA,"Ebb",NA,9.95,NA,"Macro","Other",0.0231,0
"FRP PPG24-RYER-09MAY2022",-122.014511,38.081044,"Ryer","Grizzly Bay","Inside","FRP",2022-05-09 07:00:00,"Ryer Island","1",NA,37,16.5,8.57468952675489,20.6,"PPG",2022,NA,NA,"Ebb",NA,9.95,NA,"Macro","Potamocorbula",0.0231,735.930735930736
"FRP PPG24-YOLO-06APR2022",-121.642807,38.36205,"Flyway Farms","Cache Slough","Inside","FRP",2022-04-06 07:00:00,"Yolo Flyway Farms","1",NA,33,17.5,0.413418754115784,20.4,"PPG",2022,NA,NA,"Ebb",2022-04-06 13:00:00,8.04,NA,"Macro","Corbicula",0.0231,86.5800865800866
"FRP PPG24-YOLO-06APR2022",-121.642807,38.36205,"Flyway Farms","Cache Slough","Inside","FRP",2022-04-06 07:00:00,"Yolo Flyway Farms","1",NA,33,17.5,0.413418754115784,20.4,"PPG",2022,NA,NA,"Ebb",2022-04-06 13:00:00,8.04,NA,"Macro","Other",0.0231,0
"FRP PPG24-YOLO-06APR2022",-121.642807,38.36205,"Flyway Farms","Cache Slough","Inside","FRP",2022-04-06 07:00:00,"Yolo Flyway Farms","1",NA,33,17.5,0.413418754115784,20.4,"PPG",2022,NA,NA,"Ebb",2022-04-06 13:00:00,8.04,NA,"Macro","Potamocorbula",0.0231,0
"FRP PPG25-RYER-09MAY2022",-122.013897,38.07843,"Ryer","Grizzly Bay","Inside","FRP",2022-05-09 07:00:00,"Ryer Island","1",NA,35,16.2,8.61556561107619,19.2,"PPG",2022,NA,NA,"Ebb",2022-05-09 13:30:00,9.86,NA,"Macro","Corbicula",0.0231,43.2900432900433
"FRP PPG25-RYER-09MAY2022",-122.013897,38.07843,"Ryer","Grizzly Bay","Inside","FRP",2022-05-09 07:00:00,"Ryer Island","1",NA,35,16.2,8.61556561107619,19.2,"PPG",2022,NA,NA,"Ebb",2022-05-09 13:30:00,9.86,NA,"Macro","Other",0.0231,0
"FRP PPG25-RYER-09MAY2022",-122.013897,38.07843,"Ryer","Grizzly Bay","Inside","FRP",2022-05-09 07:00:00,"Ryer Island","1",NA,35,16.2,8.61556561107619,19.2,"PPG",2022,NA,NA,"Ebb",2022-05-09 13:30:00,9.86,NA,"Macro","Potamocorbula",0.0231,649.350649350649
"FRP PPG3-BROW-06APR2021",-121.872434,38.042983,"Browns","Confluence","Inside","FRP",2021-04-06 07:00:00,"Browns Island","1",NA,46,15.7,2.33472908125406,19.8,"PPG",2021,NA,NA,"Ebb",NA,9.92,NA,"Macro","Corbicula",0.0231,519.48051948052
"FRP PPG3-BROW-06APR2021",-121.872434,38.042983,"Browns","Confluence","Inside","FRP",2021-04-06 07:00:00,"Browns Island","1",NA,46,15.7,2.33472908125406,19.8,"PPG",2021,NA,NA,"Ebb",NA,9.92,NA,"Macro","Other",0.0231,0
"FRP PPG3-BROW-06APR2021",-121.872434,38.042983,"Browns","Confluence","Inside","FRP",2021-04-06 07:00:00,"Browns Island","1",NA,46,15.7,2.33472908125406,19.8,"PPG",2021,NA,NA,"Ebb",NA,9.92,NA,"Macro","Potamocorbula",0.0231,0
"FRP PPG3-BROW-12APR2022",-121.868351,38.041183,"Browns","Confluence","Inside","FRP",2022-04-12 07:00:00,"Browns Island","1",NA,41,15.3,2.98133535882464,19.2,"PPG",2022,NA,NA,"Flood",2022-04-12 09:53:00,9.42,NA,"Macro","Corbicula",0.0231,5238.09523809524
"FRP PPG3-BROW-12APR2022",-121.868351,38.041183,"Browns","Confluence","Inside","FRP",2022-04-12 07:00:00,"Browns Island","1",NA,41,15.3,2.98133535882464,19.2,"PPG",2022,NA,NA,"Flood",2022-04-12 09:53:00,9.42,NA,"Macro","Other",0.0231,0
"FRP PPG3-BROW-12APR2022",-121.868351,38.041183,"Browns","Confluence","Inside","FRP",2022-04-12 07:00:00,"Browns Island","1",NA,41,15.3,2.98133535882464,19.2,"PPG",2022,NA,NA,"Flood",2022-04-12 09:53:00,9.42,NA,"Macro","Potamocorbula",0.0231,129.87012987013
"FRP PPG3-CHIP-21APR2021",-121.933214,38.053669,"Chipps","Confluence","Inside","FRP",2021-04-21 07:00:00,"Chipps Island","1",NA,NA,18.3,4.77753304687392,43.2,"PPG",2021,NA,NA,"Ebb",2021-04-21 15:57:00,8.76,NA,"Macro","Corbicula",0.0231,1428.57142857143
"FRP PPG3-CHIP-21APR2021",-121.933214,38.053669,"Chipps","Confluence","Inside","FRP",2021-04-21 07:00:00,"Chipps Island","1",NA,NA,18.3,4.77753304687392,43.2,"PPG",2021,NA,NA,"Ebb",2021-04-21 15:57:00,8.76,NA,"Macro","Other",0.0231,0
"FRP PPG3-CHIP-21APR2021",-121.933214,38.053669,"Chipps","Confluence","Inside","FRP",2021-04-21 07:00:00,"Chipps Island","1",NA,NA,18.3,4.77753304687392,43.2,"PPG",2021,NA,NA,"Ebb",2021-04-21 15:57:00,8.76,NA,"Macro","Potamocorbula",0.0231,995.670995670996
"FRP PPG3-HORS-20APR2022",-121.72911,38.082835,NA,"Decker","Outside","FRP",2022-04-20 07:00:00,"Horseshoe Bend","1",NA,43,15.9,1.03643166203678,13.8,"PPG",2022,NA,NA,"Ebb",2022-04-20 08:18:00,8.95,NA,"Macro","Corbicula",0.0231,0
"FRP PPG3-HORS-20APR2022",-121.72911,38.082835,NA,"Decker","Outside","FRP",2022-04-20 07:00:00,"Horseshoe Bend","1",NA,43,15.9,1.03643166203678,13.8,"PPG",2022,NA,NA,"Ebb",2022-04-20 08:18:00,8.95,NA,"Macro","Other",0.0231,0
"FRP PPG3-HORS-20APR2022",-121.72911,38.082835,NA,"Decker","Outside","FRP",2022-04-20 07:00:00,"Horseshoe Bend","1",NA,43,15.9,1.03643166203678,13.8,"PPG",2022,NA,NA,"Ebb",2022-04-20 08:18:00,8.95,NA,"Macro","Potamocorbula",0.0231,0
"FRP PPG3-HORS-24MAR2021",-121.728938,38.082829,NA,"Decker","Outside","FRP",2021-03-24 07:00:00,"Horseshoe Bend","1",NA,79,13.8,0.13512259571877,4.4,"PPG",2021,NA,NA,"Ebb",2021-03-24 13:20:00,11.63,NA,"Macro","Corbicula",0.0231,0
"FRP PPG3-HORS-24MAR2021",-121.728938,38.082829,NA,"Decker","Outside","FRP",2021-03-24 07:00:00,"Horseshoe Bend","1",NA,79,13.8,0.13512259571877,4.4,"PPG",2021,NA,NA,"Ebb",2021-03-24 13:20:00,11.63,NA,"Macro","Other",0.0231,0
"FRP PPG3-HORS-24MAR2021",-121.728938,38.082829,NA,"Decker","Outside","FRP",2021-03-24 07:00:00,"Horseshoe Bend","1",NA,79,13.8,0.13512259571877,4.4,"PPG",2021,NA,NA,"Ebb",2021-03-24 13:20:00,11.63,NA,"Macro","Potamocorbula",0.0231,0
"FRP PPG3-HORS-26JUN2020",-121.72422,38.08308,NA,"Decker","Outside","FRP",2020-06-26 07:00:00,"Horseshoe Bend","2",NA,72,22.4,0.217189081380303,4.4,"PPG",2020,NA,NA,"Ebb",NA,7.6,NA,"Macro","Corbicula",0.0231,0
"FRP PPG3-HORS-26JUN2020",-121.72422,38.08308,NA,"Decker","Outside","FRP",2020-06-26 07:00:00,"Horseshoe Bend","2",NA,72,22.4,0.217189081380303,4.4,"PPG",2020,NA,NA,"Ebb",NA,7.6,NA,"Macro","Other",0.0231,0
"FRP PPG3-HORS-26JUN2020",-121.72422,38.08308,NA,"Decker","Outside","FRP",2020-06-26 07:00:00,"Horseshoe Bend","2",NA,72,22.4,0.217189081380303,4.4,"PPG",2020,NA,NA,"Ebb",NA,7.6,NA,"Macro","Potamocorbula",0.0231,0
"FRP PPG3-LIBE-10JUN2020",-121.66709,38.27792,"Liberty","Cache Slough","Inside","FRP",2020-06-10 07:00:00,"Liberty Island","1",NA,125,22.3,0.0878922547868343,1.3,"PPG",2020,NA,NA,"Ebb",NA,11.5,NA,"Macro","Corbicula",0.0231,476.190476190476
"FRP PPG3-LIBE-10JUN2020",-121.66709,38.27792,"Liberty","Cache Slough","Inside","FRP",2020-06-10 07:00:00,"Liberty Island","1",NA,125,22.3,0.0878922547868343,1.3,"PPG",2020,NA,NA,"Ebb",NA,11.5,NA,"Macro","Other",0.0231,0
"FRP PPG3-LIBE-10JUN2020",-121.66709,38.27792,"Liberty","Cache Slough","Inside","FRP",2020-06-10 07:00:00,"Liberty Island","1",NA,125,22.3,0.0878922547868343,1.3,"PPG",2020,NA,NA,"Ebb",NA,11.5,NA,"Macro","Potamocorbula",0.0231,0
"FRP PPG3-LIBE-16APR2021",-121.669454,38.290153,"Liberty","Cache Slough","Inside","FRP",2021-04-16 07:00:00,"Liberty Island","1",NA,81,15.4,0.106154512579989,10.2,"PPG",2021,NA,NA,"Ebb",NA,9.84,NA,"Macro","Corbicula",0.0231,0
"FRP PPG3-LIBE-16APR2021",-121.669454,38.290153,"Liberty","Cache Slough","Inside","FRP",2021-04-16 07:00:00,"Liberty Island","1",NA,81,15.4,0.106154512579989,10.2,"PPG",2021,NA,NA,"Ebb",NA,9.84,NA,"Macro","Other",0.0231,259.74025974026
"FRP PPG3-LIBE-16APR2021",-121.669454,38.290153,"Liberty","Cache Slough","Inside","FRP",2021-04-16 07:00:00,"Liberty Island","1",NA,81,15.4,0.106154512579989,10.2,"PPG",2021,NA,NA,"Ebb",NA,9.84,NA,"Macro","Potamocorbula",0.0231,0
"FRP PPG3-RYER-20APR2021",-122.014954,38.075448,"Ryer","Grizzly Bay","Inside","FRP",2021-04-20 07:00:00,"Ryer Island","1",NA,39,16.4,6.93293076044605,23.7,"PPG",2021,NA,NA,"Ebb",2021-04-20 11:27:00,8.84,NA,"Macro","Corbicula",0.0231,649.350649350649
"FRP PPG3-RYER-20APR2021",-122.014954,38.075448,"Ryer","Grizzly Bay","Inside","FRP",2021-04-20 07:00:00,"Ryer Island","1",NA,39,16.4,6.93293076044605,23.7,"PPG",2021,NA,NA,"Ebb",2021-04-20 11:27:00,8.84,NA,"Macro","Other",0.0231,43.2900432900433
"FRP PPG3-RYER-20APR2021",-122.014954,38.075448,"Ryer","Grizzly Bay","Inside","FRP",2021-04-20 07:00:00,"Ryer Island","1",NA,39,16.4,6.93293076044605,23.7,"PPG",2021,NA,NA,"Ebb",2021-04-20 11:27:00,8.84,NA,"Macro","Potamocorbula",0.0231,649.350649350649
"FRP PPG3-RYER-23APR2021",-122.01753,38.08151,"Ryer","Grizzly Bay","Inside","FRP",2021-04-23 07:00:00,"Ryer Island","1",NA,38,17.3,8.51309530996761,16.5,"PPG",2021,NA,NA,"Ebb",2021-04-23 13:20:00,9.21,NA,"Macro","Corbicula",0.0231,173.160173160173
"FRP PPG3-RYER-23APR2021",-122.01753,38.08151,"Ryer","Grizzly Bay","Inside","FRP",2021-04-23 07:00:00,"Ryer Island","1",NA,38,17.3,8.51309530996761,16.5,"PPG",2021,NA,NA,"Ebb",2021-04-23 13:20:00,9.21,NA,"Macro","Other",0.0231,43.2900432900433
"FRP PPG3-RYER-23APR2021",-122.01753,38.08151,"Ryer","Grizzly Bay","Inside","FRP",2021-04-23 07:00:00,"Ryer Island","1",NA,38,17.3,8.51309530996761,16.5,"PPG",2021,NA,NA,"Ebb",2021-04-23 13:20:00,9.21,NA,"Macro","Potamocorbula",0.0231,43.2900432900433
"FRP PPG3-SHAG-15APR2021",-121.692844,38.300062,NA,"Cache Slough","Outside","FRP",2021-04-15 07:00:00,"Shag Slough","1",NA,143,16.8,0.136091253770975,3.3,"PPG",2021,NA,NA,"Ebb",2021-04-15 13:05:00,10.77,NA,"Macro","Corbicula",0.0231,43.2900432900433
"FRP PPG3-SHAG-15APR2021",-121.692844,38.300062,NA,"Cache Slough","Outside","FRP",2021-04-15 07:00:00,"Shag Slough","1",NA,143,16.8,0.136091253770975,3.3,"PPG",2021,NA,NA,"Ebb",2021-04-15 13:05:00,10.77,NA,"Macro","Other",0.0231,0
"FRP PPG3-SHAG-15APR2021",-121.692844,38.300062,NA,"Cache Slough","Outside","FRP",2021-04-15 07:00:00,"Shag Slough","1",NA,143,16.8,0.136091253770975,3.3,"PPG",2021,NA,NA,"Ebb",2021-04-15 13:05:00,10.77,NA,"Macro","Potamocorbula",0.0231,0
"FRP PPG3-STAC-22MAR2021",-121.590039,38.0954,"Web Tract Berms","Web Tract Berms","Inside","FRP",2021-03-22 07:00:00,"Webb Tract Island and Berm","1",NA,NA,13.8,0.159886782145915,3.3,"PPG",2021,NA,NA,"Ebb",2021-03-22 14:00:00,9.78,NA,"Macro","Corbicula",0.0231,0
"FRP PPG3-STAC-22MAR2021",-121.590039,38.0954,"Web Tract Berms","Web Tract Berms","Inside","FRP",2021-03-22 07:00:00,"Webb Tract Island and Berm","1",NA,NA,13.8,0.159886782145915,3.3,"PPG",2021,NA,NA,"Ebb",2021-03-22 14:00:00,9.78,NA,"Macro","Other",0.0231,86.5800865800866
"FRP PPG3-STAC-22MAR2021",-121.590039,38.0954,"Web Tract Berms","Web Tract Berms","Inside","FRP",2021-03-22 07:00:00,"Webb Tract Island and Berm","1",NA,NA,13.8,0.159886782145915,3.3,"PPG",2021,NA,NA,"Ebb",2021-03-22 14:00:00,9.78,NA,"Macro","Potamocorbula",0.0231,0
"FRP PPG3-STAC-25JUN2020",-121.58945,38.09624,"Web Tract Berms","Web Tract Berms","Inside","FRP",2020-06-25 07:00:00,"Webb Tract Island and Berm","3",NA,144,23.7,0.0912521111894609,8.8,"PPG",2020,NA,NA,"Ebb",NA,7.8,NA,"Macro","Corbicula",0.0231,0
"FRP PPG3-STAC-25JUN2020",-121.58945,38.09624,"Web Tract Berms","Web Tract Berms","Inside","FRP",2020-06-25 07:00:00,"Webb Tract Island and Berm","3",NA,144,23.7,0.0912521111894609,8.8,"PPG",2020,NA,NA,"Ebb",NA,7.8,NA,"Macro","Other",0.0231,0
"FRP PPG3-STAC-25JUN2020",-121.58945,38.09624,"Web Tract Berms","Web Tract Berms","Inside","FRP",2020-06-25 07:00:00,"Webb Tract Island and Berm","3",NA,144,23.7,0.0912521111894609,8.8,"PPG",2020,NA,NA,"Ebb",NA,7.8,NA,"Macro","Potamocorbula",0.0231,0
"FRP PPG3-STAI-14APR2021",-121.667285,38.32952,NA,"Cache Slough","Outside","FRP",2021-04-14 07:00:00,"Stairsteps-Liberty Cut","1",NA,84,17.2,0.186740439563487,8.2,"PPG",2021,NA,NA,"Ebb",2021-04-14 11:12:00,8.28,NA,"Macro","Corbicula",0.0231,779.220779220779
"FRP PPG3-STAI-14APR2021",-121.667285,38.32952,NA,"Cache Slough","Outside","FRP",2021-04-14 07:00:00,"Stairsteps-Liberty Cut","1",NA,84,17.2,0.186740439563487,8.2,"PPG",2021,NA,NA,"Ebb",2021-04-14 11:12:00,8.28,NA,"Macro","Other",0.0231,0
"FRP PPG3-STAI-14APR2021",-121.667285,38.32952,NA,"Cache Slough","Outside","FRP",2021-04-14 07:00:00,"Stairsteps-Liberty Cut","1",NA,84,17.2,0.186740439563487,8.2,"PPG",2021,NA,NA,"Ebb",2021-04-14 11:12:00,8.28,NA,"Macro","Potamocorbula",0.0231,0
"FRP PPG3-TULE-26APR2021",-121.987328,38.12818,"Tule Red","Grizzly Bay","Inside","FRP",2021-04-26 07:00:00,"Tule Red","1",NA,NA,17.2,7.88823251959061,44.4,"PPG",2021,NA,NA,"Ebb",2021-04-26 17:43:00,9.2,NA,"Macro","Corbicula",0.0231,0
"FRP PPG3-TULE-26APR2021",-121.987328,38.12818,"Tule Red","Grizzly Bay","Inside","FRP",2021-04-26 07:00:00,"Tule Red","1",NA,NA,17.2,7.88823251959061,44.4,"PPG",2021,NA,NA,"Ebb",2021-04-26 17:43:00,9.2,NA,"Macro","Other",0.0231,0
"FRP PPG3-TULE-26APR2021",-121.987328,38.12818,"Tule Red","Grizzly Bay","Inside","FRP",2021-04-26 07:00:00,"Tule Red","1",NA,NA,17.2,7.88823251959061,44.4,"PPG",2021,NA,NA,"Ebb",2021-04-26 17:43:00,9.2,NA,"Macro","Potamocorbula",0.0231,303.030303030303
"FRP PPG3-WINT-05APR2021",-121.847189,38.039869,"Winter","Confluence","Inside","FRP",2021-04-05 07:00:00,"Winter Island","1",NA,69,16.4,1.60103462005955,5.4,"PPG",2021,NA,NA,"Ebb",2021-04-05 15:05:00,9.24,NA,"Macro","Corbicula",0.0231,0
"FRP PPG3-WINT-05APR2021",-121.847189,38.039869,"Winter","Confluence","Inside","FRP",2021-04-05 07:00:00,"Winter Island","1",NA,69,16.4,1.60103462005955,5.4,"PPG",2021,NA,NA,"Ebb",2021-04-05 15:05:00,9.24,NA,"Macro","Other",0.0231,0
"FRP PPG3-WINT-05APR2021",-121.847189,38.039869,"Winter","Confluence","Inside","FRP",2021-04-05 07:00:00,"Winter Island","1",NA,69,16.4,1.60103462005955,5.4,"PPG",2021,NA,NA,"Ebb",2021-04-05 15:05:00,9.24,NA,"Macro","Potamocorbula",0.0231,0
"FRP PPG3-WINT-11APR2022",-121.848797,38.04424,"Winter","Confluence","Inside","FRP",2022-04-11 07:00:00,"Winter Island","1",NA,47,16.1,2.00659806719206,20.5,"PPG",2022,NA,NA,"Flood",2022-04-11 09:10:00,8.55,NA,"Macro","Corbicula",0.0231,0
"FRP PPG3-WINT-11APR2022",-121.848797,38.04424,"Winter","Confluence","Inside","FRP",2022-04-11 07:00:00,"Winter Island","1",NA,47,16.1,2.00659806719206,20.5,"PPG",2022,NA,NA,"Flood",2022-04-11 09:10:00,8.55,NA,"Macro","Other",0.0231,0
"FRP PPG3-WINT-11APR2022",-121.848797,38.04424,"Winter","Confluence","Inside","FRP",2022-04-11 07:00:00,"Winter Island","1",NA,47,16.1,2.00659806719206,20.5,"PPG",2022,NA,NA,"Flood",2022-04-11 09:10:00,8.55,NA,"Macro","Potamocorbula",0.0231,0
"FRP PPG3-WTIB-18APR2022",-121.589609,38.096598,NA,"Web Tract Berms","Outside","FRP",2022-04-18 07:00:00,"Webb Tract Island and Berm","1",NA,110,15.5,0.131733879673918,5.3,"PPG",2022,NA,NA,"Ebb",2022-04-18 09:22:00,8.58,NA,"Macro","Corbicula",0.0231,173.160173160173
"FRP PPG3-WTIB-18APR2022",-121.589609,38.096598,NA,"Web Tract Berms","Outside","FRP",2022-04-18 07:00:00,"Webb Tract Island and Berm","1",NA,110,15.5,0.131733879673918,5.3,"PPG",2022,NA,NA,"Ebb",2022-04-18 09:22:00,8.58,NA,"Macro","Other",0.0231,86.5800865800866
"FRP PPG3-WTIB-18APR2022",-121.589609,38.096598,NA,"Web Tract Berms","Outside","FRP",2022-04-18 07:00:00,"Webb Tract Island and Berm","1",NA,110,15.5,0.131733879673918,5.3,"PPG",2022,NA,NA,"Ebb",2022-04-18 09:22:00,8.58,NA,"Macro","Potamocorbula",0.0231,0
"FRP PPG3-YOLO-09JUN2020",-121.64297,38.36138,"Flyway Farms","Cache Slough","Inside","FRP",2020-06-09 07:00:00,"Yolo Flyway Farms","1",NA,31,24.3,0.108080393723674,20.2,"PPG",2020,NA,NA,"Ebb",NA,7.7,NA,"Macro","Corbicula",0.0231,346.320346320346
"FRP PPG3-YOLO-09JUN2020",-121.64297,38.36138,"Flyway Farms","Cache Slough","Inside","FRP",2020-06-09 07:00:00,"Yolo Flyway Farms","1",NA,31,24.3,0.108080393723674,20.2,"PPG",2020,NA,NA,"Ebb",NA,7.7,NA,"Macro","Other",0.0231,43.2900432900433
"FRP PPG3-YOLO-09JUN2020",-121.64297,38.36138,"Flyway Farms","Cache Slough","Inside","FRP",2020-06-09 07:00:00,"Yolo Flyway Farms","1",NA,31,24.3,0.108080393723674,20.2,"PPG",2020,NA,NA,"Ebb",NA,7.7,NA,"Macro","Potamocorbula",0.0231,0
"FRP PPG3-YOLO-31MAR2021",-121.64291,38.362808,"Flyway Farms","Cache Slough","Inside","FRP",2021-03-31 07:00:00,"Yolo Flyway Farms","1",NA,38,15.2,0.376951908353973,14.3,"PPG",2021,NA,NA,"Ebb",2021-03-31 10:54:00,8.75,NA,"Macro","Corbicula",0.0231,43.2900432900433
"FRP PPG3-YOLO-31MAR2021",-121.64291,38.362808,"Flyway Farms","Cache Slough","Inside","FRP",2021-03-31 07:00:00,"Yolo Flyway Farms","1",NA,38,15.2,0.376951908353973,14.3,"PPG",2021,NA,NA,"Ebb",2021-03-31 10:54:00,8.75,NA,"Macro","Other",0.0231,0
"FRP PPG3-YOLO-31MAR2021",-121.64291,38.362808,"Flyway Farms","Cache Slough","Inside","FRP",2021-03-31 07:00:00,"Yolo Flyway Farms","1",NA,38,15.2,0.376951908353973,14.3,"PPG",2021,NA,NA,"Ebb",2021-03-31 10:54:00,8.75,NA,"Macro","Potamocorbula",0.0231,129.87012987013
"FRP PPG4-BROA-05APR2021",-121.849025,38.053262,NA,"Confluence","Outside","FRP",2021-04-05 07:00:00,"Broad Slough","1",NA,41,16.5,1.96958815510908,27.6,"PPG",2021,NA,NA,"Ebb",2021-04-05 16:30:00,9.55,NA,"Macro","Corbicula",0.0231,0
"FRP PPG4-BROA-05APR2021",-121.849025,38.053262,NA,"Confluence","Outside","FRP",2021-04-05 07:00:00,"Broad Slough","1",NA,41,16.5,1.96958815510908,27.6,"PPG",2021,NA,NA,"Ebb",2021-04-05 16:30:00,9.55,NA,"Macro","Other",0.0231,0
"FRP PPG4-BROA-05APR2021",-121.849025,38.053262,NA,"Confluence","Outside","FRP",2021-04-05 07:00:00,"Broad Slough","1",NA,41,16.5,1.96958815510908,27.6,"PPG",2021,NA,NA,"Ebb",2021-04-05 16:30:00,9.55,NA,"Macro","Potamocorbula",0.0231,0
"FRP PPG4-BROW-12APR2022",-121.873252,38.042511,"Browns","Confluence","Inside","FRP",2022-04-12 07:00:00,"Browns Island","1",NA,35,16.3,2.58705887931209,16.9,"PPG",2022,NA,NA,"Flood",2022-04-12 11:40:00,9.58,NA,"Macro","Corbicula",0.0231,173.160173160173
"FRP PPG4-BROW-12APR2022",-121.873252,38.042511,"Browns","Confluence","Inside","FRP",2022-04-12 07:00:00,"Browns Island","1",NA,35,16.3,2.58705887931209,16.9,"PPG",2022,NA,NA,"Flood",2022-04-12 11:40:00,9.58,NA,"Macro","Other",0.0231,0
"FRP PPG4-BROW-12APR2022",-121.873252,38.042511,"Browns","Confluence","Inside","FRP",2022-04-12 07:00:00,"Browns Island","1",NA,35,16.3,2.58705887931209,16.9,"PPG",2022,NA,NA,"Flood",2022-04-12 11:40:00,9.58,NA,"Macro","Potamocorbula",0.0231,0
"FRP PPG4-GRIZ-20APR2021",-122.000971,38.132303,NA,"Grizzly Bay","Outside","FRP",2021-04-20 07:00:00,"Grizzly Bay","1",NA,19,16.8,7.2858332439643,264,"PPG",2021,NA,NA,"Ebb",2021-04-20 12:39:00,9.26,NA,"Macro","Corbicula",0.0231,0
"FRP PPG4-GRIZ-20APR2021",-122.000971,38.132303,NA,"Grizzly Bay","Outside","FRP",2021-04-20 07:00:00,"Grizzly Bay","1",NA,19,16.8,7.2858332439643,264,"PPG",2021,NA,NA,"Ebb",2021-04-20 12:39:00,9.26,NA,"Macro","Other",0.0231,43.2900432900433
"FRP PPG4-GRIZ-20APR2021",-122.000971,38.132303,NA,"Grizzly Bay","Outside","FRP",2021-04-20 07:00:00,"Grizzly Bay","1",NA,19,16.8,7.2858332439643,264,"PPG",2021,NA,NA,"Ebb",2021-04-20 12:39:00,9.26,NA,"Macro","Potamocorbula",0.0231,129.87012987013
"FRP PPG4-HORS-20APR2022",-121.713752,38.085163,NA,"Decker","Outside","FRP",2022-04-20 07:00:00,"Horseshoe Bend","1",NA,NA,15.8,0.292569535160116,9.5,"PPG",2022,NA,NA,"Ebb",2022-04-20 09:30:00,6.25,NA,"Macro","Corbicula",0.0231,0
"FRP PPG4-HORS-20APR2022",-121.713752,38.085163,NA,"Decker","Outside","FRP",2022-04-20 07:00:00,"Horseshoe Bend","1",NA,NA,15.8,0.292569535160116,9.5,"PPG",2022,NA,NA,"Ebb",2022-04-20 09:30:00,6.25,NA,"Macro","Other",0.0231,303.030303030303
"FRP PPG4-HORS-20APR2022",-121.713752,38.085163,NA,"Decker","Outside","FRP",2022-04-20 07:00:00,"Horseshoe Bend","1",NA,NA,15.8,0.292569535160116,9.5,"PPG",2022,NA,NA,"Ebb",2022-04-20 09:30:00,6.25,NA,"Macro","Potamocorbula",0.0231,0
"FRP PPG4-LIBE-10JUN2020",-121.69121,38.26868,"Liberty","Cache Slough","Inside","FRP",2020-06-10 07:00:00,"Liberty Island","1",NA,NA,22.1,0.0874124153183606,NA,"PPG",2020,NA,NA,"Ebb",NA,11.6,NA,"Macro","Corbicula",0.0231,346.320346320346
"FRP PPG4-LIBE-10JUN2020",-121.69121,38.26868,"Liberty","Cache Slough","Inside","FRP",2020-06-10 07:00:00,"Liberty Island","1",NA,NA,22.1,0.0874124153183606,NA,"PPG",2020,NA,NA,"Ebb",NA,11.6,NA,"Macro","Other",0.0231,0
"FRP PPG4-LIBE-10JUN2020",-121.69121,38.26868,"Liberty","Cache Slough","Inside","FRP",2020-06-10 07:00:00,"Liberty Island","1",NA,NA,22.1,0.0874124153183606,NA,"PPG",2020,NA,NA,"Ebb",NA,11.6,NA,"Macro","Potamocorbula",0.0231,0
"FRP PPG4-LIBE-16APR2021",-121.672813,38.254284,"Liberty","Cache Slough","Inside","FRP",2021-04-16 07:00:00,"Liberty Island","1",NA,147,16.1,0.107117363080277,2.8,"PPG",2021,NA,NA,"Ebb",2021-04-16 10:13:00,9.56,NA,"Macro","Corbicula",0.0231,0
"FRP PPG4-LIBE-16APR2021",-121.672813,38.254284,"Liberty","Cache Slough","Inside","FRP",2021-04-16 07:00:00,"Liberty Island","1",NA,147,16.1,0.107117363080277,2.8,"PPG",2021,NA,NA,"Ebb",2021-04-16 10:13:00,9.56,NA,"Macro","Other",0.0231,0
"FRP PPG4-LIBE-16APR2021",-121.672813,38.254284,"Liberty","Cache Slough","Inside","FRP",2021-04-16 07:00:00,"Liberty Island","1",NA,147,16.1,0.107117363080277,2.8,"PPG",2021,NA,NA,"Ebb",2021-04-16 10:13:00,9.56,NA,"Macro","Potamocorbula",0.0231,0
"FRP PPG4-STAC-25JUN2020",-121.59344,38.09748,"Web Tract Berms","Web Tract Berms","Inside","FRP",2020-06-25 07:00:00,"Webb Tract Island and Berm","2",NA,NA,24.1,0.0917322350221805,3.5,"PPG",2020,NA,NA,"Ebb",NA,8.3,NA,"Macro","Corbicula",0.0231,0
"FRP PPG4-STAC-25JUN2020",-121.59344,38.09748,"Web Tract Berms","Web Tract Berms","Inside","FRP",2020-06-25 07:00:00,"Webb Tract Island and Berm","2",NA,NA,24.1,0.0917322350221805,3.5,"PPG",2020,NA,NA,"Ebb",NA,8.3,NA,"Macro","Other",0.0231,0
"FRP PPG4-STAC-25JUN2020",-121.59344,38.09748,"Web Tract Berms","Web Tract Berms","Inside","FRP",2020-06-25 07:00:00,"Webb Tract Island and Berm","2",NA,NA,24.1,0.0917322350221805,3.5,"PPG",2020,NA,NA,"Ebb",NA,8.3,NA,"Macro","Potamocorbula",0.0231,0
"FRP PPG4-WINT-11APR2022",-121.845702,38.039501,"Winter","Confluence","Inside","FRP",2022-04-11 07:00:00,"Winter Island","1",NA,42,16.4,2.24109885939962,16.9,"PPG",2022,NA,NA,"Flood",2022-04-11 09:45:00,9.02,NA,"Macro","Corbicula",0.0231,0
"FRP PPG4-WINT-11APR2022",-121.845702,38.039501,"Winter","Confluence","Inside","FRP",2022-04-11 07:00:00,"Winter Island","1",NA,42,16.4,2.24109885939962,16.9,"PPG",2022,NA,NA,"Flood",2022-04-11 09:45:00,9.02,NA,"Macro","Other",0.0231,0
"FRP PPG4-WINT-11APR2022",-121.845702,38.039501,"Winter","Confluence","Inside","FRP",2022-04-11 07:00:00,"Winter Island","1",NA,42,16.4,2.24109885939962,16.9,"PPG",2022,NA,NA,"Flood",2022-04-11 09:45:00,9.02,NA,"Macro","Potamocorbula",0.0231,0
"FRP PPG4-WTIB-18APR2022",-121.590614,38.094683,NA,"Web Tract Berms","Outside","FRP",2022-04-18 07:00:00,"Webb Tract Island and Berm","1",NA,72,16.2,0.133185884675134,6,"PPG",2022,NA,NA,"Ebb",2022-04-18 10:25:00,9.09,NA,"Macro","Corbicula",0.0231,0
"FRP PPG4-WTIB-18APR2022",-121.590614,38.094683,NA,"Web Tract Berms","Outside","FRP",2022-04-18 07:00:00,"Webb Tract Island and Berm","1",NA,72,16.2,0.133185884675134,6,"PPG",2022,NA,NA,"Ebb",2022-04-18 10:25:00,9.09,NA,"Macro","Other",0.0231,0
"FRP PPG4-WTIB-18APR2022",-121.590614,38.094683,NA,"Web Tract Berms","Outside","FRP",2022-04-18 07:00:00,"Webb Tract Island and Berm","1",NA,72,16.2,0.133185884675134,6,"PPG",2022,NA,NA,"Ebb",2022-04-18 10:25:00,9.09,NA,"Macro","Potamocorbula",0.0231,43.2900432900433
"FRP PPG5-GRIZ-20APR2021",-122.004228,38.132184,NA,"Grizzly Bay","Outside","FRP",2021-04-20 07:00:00,"Grizzly Bay","1",NA,19,16.2,8.47289287848375,NA,"PPG",2021,NA,NA,"Ebb",2021-04-20 13:01:00,9.23,NA,"Macro","Corbicula",0.0231,0
"FRP PPG5-GRIZ-20APR2021",-122.004228,38.132184,NA,"Grizzly Bay","Outside","FRP",2021-04-20 07:00:00,"Grizzly Bay","1",NA,19,16.2,8.47289287848375,NA,"PPG",2021,NA,NA,"Ebb",2021-04-20 13:01:00,9.23,NA,"Macro","Other",0.0231,0
"FRP PPG5-GRIZ-20APR2021",-122.004228,38.132184,NA,"Grizzly Bay","Outside","FRP",2021-04-20 07:00:00,"Grizzly Bay","1",NA,19,16.2,8.47289287848375,NA,"PPG",2021,NA,NA,"Ebb",2021-04-20 13:01:00,9.23,NA,"Macro","Potamocorbula",0.0231,779.220779220779
"FRP PPG5-HORS-20APR2022",-121.728138,38.082813,NA,"Decker","Outside","FRP",2022-04-20 07:00:00,"Horseshoe Bend","1",NA,44,16.4,0.729323624348058,20,"PPG",2022,NA,NA,"Ebb",2022-04-20 10:57:00,9.32,NA,"Macro","Corbicula",0.0231,0
"FRP PPG5-HORS-20APR2022",-121.728138,38.082813,NA,"Decker","Outside","FRP",2022-04-20 07:00:00,"Horseshoe Bend","1",NA,44,16.4,0.729323624348058,20,"PPG",2022,NA,NA,"Ebb",2022-04-20 10:57:00,9.32,NA,"Macro","Other",0.0231,0
"FRP PPG5-HORS-20APR2022",-121.728138,38.082813,NA,"Decker","Outside","FRP",2022-04-20 07:00:00,"Horseshoe Bend","1",NA,44,16.4,0.729323624348058,20,"PPG",2022,NA,NA,"Ebb",2022-04-20 10:57:00,9.32,NA,"Macro","Potamocorbula",0.0231,0
"FRP PPG5-LIBE-10JUN2020",-121.68535,38.2475,"Liberty","Cache Slough","Inside","FRP",2020-06-10 07:00:00,"Liberty Island","1",NA,105,22.9,0.0806980297525719,NA,"PPG",2020,NA,NA,"Ebb",NA,9.7,NA,"Macro","Corbicula",0.0231,1298.7012987013
"FRP PPG5-LIBE-10JUN2020",-121.68535,38.2475,"Liberty","Cache Slough","Inside","FRP",2020-06-10 07:00:00,"Liberty Island","1",NA,105,22.9,0.0806980297525719,NA,"PPG",2020,NA,NA,"Ebb",NA,9.7,NA,"Macro","Other",0.0231,0
"FRP PPG5-LIBE-10JUN2020",-121.68535,38.2475,"Liberty","Cache Slough","Inside","FRP",2020-06-10 07:00:00,"Liberty Island","1",NA,105,22.9,0.0806980297525719,NA,"PPG",2020,NA,NA,"Ebb",NA,9.7,NA,"Macro","Potamocorbula",0.0231,0
"FRP PPG5-LIBE-16APR2021",-121.691226,38.266648,"Liberty","Cache Slough","Inside","FRP",2021-04-16 07:00:00,"Liberty Island","1",NA,NA,17.3,0.0999002701267619,2.2,"PPG",2021,NA,NA,"Ebb",2021-04-16 11:15:00,9.64,NA,"Macro","Corbicula",0.0231,0
"FRP PPG5-LIBE-16APR2021",-121.691226,38.266648,"Liberty","Cache Slough","Inside","FRP",2021-04-16 07:00:00,"Liberty Island","1",NA,NA,17.3,0.0999002701267619,2.2,"PPG",2021,NA,NA,"Ebb",2021-04-16 11:15:00,9.64,NA,"Macro","Other",0.0231,0
"FRP PPG5-LIBE-16APR2021",-121.691226,38.266648,"Liberty","Cache Slough","Inside","FRP",2021-04-16 07:00:00,"Liberty Island","1",NA,NA,17.3,0.0999002701267619,2.2,"PPG",2021,NA,NA,"Ebb",2021-04-16 11:15:00,9.64,NA,"Macro","Potamocorbula",0.0231,43.2900432900433
"FRP PPG5-STAI-06APR2022",-121.690319,38.321862,NA,"Cache Slough","Outside","FRP",2022-04-06 07:00:00,"Stairsteps-Liberty Cut","1",NA,NA,17.1,0.233468958745221,5.9,"PPG",2022,NA,NA,"Ebb",NA,8,NA,"Macro","Corbicula",0.0231,692.640692640693
"FRP PPG5-STAI-06APR2022",-121.690319,38.321862,NA,"Cache Slough","Outside","FRP",2022-04-06 07:00:00,"Stairsteps-Liberty Cut","1",NA,NA,17.1,0.233468958745221,5.9,"PPG",2022,NA,NA,"Ebb",NA,8,NA,"Macro","Other",0.0231,86.5800865800866
"FRP PPG5-STAI-06APR2022",-121.690319,38.321862,NA,"Cache Slough","Outside","FRP",2022-04-06 07:00:00,"Stairsteps-Liberty Cut","1",NA,NA,17.1,0.233468958745221,5.9,"PPG",2022,NA,NA,"Ebb",NA,8,NA,"Macro","Potamocorbula",0.0231,0
"FRP PPG5-WINT-11APR2022",-121.849822,38.046356,"Winter","Confluence","Inside","FRP",2022-04-11 07:00:00,"Winter Island","1",NA,40,16.6,2.51144504785764,16.5,"PPG",2022,NA,NA,"Flood",2022-04-11 10:20:00,9.08,NA,"Macro","Corbicula",0.0231,0
"FRP PPG5-WINT-11APR2022",-121.849822,38.046356,"Winter","Confluence","Inside","FRP",2022-04-11 07:00:00,"Winter Island","1",NA,40,16.6,2.51144504785764,16.5,"PPG",2022,NA,NA,"Flood",2022-04-11 10:20:00,9.08,NA,"Macro","Other",0.0231,0
"FRP PPG5-WINT-11APR2022",-121.849822,38.046356,"Winter","Confluence","Inside","FRP",2022-04-11 07:00:00,"Winter Island","1",NA,40,16.6,2.51144504785764,16.5,"PPG",2022,NA,NA,"Flood",2022-04-11 10:20:00,9.08,NA,"Macro","Potamocorbula",0.0231,0
"FRP PPG6-GRIZ-20APR2021",-121.997541,38.128725,NA,"Grizzly Bay","Outside","FRP",2021-04-20 07:00:00,"Grizzly Bay","1",NA,15,18,6.81770096299453,NA,"PPG",2021,NA,NA,"Ebb",2021-04-20 13:13:00,8.81,NA,"Macro","Corbicula",0.0231,0
"FRP PPG6-GRIZ-20APR2021",-121.997541,38.128725,NA,"Grizzly Bay","Outside","FRP",2021-04-20 07:00:00,"Grizzly Bay","1",NA,15,18,6.81770096299453,NA,"PPG",2021,NA,NA,"Ebb",2021-04-20 13:13:00,8.81,NA,"Macro","Other",0.0231,0
"FRP PPG6-GRIZ-20APR2021",-121.997541,38.128725,NA,"Grizzly Bay","Outside","FRP",2021-04-20 07:00:00,"Grizzly Bay","1",NA,15,18,6.81770096299453,NA,"PPG",2021,NA,NA,"Ebb",2021-04-20 13:13:00,8.81,NA,"Macro","Potamocorbula",0.0231,432.900432900433
"FRP PPG6-HORS-20APR2022",-121.715212,38.08371,NA,"Decker","Outside","FRP",2022-04-20 07:00:00,"Horseshoe Bend","1",NA,40,16.7,0.701076715837369,23.5,"PPG",2022,NA,NA,"Ebb",2022-04-20 11:50:00,10.01,NA,"Macro","Corbicula",0.0231,173.160173160173
"FRP PPG6-HORS-20APR2022",-121.715212,38.08371,NA,"Decker","Outside","FRP",2022-04-20 07:00:00,"Horseshoe Bend","1",NA,40,16.7,0.701076715837369,23.5,"PPG",2022,NA,NA,"Ebb",2022-04-20 11:50:00,10.01,NA,"Macro","Other",0.0231,0
"FRP PPG6-HORS-20APR2022",-121.715212,38.08371,NA,"Decker","Outside","FRP",2022-04-20 07:00:00,"Horseshoe Bend","1",NA,40,16.7,0.701076715837369,23.5,"PPG",2022,NA,NA,"Ebb",2022-04-20 11:50:00,10.01,NA,"Macro","Potamocorbula",0.0231,0
"FRP PPG6-LIBE-10JUN2020",-121.68146,38.24556,"Liberty","Cache Slough","Inside","FRP",2020-06-10 07:00:00,"Liberty Island","1",NA,84,23,0.0850137180561286,2.1,"PPG",2020,NA,NA,"Ebb",NA,10.4,NA,"Macro","Corbicula",0.0231,2251.08225108225
"FRP PPG6-LIBE-10JUN2020",-121.68146,38.24556,"Liberty","Cache Slough","Inside","FRP",2020-06-10 07:00:00,"Liberty Island","1",NA,84,23,0.0850137180561286,2.1,"PPG",2020,NA,NA,"Ebb",NA,10.4,NA,"Macro","Other",0.0231,303.030303030303
"FRP PPG6-LIBE-10JUN2020",-121.68146,38.24556,"Liberty","Cache Slough","Inside","FRP",2020-06-10 07:00:00,"Liberty Island","1",NA,84,23,0.0850137180561286,2.1,"PPG",2020,NA,NA,"Ebb",NA,10.4,NA,"Macro","Potamocorbula",0.0231,0
"FRP PPG6-LIBE-16APR2021",-121.683362,38.242236,"Liberty","Cache Slough","Inside","FRP",2021-04-16 07:00:00,"Liberty Island","1",NA,NA,17.3,0.093172830551995,2.3,"PPG",2021,NA,NA,"Ebb",NA,9.68,NA,"Macro","Corbicula",0.0231,0
"FRP PPG6-LIBE-16APR2021",-121.683362,38.242236,"Liberty","Cache Slough","Inside","FRP",2021-04-16 07:00:00,"Liberty Island","1",NA,NA,17.3,0.093172830551995,2.3,"PPG",2021,NA,NA,"Ebb",NA,9.68,NA,"Macro","Other",0.0231,0
"FRP PPG6-LIBE-16APR2021",-121.683362,38.242236,"Liberty","Cache Slough","Inside","FRP",2021-04-16 07:00:00,"Liberty Island","1",NA,NA,17.3,0.093172830551995,2.3,"PPG",2021,NA,NA,"Ebb",NA,9.68,NA,"Macro","Potamocorbula",0.0231,0
"FRP PPG6-STAI-06APR2022",-121.668337,38.336076,NA,"Cache Slough","Outside","FRP",2022-04-06 07:00:00,"Stairsteps-Liberty Cut","1",NA,33,18.1,0.242369591158947,17.2,"PPG",2022,NA,NA,"Ebb",2022-04-06 14:48:00,8.74,NA,"Macro","Corbicula",0.0231,173.160173160173
"FRP PPG6-STAI-06APR2022",-121.668337,38.336076,NA,"Cache Slough","Outside","FRP",2022-04-06 07:00:00,"Stairsteps-Liberty Cut","1",NA,33,18.1,0.242369591158947,17.2,"PPG",2022,NA,NA,"Ebb",2022-04-06 14:48:00,8.74,NA,"Macro","Other",0.0231,43.2900432900433
"FRP PPG6-STAI-06APR2022",-121.668337,38.336076,NA,"Cache Slough","Outside","FRP",2022-04-06 07:00:00,"Stairsteps-Liberty Cut","1",NA,33,18.1,0.242369591158947,17.2,"PPG",2022,NA,NA,"Ebb",2022-04-06 14:48:00,8.74,NA,"Macro","Potamocorbula",0.0231,0
"FRP PPG6-WINT-11APR2022",-121.845559,38.035618,"Winter","Confluence","Inside","FRP",2022-04-11 07:00:00,"Winter Island","1",NA,42,16.9,1.75889350803175,21,"PPG",2022,NA,NA,"Flood",2022-04-11 10:40:00,9.2,NA,"Macro","Corbicula",0.0231,0
"FRP PPG6-WINT-11APR2022",-121.845559,38.035618,"Winter","Confluence","Inside","FRP",2022-04-11 07:00:00,"Winter Island","1",NA,42,16.9,1.75889350803175,21,"PPG",2022,NA,NA,"Flood",2022-04-11 10:40:00,9.2,NA,"Macro","Other",0.0231,0
"FRP PPG6-WINT-11APR2022",-121.845559,38.035618,"Winter","Confluence","Inside","FRP",2022-04-11 07:00:00,"Winter Island","1",NA,42,16.9,1.75889350803175,21,"PPG",2022,NA,NA,"Flood",2022-04-11 10:40:00,9.2,NA,"Macro","Potamocorbula",0.0231,0
"FRP PVC1-02MAR2018",-121.665328,38.239529,NA,"Cache Slough","Outside","FRP",2018-03-02 08:00:00,"Miner Slough","1",NA,114,9.5,0.0706360988006013,6.3,"PVC",2018,NA,NA,"Ebb",2018-03-02 08:43:00,11,NA,"Macro","Corbicula",0.000811,0
"FRP PVC1-02MAR2018",-121.665328,38.239529,NA,"Cache Slough","Outside","FRP",2018-03-02 08:00:00,"Miner Slough","1",NA,114,9.5,0.0706360988006013,6.3,"PVC",2018,NA,NA,"Ebb",2018-03-02 08:43:00,11,NA,"Macro","Other",0.000811,0
"FRP PVC1-02MAR2018",-121.665328,38.239529,NA,"Cache Slough","Outside","FRP",2018-03-02 08:00:00,"Miner Slough","1",NA,114,9.5,0.0706360988006013,6.3,"PVC",2018,NA,NA,"Ebb",2018-03-02 08:43:00,11,NA,"Macro","Potamocorbula",0.000811,0
"FRP PVC1-13APR2017",-121.867586,38.040503,"Browns","Confluence","Inside","FRP",2017-04-13 07:00:00,"Browns Island","1",NA,66,14.8,0.272637479874019,15.9,"PVC",2017,NA,NA,"Ebb",NA,8.1,NA,"Macro","Corbicula",0.000811,0
"FRP PVC1-13APR2017",-121.867586,38.040503,"Browns","Confluence","Inside","FRP",2017-04-13 07:00:00,"Browns Island","1",NA,66,14.8,0.272637479874019,15.9,"PVC",2017,NA,NA,"Ebb",NA,8.1,NA,"Macro","Other",0.000811,0
"FRP PVC1-13APR2017",-121.867586,38.040503,"Browns","Confluence","Inside","FRP",2017-04-13 07:00:00,"Browns Island","1",NA,66,14.8,0.272637479874019,15.9,"PVC",2017,NA,NA,"Ebb",NA,8.1,NA,"Macro","Potamocorbula",0.000811,0
"FRP PVC1-13APR2018",-121.72398,38.08422,"Decker","Decker","Inside","FRP",2018-04-13 07:00:00,"Decker Island","1",NA,NA,11.7,0.128831223154593,35.5,"PVC",2018,NA,NA,"Ebb",2018-04-13 08:10:00,8.1,NA,"Macro","Corbicula",0.000811,1233.04562268804
"FRP PVC1-13APR2018",-121.72398,38.08422,"Decker","Decker","Inside","FRP",2018-04-13 07:00:00,"Decker Island","1",NA,NA,11.7,0.128831223154593,35.5,"PVC",2018,NA,NA,"Ebb",2018-04-13 08:10:00,8.1,NA,"Macro","Other",0.000811,0
"FRP PVC1-13APR2018",-121.72398,38.08422,"Decker","Decker","Inside","FRP",2018-04-13 07:00:00,"Decker Island","1",NA,NA,11.7,0.128831223154593,35.5,"PVC",2018,NA,NA,"Ebb",2018-04-13 08:10:00,8.1,NA,"Macro","Potamocorbula",0.000811,0
"FRP PVC1-23JAN2018",-121.723387,38.083608,NA,"Decker","Outside","FRP",2018-01-23 08:00:00,"Decker Island","1",NA,NA,10.2,0.239401114635257,5.2,"PVC",2018,NA,NA,"High slack",2018-01-23 09:30:00,10.5,NA,"Macro","Corbicula",0.000811,0
"FRP PVC1-23JAN2018",-121.723387,38.083608,NA,"Decker","Outside","FRP",2018-01-23 08:00:00,"Decker Island","1",NA,NA,10.2,0.239401114635257,5.2,"PVC",2018,NA,NA,"High slack",2018-01-23 09:30:00,10.5,NA,"Macro","Other",0.000811,0
"FRP PVC1-23JAN2018",-121.723387,38.083608,NA,"Decker","Outside","FRP",2018-01-23 08:00:00,"Decker Island","1",NA,NA,10.2,0.239401114635257,5.2,"PVC",2018,NA,NA,"High slack",2018-01-23 09:30:00,10.5,NA,"Macro","Potamocorbula",0.000811,0
"FRP PVC1-30MAR2017",-121.723387,38.083608,NA,"Decker","Outside","FRP",2017-03-30 07:00:00,"Decker Island","1",NA,39,13.3,0.0629746089285748,22.7,"PVC",2017,NA,NA,"Ebb",NA,11.6,NA,"Macro","Corbicula",0.000811,0
"FRP PVC1-30MAR2017",-121.723387,38.083608,NA,"Decker","Outside","FRP",2017-03-30 07:00:00,"Decker Island","1",NA,39,13.3,0.0629746089285748,22.7,"PVC",2017,NA,NA,"Ebb",NA,11.6,NA,"Macro","Other",0.000811,0
"FRP PVC1-30MAR2017",-121.723387,38.083608,NA,"Decker","Outside","FRP",2017-03-30 07:00:00,"Decker Island","1",NA,39,13.3,0.0629746089285748,22.7,"PVC",2017,NA,NA,"Ebb",NA,11.6,NA,"Macro","Potamocorbula",0.000811,0
"FRP PVC1-3APR2017",-121.59039,38.0947,"Web Tract Berms","Web Tract Berms","Inside","FRP",2017-04-03 07:00:00,"Webb Tract Island and Berm","1",NA,66,14.4,0.0620170394211866,14,"PVC",2017,NA,NA,"Flood",NA,11.8,NA,"Macro","Corbicula",0.000811,0
"FRP PVC1-3APR2017",-121.59039,38.0947,"Web Tract Berms","Web Tract Berms","Inside","FRP",2017-04-03 07:00:00,"Webb Tract Island and Berm","1",NA,66,14.4,0.0620170394211866,14,"PVC",2017,NA,NA,"Flood",NA,11.8,NA,"Macro","Other",0.000811,2466.09124537608
"FRP PVC1-3APR2017",-121.59039,38.0947,"Web Tract Berms","Web Tract Berms","Inside","FRP",2017-04-03 07:00:00,"Webb Tract Island and Berm","1",NA,66,14.4,0.0620170394211866,14,"PVC",2017,NA,NA,"Flood",NA,11.8,NA,"Macro","Potamocorbula",0.000811,0
"FRP PVC1-CI-29APR2019",-121.90654,38.05843,"Chipps","Confluence","Inside","FRP",2019-04-29 07:00:00,"Chipps Island","1",NA,NA,17.2,0.196542468477633,34.4,"PVC",2019,NA,NA,NA,NA,7.3,NA,"Macro","Corbicula",0.000811,0
"FRP PVC1-CI-29APR2019",-121.90654,38.05843,"Chipps","Confluence","Inside","FRP",2019-04-29 07:00:00,"Chipps Island","1",NA,NA,17.2,0.196542468477633,34.4,"PVC",2019,NA,NA,NA,NA,7.3,NA,"Macro","Other",0.000811,0
"FRP PVC1-CI-29APR2019",-121.90654,38.05843,"Chipps","Confluence","Inside","FRP",2019-04-29 07:00:00,"Chipps Island","1",NA,NA,17.2,0.196542468477633,34.4,"PVC",2019,NA,NA,NA,NA,7.3,NA,"Macro","Potamocorbula",0.000811,0
"FRP PVC1-DECK-11JUN2020",-121.72406,38.08423,"Decker","Decker","Inside","FRP",2020-06-11 07:00:00,"Decker Island","1",NA,77,22.8,0.130282326252029,3.4,"PVC",2020,NA,NA,"Ebb",NA,6.1,NA,"Macro","Corbicula",0.000811,0
"FRP PVC1-DECK-11JUN2020",-121.72406,38.08423,"Decker","Decker","Inside","FRP",2020-06-11 07:00:00,"Decker Island","1",NA,77,22.8,0.130282326252029,3.4,"PVC",2020,NA,NA,"Ebb",NA,6.1,NA,"Macro","Other",0.000811,0
"FRP PVC1-DECK-11JUN2020",-121.72406,38.08423,"Decker","Decker","Inside","FRP",2020-06-11 07:00:00,"Decker Island","1",NA,77,22.8,0.130282326252029,3.4,"PVC",2020,NA,NA,"Ebb",NA,6.1,NA,"Macro","Potamocorbula",0.000811,0
"FRP PVC1-DECK-16MAR2020",-121.7239,38.08442,"Decker","Decker","Inside","FRP",2020-03-16 07:00:00,"Decker Island","1",NA,NA,12.9,0.130282326252029,0.3,"PVC",2020,NA,NA,"Ebb",NA,9,NA,"Macro","Corbicula",0.000811,0
"FRP PVC1-DECK-16MAR2020",-121.7239,38.08442,"Decker","Decker","Inside","FRP",2020-03-16 07:00:00,"Decker Island","1",NA,NA,12.9,0.130282326252029,0.3,"PVC",2020,NA,NA,"Ebb",NA,9,NA,"Macro","Other",0.000811,0
"FRP PVC1-DECK-16MAR2020",-121.7239,38.08442,"Decker","Decker","Inside","FRP",2020-03-16 07:00:00,"Decker Island","1",NA,NA,12.9,0.130282326252029,0.3,"PVC",2020,NA,NA,"Ebb",NA,9,NA,"Macro","Potamocorbula",0.000811,0
"FRP PVC1-HORS-17MAR2020",-121.72809,38.08278,NA,"Decker","Outside","FRP",2020-03-17 07:00:00,"Horseshoe Bend","1",NA,NA,14,0.134154139445465,2.1,"PVC",2020,NA,NA,"Ebb",NA,10.7,NA,"Macro","Corbicula",0.000811,0
"FRP PVC1-HORS-17MAR2020",-121.72809,38.08278,NA,"Decker","Outside","FRP",2020-03-17 07:00:00,"Horseshoe Bend","1",NA,NA,14,0.134154139445465,2.1,"PVC",2020,NA,NA,"Ebb",NA,10.7,NA,"Macro","Other",0.000811,0
"FRP PVC1-HORS-17MAR2020",-121.72809,38.08278,NA,"Decker","Outside","FRP",2020-03-17 07:00:00,"Horseshoe Bend","1",NA,NA,14,0.134154139445465,2.1,"PVC",2020,NA,NA,"Ebb",NA,10.7,NA,"Macro","Potamocorbula",0.000811,0
"FRP PVC1-STAI-06APR2022",-121.66687,38.335322,NA,"Cache Slough","Outside","FRP",2022-04-06 07:00:00,"Stairsteps-Liberty Cut","1",NA,52,18.8,0.24682527687822,14.8,"PVC",2022,NA,NA,"Ebb",2022-04-06 15:15:00,10.38,NA,"Macro","Corbicula",0.00811,616.52281134402
"FRP PVC1-STAI-06APR2022",-121.66687,38.335322,NA,"Cache Slough","Outside","FRP",2022-04-06 07:00:00,"Stairsteps-Liberty Cut","1",NA,52,18.8,0.24682527687822,14.8,"PVC",2022,NA,NA,"Ebb",2022-04-06 15:15:00,10.38,NA,"Macro","Other",0.00811,0
"FRP PVC1-STAI-06APR2022",-121.66687,38.335322,NA,"Cache Slough","Outside","FRP",2022-04-06 07:00:00,"Stairsteps-Liberty Cut","1",NA,52,18.8,0.24682527687822,14.8,"PVC",2022,NA,NA,"Ebb",2022-04-06 15:15:00,10.38,NA,"Macro","Potamocorbula",0.00811,0
"FRP PVC1-TULE-22APR2021",-121.97849,38.115412,"Tule Red","Grizzly Bay","Inside","FRP",2021-04-22 07:00:00,"Tule Red","1",NA,NA,17.1,8.09811499392885,12.7,"PVC",2021,NA,NA,"High slack",2021-04-22 11:01:00,8.57,NA,"Macro","Corbicula",0.000811,0
"FRP PVC1-TULE-22APR2021",-121.97849,38.115412,"Tule Red","Grizzly Bay","Inside","FRP",2021-04-22 07:00:00,"Tule Red","1",NA,NA,17.1,8.09811499392885,12.7,"PVC",2021,NA,NA,"High slack",2021-04-22 11:01:00,8.57,NA,"Macro","Other",0.000811,0
"FRP PVC1-TULE-22APR2021",-121.97849,38.115412,"Tule Red","Grizzly Bay","Inside","FRP",2021-04-22 07:00:00,"Tule Red","1",NA,NA,17.1,8.09811499392885,12.7,"PVC",2021,NA,NA,"High slack",2021-04-22 11:01:00,8.57,NA,"Macro","Potamocorbula",0.000811,0
"FRP PVC11-CHIP-09MAY2022",-121.90824,38.05905,"Chipps","Confluence","Inside","FRP",2022-05-09 07:00:00,"Chipps Island","1",NA,NA,15.4,6.22768695356178,24.5,"PVC",2022,NA,NA,"Ebb",2022-05-09 09:13:00,9.75,NA,"Macro","Corbicula",0.00811,0
"FRP PVC11-CHIP-09MAY2022",-121.90824,38.05905,"Chipps","Confluence","Inside","FRP",2022-05-09 07:00:00,"Chipps Island","1",NA,NA,15.4,6.22768695356178,24.5,"PVC",2022,NA,NA,"Ebb",2022-05-09 09:13:00,9.75,NA,"Macro","Other",0.00811,0
"FRP PVC11-CHIP-09MAY2022",-121.90824,38.05905,"Chipps","Confluence","Inside","FRP",2022-05-09 07:00:00,"Chipps Island","1",NA,NA,15.4,6.22768695356178,24.5,"PVC",2022,NA,NA,"Ebb",2022-05-09 09:13:00,9.75,NA,"Macro","Potamocorbula",0.00811,0
"FRP PVC11-TULE-19MAY2022",-121.9924,38.13306,"Tule Red","Grizzly Bay","Inside","FRP",2022-05-19 07:00:00,"Tule Red","1",NA,NA,19,9.54727570734037,38.2,"PVC",2022,NA,NA,"Ebb",2022-05-19 08:00:00,5.75,NA,"Macro","Corbicula",0.00811,0
"FRP PVC11-TULE-19MAY2022",-121.9924,38.13306,"Tule Red","Grizzly Bay","Inside","FRP",2022-05-19 07:00:00,"Tule Red","1",NA,NA,19,9.54727570734037,38.2,"PVC",2022,NA,NA,"Ebb",2022-05-19 08:00:00,5.75,NA,"Macro","Other",0.00811,493.218249075216
"FRP PVC11-TULE-19MAY2022",-121.9924,38.13306,"Tule Red","Grizzly Bay","Inside","FRP",2022-05-19 07:00:00,"Tule Red","1",NA,NA,19,9.54727570734037,38.2,"PVC",2022,NA,NA,"Ebb",2022-05-19 08:00:00,5.75,NA,"Macro","Potamocorbula",0.00811,1233.04562268804
"FRP PVC12-CHIP-09MAY2022",-121.907897,38.058031,"Chipps","Confluence","Inside","FRP",2022-05-09 07:00:00,"Chipps Island","1",NA,NA,17.3,5.76254693347723,16.1,"PVC",2022,NA,NA,"Ebb",NA,9.27,NA,"Macro","Corbicula",0.00811,0
"FRP PVC12-CHIP-09MAY2022",-121.907897,38.058031,"Chipps","Confluence","Inside","FRP",2022-05-09 07:00:00,"Chipps Island","1",NA,NA,17.3,5.76254693347723,16.1,"PVC",2022,NA,NA,"Ebb",NA,9.27,NA,"Macro","Other",0.00811,0
"FRP PVC12-CHIP-09MAY2022",-121.907897,38.058031,"Chipps","Confluence","Inside","FRP",2022-05-09 07:00:00,"Chipps Island","1",NA,NA,17.3,5.76254693347723,16.1,"PVC",2022,NA,NA,"Ebb",NA,9.27,NA,"Macro","Potamocorbula",0.00811,0
"FRP PVC12-TULE-22APR2021",-121.982006,38.12113,"Tule Red","Grizzly Bay","Inside","FRP",2021-04-22 07:00:00,"Tule Red","1",NA,NA,18.2,8.01622566361271,22.8,"PVC",2021,NA,NA,"Ebb",2021-04-22 17:00:00,7.95,NA,"Macro","Corbicula",0.000811,0
"FRP PVC12-TULE-22APR2021",-121.982006,38.12113,"Tule Red","Grizzly Bay","Inside","FRP",2021-04-22 07:00:00,"Tule Red","1",NA,NA,18.2,8.01622566361271,22.8,"PVC",2021,NA,NA,"Ebb",2021-04-22 17:00:00,7.95,NA,"Macro","Other",0.000811,0
"FRP PVC12-TULE-22APR2021",-121.982006,38.12113,"Tule Red","Grizzly Bay","Inside","FRP",2021-04-22 07:00:00,"Tule Red","1",NA,NA,18.2,8.01622566361271,22.8,"PVC",2021,NA,NA,"Ebb",2021-04-22 17:00:00,7.95,NA,"Macro","Potamocorbula",0.000811,0
"FRP PVC2-13APR2017",-121.867586,38.040503,"Browns","Confluence","Inside","FRP",2017-04-13 07:00:00,"Browns Island","1",NA,52,14.8,0.225569481906584,12.5,"PVC",2017,NA,NA,"Ebb",NA,8.8,NA,"Macro","Corbicula",0.000811,0
"FRP PVC2-13APR2017",-121.867586,38.040503,"Browns","Confluence","Inside","FRP",2017-04-13 07:00:00,"Browns Island","1",NA,52,14.8,0.225569481906584,12.5,"PVC",2017,NA,NA,"Ebb",NA,8.8,NA,"Macro","Other",0.000811,0
"FRP PVC2-13APR2017",-121.867586,38.040503,"Browns","Confluence","Inside","FRP",2017-04-13 07:00:00,"Browns Island","1",NA,52,14.8,0.225569481906584,12.5,"PVC",2017,NA,NA,"Ebb",NA,8.8,NA,"Macro","Potamocorbula",0.000811,0
"FRP PVC2-13APR2018",-121.72755,38.08272,NA,"Decker","Outside","FRP",2018-04-13 07:00:00,"Horseshoe Bend","1",NA,63,14.2,0.122548276349843,17.1,"PVC",2018,NA,NA,"Ebb",2018-04-13 10:00:00,10.5,NA,"Macro","Corbicula",0.000811,1233.04562268804
"FRP PVC2-13APR2018",-121.72755,38.08272,NA,"Decker","Outside","FRP",2018-04-13 07:00:00,"Horseshoe Bend","1",NA,63,14.2,0.122548276349843,17.1,"PVC",2018,NA,NA,"Ebb",2018-04-13 10:00:00,10.5,NA,"Macro","Other",0.000811,0
"FRP PVC2-13APR2018",-121.72755,38.08272,NA,"Decker","Outside","FRP",2018-04-13 07:00:00,"Horseshoe Bend","1",NA,63,14.2,0.122548276349843,17.1,"PVC",2018,NA,NA,"Ebb",2018-04-13 10:00:00,10.5,NA,"Macro","Potamocorbula",0.000811,0
"FRP PVC2-23JAN2018",-121.723387,38.083608,NA,"Decker","Outside","FRP",2018-01-23 08:00:00,"Decker Island","1",NA,NA,10.2,0.239401114635257,5.2,"PVC",2018,NA,NA,"High slack",2018-01-23 09:35:00,10.5,NA,"Macro","Corbicula",0.000811,0
"FRP PVC2-23JAN2018",-121.723387,38.083608,NA,"Decker","Outside","FRP",2018-01-23 08:00:00,"Decker Island","1",NA,NA,10.2,0.239401114635257,5.2,"PVC",2018,NA,NA,"High slack",2018-01-23 09:35:00,10.5,NA,"Macro","Other",0.000811,0
"FRP PVC2-23JAN2018",-121.723387,38.083608,NA,"Decker","Outside","FRP",2018-01-23 08:00:00,"Decker Island","1",NA,NA,10.2,0.239401114635257,5.2,"PVC",2018,NA,NA,"High slack",2018-01-23 09:35:00,10.5,NA,"Macro","Potamocorbula",0.000811,0
"FRP PVC2-3APR2017",-121.59039,38.0947,"Web Tract Berms","Web Tract Berms","Inside","FRP",2017-04-03 07:00:00,"Webb Tract Island and Berm","1",NA,66,14.4,0.0620170394211866,14,"PVC",2017,NA,NA,"Flood",NA,11.8,NA,"Macro","Corbicula",0.000811,0
"FRP PVC2-3APR2017",-121.59039,38.0947,"Web Tract Berms","Web Tract Berms","Inside","FRP",2017-04-03 07:00:00,"Webb Tract Island and Berm","1",NA,66,14.4,0.0620170394211866,14,"PVC",2017,NA,NA,"Flood",NA,11.8,NA,"Macro","Other",0.000811,0
"FRP PVC2-3APR2017",-121.59039,38.0947,"Web Tract Berms","Web Tract Berms","Inside","FRP",2017-04-03 07:00:00,"Webb Tract Island and Berm","1",NA,66,14.4,0.0620170394211866,14,"PVC",2017,NA,NA,"Flood",NA,11.8,NA,"Macro","Potamocorbula",0.000811,0
"FRP PVC2-DECK-11JUN2020",-121.72392,38.08429,"Decker","Decker","Inside","FRP",2020-06-11 07:00:00,"Decker Island","1",NA,63,23.5,0.129798575249461,4.5,"PVC",2020,NA,NA,"Ebb",NA,6.2,NA,"Macro","Corbicula",0.000811,0
"FRP PVC2-DECK-11JUN2020",-121.72392,38.08429,"Decker","Decker","Inside","FRP",2020-06-11 07:00:00,"Decker Island","1",NA,63,23.5,0.129798575249461,4.5,"PVC",2020,NA,NA,"Ebb",NA,6.2,NA,"Macro","Other",0.000811,1233.04562268804
"FRP PVC2-DECK-11JUN2020",-121.72392,38.08429,"Decker","Decker","Inside","FRP",2020-06-11 07:00:00,"Decker Island","1",NA,63,23.5,0.129798575249461,4.5,"PVC",2020,NA,NA,"Ebb",NA,6.2,NA,"Macro","Potamocorbula",0.000811,0
"FRP PVC2-DECK-16MAR2020",-121.7239,38.08442,"Decker","Decker","Inside","FRP",2020-03-16 07:00:00,"Decker Island","1",NA,NA,12.4,0.130282326252029,2.3,"PVC",2020,NA,NA,"Ebb",NA,8.9,NA,"Macro","Corbicula",0.000811,0
"FRP PVC2-DECK-16MAR2020",-121.7239,38.08442,"Decker","Decker","Inside","FRP",2020-03-16 07:00:00,"Decker Island","1",NA,NA,12.4,0.130282326252029,2.3,"PVC",2020,NA,NA,"Ebb",NA,8.9,NA,"Macro","Other",0.000811,0
"FRP PVC2-DECK-16MAR2020",-121.7239,38.08442,"Decker","Decker","Inside","FRP",2020-03-16 07:00:00,"Decker Island","1",NA,NA,12.4,0.130282326252029,2.3,"PVC",2020,NA,NA,"Ebb",NA,8.9,NA,"Macro","Potamocorbula",0.000811,0
"FRP PVC2-TULE-22APR2021",-121.994948,38.132975,"Tule Red","Grizzly Bay","Inside","FRP",2021-04-22 07:00:00,"Tule Red","1",NA,NA,18.1,8.35991875057765,6.2,"PVC",2021,NA,NA,"5=NA",2021-04-22 13:06:00,10.85,NA,"Macro","Corbicula",0.000811,0
"FRP PVC2-TULE-22APR2021",-121.994948,38.132975,"Tule Red","Grizzly Bay","Inside","FRP",2021-04-22 07:00:00,"Tule Red","1",NA,NA,18.1,8.35991875057765,6.2,"PVC",2021,NA,NA,"5=NA",2021-04-22 13:06:00,10.85,NA,"Macro","Other",0.000811,0
"FRP PVC2-TULE-22APR2021",-121.994948,38.132975,"Tule Red","Grizzly Bay","Inside","FRP",2021-04-22 07:00:00,"Tule Red","1",NA,NA,18.1,8.35991875057765,6.2,"PVC",2021,NA,NA,"5=NA",2021-04-22 13:06:00,10.85,NA,"Macro","Potamocorbula",0.000811,0
"FRP PVC21-TULE-11MAY2022",-121.987958,38.127819,"Tule Red","Grizzly Bay","Inside","FRP",2022-05-11 07:00:00,"Tule Red","1",NA,24,15.1,6.94403145009757,46.3,"PVC",2022,NA,NA,"Ebb",NA,9.18,NA,"Macro","Corbicula",0.00811,0
"FRP PVC21-TULE-11MAY2022",-121.987958,38.127819,"Tule Red","Grizzly Bay","Inside","FRP",2022-05-11 07:00:00,"Tule Red","1",NA,24,15.1,6.94403145009757,46.3,"PVC",2022,NA,NA,"Ebb",NA,9.18,NA,"Macro","Other",0.00811,0
"FRP PVC21-TULE-11MAY2022",-121.987958,38.127819,"Tule Red","Grizzly Bay","Inside","FRP",2022-05-11 07:00:00,"Tule Red","1",NA,24,15.1,6.94403145009757,46.3,"PVC",2022,NA,NA,"Ebb",NA,9.18,NA,"Macro","Potamocorbula",0.00811,0
"FRP PVC22-TULE-11MAY2022",-121.982002,38.121213,"Tule Red","Grizzly Bay","Inside","FRP",2022-05-11 07:00:00,"Tule Red","1",NA,32,16.4,7.59053079316855,14.4,"PVC",2022,NA,NA,"Ebb",NA,8.36,NA,"Macro","Corbicula",0.00811,0
"FRP PVC22-TULE-11MAY2022",-121.982002,38.121213,"Tule Red","Grizzly Bay","Inside","FRP",2022-05-11 07:00:00,"Tule Red","1",NA,32,16.4,7.59053079316855,14.4,"PVC",2022,NA,NA,"Ebb",NA,8.36,NA,"Macro","Other",0.00811,0
"FRP PVC22-TULE-11MAY2022",-121.982002,38.121213,"Tule Red","Grizzly Bay","Inside","FRP",2022-05-11 07:00:00,"Tule Red","1",NA,32,16.4,7.59053079316855,14.4,"PVC",2022,NA,NA,"Ebb",NA,8.36,NA,"Macro","Potamocorbula",0.00811,0
"FRP PVC3-13APR2017",-121.867586,38.040503,"Browns","Confluence","Inside","FRP",2017-04-13 07:00:00,"Browns Island","1",NA,64,15.7,0.255251194152841,NA,"PVC",2017,NA,NA,"Ebb",NA,9.7,NA,"Macro","Corbicula",0.000811,0
"FRP PVC3-13APR2017",-121.867586,38.040503,"Browns","Confluence","Inside","FRP",2017-04-13 07:00:00,"Browns Island","1",NA,64,15.7,0.255251194152841,NA,"PVC",2017,NA,NA,"Ebb",NA,9.7,NA,"Macro","Other",0.000811,0
"FRP PVC3-13APR2017",-121.867586,38.040503,"Browns","Confluence","Inside","FRP",2017-04-13 07:00:00,"Browns Island","1",NA,64,15.7,0.255251194152841,NA,"PVC",2017,NA,NA,"Ebb",NA,9.7,NA,"Macro","Potamocorbula",0.000811,0
"FRP PVC3-23JAN2018",-121.723387,38.083608,NA,"Decker","Outside","FRP",2018-01-23 08:00:00,"Decker Island","1",NA,NA,10,0.252275913970818,7.4,"PVC",2018,NA,NA,"Ebb",2018-01-23 10:10:00,9.6,NA,"Macro","Corbicula",0.000811,0
"FRP PVC3-23JAN2018",-121.723387,38.083608,NA,"Decker","Outside","FRP",2018-01-23 08:00:00,"Decker Island","1",NA,NA,10,0.252275913970818,7.4,"PVC",2018,NA,NA,"Ebb",2018-01-23 10:10:00,9.6,NA,"Macro","Other",0.000811,0
"FRP PVC3-23JAN2018",-121.723387,38.083608,NA,"Decker","Outside","FRP",2018-01-23 08:00:00,"Decker Island","1",NA,NA,10,0.252275913970818,7.4,"PVC",2018,NA,NA,"Ebb",2018-01-23 10:10:00,9.6,NA,"Macro","Potamocorbula",0.000811,0
"FRP PVC3-3APR2017",-121.844452,38.04219,NA,"Confluence","Outside","FRP",2017-04-03 07:00:00,"Broad Slough","1",NA,44,15.2,0.0691993652650217,54.5,"PVC",2017,NA,NA,"Ebb",NA,12.6,NA,"Macro","Corbicula",0.000811,4932.18249075216
"FRP PVC3-3APR2017",-121.844452,38.04219,NA,"Confluence","Outside","FRP",2017-04-03 07:00:00,"Broad Slough","1",NA,44,15.2,0.0691993652650217,54.5,"PVC",2017,NA,NA,"Ebb",NA,12.6,NA,"Macro","Other",0.000811,0
"FRP PVC3-3APR2017",-121.844452,38.04219,NA,"Confluence","Outside","FRP",2017-04-03 07:00:00,"Broad Slough","1",NA,44,15.2,0.0691993652650217,54.5,"PVC",2017,NA,NA,"Ebb",NA,12.6,NA,"Macro","Potamocorbula",0.000811,14796.5474722565
"FRP PVC3-D-10MAY2018",-121.72638,38.08276,NA,"Decker","Outside","FRP",2018-05-10 07:00:00,"Horseshoe Bend","1",NA,114,19.1,0.0806980297525719,2.5,"PVC",2018,NA,NA,"High slack",2018-05-10 14:09:00,13.1,NA,"Macro","Corbicula",0.000811,1233.04562268804
"FRP PVC3-D-10MAY2018",-121.72638,38.08276,NA,"Decker","Outside","FRP",2018-05-10 07:00:00,"Horseshoe Bend","1",NA,114,19.1,0.0806980297525719,2.5,"PVC",2018,NA,NA,"High slack",2018-05-10 14:09:00,13.1,NA,"Macro","Other",0.000811,0
"FRP PVC3-D-10MAY2018",-121.72638,38.08276,NA,"Decker","Outside","FRP",2018-05-10 07:00:00,"Horseshoe Bend","1",NA,114,19.1,0.0806980297525719,2.5,"PVC",2018,NA,NA,"High slack",2018-05-10 14:09:00,13.1,NA,"Macro","Potamocorbula",0.000811,0
"FRP PVC3-TULE-22APR2021",-121.99068,38.128166,"Tule Red","Grizzly Bay","Inside","FRP",2021-04-22 07:00:00,"Tule Red","1",NA,NA,20.4,8.40320885325918,12.8,"PVC",2021,NA,NA,"5=NA",2021-04-22 15:30:00,12.67,NA,"Macro","Corbicula",0.000811,0
"FRP PVC3-TULE-22APR2021",-121.99068,38.128166,"Tule Red","Grizzly Bay","Inside","FRP",2021-04-22 07:00:00,"Tule Red","1",NA,NA,20.4,8.40320885325918,12.8,"PVC",2021,NA,NA,"5=NA",2021-04-22 15:30:00,12.67,NA,"Macro","Other",0.000811,0
"FRP PVC3-TULE-22APR2021",-121.99068,38.128166,"Tule Red","Grizzly Bay","Inside","FRP",2021-04-22 07:00:00,"Tule Red","1",NA,NA,20.4,8.40320885325918,12.8,"PVC",2021,NA,NA,"5=NA",2021-04-22 15:30:00,12.67,NA,"Macro","Potamocorbula",0.000811,0
"FRP PVC4-3APR2017",-121.844452,38.04219,NA,"Confluence","Outside","FRP",2017-04-03 07:00:00,"Broad Slough","1",NA,44,15.2,0.0691993652650217,54.5,"PVC",2017,NA,NA,"Ebb",NA,12.6,NA,"Macro","Corbicula",0.000811,0
"FRP PVC4-3APR2017",-121.844452,38.04219,NA,"Confluence","Outside","FRP",2017-04-03 07:00:00,"Broad Slough","1",NA,44,15.2,0.0691993652650217,54.5,"PVC",2017,NA,NA,"Ebb",NA,12.6,NA,"Macro","Other",0.000811,0
"FRP PVC4-3APR2017",-121.844452,38.04219,NA,"Confluence","Outside","FRP",2017-04-03 07:00:00,"Broad Slough","1",NA,44,15.2,0.0691993652650217,54.5,"PVC",2017,NA,NA,"Ebb",NA,12.6,NA,"Macro","Potamocorbula",0.000811,6165.2281134402
"FRP PVC4-CHIP-21APR2021",-121.914831,38.056988,"Chipps","Confluence","Inside","FRP",2021-04-21 07:00:00,"Chipps Island","1",NA,NA,17,4.89231371870923,34.6,"PVC",2021,NA,NA,"Ebb",2021-04-21 12:38:00,8.75,NA,"Macro","Corbicula",0.000811,0
"FRP PVC4-CHIP-21APR2021",-121.914831,38.056988,"Chipps","Confluence","Inside","FRP",2021-04-21 07:00:00,"Chipps Island","1",NA,NA,17,4.89231371870923,34.6,"PVC",2021,NA,NA,"Ebb",2021-04-21 12:38:00,8.75,NA,"Macro","Other",0.000811,0
"FRP PVC4-CHIP-21APR2021",-121.914831,38.056988,"Chipps","Confluence","Inside","FRP",2021-04-21 07:00:00,"Chipps Island","1",NA,NA,17,4.89231371870923,34.6,"PVC",2021,NA,NA,"Ebb",2021-04-21 12:38:00,8.75,NA,"Macro","Potamocorbula",0.000811,0
"FRP PVC4-D-10MAY2018",-121.72381,38.084184,"Decker","Decker","Inside","FRP",2018-05-10 07:00:00,"Decker Island","1",NA,NA,20.4,0.0835748849042272,8.6,"PVC",2018,NA,NA,"Ebb",2018-05-10 14:50:00,8.6,NA,"Macro","Corbicula",0.000811,1233.04562268804
"FRP PVC4-D-10MAY2018",-121.72381,38.084184,"Decker","Decker","Inside","FRP",2018-05-10 07:00:00,"Decker Island","1",NA,NA,20.4,0.0835748849042272,8.6,"PVC",2018,NA,NA,"Ebb",2018-05-10 14:50:00,8.6,NA,"Macro","Other",0.000811,0
"FRP PVC4-D-10MAY2018",-121.72381,38.084184,"Decker","Decker","Inside","FRP",2018-05-10 07:00:00,"Decker Island","1",NA,NA,20.4,0.0835748849042272,8.6,"PVC",2018,NA,NA,"Ebb",2018-05-10 14:50:00,8.6,NA,"Macro","Potamocorbula",0.000811,0
"FRP PVC5-22MAR2018",-121.86322,38.03854,"Browns","Confluence","Inside","FRP",2018-03-22 07:00:00,"Browns Island","1",NA,89,13.4,0.376951908353973,9.9,"PVC",2018,NA,NA,"Ebb",2018-03-22 10:57:00,11.8,NA,"Macro","Corbicula",0.000811,0
"FRP PVC5-22MAR2018",-121.86322,38.03854,"Browns","Confluence","Inside","FRP",2018-03-22 07:00:00,"Browns Island","1",NA,89,13.4,0.376951908353973,9.9,"PVC",2018,NA,NA,"Ebb",2018-03-22 10:57:00,11.8,NA,"Macro","Other",0.000811,0
"FRP PVC5-22MAR2018",-121.86322,38.03854,"Browns","Confluence","Inside","FRP",2018-03-22 07:00:00,"Browns Island","1",NA,89,13.4,0.376951908353973,9.9,"PVC",2018,NA,NA,"Ebb",2018-03-22 10:57:00,11.8,NA,"Macro","Potamocorbula",0.000811,0
"FRP PVC5-CHIP-21APR2021",-121.911734,38.055167,"Chipps","Confluence","Inside","FRP",2021-04-21 07:00:00,"Chipps Island","1",NA,NA,18.2,5.12855410915571,20.3,"PVC",2021,NA,NA,"Ebb",2021-04-21 14:24:00,8.09,NA,"Macro","Corbicula",0.000811,0
"FRP PVC5-CHIP-21APR2021",-121.911734,38.055167,"Chipps","Confluence","Inside","FRP",2021-04-21 07:00:00,"Chipps Island","1",NA,NA,18.2,5.12855410915571,20.3,"PVC",2021,NA,NA,"Ebb",2021-04-21 14:24:00,8.09,NA,"Macro","Other",0.000811,0
"FRP PVC5-CHIP-21APR2021",-121.911734,38.055167,"Chipps","Confluence","Inside","FRP",2021-04-21 07:00:00,"Chipps Island","1",NA,NA,18.2,5.12855410915571,20.3,"PVC",2021,NA,NA,"Ebb",2021-04-21 14:24:00,8.09,NA,"Macro","Potamocorbula",0.000811,0
"FRP PVC6-CHIP-21APR2021",-121.907909,38.058967,"Chipps","Confluence","Inside","FRP",2021-04-21 07:00:00,"Chipps Island","1",NA,NA,NA,NA,NA,"PVC",2021,NA,NA,"Ebb",2021-04-21 18:11:00,NA,NA,"Macro","Corbicula",0.000811,0
"FRP PVC6-CHIP-21APR2021",-121.907909,38.058967,"Chipps","Confluence","Inside","FRP",2021-04-21 07:00:00,"Chipps Island","1",NA,NA,NA,NA,NA,"PVC",2021,NA,NA,"Ebb",2021-04-21 18:11:00,NA,NA,"Macro","Other",0.000811,0
"FRP PVC6-CHIP-21APR2021",-121.907909,38.058967,"Chipps","Confluence","Inside","FRP",2021-04-21 07:00:00,"Chipps Island","1",NA,NA,NA,NA,NA,"PVC",2021,NA,NA,"Ebb",2021-04-21 18:11:00,NA,NA,"Macro","Potamocorbula",0.000811,0
"USGSbenthic 1036 2017-03-15",-122.0109915,38.08990604,NA,"Grizzly Bay","Outside","USGSbenthic",2017-03-15,"1036",NA,NA,NA,NA,NA,NA,"Ponar",2017,3,NA,NA,NA,NA,NA,"Macro","Corbicula",NA,0
"USGSbenthic 1036 2017-03-15",-122.0109915,38.08990604,NA,"Grizzly Bay","Outside","USGSbenthic",2017-03-15,"1036",NA,NA,NA,NA,NA,NA,"Ponar",2017,3,NA,NA,NA,NA,NA,"Macro","Other",NA,0
"USGSbenthic 1036 2017-03-15",-122.0109915,38.08990604,NA,"Grizzly Bay","Outside","USGSbenthic",2017-03-15,"1036",NA,NA,NA,NA,NA,NA,"Ponar",2017,3,NA,NA,NA,NA,NA,"Macro","Potamocorbula",NA,0
"USGSbenthic 1036 2017-06-15",-122.0109915,38.08990604,NA,"Grizzly Bay","Outside","USGSbenthic",2017-06-15,"1036",NA,NA,NA,NA,NA,NA,"Ponar",2017,6,NA,NA,NA,NA,NA,"Macro","Corbicula",NA,0
"USGSbenthic 1036 2017-06-15",-122.0109915,38.08990604,NA,"Grizzly Bay","Outside","USGSbenthic",2017-06-15,"1036",NA,NA,NA,NA,NA,NA,"Ponar",2017,6,NA,NA,NA,NA,NA,"Macro","Other",NA,0
"USGSbenthic 1036 2017-06-15",-122.0109915,38.08990604,NA,"Grizzly Bay","Outside","USGSbenthic",2017-06-15,"1036",NA,NA,NA,NA,NA,NA,"Ponar",2017,6,NA,NA,NA,NA,NA,"Macro","Potamocorbula",NA,0
"USGSbenthic 1036 2017-07-15",-122.0109915,38.08990604,NA,"Grizzly Bay","Outside","USGSbenthic",2017-07-15,"1036",NA,NA,NA,NA,NA,NA,"Ponar",2017,7,NA,NA,NA,NA,NA,"Macro","Corbicula",NA,0
"USGSbenthic 1036 2017-07-15",-122.0109915,38.08990604,NA,"Grizzly Bay","Outside","USGSbenthic",2017-07-15,"1036",NA,NA,NA,NA,NA,NA,"Ponar",2017,7,NA,NA,NA,NA,NA,"Macro","Other",NA,0
"USGSbenthic 1036 2017-07-15",-122.0109915,38.08990604,NA,"Grizzly Bay","Outside","USGSbenthic",2017-07-15,"1036",NA,NA,NA,NA,NA,NA,"Ponar",2017,7,NA,NA,NA,NA,NA,"Macro","Potamocorbula",NA,140
"USGSbenthic 1036 2017-08-15",-122.0109915,38.08990604,NA,"Grizzly Bay","Outside","USGSbenthic",2017-08-15,"1036",NA,NA,NA,NA,NA,NA,"Ponar",2017,8,NA,NA,NA,NA,NA,"Macro","Corbicula",NA,0
"USGSbenthic 1036 2017-08-15",-122.0109915,38.08990604,NA,"Grizzly Bay","Outside","USGSbenthic",2017-08-15,"1036",NA,NA,NA,NA,NA,NA,"Ponar",2017,8,NA,NA,NA,NA,NA,"Macro","Other",NA,0
"USGSbenthic 1036 2017-08-15",-122.0109915,38.08990604,NA,"Grizzly Bay","Outside","USGSbenthic",2017-08-15,"1036",NA,NA,NA,NA,NA,NA,"Ponar",2017,8,NA,NA,NA,NA,NA,"Macro","Potamocorbula",NA,120
"USGSbenthic 1036 2017-10-15",-122.0109915,38.08990604,NA,"Grizzly Bay","Outside","USGSbenthic",2017-10-15,"1036",NA,NA,NA,NA,NA,NA,"Ponar",2017,10,NA,NA,NA,NA,NA,"Macro","Corbicula",NA,20
"USGSbenthic 1036 2017-10-15",-122.0109915,38.08990604,NA,"Grizzly Bay","Outside","USGSbenthic",2017-10-15,"1036",NA,NA,NA,NA,NA,NA,"Ponar",2017,10,NA,NA,NA,NA,NA,"Macro","Other",NA,0
"USGSbenthic 1036 2017-10-15",-122.0109915,38.08990604,NA,"Grizzly Bay","Outside","USGSbenthic",2017-10-15,"1036",NA,NA,NA,NA,NA,NA,"Ponar",2017,10,NA,NA,NA,NA,NA,"Macro","Potamocorbula",NA,680
"USGSbenthic 1036 2018-05-15",-122.0109915,38.08990604,NA,"Grizzly Bay","Outside","USGSbenthic",2018-05-15,"1036",NA,NA,NA,NA,NA,NA,"Ponar",2018,5,NA,NA,NA,NA,NA,"Macro","Corbicula",NA,0
"USGSbenthic 1036 2018-05-15",-122.0109915,38.08990604,NA,"Grizzly Bay","Outside","USGSbenthic",2018-05-15,"1036",NA,NA,NA,NA,NA,NA,"Ponar",2018,5,NA,NA,NA,NA,NA,"Macro","Other",NA,0
"USGSbenthic 1036 2018-05-15",-122.0109915,38.08990604,NA,"Grizzly Bay","Outside","USGSbenthic",2018-05-15,"1036",NA,NA,NA,NA,NA,NA,"Ponar",2018,5,NA,NA,NA,NA,NA,"Macro","Potamocorbula",NA,960
"USGSbenthic 1036 2018-08-15",-122.0109915,38.08990604,NA,"Grizzly Bay","Outside","USGSbenthic",2018-08-15,"1036",NA,NA,NA,NA,NA,NA,"Ponar",2018,8,NA,NA,NA,NA,NA,"Macro","Corbicula",NA,0
"USGSbenthic 1036 2018-08-15",-122.0109915,38.08990604,NA,"Grizzly Bay","Outside","USGSbenthic",2018-08-15,"1036",NA,NA,NA,NA,NA,NA,"Ponar",2018,8,NA,NA,NA,NA,NA,"Macro","Other",NA,0
"USGSbenthic 1036 2018-08-15",-122.0109915,38.08990604,NA,"Grizzly Bay","Outside","USGSbenthic",2018-08-15,"1036",NA,NA,NA,NA,NA,NA,"Ponar",2018,8,NA,NA,NA,NA,NA,"Macro","Potamocorbula",NA,300
"USGSbenthic 1036 2018-10-15",-122.0109915,38.08990604,NA,"Grizzly Bay","Outside","USGSbenthic",2018-10-15,"1036",NA,NA,NA,NA,NA,NA,"Ponar",2018,10,NA,NA,NA,NA,NA,"Macro","Corbicula",NA,0
"USGSbenthic 1036 2018-10-15",-122.0109915,38.08990604,NA,"Grizzly Bay","Outside","USGSbenthic",2018-10-15,"1036",NA,NA,NA,NA,NA,NA,"Ponar",2018,10,NA,NA,NA,NA,NA,"Macro","Other",NA,0
"USGSbenthic 1036 2018-10-15",-122.0109915,38.08990604,NA,"Grizzly Bay","Outside","USGSbenthic",2018-10-15,"1036",NA,NA,NA,NA,NA,NA,"Ponar",2018,10,NA,NA,NA,NA,NA,"Macro","Potamocorbula",NA,740
"USGSbenthic 1046 2017-03-15",-122.0465747,38.09003476,NA,"Grizzly Bay","Outside","USGSbenthic",2017-03-15,"1046",NA,NA,NA,NA,NA,NA,"Ponar",2017,3,NA,NA,NA,NA,NA,"Macro","Corbicula",NA,0
"USGSbenthic 1046 2017-03-15",-122.0465747,38.09003476,NA,"Grizzly Bay","Outside","USGSbenthic",2017-03-15,"1046",NA,NA,NA,NA,NA,NA,"Ponar",2017,3,NA,NA,NA,NA,NA,"Macro","Other",NA,0
"USGSbenthic 1046 2017-03-15",-122.0465747,38.09003476,NA,"Grizzly Bay","Outside","USGSbenthic",2017-03-15,"1046",NA,NA,NA,NA,NA,NA,"Ponar",2017,3,NA,NA,NA,NA,NA,"Macro","Potamocorbula",NA,40
"USGSbenthic 1046 2017-06-15",-122.0465747,38.09003476,NA,"Grizzly Bay","Outside","USGSbenthic",2017-06-15,"1046",NA,NA,NA,NA,NA,NA,"Ponar",2017,6,NA,NA,NA,NA,NA,"Macro","Corbicula",NA,20
"USGSbenthic 1046 2017-06-15",-122.0465747,38.09003476,NA,"Grizzly Bay","Outside","USGSbenthic",2017-06-15,"1046",NA,NA,NA,NA,NA,NA,"Ponar",2017,6,NA,NA,NA,NA,NA,"Macro","Other",NA,0
"USGSbenthic 1046 2017-06-15",-122.0465747,38.09003476,NA,"Grizzly Bay","Outside","USGSbenthic",2017-06-15,"1046",NA,NA,NA,NA,NA,NA,"Ponar",2017,6,NA,NA,NA,NA,NA,"Macro","Potamocorbula",NA,0
"USGSbenthic 1046 2017-07-15",-122.0465747,38.09003476,NA,"Grizzly Bay","Outside","USGSbenthic",2017-07-15,"1046",NA,NA,NA,NA,NA,NA,"Ponar",2017,7,NA,NA,NA,NA,NA,"Macro","Corbicula",NA,200
"USGSbenthic 1046 2017-07-15",-122.0465747,38.09003476,NA,"Grizzly Bay","Outside","USGSbenthic",2017-07-15,"1046",NA,NA,NA,NA,NA,NA,"Ponar",2017,7,NA,NA,NA,NA,NA,"Macro","Other",NA,0
"USGSbenthic 1046 2017-07-15",-122.0465747,38.09003476,NA,"Grizzly Bay","Outside","USGSbenthic",2017-07-15,"1046",NA,NA,NA,NA,NA,NA,"Ponar",2017,7,NA,NA,NA,NA,NA,"Macro","Potamocorbula",NA,540
"USGSbenthic 1046 2017-08-15",-122.0465747,38.09003476,NA,"Grizzly Bay","Outside","USGSbenthic",2017-08-15,"1046",NA,NA,NA,NA,NA,NA,"Ponar",2017,8,NA,NA,NA,NA,NA,"Macro","Corbicula",NA,100
"USGSbenthic 1046 2017-08-15",-122.0465747,38.09003476,NA,"Grizzly Bay","Outside","USGSbenthic",2017-08-15,"1046",NA,NA,NA,NA,NA,NA,"Ponar",2017,8,NA,NA,NA,NA,NA,"Macro","Other",NA,0
"USGSbenthic 1046 2017-08-15",-122.0465747,38.09003476,NA,"Grizzly Bay","Outside","USGSbenthic",2017-08-15,"1046",NA,NA,NA,NA,NA,NA,"Ponar",2017,8,NA,NA,NA,NA,NA,"Macro","Potamocorbula",NA,5480
"USGSbenthic 1046 2017-10-15",-122.0465747,38.09003476,NA,"Grizzly Bay","Outside","USGSbenthic",2017-10-15,"1046",NA,NA,NA,NA,NA,NA,"Ponar",2017,10,NA,NA,NA,NA,NA,"Macro","Corbicula",NA,160
"USGSbenthic 1046 2017-10-15",-122.0465747,38.09003476,NA,"Grizzly Bay","Outside","USGSbenthic",2017-10-15,"1046",NA,NA,NA,NA,NA,NA,"Ponar",2017,10,NA,NA,NA,NA,NA,"Macro","Other",NA,0
"USGSbenthic 1046 2017-10-15",-122.0465747,38.09003476,NA,"Grizzly Bay","Outside","USGSbenthic",2017-10-15,"1046",NA,NA,NA,NA,NA,NA,"Ponar",2017,10,NA,NA,NA,NA,NA,"Macro","Potamocorbula",NA,7200
"USGSbenthic 1046 2018-05-15",-122.0465747,38.09003476,NA,"Grizzly Bay","Outside","USGSbenthic",2018-05-15,"1046",NA,NA,NA,NA,NA,NA,"Ponar",2018,5,NA,NA,NA,NA,NA,"Macro","Corbicula",NA,0
"USGSbenthic 1046 2018-05-15",-122.0465747,38.09003476,NA,"Grizzly Bay","Outside","USGSbenthic",2018-05-15,"1046",NA,NA,NA,NA,NA,NA,"Ponar",2018,5,NA,NA,NA,NA,NA,"Macro","Other",NA,20
"USGSbenthic 1046 2018-05-15",-122.0465747,38.09003476,NA,"Grizzly Bay","Outside","USGSbenthic",2018-05-15,"1046",NA,NA,NA,NA,NA,NA,"Ponar",2018,5,NA,NA,NA,NA,NA,"Macro","Potamocorbula",NA,2540
"USGSbenthic 1046 2018-08-15",-122.0465747,38.09003476,NA,"Grizzly Bay","Outside","USGSbenthic",2018-08-15,"1046",NA,NA,NA,NA,NA,NA,"Ponar",2018,8,NA,NA,NA,NA,NA,"Macro","Corbicula",NA,40
"USGSbenthic 1046 2018-08-15",-122.0465747,38.09003476,NA,"Grizzly Bay","Outside","USGSbenthic",2018-08-15,"1046",NA,NA,NA,NA,NA,NA,"Ponar",2018,8,NA,NA,NA,NA,NA,"Macro","Other",NA,0
"USGSbenthic 1046 2018-08-15",-122.0465747,38.09003476,NA,"Grizzly Bay","Outside","USGSbenthic",2018-08-15,"1046",NA,NA,NA,NA,NA,NA,"Ponar",2018,8,NA,NA,NA,NA,NA,"Macro","Potamocorbula",NA,4160
"USGSbenthic 1046 2018-10-15",-122.0465747,38.09003476,NA,"Grizzly Bay","Outside","USGSbenthic",2018-10-15,"1046",NA,NA,NA,NA,NA,NA,"Ponar",2018,10,NA,NA,NA,NA,NA,"Macro","Corbicula",NA,40
"USGSbenthic 1046 2018-10-15",-122.0465747,38.09003476,NA,"Grizzly Bay","Outside","USGSbenthic",2018-10-15,"1046",NA,NA,NA,NA,NA,NA,"Ponar",2018,10,NA,NA,NA,NA,NA,"Macro","Other",NA,0
"USGSbenthic 1046 2018-10-15",-122.0465747,38.09003476,NA,"Grizzly Bay","Outside","USGSbenthic",2018-10-15,"1046",NA,NA,NA,NA,NA,NA,"Ponar",2018,10,NA,NA,NA,NA,NA,"Macro","Potamocorbula",NA,4580
"USGSbenthic 423 2017-03-15",-122.0030488,38.0876577,NA,"Grizzly Bay","Outside","USGSbenthic",2017-03-15,"423",NA,NA,NA,NA,NA,NA,"Ponar",2017,3,NA,NA,NA,NA,NA,"Macro","Corbicula",NA,0
"USGSbenthic 423 2017-03-15",-122.0030488,38.0876577,NA,"Grizzly Bay","Outside","USGSbenthic",2017-03-15,"423",NA,NA,NA,NA,NA,NA,"Ponar",2017,3,NA,NA,NA,NA,NA,"Macro","Other",NA,0
"USGSbenthic 423 2017-03-15",-122.0030488,38.0876577,NA,"Grizzly Bay","Outside","USGSbenthic",2017-03-15,"423",NA,NA,NA,NA,NA,NA,"Ponar",2017,3,NA,NA,NA,NA,NA,"Macro","Potamocorbula",NA,120
"USGSbenthic 423 2017-06-15",-122.0030488,38.0876577,NA,"Grizzly Bay","Outside","USGSbenthic",2017-06-15,"423",NA,NA,NA,NA,NA,NA,"Ponar",2017,6,NA,NA,NA,NA,NA,"Macro","Corbicula",NA,0
"USGSbenthic 423 2017-06-15",-122.0030488,38.0876577,NA,"Grizzly Bay","Outside","USGSbenthic",2017-06-15,"423",NA,NA,NA,NA,NA,NA,"Ponar",2017,6,NA,NA,NA,NA,NA,"Macro","Other",NA,0
"USGSbenthic 423 2017-06-15",-122.0030488,38.0876577,NA,"Grizzly Bay","Outside","USGSbenthic",2017-06-15,"423",NA,NA,NA,NA,NA,NA,"Ponar",2017,6,NA,NA,NA,NA,NA,"Macro","Potamocorbula",NA,160
"USGSbenthic 423 2017-07-15",-122.0030488,38.0876577,NA,"Grizzly Bay","Outside","USGSbenthic",2017-07-15,"423",NA,NA,NA,NA,NA,NA,"Ponar",2017,7,NA,NA,NA,NA,NA,"Macro","Corbicula",NA,20
"USGSbenthic 423 2017-07-15",-122.0030488,38.0876577,NA,"Grizzly Bay","Outside","USGSbenthic",2017-07-15,"423",NA,NA,NA,NA,NA,NA,"Ponar",2017,7,NA,NA,NA,NA,NA,"Macro","Other",NA,0
"USGSbenthic 423 2017-07-15",-122.0030488,38.0876577,NA,"Grizzly Bay","Outside","USGSbenthic",2017-07-15,"423",NA,NA,NA,NA,NA,NA,"Ponar",2017,7,NA,NA,NA,NA,NA,"Macro","Potamocorbula",NA,120
"USGSbenthic 423 2017-08-15",-122.0030488,38.0876577,NA,"Grizzly Bay","Outside","USGSbenthic",2017-08-15,"423",NA,NA,NA,NA,NA,NA,"Ponar",2017,8,NA,NA,NA,NA,NA,"Macro","Corbicula",NA,0
"USGSbenthic 423 2017-08-15",-122.0030488,38.0876577,NA,"Grizzly Bay","Outside","USGSbenthic",2017-08-15,"423",NA,NA,NA,NA,NA,NA,"Ponar",2017,8,NA,NA,NA,NA,NA,"Macro","Other",NA,0
"USGSbenthic 423 2017-08-15",-122.0030488,38.0876577,NA,"Grizzly Bay","Outside","USGSbenthic",2017-08-15,"423",NA,NA,NA,NA,NA,NA,"Ponar",2017,8,NA,NA,NA,NA,NA,"Macro","Potamocorbula",NA,320
"USGSbenthic 423 2017-10-15",-122.0030488,38.0876577,NA,"Grizzly Bay","Outside","USGSbenthic",2017-10-15,"423",NA,NA,NA,NA,NA,NA,"Ponar",2017,10,NA,NA,NA,NA,NA,"Macro","Corbicula",NA,40
"USGSbenthic 423 2017-10-15",-122.0030488,38.0876577,NA,"Grizzly Bay","Outside","USGSbenthic",2017-10-15,"423",NA,NA,NA,NA,NA,NA,"Ponar",2017,10,NA,NA,NA,NA,NA,"Macro","Other",NA,0
"USGSbenthic 423 2017-10-15",-122.0030488,38.0876577,NA,"Grizzly Bay","Outside","USGSbenthic",2017-10-15,"423",NA,NA,NA,NA,NA,NA,"Ponar",2017,10,NA,NA,NA,NA,NA,"Macro","Potamocorbula",NA,3660
"USGSbenthic 423 2018-05-15",-122.0030488,38.0876577,NA,"Grizzly Bay","Outside","USGSbenthic",2018-05-15,"423",NA,NA,NA,NA,NA,NA,"Ponar",2018,5,NA,NA,NA,NA,NA,"Macro","Corbicula",NA,0
"USGSbenthic 423 2018-05-15",-122.0030488,38.0876577,NA,"Grizzly Bay","Outside","USGSbenthic",2018-05-15,"423",NA,NA,NA,NA,NA,NA,"Ponar",2018,5,NA,NA,NA,NA,NA,"Macro","Other",NA,0
"USGSbenthic 423 2018-05-15",-122.0030488,38.0876577,NA,"Grizzly Bay","Outside","USGSbenthic",2018-05-15,"423",NA,NA,NA,NA,NA,NA,"Ponar",2018,5,NA,NA,NA,NA,NA,"Macro","Potamocorbula",NA,2280
"USGSbenthic 423 2018-08-15",-122.0030488,38.0876577,NA,"Grizzly Bay","Outside","USGSbenthic",2018-08-15,"423",NA,NA,NA,NA,NA,NA,"Ponar",2018,8,NA,NA,NA,NA,NA,"Macro","Corbicula",NA,0
"USGSbenthic 423 2018-08-15",-122.0030488,38.0876577,NA,"Grizzly Bay","Outside","USGSbenthic",2018-08-15,"423",NA,NA,NA,NA,NA,NA,"Ponar",2018,8,NA,NA,NA,NA,NA,"Macro","Other",NA,0
"USGSbenthic 423 2018-08-15",-122.0030488,38.0876577,NA,"Grizzly Bay","Outside","USGSbenthic",2018-08-15,"423",NA,NA,NA,NA,NA,NA,"Ponar",2018,8,NA,NA,NA,NA,NA,"Macro","Potamocorbula",NA,2000
"USGSbenthic 423 2018-10-15",-122.0030488,38.0876577,NA,"Grizzly Bay","Outside","USGSbenthic",2018-10-15,"423",NA,NA,NA,NA,NA,NA,"Ponar",2018,10,NA,NA,NA,NA,NA,"Macro","Corbicula",NA,0
"USGSbenthic 423 2018-10-15",-122.0030488,38.0876577,NA,"Grizzly Bay","Outside","USGSbenthic",2018-10-15,"423",NA,NA,NA,NA,NA,NA,"Ponar",2018,10,NA,NA,NA,NA,NA,"Macro","Other",NA,0
"USGSbenthic 423 2018-10-15",-122.0030488,38.0876577,NA,"Grizzly Bay","Outside","USGSbenthic",2018-10-15,"423",NA,NA,NA,NA,NA,NA,"Ponar",2018,10,NA,NA,NA,NA,NA,"Macro","Potamocorbula",NA,1260
"USGSbenthic 959 2017-03-15",-121.9937572,38.07717987,NA,"Grizzly Bay","Outside","USGSbenthic",2017-03-15,"959",NA,NA,NA,NA,NA,NA,"Ponar",2017,3,NA,NA,NA,NA,NA,"Macro","Corbicula",NA,0
"USGSbenthic 959 2017-03-15",-121.9937572,38.07717987,NA,"Grizzly Bay","Outside","USGSbenthic",2017-03-15,"959",NA,NA,NA,NA,NA,NA,"Ponar",2017,3,NA,NA,NA,NA,NA,"Macro","Other",NA,0
"USGSbenthic 959 2017-03-15",-121.9937572,38.07717987,NA,"Grizzly Bay","Outside","USGSbenthic",2017-03-15,"959",NA,NA,NA,NA,NA,NA,"Ponar",2017,3,NA,NA,NA,NA,NA,"Macro","Potamocorbula",NA,360
"USGSbenthic 959 2017-06-15",-121.9937572,38.07717987,NA,"Grizzly Bay","Outside","USGSbenthic",2017-06-15,"959",NA,NA,NA,NA,NA,NA,"Ponar",2017,6,NA,NA,NA,NA,NA,"Macro","Corbicula",NA,20
"USGSbenthic 959 2017-06-15",-121.9937572,38.07717987,NA,"Grizzly Bay","Outside","USGSbenthic",2017-06-15,"959",NA,NA,NA,NA,NA,NA,"Ponar",2017,6,NA,NA,NA,NA,NA,"Macro","Other",NA,0
"USGSbenthic 959 2017-06-15",-121.9937572,38.07717987,NA,"Grizzly Bay","Outside","USGSbenthic",2017-06-15,"959",NA,NA,NA,NA,NA,NA,"Ponar",2017,6,NA,NA,NA,NA,NA,"Macro","Potamocorbula",NA,80
"USGSbenthic 959 2017-07-15",-121.9937572,38.07717987,NA,"Grizzly Bay","Outside","USGSbenthic",2017-07-15,"959",NA,NA,NA,NA,NA,NA,"Ponar",2017,7,NA,NA,NA,NA,NA,"Macro","Corbicula",NA,60
"USGSbenthic 959 2017-07-15",-121.9937572,38.07717987,NA,"Grizzly Bay","Outside","USGSbenthic",2017-07-15,"959",NA,NA,NA,NA,NA,NA,"Ponar",2017,7,NA,NA,NA,NA,NA,"Macro","Other",NA,0
"USGSbenthic 959 2017-07-15",-121.9937572,38.07717987,NA,"Grizzly Bay","Outside","USGSbenthic",2017-07-15,"959",NA,NA,NA,NA,NA,NA,"Ponar",2017,7,NA,NA,NA,NA,NA,"Macro","Potamocorbula",NA,200
"USGSbenthic 959 2017-08-15",-121.9937572,38.07717987,NA,"Grizzly Bay","Outside","USGSbenthic",2017-08-15,"959",NA,NA,NA,NA,NA,NA,"Ponar",2017,8,NA,NA,NA,NA,NA,"Macro","Corbicula",NA,40
"USGSbenthic 959 2017-08-15",-121.9937572,38.07717987,NA,"Grizzly Bay","Outside","USGSbenthic",2017-08-15,"959",NA,NA,NA,NA,NA,NA,"Ponar",2017,8,NA,NA,NA,NA,NA,"Macro","Other",NA,0
"USGSbenthic 959 2017-08-15",-121.9937572,38.07717987,NA,"Grizzly Bay","Outside","USGSbenthic",2017-08-15,"959",NA,NA,NA,NA,NA,NA,"Ponar",2017,8,NA,NA,NA,NA,NA,"Macro","Potamocorbula",NA,11480
"USGSbenthic 959 2017-10-15",-121.9937572,38.07717987,NA,"Grizzly Bay","Outside","USGSbenthic",2017-10-15,"959",NA,NA,NA,NA,NA,NA,"Ponar",2017,10,NA,NA,NA,NA,NA,"Macro","Corbicula",NA,20
"USGSbenthic 959 2017-10-15",-121.9937572,38.07717987,NA,"Grizzly Bay","Outside","USGSbenthic",2017-10-15,"959",NA,NA,NA,NA,NA,NA,"Ponar",2017,10,NA,NA,NA,NA,NA,"Macro","Other",NA,0
"USGSbenthic 959 2017-10-15",-121.9937572,38.07717987,NA,"Grizzly Bay","Outside","USGSbenthic",2017-10-15,"959",NA,NA,NA,NA,NA,NA,"Ponar",2017,10,NA,NA,NA,NA,NA,"Macro","Potamocorbula",NA,5160
"USGSbenthic 959 2018-05-15",-121.9937572,38.07717987,NA,"Grizzly Bay","Outside","USGSbenthic",2018-05-15,"959",NA,NA,NA,NA,NA,NA,"Ponar",2018,5,NA,NA,NA,NA,NA,"Macro","Corbicula",NA,0
"USGSbenthic 959 2018-05-15",-121.9937572,38.07717987,NA,"Grizzly Bay","Outside","USGSbenthic",2018-05-15,"959",NA,NA,NA,NA,NA,NA,"Ponar",2018,5,NA,NA,NA,NA,NA,"Macro","Other",NA,0
"USGSbenthic 959 2018-05-15",-121.9937572,38.07717987,NA,"Grizzly Bay","Outside","USGSbenthic",2018-05-15,"959",NA,NA,NA,NA,NA,NA,"Ponar",2018,5,NA,NA,NA,NA,NA,"Macro","Potamocorbula",NA,3040
"USGSbenthic 959 2018-08-15",-121.9937572,38.07717987,NA,"Grizzly Bay","Outside","USGSbenthic",2018-08-15,"959",NA,NA,NA,NA,NA,NA,"Ponar",2018,8,NA,NA,NA,NA,NA,"Macro","Corbicula",NA,20
"USGSbenthic 959 2018-08-15",-121.9937572,38.07717987,NA,"Grizzly Bay","Outside","USGSbenthic",2018-08-15,"959",NA,NA,NA,NA,NA,NA,"Ponar",2018,8,NA,NA,NA,NA,NA,"Macro","Other",NA,20
"USGSbenthic 959 2018-08-15",-121.9937572,38.07717987,NA,"Grizzly Bay","Outside","USGSbenthic",2018-08-15,"959",NA,NA,NA,NA,NA,NA,"Ponar",2018,8,NA,NA,NA,NA,NA,"Macro","Potamocorbula",NA,0
"USGSbenthic 959 2018-10-15",-121.9937572,38.07717987,NA,"Grizzly Bay","Outside","USGSbenthic",2018-10-15,"959",NA,NA,NA,NA,NA,NA,"Ponar",2018,10,NA,NA,NA,NA,NA,"Macro","Corbicula",NA,0
"USGSbenthic 959 2018-10-15",-121.9937572,38.07717987,NA,"Grizzly Bay","Outside","USGSbenthic",2018-10-15,"959",NA,NA,NA,NA,NA,NA,"Ponar",2018,10,NA,NA,NA,NA,NA,"Macro","Other",NA,0
"USGSbenthic 959 2018-10-15",-121.9937572,38.07717987,NA,"Grizzly Bay","Outside","USGSbenthic",2018-10-15,"959",NA,NA,NA,NA,NA,NA,"Ponar",2018,10,NA,NA,NA,NA,NA,"Macro","Potamocorbula",NA,1340
"USGSbenthic CSL_1 2017-06-15",-121.688453,38.243962,NA,"Cache Slough","Outside","USGSbenthic",2017-06-15,"CSL_1",NA,NA,NA,NA,NA,NA,"Ponar",2017,6,NA,NA,NA,NA,NA,"Macro","Corbicula",NA,7400
"USGSbenthic CSL_1 2017-06-15",-121.688453,38.243962,NA,"Cache Slough","Outside","USGSbenthic",2017-06-15,"CSL_1",NA,NA,NA,NA,NA,NA,"Ponar",2017,6,NA,NA,NA,NA,NA,"Macro","Other",NA,20
"USGSbenthic CSL_1 2017-06-15",-121.688453,38.243962,NA,"Cache Slough","Outside","USGSbenthic",2017-06-15,"CSL_1",NA,NA,NA,NA,NA,NA,"Ponar",2017,6,NA,NA,NA,NA,NA,"Macro","Potamocorbula",NA,0
"USGSbenthic CSL_1 2017-07-15",-121.688453,38.243962,NA,"Cache Slough","Outside","USGSbenthic",2017-07-15,"CSL_1",NA,NA,NA,NA,NA,NA,"Ponar",2017,7,NA,NA,NA,NA,NA,"Macro","Corbicula",NA,5560
"USGSbenthic CSL_1 2017-07-15",-121.688453,38.243962,NA,"Cache Slough","Outside","USGSbenthic",2017-07-15,"CSL_1",NA,NA,NA,NA,NA,NA,"Ponar",2017,7,NA,NA,NA,NA,NA,"Macro","Other",NA,240
"USGSbenthic CSL_1 2017-07-15",-121.688453,38.243962,NA,"Cache Slough","Outside","USGSbenthic",2017-07-15,"CSL_1",NA,NA,NA,NA,NA,NA,"Ponar",2017,7,NA,NA,NA,NA,NA,"Macro","Potamocorbula",NA,0
"USGSbenthic CSL_1 2017-08-15",-121.688453,38.243962,NA,"Cache Slough","Outside","USGSbenthic",2017-08-15,"CSL_1",NA,NA,NA,NA,NA,NA,"Ponar",2017,8,NA,NA,NA,NA,NA,"Macro","Corbicula",NA,2140
"USGSbenthic CSL_1 2017-08-15",-121.688453,38.243962,NA,"Cache Slough","Outside","USGSbenthic",2017-08-15,"CSL_1",NA,NA,NA,NA,NA,NA,"Ponar",2017,8,NA,NA,NA,NA,NA,"Macro","Other",NA,0
"USGSbenthic CSL_1 2017-08-15",-121.688453,38.243962,NA,"Cache Slough","Outside","USGSbenthic",2017-08-15,"CSL_1",NA,NA,NA,NA,NA,NA,"Ponar",2017,8,NA,NA,NA,NA,NA,"Macro","Potamocorbula",NA,0
"USGSbenthic CSL_1 2017-10-15",-121.688453,38.243962,NA,"Cache Slough","Outside","USGSbenthic",2017-10-15,"CSL_1",NA,NA,NA,NA,NA,NA,"Ponar",2017,10,NA,NA,NA,NA,NA,"Macro","Corbicula",NA,6200
"USGSbenthic CSL_1 2017-10-15",-121.688453,38.243962,NA,"Cache Slough","Outside","USGSbenthic",2017-10-15,"CSL_1",NA,NA,NA,NA,NA,NA,"Ponar",2017,10,NA,NA,NA,NA,NA,"Macro","Other",NA,60
"USGSbenthic CSL_1 2017-10-15",-121.688453,38.243962,NA,"Cache Slough","Outside","USGSbenthic",2017-10-15,"CSL_1",NA,NA,NA,NA,NA,NA,"Ponar",2017,10,NA,NA,NA,NA,NA,"Macro","Potamocorbula",NA,0
"USGSbenthic CSL_1 2018-05-15",-121.688453,38.243962,NA,"Cache Slough","Outside","USGSbenthic",2018-05-15,"CSL_1",NA,NA,NA,NA,NA,NA,"Ponar",2018,5,NA,NA,NA,NA,NA,"Macro","Corbicula",NA,1640
"USGSbenthic CSL_1 2018-05-15",-121.688453,38.243962,NA,"Cache Slough","Outside","USGSbenthic",2018-05-15,"CSL_1",NA,NA,NA,NA,NA,NA,"Ponar",2018,5,NA,NA,NA,NA,NA,"Macro","Other",NA,0
"USGSbenthic CSL_1 2018-05-15",-121.688453,38.243962,NA,"Cache Slough","Outside","USGSbenthic",2018-05-15,"CSL_1",NA,NA,NA,NA,NA,NA,"Ponar",2018,5,NA,NA,NA,NA,NA,"Macro","Potamocorbula",NA,0
"USGSbenthic CSL_1 2018-06-15",-121.688453,38.243962,NA,"Cache Slough","Outside","USGSbenthic",2018-06-15,"CSL_1",NA,NA,NA,NA,NA,NA,"Ponar",2018,6,NA,NA,NA,NA,NA,"Macro","Corbicula",NA,0
"USGSbenthic CSL_1 2018-06-15",-121.688453,38.243962,NA,"Cache Slough","Outside","USGSbenthic",2018-06-15,"CSL_1",NA,NA,NA,NA,NA,NA,"Ponar",2018,6,NA,NA,NA,NA,NA,"Macro","Other",NA,0
"USGSbenthic CSL_1 2018-06-15",-121.688453,38.243962,NA,"Cache Slough","Outside","USGSbenthic",2018-06-15,"CSL_1",NA,NA,NA,NA,NA,NA,"Ponar",2018,6,NA,NA,NA,NA,NA,"Macro","Potamocorbula",NA,0
"USGSbenthic CSL_1 2018-08-15",-121.688453,38.243962,NA,"Cache Slough","Outside","USGSbenthic",2018-08-15,"CSL_1",NA,NA,NA,NA,NA,NA,"Ponar",2018,8,NA,NA,NA,NA,NA,"Macro","Corbicula",NA,0
"USGSbenthic CSL_1 2018-08-15",-121.688453,38.243962,NA,"Cache Slough","Outside","USGSbenthic",2018-08-15,"CSL_1",NA,NA,NA,NA,NA,NA,"Ponar",2018,8,NA,NA,NA,NA,NA,"Macro","Other",NA,180
"USGSbenthic CSL_1 2018-08-15",-121.688453,38.243962,NA,"Cache Slough","Outside","USGSbenthic",2018-08-15,"CSL_1",NA,NA,NA,NA,NA,NA,"Ponar",2018,8,NA,NA,NA,NA,NA,"Macro","Potamocorbula",NA,0
"USGSbenthic CSL_1 2018-10-15",-121.688453,38.243962,NA,"Cache Slough","Outside","USGSbenthic",2018-10-15,"CSL_1",NA,NA,NA,NA,NA,NA,"Ponar",2018,10,NA,NA,NA,NA,NA,"Macro","Corbicula",NA,320
"USGSbenthic CSL_1 2018-10-15",-121.688453,38.243962,NA,"Cache Slough","Outside","USGSbenthic",2018-10-15,"CSL_1",NA,NA,NA,NA,NA,NA,"Ponar",2018,10,NA,NA,NA,NA,NA,"Macro","Other",NA,0
"USGSbenthic CSL_1 2018-10-15",-121.688453,38.243962,NA,"Cache Slough","Outside","USGSbenthic",2018-10-15,"CSL_1",NA,NA,NA,NA,NA,NA,"Ponar",2018,10,NA,NA,NA,NA,NA,"Macro","Potamocorbula",NA,0
"USGSbenthic CSL_2 2017-06-15",-121.688239,38.255096,NA,"Cache Slough","Outside","USGSbenthic",2017-06-15,"CSL_2",NA,NA,NA,NA,NA,NA,"Ponar",2017,6,NA,NA,NA,NA,NA,"Macro","Corbicula",NA,2080
"USGSbenthic CSL_2 2017-06-15",-121.688239,38.255096,NA,"Cache Slough","Outside","USGSbenthic",2017-06-15,"CSL_2",NA,NA,NA,NA,NA,NA,"Ponar",2017,6,NA,NA,NA,NA,NA,"Macro","Other",NA,140
"USGSbenthic CSL_2 2017-06-15",-121.688239,38.255096,NA,"Cache Slough","Outside","USGSbenthic",2017-06-15,"CSL_2",NA,NA,NA,NA,NA,NA,"Ponar",2017,6,NA,NA,NA,NA,NA,"Macro","Potamocorbula",NA,0
"USGSbenthic CSL_2 2017-07-15",-121.688239,38.255096,NA,"Cache Slough","Outside","USGSbenthic",2017-07-15,"CSL_2",NA,NA,NA,NA,NA,NA,"Ponar",2017,7,NA,NA,NA,NA,NA,"Macro","Corbicula",NA,1000
"USGSbenthic CSL_2 2017-07-15",-121.688239,38.255096,NA,"Cache Slough","Outside","USGSbenthic",2017-07-15,"CSL_2",NA,NA,NA,NA,NA,NA,"Ponar",2017,7,NA,NA,NA,NA,NA,"Macro","Other",NA,220
"USGSbenthic CSL_2 2017-07-15",-121.688239,38.255096,NA,"Cache Slough","Outside","USGSbenthic",2017-07-15,"CSL_2",NA,NA,NA,NA,NA,NA,"Ponar",2017,7,NA,NA,NA,NA,NA,"Macro","Potamocorbula",NA,0
"USGSbenthic CSL_2 2017-08-15",-121.688239,38.255096,NA,"Cache Slough","Outside","USGSbenthic",2017-08-15,"CSL_2",NA,NA,NA,NA,NA,NA,"Ponar",2017,8,NA,NA,NA,NA,NA,"Macro","Corbicula",NA,1840
"USGSbenthic CSL_2 2017-08-15",-121.688239,38.255096,NA,"Cache Slough","Outside","USGSbenthic",2017-08-15,"CSL_2",NA,NA,NA,NA,NA,NA,"Ponar",2017,8,NA,NA,NA,NA,NA,"Macro","Other",NA,0
"USGSbenthic CSL_2 2017-08-15",-121.688239,38.255096,NA,"Cache Slough","Outside","USGSbenthic",2017-08-15,"CSL_2",NA,NA,NA,NA,NA,NA,"Ponar",2017,8,NA,NA,NA,NA,NA,"Macro","Potamocorbula",NA,0
"USGSbenthic CSL_2 2017-10-15",-121.688239,38.255096,NA,"Cache Slough","Outside","USGSbenthic",2017-10-15,"CSL_2",NA,NA,NA,NA,NA,NA,"Ponar",2017,10,NA,NA,NA,NA,NA,"Macro","Corbicula",NA,2080
"USGSbenthic CSL_2 2017-10-15",-121.688239,38.255096,NA,"Cache Slough","Outside","USGSbenthic",2017-10-15,"CSL_2",NA,NA,NA,NA,NA,NA,"Ponar",2017,10,NA,NA,NA,NA,NA,"Macro","Other",NA,240
"USGSbenthic CSL_2 2017-10-15",-121.688239,38.255096,NA,"Cache Slough","Outside","USGSbenthic",2017-10-15,"CSL_2",NA,NA,NA,NA,NA,NA,"Ponar",2017,10,NA,NA,NA,NA,NA,"Macro","Potamocorbula",NA,0
"USGSbenthic CSL_2 2018-05-15",-121.688239,38.255096,NA,"Cache Slough","Outside","USGSbenthic",2018-05-15,"CSL_2",NA,NA,NA,NA,NA,NA,"Ponar",2018,5,NA,NA,NA,NA,NA,"Macro","Corbicula",NA,1520
"USGSbenthic CSL_2 2018-05-15",-121.688239,38.255096,NA,"Cache Slough","Outside","USGSbenthic",2018-05-15,"CSL_2",NA,NA,NA,NA,NA,NA,"Ponar",2018,5,NA,NA,NA,NA,NA,"Macro","Other",NA,180
"USGSbenthic CSL_2 2018-05-15",-121.688239,38.255096,NA,"Cache Slough","Outside","USGSbenthic",2018-05-15,"CSL_2",NA,NA,NA,NA,NA,NA,"Ponar",2018,5,NA,NA,NA,NA,NA,"Macro","Potamocorbula",NA,0
"USGSbenthic CSL_2 2018-06-15",-121.688239,38.255096,NA,"Cache Slough","Outside","USGSbenthic",2018-06-15,"CSL_2",NA,NA,NA,NA,NA,NA,"Ponar",2018,6,NA,NA,NA,NA,NA,"Macro","Corbicula",NA,960
"USGSbenthic CSL_2 2018-06-15",-121.688239,38.255096,NA,"Cache Slough","Outside","USGSbenthic",2018-06-15,"CSL_2",NA,NA,NA,NA,NA,NA,"Ponar",2018,6,NA,NA,NA,NA,NA,"Macro","Other",NA,20
"USGSbenthic CSL_2 2018-06-15",-121.688239,38.255096,NA,"Cache Slough","Outside","USGSbenthic",2018-06-15,"CSL_2",NA,NA,NA,NA,NA,NA,"Ponar",2018,6,NA,NA,NA,NA,NA,"Macro","Potamocorbula",NA,0
"USGSbenthic CSL_2 2018-08-15",-121.688239,38.255096,NA,"Cache Slough","Outside","USGSbenthic",2018-08-15,"CSL_2",NA,NA,NA,NA,NA,NA,"Ponar",2018,8,NA,NA,NA,NA,NA,"Macro","Corbicula",NA,520
"USGSbenthic CSL_2 2018-08-15",-121.688239,38.255096,NA,"Cache Slough","Outside","USGSbenthic",2018-08-15,"CSL_2",NA,NA,NA,NA,NA,NA,"Ponar",2018,8,NA,NA,NA,NA,NA,"Macro","Other",NA,40
"USGSbenthic CSL_2 2018-08-15",-121.688239,38.255096,NA,"Cache Slough","Outside","USGSbenthic",2018-08-15,"CSL_2",NA,NA,NA,NA,NA,NA,"Ponar",2018,8,NA,NA,NA,NA,NA,"Macro","Potamocorbula",NA,0
"USGSbenthic CSL_2 2018-10-15",-121.688239,38.255096,NA,"Cache Slough","Outside","USGSbenthic",2018-10-15,"CSL_2",NA,NA,NA,NA,NA,NA,"Ponar",2018,10,NA,NA,NA,NA,NA,"Macro","Corbicula",NA,980
"USGSbenthic CSL_2 2018-10-15",-121.688239,38.255096,NA,"Cache Slough","Outside","USGSbenthic",2018-10-15,"CSL_2",NA,NA,NA,NA,NA,NA,"Ponar",2018,10,NA,NA,NA,NA,NA,"Macro","Other",NA,40
"USGSbenthic CSL_2 2018-10-15",-121.688239,38.255096,NA,"Cache Slough","Outside","USGSbenthic",2018-10-15,"CSL_2",NA,NA,NA,NA,NA,NA,"Ponar",2018,10,NA,NA,NA,NA,NA,"Macro","Potamocorbula",NA,0
"USGSbenthic CSL_3 2017-06-15",-121.697152,38.263979,NA,"Cache Slough","Outside","USGSbenthic",2017-06-15,"CSL_3",NA,NA,NA,NA,NA,NA,"Ponar",2017,6,NA,NA,NA,NA,NA,"Macro","Corbicula",NA,960
"USGSbenthic CSL_3 2017-06-15",-121.697152,38.263979,NA,"Cache Slough","Outside","USGSbenthic",2017-06-15,"CSL_3",NA,NA,NA,NA,NA,NA,"Ponar",2017,6,NA,NA,NA,NA,NA,"Macro","Other",NA,280
"USGSbenthic CSL_3 2017-06-15",-121.697152,38.263979,NA,"Cache Slough","Outside","USGSbenthic",2017-06-15,"CSL_3",NA,NA,NA,NA,NA,NA,"Ponar",2017,6,NA,NA,NA,NA,NA,"Macro","Potamocorbula",NA,0
"USGSbenthic CSL_3 2017-07-15",-121.697152,38.263979,NA,"Cache Slough","Outside","USGSbenthic",2017-07-15,"CSL_3",NA,NA,NA,NA,NA,NA,"Ponar",2017,7,NA,NA,NA,NA,NA,"Macro","Corbicula",NA,660
"USGSbenthic CSL_3 2017-07-15",-121.697152,38.263979,NA,"Cache Slough","Outside","USGSbenthic",2017-07-15,"CSL_3",NA,NA,NA,NA,NA,NA,"Ponar",2017,7,NA,NA,NA,NA,NA,"Macro","Other",NA,180
"USGSbenthic CSL_3 2017-07-15",-121.697152,38.263979,NA,"Cache Slough","Outside","USGSbenthic",2017-07-15,"CSL_3",NA,NA,NA,NA,NA,NA,"Ponar",2017,7,NA,NA,NA,NA,NA,"Macro","Potamocorbula",NA,0
"USGSbenthic CSL_3 2017-08-15",-121.697152,38.263979,NA,"Cache Slough","Outside","USGSbenthic",2017-08-15,"CSL_3",NA,NA,NA,NA,NA,NA,"Ponar",2017,8,NA,NA,NA,NA,NA,"Macro","Corbicula",NA,920
"USGSbenthic CSL_3 2017-08-15",-121.697152,38.263979,NA,"Cache Slough","Outside","USGSbenthic",2017-08-15,"CSL_3",NA,NA,NA,NA,NA,NA,"Ponar",2017,8,NA,NA,NA,NA,NA,"Macro","Other",NA,40
"USGSbenthic CSL_3 2017-08-15",-121.697152,38.263979,NA,"Cache Slough","Outside","USGSbenthic",2017-08-15,"CSL_3",NA,NA,NA,NA,NA,NA,"Ponar",2017,8,NA,NA,NA,NA,NA,"Macro","Potamocorbula",NA,0
"USGSbenthic CSL_3 2017-10-15",-121.697152,38.263979,NA,"Cache Slough","Outside","USGSbenthic",2017-10-15,"CSL_3",NA,NA,NA,NA,NA,NA,"Ponar",2017,10,NA,NA,NA,NA,NA,"Macro","Corbicula",NA,660
"USGSbenthic CSL_3 2017-10-15",-121.697152,38.263979,NA,"Cache Slough","Outside","USGSbenthic",2017-10-15,"CSL_3",NA,NA,NA,NA,NA,NA,"Ponar",2017,10,NA,NA,NA,NA,NA,"Macro","Other",NA,220
"USGSbenthic CSL_3 2017-10-15",-121.697152,38.263979,NA,"Cache Slough","Outside","USGSbenthic",2017-10-15,"CSL_3",NA,NA,NA,NA,NA,NA,"Ponar",2017,10,NA,NA,NA,NA,NA,"Macro","Potamocorbula",NA,0
"USGSbenthic CSL_3 2018-05-15",-121.697152,38.263979,NA,"Cache Slough","Outside","USGSbenthic",2018-05-15,"CSL_3",NA,NA,NA,NA,NA,NA,"Ponar",2018,5,NA,NA,NA,NA,NA,"Macro","Corbicula",NA,500
"USGSbenthic CSL_3 2018-05-15",-121.697152,38.263979,NA,"Cache Slough","Outside","USGSbenthic",2018-05-15,"CSL_3",NA,NA,NA,NA,NA,NA,"Ponar",2018,5,NA,NA,NA,NA,NA,"Macro","Other",NA,760
"USGSbenthic CSL_3 2018-05-15",-121.697152,38.263979,NA,"Cache Slough","Outside","USGSbenthic",2018-05-15,"CSL_3",NA,NA,NA,NA,NA,NA,"Ponar",2018,5,NA,NA,NA,NA,NA,"Macro","Potamocorbula",NA,0
"USGSbenthic CSL_3 2018-06-15",-121.697152,38.263979,NA,"Cache Slough","Outside","USGSbenthic",2018-06-15,"CSL_3",NA,NA,NA,NA,NA,NA,"Ponar",2018,6,NA,NA,NA,NA,NA,"Macro","Corbicula",NA,820
"USGSbenthic CSL_3 2018-06-15",-121.697152,38.263979,NA,"Cache Slough","Outside","USGSbenthic",2018-06-15,"CSL_3",NA,NA,NA,NA,NA,NA,"Ponar",2018,6,NA,NA,NA,NA,NA,"Macro","Other",NA,100
"USGSbenthic CSL_3 2018-06-15",-121.697152,38.263979,NA,"Cache Slough","Outside","USGSbenthic",2018-06-15,"CSL_3",NA,NA,NA,NA,NA,NA,"Ponar",2018,6,NA,NA,NA,NA,NA,"Macro","Potamocorbula",NA,0
"USGSbenthic CSL_3 2018-08-15",-121.697152,38.263979,NA,"Cache Slough","Outside","USGSbenthic",2018-08-15,"CSL_3",NA,NA,NA,NA,NA,NA,"Ponar",2018,8,NA,NA,NA,NA,NA,"Macro","Corbicula",NA,720
"USGSbenthic CSL_3 2018-08-15",-121.697152,38.263979,NA,"Cache Slough","Outside","USGSbenthic",2018-08-15,"CSL_3",NA,NA,NA,NA,NA,NA,"Ponar",2018,8,NA,NA,NA,NA,NA,"Macro","Other",NA,0
"USGSbenthic CSL_3 2018-08-15",-121.697152,38.263979,NA,"Cache Slough","Outside","USGSbenthic",2018-08-15,"CSL_3",NA,NA,NA,NA,NA,NA,"Ponar",2018,8,NA,NA,NA,NA,NA,"Macro","Potamocorbula",NA,0
"USGSbenthic CSL_3 2018-10-15",-121.697152,38.263979,NA,"Cache Slough","Outside","USGSbenthic",2018-10-15,"CSL_3",NA,NA,NA,NA,NA,NA,"Ponar",2018,10,NA,NA,NA,NA,NA,"Macro","Corbicula",NA,1040
"USGSbenthic CSL_3 2018-10-15",-121.697152,38.263979,NA,"Cache Slough","Outside","USGSbenthic",2018-10-15,"CSL_3",NA,NA,NA,NA,NA,NA,"Ponar",2018,10,NA,NA,NA,NA,NA,"Macro","Other",NA,120
"USGSbenthic CSL_3 2018-10-15",-121.697152,38.263979,NA,"Cache Slough","Outside","USGSbenthic",2018-10-15,"CSL_3",NA,NA,NA,NA,NA,NA,"Ponar",2018,10,NA,NA,NA,NA,NA,"Macro","Potamocorbula",NA,0
"USGSbenthic CSL_4 2017-06-15",-121.706279,38.273029,NA,"Cache Slough","Outside","USGSbenthic",2017-06-15,"CSL_4",NA,NA,NA,NA,NA,NA,"Ponar",2017,6,NA,NA,NA,NA,NA,"Macro","Corbicula",NA,220
"USGSbenthic CSL_4 2017-06-15",-121.706279,38.273029,NA,"Cache Slough","Outside","USGSbenthic",2017-06-15,"CSL_4",NA,NA,NA,NA,NA,NA,"Ponar",2017,6,NA,NA,NA,NA,NA,"Macro","Other",NA,920
"USGSbenthic CSL_4 2017-06-15",-121.706279,38.273029,NA,"Cache Slough","Outside","USGSbenthic",2017-06-15,"CSL_4",NA,NA,NA,NA,NA,NA,"Ponar",2017,6,NA,NA,NA,NA,NA,"Macro","Potamocorbula",NA,0
"USGSbenthic CSL_4 2017-07-15",-121.706279,38.273029,NA,"Cache Slough","Outside","USGSbenthic",2017-07-15,"CSL_4",NA,NA,NA,NA,NA,NA,"Ponar",2017,7,NA,NA,NA,NA,NA,"Macro","Corbicula",NA,480
"USGSbenthic CSL_4 2017-07-15",-121.706279,38.273029,NA,"Cache Slough","Outside","USGSbenthic",2017-07-15,"CSL_4",NA,NA,NA,NA,NA,NA,"Ponar",2017,7,NA,NA,NA,NA,NA,"Macro","Other",NA,40
"USGSbenthic CSL_4 2017-07-15",-121.706279,38.273029,NA,"Cache Slough","Outside","USGSbenthic",2017-07-15,"CSL_4",NA,NA,NA,NA,NA,NA,"Ponar",2017,7,NA,NA,NA,NA,NA,"Macro","Potamocorbula",NA,0
"USGSbenthic CSL_4 2017-08-15",-121.706279,38.273029,NA,"Cache Slough","Outside","USGSbenthic",2017-08-15,"CSL_4",NA,NA,NA,NA,NA,NA,"Ponar",2017,8,NA,NA,NA,NA,NA,"Macro","Corbicula",NA,240
"USGSbenthic CSL_4 2017-08-15",-121.706279,38.273029,NA,"Cache Slough","Outside","USGSbenthic",2017-08-15,"CSL_4",NA,NA,NA,NA,NA,NA,"Ponar",2017,8,NA,NA,NA,NA,NA,"Macro","Other",NA,60
"USGSbenthic CSL_4 2017-08-15",-121.706279,38.273029,NA,"Cache Slough","Outside","USGSbenthic",2017-08-15,"CSL_4",NA,NA,NA,NA,NA,NA,"Ponar",2017,8,NA,NA,NA,NA,NA,"Macro","Potamocorbula",NA,0
"USGSbenthic CSL_4 2017-10-15",-121.706279,38.273029,NA,"Cache Slough","Outside","USGSbenthic",2017-10-15,"CSL_4",NA,NA,NA,NA,NA,NA,"Ponar",2017,10,NA,NA,NA,NA,NA,"Macro","Corbicula",NA,340
"USGSbenthic CSL_4 2017-10-15",-121.706279,38.273029,NA,"Cache Slough","Outside","USGSbenthic",2017-10-15,"CSL_4",NA,NA,NA,NA,NA,NA,"Ponar",2017,10,NA,NA,NA,NA,NA,"Macro","Other",NA,160
"USGSbenthic CSL_4 2017-10-15",-121.706279,38.273029,NA,"Cache Slough","Outside","USGSbenthic",2017-10-15,"CSL_4",NA,NA,NA,NA,NA,NA,"Ponar",2017,10,NA,NA,NA,NA,NA,"Macro","Potamocorbula",NA,0
"USGSbenthic CSL_4 2018-05-15",-121.706279,38.273029,NA,"Cache Slough","Outside","USGSbenthic",2018-05-15,"CSL_4",NA,NA,NA,NA,NA,NA,"Ponar",2018,5,NA,NA,NA,NA,NA,"Macro","Corbicula",NA,260
"USGSbenthic CSL_4 2018-05-15",-121.706279,38.273029,NA,"Cache Slough","Outside","USGSbenthic",2018-05-15,"CSL_4",NA,NA,NA,NA,NA,NA,"Ponar",2018,5,NA,NA,NA,NA,NA,"Macro","Other",NA,240
"USGSbenthic CSL_4 2018-05-15",-121.706279,38.273029,NA,"Cache Slough","Outside","USGSbenthic",2018-05-15,"CSL_4",NA,NA,NA,NA,NA,NA,"Ponar",2018,5,NA,NA,NA,NA,NA,"Macro","Potamocorbula",NA,0
"USGSbenthic CSL_4 2018-06-15",-121.706279,38.273029,NA,"Cache Slough","Outside","USGSbenthic",2018-06-15,"CSL_4",NA,NA,NA,NA,NA,NA,"Ponar",2018,6,NA,NA,NA,NA,NA,"Macro","Corbicula",NA,540
"USGSbenthic CSL_4 2018-06-15",-121.706279,38.273029,NA,"Cache Slough","Outside","USGSbenthic",2018-06-15,"CSL_4",NA,NA,NA,NA,NA,NA,"Ponar",2018,6,NA,NA,NA,NA,NA,"Macro","Other",NA,0
"USGSbenthic CSL_4 2018-06-15",-121.706279,38.273029,NA,"Cache Slough","Outside","USGSbenthic",2018-06-15,"CSL_4",NA,NA,NA,NA,NA,NA,"Ponar",2018,6,NA,NA,NA,NA,NA,"Macro","Potamocorbula",NA,0
"USGSbenthic CSL_4 2018-08-15",-121.706279,38.273029,NA,"Cache Slough","Outside","USGSbenthic",2018-08-15,"CSL_4",NA,NA,NA,NA,NA,NA,"Ponar",2018,8,NA,NA,NA,NA,NA,"Macro","Corbicula",NA,600
"USGSbenthic CSL_4 2018-08-15",-121.706279,38.273029,NA,"Cache Slough","Outside","USGSbenthic",2018-08-15,"CSL_4",NA,NA,NA,NA,NA,NA,"Ponar",2018,8,NA,NA,NA,NA,NA,"Macro","Other",NA,0
"USGSbenthic CSL_4 2018-08-15",-121.706279,38.273029,NA,"Cache Slough","Outside","USGSbenthic",2018-08-15,"CSL_4",NA,NA,NA,NA,NA,NA,"Ponar",2018,8,NA,NA,NA,NA,NA,"Macro","Potamocorbula",NA,0
"USGSbenthic CSL_4 2018-10-15",-121.706279,38.273029,NA,"Cache Slough","Outside","USGSbenthic",2018-10-15,"CSL_4",NA,NA,NA,NA,NA,NA,"Ponar",2018,10,NA,NA,NA,NA,NA,"Macro","Corbicula",NA,440
"USGSbenthic CSL_4 2018-10-15",-121.706279,38.273029,NA,"Cache Slough","Outside","USGSbenthic",2018-10-15,"CSL_4",NA,NA,NA,NA,NA,NA,"Ponar",2018,10,NA,NA,NA,NA,NA,"Macro","Other",NA,40
"USGSbenthic CSL_4 2018-10-15",-121.706279,38.273029,NA,"Cache Slough","Outside","USGSbenthic",2018-10-15,"CSL_4",NA,NA,NA,NA,NA,NA,"Ponar",2018,10,NA,NA,NA,NA,NA,"Macro","Potamocorbula",NA,0
"USGSbenthic LH1 2017-06-15",-121.66365,38.29385,"LHT","Cache Slough","Inside","USGSbenthic",2017-06-15,"LH1",NA,NA,NA,NA,NA,NA,"Ponar",2017,6,NA,NA,NA,NA,NA,"Macro","Corbicula",NA,4040
"USGSbenthic LH1 2017-06-15",-121.66365,38.29385,"LHT","Cache Slough","Inside","USGSbenthic",2017-06-15,"LH1",NA,NA,NA,NA,NA,NA,"Ponar",2017,6,NA,NA,NA,NA,NA,"Macro","Other",NA,100
"USGSbenthic LH1 2017-06-15",-121.66365,38.29385,"LHT","Cache Slough","Inside","USGSbenthic",2017-06-15,"LH1",NA,NA,NA,NA,NA,NA,"Ponar",2017,6,NA,NA,NA,NA,NA,"Macro","Potamocorbula",NA,0
"USGSbenthic LH1 2017-08-15",-121.66365,38.29385,"LHT","Cache Slough","Inside","USGSbenthic",2017-08-15,"LH1",NA,NA,NA,NA,NA,NA,"Ponar",2017,8,NA,NA,NA,NA,NA,"Macro","Corbicula",NA,380
"USGSbenthic LH1 2017-08-15",-121.66365,38.29385,"LHT","Cache Slough","Inside","USGSbenthic",2017-08-15,"LH1",NA,NA,NA,NA,NA,NA,"Ponar",2017,8,NA,NA,NA,NA,NA,"Macro","Other",NA,0
"USGSbenthic LH1 2017-08-15",-121.66365,38.29385,"LHT","Cache Slough","Inside","USGSbenthic",2017-08-15,"LH1",NA,NA,NA,NA,NA,NA,"Ponar",2017,8,NA,NA,NA,NA,NA,"Macro","Potamocorbula",NA,0
"USGSbenthic LH1 2017-10-15",-121.66365,38.29385,"LHT","Cache Slough","Inside","USGSbenthic",2017-10-15,"LH1",NA,NA,NA,NA,NA,NA,"Ponar",2017,10,NA,NA,NA,NA,NA,"Macro","Corbicula",NA,120
"USGSbenthic LH1 2017-10-15",-121.66365,38.29385,"LHT","Cache Slough","Inside","USGSbenthic",2017-10-15,"LH1",NA,NA,NA,NA,NA,NA,"Ponar",2017,10,NA,NA,NA,NA,NA,"Macro","Other",NA,0
"USGSbenthic LH1 2017-10-15",-121.66365,38.29385,"LHT","Cache Slough","Inside","USGSbenthic",2017-10-15,"LH1",NA,NA,NA,NA,NA,NA,"Ponar",2017,10,NA,NA,NA,NA,NA,"Macro","Potamocorbula",NA,0
"USGSbenthic LH1 2018-10-15",-121.66365,38.29385,"LHT","Cache Slough","Inside","USGSbenthic",2018-10-15,"LH1",NA,NA,NA,NA,NA,NA,"Ponar",2018,10,NA,NA,NA,NA,NA,"Macro","Corbicula",NA,0
"USGSbenthic LH1 2018-10-15",-121.66365,38.29385,"LHT","Cache Slough","Inside","USGSbenthic",2018-10-15,"LH1",NA,NA,NA,NA,NA,NA,"Ponar",2018,10,NA,NA,NA,NA,NA,"Macro","Other",NA,20
"USGSbenthic LH1 2018-10-15",-121.66365,38.29385,"LHT","Cache Slough","Inside","USGSbenthic",2018-10-15,"LH1",NA,NA,NA,NA,NA,NA,"Ponar",2018,10,NA,NA,NA,NA,NA,"Macro","Potamocorbula",NA,0
"USGSbenthic LH2 2017-06-15",-121.66333333,38.29945,"LHT","Cache Slough","Inside","USGSbenthic",2017-06-15,"LH2",NA,NA,NA,NA,NA,NA,"Ponar",2017,6,NA,NA,NA,NA,NA,"Macro","Corbicula",NA,700
"USGSbenthic LH2 2017-06-15",-121.66333333,38.29945,"LHT","Cache Slough","Inside","USGSbenthic",2017-06-15,"LH2",NA,NA,NA,NA,NA,NA,"Ponar",2017,6,NA,NA,NA,NA,NA,"Macro","Other",NA,0
"USGSbenthic LH2 2017-06-15",-121.66333333,38.29945,"LHT","Cache Slough","Inside","USGSbenthic",2017-06-15,"LH2",NA,NA,NA,NA,NA,NA,"Ponar",2017,6,NA,NA,NA,NA,NA,"Macro","Potamocorbula",NA,0
"USGSbenthic LH2 2017-08-15",-121.66333333,38.29945,"LHT","Cache Slough","Inside","USGSbenthic",2017-08-15,"LH2",NA,NA,NA,NA,NA,NA,"Ponar",2017,8,NA,NA,NA,NA,NA,"Macro","Corbicula",NA,220
"USGSbenthic LH2 2017-08-15",-121.66333333,38.29945,"LHT","Cache Slough","Inside","USGSbenthic",2017-08-15,"LH2",NA,NA,NA,NA,NA,NA,"Ponar",2017,8,NA,NA,NA,NA,NA,"Macro","Other",NA,0
"USGSbenthic LH2 2017-08-15",-121.66333333,38.29945,"LHT","Cache Slough","Inside","USGSbenthic",2017-08-15,"LH2",NA,NA,NA,NA,NA,NA,"Ponar",2017,8,NA,NA,NA,NA,NA,"Macro","Potamocorbula",NA,0
"USGSbenthic LH2 2018-10-15",-121.663333333333,38.29945,"LHT","Cache Slough","Inside","USGSbenthic",2018-10-15,"LH2",NA,NA,NA,NA,NA,NA,"Ponar",2018,10,NA,NA,NA,NA,NA,"Macro","Corbicula",NA,360
"USGSbenthic LH2 2018-10-15",-121.663333333333,38.29945,"LHT","Cache Slough","Inside","USGSbenthic",2018-10-15,"LH2",NA,NA,NA,NA,NA,NA,"Ponar",2018,10,NA,NA,NA,NA,NA,"Macro","Other",NA,20
"USGSbenthic LH2 2018-10-15",-121.663333333333,38.29945,"LHT","Cache Slough","Inside","USGSbenthic",2018-10-15,"LH2",NA,NA,NA,NA,NA,NA,"Ponar",2018,10,NA,NA,NA,NA,NA,"Macro","Potamocorbula",NA,0
"USGSbenthic LH3 2017-06-15",-121.66255,38.3052833333333,"LHT","Cache Slough","Inside","USGSbenthic",2017-06-15,"LH3",NA,NA,NA,NA,NA,NA,"Ponar",2017,6,NA,NA,NA,NA,NA,"Macro","Corbicula",NA,1560
"USGSbenthic LH3 2017-06-15",-121.66255,38.3052833333333,"LHT","Cache Slough","Inside","USGSbenthic",2017-06-15,"LH3",NA,NA,NA,NA,NA,NA,"Ponar",2017,6,NA,NA,NA,NA,NA,"Macro","Other",NA,140
"USGSbenthic LH3 2017-06-15",-121.66255,38.3052833333333,"LHT","Cache Slough","Inside","USGSbenthic",2017-06-15,"LH3",NA,NA,NA,NA,NA,NA,"Ponar",2017,6,NA,NA,NA,NA,NA,"Macro","Potamocorbula",NA,0
"USGSbenthic LH3 2017-06-15",-121.66255,38.3052833333333,"LHT","Cache Slough","Inside","USGSbenthic",2017-06-15,"LH3",NA,NA,NA,NA,NA,NA,"Ponar",2017,6,NA,NA,NA,NA,NA,"Macro","Corbicula",NA,1560
"USGSbenthic LH3 2017-06-15",-121.66255,38.3052833333333,"LHT","Cache Slough","Inside","USGSbenthic",2017-06-15,"LH3",NA,NA,NA,NA,NA,NA,"Ponar",2017,6,NA,NA,NA,NA,NA,"Macro","Other",NA,140
"USGSbenthic LH3 2017-06-15",-121.66255,38.3052833333333,"LHT","Cache Slough","Inside","USGSbenthic",2017-06-15,"LH3",NA,NA,NA,NA,NA,NA,"Ponar",2017,6,NA,NA,NA,NA,NA,"Macro","Potamocorbula",NA,0
"USGSbenthic LH3 2017-08-15",-121.66255,38.3052833333333,"LHT","Cache Slough","Inside","USGSbenthic",2017-08-15,"LH3",NA,NA,NA,NA,NA,NA,"Ponar",2017,8,NA,NA,NA,NA,NA,"Macro","Corbicula",NA,20
"USGSbenthic LH3 2017-08-15",-121.66255,38.3052833333333,"LHT","Cache Slough","Inside","USGSbenthic",2017-08-15,"LH3",NA,NA,NA,NA,NA,NA,"Ponar",2017,8,NA,NA,NA,NA,NA,"Macro","Other",NA,0
"USGSbenthic LH3 2017-08-15",-121.66255,38.3052833333333,"LHT","Cache Slough","Inside","USGSbenthic",2017-08-15,"LH3",NA,NA,NA,NA,NA,NA,"Ponar",2017,8,NA,NA,NA,NA,NA,"Macro","Potamocorbula",NA,0
"USGSbenthic LH3 2017-08-15",-121.66255,38.3052833333333,"LHT","Cache Slough","Inside","USGSbenthic",2017-08-15,"LH3",NA,NA,NA,NA,NA,NA,"Ponar",2017,8,NA,NA,NA,NA,NA,"Macro","Corbicula",NA,20
"USGSbenthic LH3 2017-08-15",-121.66255,38.3052833333333,"LHT","Cache Slough","Inside","USGSbenthic",2017-08-15,"LH3",NA,NA,NA,NA,NA,NA,"Ponar",2017,8,NA,NA,NA,NA,NA,"Macro","Other",NA,0
"USGSbenthic LH3 2017-08-15",-121.66255,38.3052833333333,"LHT","Cache Slough","Inside","USGSbenthic",2017-08-15,"LH3",NA,NA,NA,NA,NA,NA,"Ponar",2017,8,NA,NA,NA,NA,NA,"Macro","Potamocorbula",NA,0
"USGSbenthic LH3 2017-10-15",-121.66255,38.3052833333333,"LHT","Cache Slough","Inside","USGSbenthic",2017-10-15,"LH3",NA,NA,NA,NA,NA,NA,"Ponar",2017,10,NA,NA,NA,NA,NA,"Macro","Corbicula",NA,40
"USGSbenthic LH3 2017-10-15",-121.66255,38.3052833333333,"LHT","Cache Slough","Inside","USGSbenthic",2017-10-15,"LH3",NA,NA,NA,NA,NA,NA,"Ponar",2017,10,NA,NA,NA,NA,NA,"Macro","Other",NA,0
"USGSbenthic LH3 2017-10-15",-121.66255,38.3052833333333,"LHT","Cache Slough","Inside","USGSbenthic",2017-10-15,"LH3",NA,NA,NA,NA,NA,NA,"Ponar",2017,10,NA,NA,NA,NA,NA,"Macro","Potamocorbula",NA,0
"USGSbenthic LH3 2017-10-15",-121.66255,38.3052833333333,"LHT","Cache Slough","Inside","USGSbenthic",2017-10-15,"LH3",NA,NA,NA,NA,NA,NA,"Ponar",2017,10,NA,NA,NA,NA,NA,"Macro","Corbicula",NA,40
"USGSbenthic LH3 2017-10-15",-121.66255,38.3052833333333,"LHT","Cache Slough","Inside","USGSbenthic",2017-10-15,"LH3",NA,NA,NA,NA,NA,NA,"Ponar",2017,10,NA,NA,NA,NA,NA,"Macro","Other",NA,0
"USGSbenthic LH3 2017-10-15",-121.66255,38.3052833333333,"LHT","Cache Slough","Inside","USGSbenthic",2017-10-15,"LH3",NA,NA,NA,NA,NA,NA,"Ponar",2017,10,NA,NA,NA,NA,NA,"Macro","Potamocorbula",NA,0
"USGSbenthic LH3 2018-10-15",-121.66255,38.3052833333333,"LHT","Cache Slough","Inside","USGSbenthic",2018-10-15,"LH3",NA,NA,NA,NA,NA,NA,"Ponar",2018,10,NA,NA,NA,NA,NA,"Macro","Corbicula",NA,20
"USGSbenthic LH3 2018-10-15",-121.66255,38.3052833333333,"LHT","Cache Slough","Inside","USGSbenthic",2018-10-15,"LH3",NA,NA,NA,NA,NA,NA,"Ponar",2018,10,NA,NA,NA,NA,NA,"Macro","Other",NA,220
"USGSbenthic LH3 2018-10-15",-121.66255,38.3052833333333,"LHT","Cache Slough","Inside","USGSbenthic",2018-10-15,"LH3",NA,NA,NA,NA,NA,NA,"Ponar",2018,10,NA,NA,NA,NA,NA,"Macro","Potamocorbula",NA,0
"USGSbenthic LH4 2017-06-15",-121.653592,38.333447,"LHT","Cache Slough","Inside","USGSbenthic",2017-06-15,"LH4",NA,NA,NA,NA,NA,NA,"Ponar",2017,6,NA,NA,NA,NA,NA,"Macro","Corbicula",NA,640
"USGSbenthic LH4 2017-06-15",-121.653592,38.333447,"LHT","Cache Slough","Inside","USGSbenthic",2017-06-15,"LH4",NA,NA,NA,NA,NA,NA,"Ponar",2017,6,NA,NA,NA,NA,NA,"Macro","Other",NA,0
"USGSbenthic LH4 2017-06-15",-121.653592,38.333447,"LHT","Cache Slough","Inside","USGSbenthic",2017-06-15,"LH4",NA,NA,NA,NA,NA,NA,"Ponar",2017,6,NA,NA,NA,NA,NA,"Macro","Potamocorbula",NA,0
"USGSbenthic LH4 2017-08-15",-121.653592,38.333447,"LHT","Cache Slough","Inside","USGSbenthic",2017-08-15,"LH4",NA,NA,NA,NA,NA,NA,"Ponar",2017,8,NA,NA,NA,NA,NA,"Macro","Corbicula",NA,240
"USGSbenthic LH4 2017-08-15",-121.653592,38.333447,"LHT","Cache Slough","Inside","USGSbenthic",2017-08-15,"LH4",NA,NA,NA,NA,NA,NA,"Ponar",2017,8,NA,NA,NA,NA,NA,"Macro","Other",NA,0
"USGSbenthic LH4 2017-08-15",-121.653592,38.333447,"LHT","Cache Slough","Inside","USGSbenthic",2017-08-15,"LH4",NA,NA,NA,NA,NA,NA,"Ponar",2017,8,NA,NA,NA,NA,NA,"Macro","Potamocorbula",NA,0
"USGSbenthic LH5 2017-06-15",-121.653961,38.337194,"LHT","Cache Slough","Inside","USGSbenthic",2017-06-15,"LH5",NA,NA,NA,NA,NA,NA,"Ponar",2017,6,NA,NA,NA,NA,NA,"Macro","Corbicula",NA,260
"USGSbenthic LH5 2017-06-15",-121.653961,38.337194,"LHT","Cache Slough","Inside","USGSbenthic",2017-06-15,"LH5",NA,NA,NA,NA,NA,NA,"Ponar",2017,6,NA,NA,NA,NA,NA,"Macro","Other",NA,0
"USGSbenthic LH5 2017-06-15",-121.653961,38.337194,"LHT","Cache Slough","Inside","USGSbenthic",2017-06-15,"LH5",NA,NA,NA,NA,NA,NA,"Ponar",2017,6,NA,NA,NA,NA,NA,"Macro","Potamocorbula",NA,0
"USGSbenthic LH5 2017-08-15",-121.653961,38.337194,"LHT","Cache Slough","Inside","USGSbenthic",2017-08-15,"LH5",NA,NA,NA,NA,NA,NA,"Ponar",2017,8,NA,NA,NA,NA,NA,"Macro","Corbicula",NA,40
"USGSbenthic LH5 2017-08-15",-121.653961,38.337194,"LHT","Cache Slough","Inside","USGSbenthic",2017-08-15,"LH5",NA,NA,NA,NA,NA,NA,"Ponar",2017,8,NA,NA,NA,NA,NA,"Macro","Other",NA,80
"USGSbenthic LH5 2017-08-15",-121.653961,38.337194,"LHT","Cache Slough","Inside","USGSbenthic",2017-08-15,"LH5",NA,NA,NA,NA,NA,NA,"Ponar",2017,8,NA,NA,NA,NA,NA,"Macro","Potamocorbula",NA,0
"USGSbenthic LH6 2017-06-15",-121.659481,38.313236,"LHT","Cache Slough","Inside","USGSbenthic",2017-06-15,"LH6",NA,NA,NA,NA,NA,NA,"Ponar",2017,6,NA,NA,NA,NA,NA,"Macro","Corbicula",NA,940
"USGSbenthic LH6 2017-06-15",-121.659481,38.313236,"LHT","Cache Slough","Inside","USGSbenthic",2017-06-15,"LH6",NA,NA,NA,NA,NA,NA,"Ponar",2017,6,NA,NA,NA,NA,NA,"Macro","Other",NA,0
"USGSbenthic LH6 2017-06-15",-121.659481,38.313236,"LHT","Cache Slough","Inside","USGSbenthic",2017-06-15,"LH6",NA,NA,NA,NA,NA,NA,"Ponar",2017,6,NA,NA,NA,NA,NA,"Macro","Potamocorbula",NA,0
"USGSbenthic LH6 2017-08-15",-121.659481,38.313236,"LHT","Cache Slough","Inside","USGSbenthic",2017-08-15,"LH6",NA,NA,NA,NA,NA,NA,"Ponar",2017,8,NA,NA,NA,NA,NA,"Macro","Corbicula",NA,400
"USGSbenthic LH6 2017-08-15",-121.659481,38.313236,"LHT","Cache Slough","Inside","USGSbenthic",2017-08-15,"LH6",NA,NA,NA,NA,NA,NA,"Ponar",2017,8,NA,NA,NA,NA,NA,"Macro","Other",NA,20
"USGSbenthic LH6 2017-08-15",-121.659481,38.313236,"LHT","Cache Slough","Inside","USGSbenthic",2017-08-15,"LH6",NA,NA,NA,NA,NA,NA,"Ponar",2017,8,NA,NA,NA,NA,NA,"Macro","Potamocorbula",NA,0
"USGSbenthic LH6 2017-10-15",-121.659481,38.313236,"LHT","Cache Slough","Inside","USGSbenthic",2017-10-15,"LH6",NA,NA,NA,NA,NA,NA,"Ponar",2017,10,NA,NA,NA,NA,NA,"Macro","Corbicula",NA,140
"USGSbenthic LH6 2017-10-15",-121.659481,38.313236,"LHT","Cache Slough","Inside","USGSbenthic",2017-10-15,"LH6",NA,NA,NA,NA,NA,NA,"Ponar",2017,10,NA,NA,NA,NA,NA,"Macro","Other",NA,20
"USGSbenthic LH6 2017-10-15",-121.659481,38.313236,"LHT","Cache Slough","Inside","USGSbenthic",2017-10-15,"LH6",NA,NA,NA,NA,NA,NA,"Ponar",2017,10,NA,NA,NA,NA,NA,"Macro","Potamocorbula",NA,0
"USGSbenthic LH7 2017-08-15",-121.657297,38.334886,"LHT","Cache Slough","Inside","USGSbenthic",2017-08-15,"LH7",NA,NA,NA,NA,NA,NA,"Ponar",2017,8,NA,NA,NA,NA,NA,"Macro","Corbicula",NA,440
"USGSbenthic LH7 2017-08-15",-121.657297,38.334886,"LHT","Cache Slough","Inside","USGSbenthic",2017-08-15,"LH7",NA,NA,NA,NA,NA,NA,"Ponar",2017,8,NA,NA,NA,NA,NA,"Macro","Other",NA,0
"USGSbenthic LH7 2017-08-15",-121.657297,38.334886,"LHT","Cache Slough","Inside","USGSbenthic",2017-08-15,"LH7",NA,NA,NA,NA,NA,NA,"Ponar",2017,8,NA,NA,NA,NA,NA,"Macro","Potamocorbula",NA,0
"USGSbenthic LH9 2017-08-15",-121.653697,38.331897,"LHT","Cache Slough","Inside","USGSbenthic",2017-08-15,"LH9",NA,NA,NA,NA,NA,NA,"Ponar",2017,8,NA,NA,NA,NA,NA,"Macro","Corbicula",NA,80
"USGSbenthic LH9 2017-08-15",-121.653697,38.331897,"LHT","Cache Slough","Inside","USGSbenthic",2017-08-15,"LH9",NA,NA,NA,NA,NA,NA,"Ponar",2017,8,NA,NA,NA,NA,NA,"Macro","Other",NA,0
"USGSbenthic LH9 2017-08-15",-121.653697,38.331897,"LHT","Cache Slough","Inside","USGSbenthic",2017-08-15,"LH9",NA,NA,NA,NA,NA,NA,"Ponar",2017,8,NA,NA,NA,NA,NA,"Macro","Potamocorbula",NA,0
"USGSbenthic LHT3(2) 2017-08-15",-121.65511667,38.32118167,"LHT","Cache Slough","Inside","USGSbenthic",2017-08-15,"LHT3(2)",NA,NA,NA,NA,NA,NA,"Ponar",2017,8,NA,NA,NA,NA,NA,"Macro","Corbicula",NA,60
"USGSbenthic LHT3(2) 2017-08-15",-121.65511667,38.32118167,"LHT","Cache Slough","Inside","USGSbenthic",2017-08-15,"LHT3(2)",NA,NA,NA,NA,NA,NA,"Ponar",2017,8,NA,NA,NA,NA,NA,"Macro","Other",NA,0
"USGSbenthic LHT3(2) 2017-08-15",-121.65511667,38.32118167,"LHT","Cache Slough","Inside","USGSbenthic",2017-08-15,"LHT3(2)",NA,NA,NA,NA,NA,NA,"Ponar",2017,8,NA,NA,NA,NA,NA,"Macro","Potamocorbula",NA,0
"USGSbenthic LS001 2017-06-15",-121.684266667,38.238583333,NA,"Cache Slough","Outside","USGSbenthic",2017-06-15,"LS001",NA,NA,NA,NA,NA,NA,"Ponar",2017,6,NA,NA,NA,NA,NA,"Macro","Corbicula",NA,0
"USGSbenthic LS001 2017-06-15",-121.684266667,38.238583333,NA,"Cache Slough","Outside","USGSbenthic",2017-06-15,"LS001",NA,NA,NA,NA,NA,NA,"Ponar",2017,6,NA,NA,NA,NA,NA,"Macro","Other",NA,0
"USGSbenthic LS001 2017-06-15",-121.684266667,38.238583333,NA,"Cache Slough","Outside","USGSbenthic",2017-06-15,"LS001",NA,NA,NA,NA,NA,NA,"Ponar",2017,6,NA,NA,NA,NA,NA,"Macro","Potamocorbula",NA,0
"USGSbenthic LS001 2017-07-15",-121.684266667,38.238583333,NA,"Cache Slough","Outside","USGSbenthic",2017-07-15,"LS001",NA,NA,NA,NA,NA,NA,"Ponar",2017,7,NA,NA,NA,NA,NA,"Macro","Corbicula",NA,400
"USGSbenthic LS001 2017-07-15",-121.684266667,38.238583333,NA,"Cache Slough","Outside","USGSbenthic",2017-07-15,"LS001",NA,NA,NA,NA,NA,NA,"Ponar",2017,7,NA,NA,NA,NA,NA,"Macro","Other",NA,20
"USGSbenthic LS001 2017-07-15",-121.684266667,38.238583333,NA,"Cache Slough","Outside","USGSbenthic",2017-07-15,"LS001",NA,NA,NA,NA,NA,NA,"Ponar",2017,7,NA,NA,NA,NA,NA,"Macro","Potamocorbula",NA,0
"USGSbenthic LS001 2017-08-15",-121.684266667,38.238583333,NA,"Cache Slough","Outside","USGSbenthic",2017-08-15,"LS001",NA,NA,NA,NA,NA,NA,"Ponar",2017,8,NA,NA,NA,NA,NA,"Macro","Corbicula",NA,140
"USGSbenthic LS001 2017-08-15",-121.684266667,38.238583333,NA,"Cache Slough","Outside","USGSbenthic",2017-08-15,"LS001",NA,NA,NA,NA,NA,NA,"Ponar",2017,8,NA,NA,NA,NA,NA,"Macro","Other",NA,0
"USGSbenthic LS001 2017-08-15",-121.684266667,38.238583333,NA,"Cache Slough","Outside","USGSbenthic",2017-08-15,"LS001",NA,NA,NA,NA,NA,NA,"Ponar",2017,8,NA,NA,NA,NA,NA,"Macro","Potamocorbula",NA,0
"USGSbenthic LS001 2017-10-15",-121.684266667,38.238583333,NA,"Cache Slough","Outside","USGSbenthic",2017-10-15,"LS001",NA,NA,NA,NA,NA,NA,"Ponar",2017,10,NA,NA,NA,NA,NA,"Macro","Corbicula",NA,220
"USGSbenthic LS001 2017-10-15",-121.684266667,38.238583333,NA,"Cache Slough","Outside","USGSbenthic",2017-10-15,"LS001",NA,NA,NA,NA,NA,NA,"Ponar",2017,10,NA,NA,NA,NA,NA,"Macro","Other",NA,0
"USGSbenthic LS001 2017-10-15",-121.684266667,38.238583333,NA,"Cache Slough","Outside","USGSbenthic",2017-10-15,"LS001",NA,NA,NA,NA,NA,NA,"Ponar",2017,10,NA,NA,NA,NA,NA,"Macro","Potamocorbula",NA,0
"USGSbenthic LS001 2018-05-15",-121.684266667,38.238583333,NA,"Cache Slough","Outside","USGSbenthic",2018-05-15,"LS001",NA,NA,NA,NA,NA,NA,"Ponar",2018,5,NA,NA,NA,NA,NA,"Macro","Corbicula",NA,2660
"USGSbenthic LS001 2018-05-15",-121.684266667,38.238583333,NA,"Cache Slough","Outside","USGSbenthic",2018-05-15,"LS001",NA,NA,NA,NA,NA,NA,"Ponar",2018,5,NA,NA,NA,NA,NA,"Macro","Other",NA,0
"USGSbenthic LS001 2018-05-15",-121.684266667,38.238583333,NA,"Cache Slough","Outside","USGSbenthic",2018-05-15,"LS001",NA,NA,NA,NA,NA,NA,"Ponar",2018,5,NA,NA,NA,NA,NA,"Macro","Potamocorbula",NA,0
"USGSbenthic LS001 2018-06-15",-121.684266667,38.238583333,NA,"Cache Slough","Outside","USGSbenthic",2018-06-15,"LS001",NA,NA,NA,NA,NA,NA,"Ponar",2018,6,NA,NA,NA,NA,NA,"Macro","Corbicula",NA,1680
"USGSbenthic LS001 2018-06-15",-121.684266667,38.238583333,NA,"Cache Slough","Outside","USGSbenthic",2018-06-15,"LS001",NA,NA,NA,NA,NA,NA,"Ponar",2018,6,NA,NA,NA,NA,NA,"Macro","Other",NA,0
"USGSbenthic LS001 2018-06-15",-121.684266667,38.238583333,NA,"Cache Slough","Outside","USGSbenthic",2018-06-15,"LS001",NA,NA,NA,NA,NA,NA,"Ponar",2018,6,NA,NA,NA,NA,NA,"Macro","Potamocorbula",NA,0
"USGSbenthic LS001 2018-08-15",-121.684266667,38.238583333,NA,"Cache Slough","Outside","USGSbenthic",2018-08-15,"LS001",NA,NA,NA,NA,NA,NA,"Ponar",2018,8,NA,NA,NA,NA,NA,"Macro","Corbicula",NA,3780
"USGSbenthic LS001 2018-08-15",-121.684266667,38.238583333,NA,"Cache Slough","Outside","USGSbenthic",2018-08-15,"LS001",NA,NA,NA,NA,NA,NA,"Ponar",2018,8,NA,NA,NA,NA,NA,"Macro","Other",NA,0
"USGSbenthic LS001 2018-08-15",-121.684266667,38.238583333,NA,"Cache Slough","Outside","USGSbenthic",2018-08-15,"LS001",NA,NA,NA,NA,NA,NA,"Ponar",2018,8,NA,NA,NA,NA,NA,"Macro","Potamocorbula",NA,0
"USGSbenthic LS001 2018-10-15",-121.684266667,38.238583333,NA,"Cache Slough","Outside","USGSbenthic",2018-10-15,"LS001",NA,NA,NA,NA,NA,NA,"Ponar",2018,10,NA,NA,NA,NA,NA,"Macro","Corbicula",NA,2700
"USGSbenthic LS001 2018-10-15",-121.684266667,38.238583333,NA,"Cache Slough","Outside","USGSbenthic",2018-10-15,"LS001",NA,NA,NA,NA,NA,NA,"Ponar",2018,10,NA,NA,NA,NA,NA,"Macro","Other",NA,0
"USGSbenthic LS001 2018-10-15",-121.684266667,38.238583333,NA,"Cache Slough","Outside","USGSbenthic",2018-10-15,"LS001",NA,NA,NA,NA,NA,NA,"Ponar",2018,10,NA,NA,NA,NA,NA,"Macro","Potamocorbula",NA,0
"USGSbenthic LSL_1 2017-06-15",-121.700717,38.24683,NA,"Cache Slough","Outside","USGSbenthic",2017-06-15,"LSL_1",NA,NA,NA,NA,NA,NA,"Ponar",2017,6,NA,NA,NA,NA,NA,"Macro","Corbicula",NA,860
"USGSbenthic LSL_1 2017-06-15",-121.700717,38.24683,NA,"Cache Slough","Outside","USGSbenthic",2017-06-15,"LSL_1",NA,NA,NA,NA,NA,NA,"Ponar",2017,6,NA,NA,NA,NA,NA,"Macro","Other",NA,60
"USGSbenthic LSL_1 2017-06-15",-121.700717,38.24683,NA,"Cache Slough","Outside","USGSbenthic",2017-06-15,"LSL_1",NA,NA,NA,NA,NA,NA,"Ponar",2017,6,NA,NA,NA,NA,NA,"Macro","Potamocorbula",NA,0
"USGSbenthic LSL_1 2017-07-15",-121.700717,38.24683,NA,"Cache Slough","Outside","USGSbenthic",2017-07-15,"LSL_1",NA,NA,NA,NA,NA,NA,"Ponar",2017,7,NA,NA,NA,NA,NA,"Macro","Corbicula",NA,1560
"USGSbenthic LSL_1 2017-07-15",-121.700717,38.24683,NA,"Cache Slough","Outside","USGSbenthic",2017-07-15,"LSL_1",NA,NA,NA,NA,NA,NA,"Ponar",2017,7,NA,NA,NA,NA,NA,"Macro","Other",NA,240
"USGSbenthic LSL_1 2017-07-15",-121.700717,38.24683,NA,"Cache Slough","Outside","USGSbenthic",2017-07-15,"LSL_1",NA,NA,NA,NA,NA,NA,"Ponar",2017,7,NA,NA,NA,NA,NA,"Macro","Potamocorbula",NA,0
"USGSbenthic LSL_1 2017-08-15",-121.700717,38.24683,NA,"Cache Slough","Outside","USGSbenthic",2017-08-15,"LSL_1",NA,NA,NA,NA,NA,NA,"Ponar",2017,8,NA,NA,NA,NA,NA,"Macro","Corbicula",NA,1720
"USGSbenthic LSL_1 2017-08-15",-121.700717,38.24683,NA,"Cache Slough","Outside","USGSbenthic",2017-08-15,"LSL_1",NA,NA,NA,NA,NA,NA,"Ponar",2017,8,NA,NA,NA,NA,NA,"Macro","Other",NA,0
"USGSbenthic LSL_1 2017-08-15",-121.700717,38.24683,NA,"Cache Slough","Outside","USGSbenthic",2017-08-15,"LSL_1",NA,NA,NA,NA,NA,NA,"Ponar",2017,8,NA,NA,NA,NA,NA,"Macro","Potamocorbula",NA,0
"USGSbenthic LSL_1 2017-10-15",-121.700717,38.24683,NA,"Cache Slough","Outside","USGSbenthic",2017-10-15,"LSL_1",NA,NA,NA,NA,NA,NA,"Ponar",2017,10,NA,NA,NA,NA,NA,"Macro","Corbicula",NA,100
"USGSbenthic LSL_1 2017-10-15",-121.700717,38.24683,NA,"Cache Slough","Outside","USGSbenthic",2017-10-15,"LSL_1",NA,NA,NA,NA,NA,NA,"Ponar",2017,10,NA,NA,NA,NA,NA,"Macro","Other",NA,0
"USGSbenthic LSL_1 2017-10-15",-121.700717,38.24683,NA,"Cache Slough","Outside","USGSbenthic",2017-10-15,"LSL_1",NA,NA,NA,NA,NA,NA,"Ponar",2017,10,NA,NA,NA,NA,NA,"Macro","Potamocorbula",NA,0
"USGSbenthic LSL_1 2018-05-15",-121.700717,38.24683,NA,"Cache Slough","Outside","USGSbenthic",2018-05-15,"LSL_1",NA,NA,NA,NA,NA,NA,"Ponar",2018,5,NA,NA,NA,NA,NA,"Macro","Corbicula",NA,1400
"USGSbenthic LSL_1 2018-05-15",-121.700717,38.24683,NA,"Cache Slough","Outside","USGSbenthic",2018-05-15,"LSL_1",NA,NA,NA,NA,NA,NA,"Ponar",2018,5,NA,NA,NA,NA,NA,"Macro","Other",NA,140
"USGSbenthic LSL_1 2018-05-15",-121.700717,38.24683,NA,"Cache Slough","Outside","USGSbenthic",2018-05-15,"LSL_1",NA,NA,NA,NA,NA,NA,"Ponar",2018,5,NA,NA,NA,NA,NA,"Macro","Potamocorbula",NA,0
"USGSbenthic LSL_1 2018-06-15",-121.700717,38.24683,NA,"Cache Slough","Outside","USGSbenthic",2018-06-15,"LSL_1",NA,NA,NA,NA,NA,NA,"Ponar",2018,6,NA,NA,NA,NA,NA,"Macro","Corbicula",NA,780
"USGSbenthic LSL_1 2018-06-15",-121.700717,38.24683,NA,"Cache Slough","Outside","USGSbenthic",2018-06-15,"LSL_1",NA,NA,NA,NA,NA,NA,"Ponar",2018,6,NA,NA,NA,NA,NA,"Macro","Other",NA,40
"USGSbenthic LSL_1 2018-06-15",-121.700717,38.24683,NA,"Cache Slough","Outside","USGSbenthic",2018-06-15,"LSL_1",NA,NA,NA,NA,NA,NA,"Ponar",2018,6,NA,NA,NA,NA,NA,"Macro","Potamocorbula",NA,0
"USGSbenthic LSL_1 2018-08-15",-121.700717,38.24683,NA,"Cache Slough","Outside","USGSbenthic",2018-08-15,"LSL_1",NA,NA,NA,NA,NA,NA,"Ponar",2018,8,NA,NA,NA,NA,NA,"Macro","Corbicula",NA,1480
"USGSbenthic LSL_1 2018-08-15",-121.700717,38.24683,NA,"Cache Slough","Outside","USGSbenthic",2018-08-15,"LSL_1",NA,NA,NA,NA,NA,NA,"Ponar",2018,8,NA,NA,NA,NA,NA,"Macro","Other",NA,40
"USGSbenthic LSL_1 2018-08-15",-121.700717,38.24683,NA,"Cache Slough","Outside","USGSbenthic",2018-08-15,"LSL_1",NA,NA,NA,NA,NA,NA,"Ponar",2018,8,NA,NA,NA,NA,NA,"Macro","Potamocorbula",NA,0
"USGSbenthic LSL_1 2018-10-15",-121.700717,38.24683,NA,"Cache Slough","Outside","USGSbenthic",2018-10-15,"LSL_1",NA,NA,NA,NA,NA,NA,"Ponar",2018,10,NA,NA,NA,NA,NA,"Macro","Corbicula",NA,980
"USGSbenthic LSL_1 2018-10-15",-121.700717,38.24683,NA,"Cache Slough","Outside","USGSbenthic",2018-10-15,"LSL_1",NA,NA,NA,NA,NA,NA,"Ponar",2018,10,NA,NA,NA,NA,NA,"Macro","Other",NA,100
"USGSbenthic LSL_1 2018-10-15",-121.700717,38.24683,NA,"Cache Slough","Outside","USGSbenthic",2018-10-15,"LSL_1",NA,NA,NA,NA,NA,NA,"Ponar",2018,10,NA,NA,NA,NA,NA,"Macro","Potamocorbula",NA,0
"USGSbenthic NL56A 2017-08-15",-121.662028,38.275519,NA,"Cache Slough","Outside","USGSbenthic",2017-08-15,"NL56A",NA,NA,NA,NA,NA,NA,"Ponar",2017,8,NA,NA,NA,NA,NA,"Macro","Corbicula",NA,220
"USGSbenthic NL56A 2017-08-15",-121.662028,38.275519,NA,"Cache Slough","Outside","USGSbenthic",2017-08-15,"NL56A",NA,NA,NA,NA,NA,NA,"Ponar",2017,8,NA,NA,NA,NA,NA,"Macro","Other",NA,60
"USGSbenthic NL56A 2017-08-15",-121.662028,38.275519,NA,"Cache Slough","Outside","USGSbenthic",2017-08-15,"NL56A",NA,NA,NA,NA,NA,NA,"Ponar",2017,8,NA,NA,NA,NA,NA,"Macro","Potamocorbula",NA,0
"USGSbenthic NL56B 2017-08-15",-121.661003,38.275456,NA,"Cache Slough","Outside","USGSbenthic",2017-08-15,"NL56B",NA,NA,NA,NA,NA,NA,"Ponar",2017,8,NA,NA,NA,NA,NA,"Macro","Corbicula",NA,3220
"USGSbenthic NL56B 2017-08-15",-121.661003,38.275456,NA,"Cache Slough","Outside","USGSbenthic",2017-08-15,"NL56B",NA,NA,NA,NA,NA,NA,"Ponar",2017,8,NA,NA,NA,NA,NA,"Macro","Other",NA,20
"USGSbenthic NL56B 2017-08-15",-121.661003,38.275456,NA,"Cache Slough","Outside","USGSbenthic",2017-08-15,"NL56B",NA,NA,NA,NA,NA,NA,"Ponar",2017,8,NA,NA,NA,NA,NA,"Macro","Potamocorbula",NA,0
"USGSbenthic NL62 2017-03-15",-121.644,38.3415,NA,"Cache Slough","Outside","USGSbenthic",2017-03-15,"NL62",NA,NA,NA,NA,NA,NA,"Ponar",2017,3,NA,NA,NA,NA,NA,"Macro","Corbicula",NA,780
"USGSbenthic NL62 2017-03-15",-121.644,38.3415,NA,"Cache Slough","Outside","USGSbenthic",2017-03-15,"NL62",NA,NA,NA,NA,NA,NA,"Ponar",2017,3,NA,NA,NA,NA,NA,"Macro","Other",NA,0
"USGSbenthic NL62 2017-03-15",-121.644,38.3415,NA,"Cache Slough","Outside","USGSbenthic",2017-03-15,"NL62",NA,NA,NA,NA,NA,NA,"Ponar",2017,3,NA,NA,NA,NA,NA,"Macro","Potamocorbula",NA,0
"USGSbenthic NL62 2017-06-15",-121.644,38.3415,NA,"Cache Slough","Outside","USGSbenthic",2017-06-15,"NL62",NA,NA,NA,NA,NA,NA,"Ponar",2017,6,NA,NA,NA,NA,NA,"Macro","Corbicula",NA,260
"USGSbenthic NL62 2017-06-15",-121.644,38.3415,NA,"Cache Slough","Outside","USGSbenthic",2017-06-15,"NL62",NA,NA,NA,NA,NA,NA,"Ponar",2017,6,NA,NA,NA,NA,NA,"Macro","Other",NA,0
"USGSbenthic NL62 2017-06-15",-121.644,38.3415,NA,"Cache Slough","Outside","USGSbenthic",2017-06-15,"NL62",NA,NA,NA,NA,NA,NA,"Ponar",2017,6,NA,NA,NA,NA,NA,"Macro","Potamocorbula",NA,0
"USGSbenthic NL62 2017-07-15",-121.644,38.3415,NA,"Cache Slough","Outside","USGSbenthic",2017-07-15,"NL62",NA,NA,NA,NA,NA,NA,"Ponar",2017,7,NA,NA,NA,NA,NA,"Macro","Corbicula",NA,600
"USGSbenthic NL62 2017-07-15",-121.644,38.3415,NA,"Cache Slough","Outside","USGSbenthic",2017-07-15,"NL62",NA,NA,NA,NA,NA,NA,"Ponar",2017,7,NA,NA,NA,NA,NA,"Macro","Other",NA,0
"USGSbenthic NL62 2017-07-15",-121.644,38.3415,NA,"Cache Slough","Outside","USGSbenthic",2017-07-15,"NL62",NA,NA,NA,NA,NA,NA,"Ponar",2017,7,NA,NA,NA,NA,NA,"Macro","Potamocorbula",NA,0
"USGSbenthic NL62 2017-08-15",-121.644,38.3415,NA,"Cache Slough","Outside","USGSbenthic",2017-08-15,"NL62",NA,NA,NA,NA,NA,NA,"Ponar",2017,8,NA,NA,NA,NA,NA,"Macro","Corbicula",NA,4880
"USGSbenthic NL62 2017-08-15",-121.644,38.3415,NA,"Cache Slough","Outside","USGSbenthic",2017-08-15,"NL62",NA,NA,NA,NA,NA,NA,"Ponar",2017,8,NA,NA,NA,NA,NA,"Macro","Other",NA,20
"USGSbenthic NL62 2017-08-15",-121.644,38.3415,NA,"Cache Slough","Outside","USGSbenthic",2017-08-15,"NL62",NA,NA,NA,NA,NA,NA,"Ponar",2017,8,NA,NA,NA,NA,NA,"Macro","Potamocorbula",NA,0
"USGSbenthic NL62 2017-10-15",-121.644,38.3415,NA,"Cache Slough","Outside","USGSbenthic",2017-10-15,"NL62",NA,NA,NA,NA,NA,NA,"Ponar",2017,10,NA,NA,NA,NA,NA,"Macro","Corbicula",NA,380
"USGSbenthic NL62 2017-10-15",-121.644,38.3415,NA,"Cache Slough","Outside","USGSbenthic",2017-10-15,"NL62",NA,NA,NA,NA,NA,NA,"Ponar",2017,10,NA,NA,NA,NA,NA,"Macro","Other",NA,0
"USGSbenthic NL62 2017-10-15",-121.644,38.3415,NA,"Cache Slough","Outside","USGSbenthic",2017-10-15,"NL62",NA,NA,NA,NA,NA,NA,"Ponar",2017,10,NA,NA,NA,NA,NA,"Macro","Potamocorbula",NA,0
"USGSbenthic NL62 2018-05-15",-121.644,38.3415,NA,"Cache Slough","Outside","USGSbenthic",2018-05-15,"NL62",NA,NA,NA,NA,NA,NA,"Ponar",2018,5,NA,NA,NA,NA,NA,"Macro","Corbicula",NA,480
"USGSbenthic NL62 2018-05-15",-121.644,38.3415,NA,"Cache Slough","Outside","USGSbenthic",2018-05-15,"NL62",NA,NA,NA,NA,NA,NA,"Ponar",2018,5,NA,NA,NA,NA,NA,"Macro","Other",NA,0
"USGSbenthic NL62 2018-05-15",-121.644,38.3415,NA,"Cache Slough","Outside","USGSbenthic",2018-05-15,"NL62",NA,NA,NA,NA,NA,NA,"Ponar",2018,5,NA,NA,NA,NA,NA,"Macro","Potamocorbula",NA,0
"USGSbenthic NL62 2018-08-15",-121.644,38.3415,NA,"Cache Slough","Outside","USGSbenthic",2018-08-15,"NL62",NA,NA,NA,NA,NA,NA,"Ponar",2018,8,NA,NA,NA,NA,NA,"Macro","Corbicula",NA,200
"USGSbenthic NL62 2018-08-15",-121.644,38.3415,NA,"Cache Slough","Outside","USGSbenthic",2018-08-15,"NL62",NA,NA,NA,NA,NA,NA,"Ponar",2018,8,NA,NA,NA,NA,NA,"Macro","Other",NA,0
"USGSbenthic NL62 2018-08-15",-121.644,38.3415,NA,"Cache Slough","Outside","USGSbenthic",2018-08-15,"NL62",NA,NA,NA,NA,NA,NA,"Ponar",2018,8,NA,NA,NA,NA,NA,"Macro","Potamocorbula",NA,0
"USGSbenthic NL62 2018-10-15",-121.644,38.3415,NA,"Cache Slough","Outside","USGSbenthic",2018-10-15,"NL62",NA,NA,NA,NA,NA,NA,"Ponar",2018,10,NA,NA,NA,NA,NA,"Macro","Corbicula",NA,300
"USGSbenthic NL62 2018-10-15",-121.644,38.3415,NA,"Cache Slough","Outside","USGSbenthic",2018-10-15,"NL62",NA,NA,NA,NA,NA,NA,"Ponar",2018,10,NA,NA,NA,NA,NA,"Macro","Other",NA,0
"USGSbenthic NL62 2018-10-15",-121.644,38.3415,NA,"Cache Slough","Outside","USGSbenthic",2018-10-15,"NL62",NA,NA,NA,NA,NA,NA,"Ponar",2018,10,NA,NA,NA,NA,NA,"Macro","Potamocorbula",NA,0
"USGSbenthic NL62A 2017-07-15",-121.645419,38.341644,NA,"Cache Slough","Outside","USGSbenthic",2017-07-15,"NL62A",NA,NA,NA,NA,NA,NA,"Ponar",2017,7,NA,NA,NA,NA,NA,"Macro","Corbicula",NA,20
"USGSbenthic NL62A 2017-07-15",-121.645419,38.341644,NA,"Cache Slough","Outside","USGSbenthic",2017-07-15,"NL62A",NA,NA,NA,NA,NA,NA,"Ponar",2017,7,NA,NA,NA,NA,NA,"Macro","Other",NA,0
"USGSbenthic NL62A 2017-07-15",-121.645419,38.341644,NA,"Cache Slough","Outside","USGSbenthic",2017-07-15,"NL62A",NA,NA,NA,NA,NA,NA,"Ponar",2017,7,NA,NA,NA,NA,NA,"Macro","Potamocorbula",NA,0
"USGSbenthic NL62B 2017-07-15",-121.644739,38.341578,NA,"Cache Slough","Outside","USGSbenthic",2017-07-15,"NL62B",NA,NA,NA,NA,NA,NA,"Ponar",2017,7,NA,NA,NA,NA,NA,"Macro","Corbicula",NA,1780
"USGSbenthic NL62B 2017-07-15",-121.644739,38.341578,NA,"Cache Slough","Outside","USGSbenthic",2017-07-15,"NL62B",NA,NA,NA,NA,NA,NA,"Ponar",2017,7,NA,NA,NA,NA,NA,"Macro","Other",NA,0
"USGSbenthic NL62B 2017-07-15",-121.644739,38.341578,NA,"Cache Slough","Outside","USGSbenthic",2017-07-15,"NL62B",NA,NA,NA,NA,NA,NA,"Ponar",2017,7,NA,NA,NA,NA,NA,"Macro","Potamocorbula",NA,0
"USGSbenthic PS1 2017-03-15",-121.66415,38.2834666666667,NA,"Cache Slough","Outside","USGSbenthic",2017-03-15,"PS1",NA,NA,NA,NA,NA,NA,"Ponar",2017,3,NA,NA,NA,NA,NA,"Macro","Corbicula",NA,660
"USGSbenthic PS1 2017-03-15",-121.66415,38.2834666666667,NA,"Cache Slough","Outside","USGSbenthic",2017-03-15,"PS1",NA,NA,NA,NA,NA,NA,"Ponar",2017,3,NA,NA,NA,NA,NA,"Macro","Other",NA,0
"USGSbenthic PS1 2017-03-15",-121.66415,38.2834666666667,NA,"Cache Slough","Outside","USGSbenthic",2017-03-15,"PS1",NA,NA,NA,NA,NA,NA,"Ponar",2017,3,NA,NA,NA,NA,NA,"Macro","Potamocorbula",NA,0
"USGSbenthic PS1 2017-03-15",-121.66415,38.2834666666667,NA,"Cache Slough","Outside","USGSbenthic",2017-03-15,"PS1",NA,NA,NA,NA,NA,NA,"Ponar",2017,3,NA,NA,NA,NA,NA,"Macro","Corbicula",NA,660
"USGSbenthic PS1 2017-03-15",-121.66415,38.2834666666667,NA,"Cache Slough","Outside","USGSbenthic",2017-03-15,"PS1",NA,NA,NA,NA,NA,NA,"Ponar",2017,3,NA,NA,NA,NA,NA,"Macro","Other",NA,0
"USGSbenthic PS1 2017-03-15",-121.66415,38.2834666666667,NA,"Cache Slough","Outside","USGSbenthic",2017-03-15,"PS1",NA,NA,NA,NA,NA,NA,"Ponar",2017,3,NA,NA,NA,NA,NA,"Macro","Potamocorbula",NA,0
"USGSbenthic PS1 2017-06-15",-121.66415,38.2834666666667,NA,"Cache Slough","Outside","USGSbenthic",2017-06-15,"PS1",NA,NA,NA,NA,NA,NA,"Ponar",2017,6,NA,NA,NA,NA,NA,"Macro","Corbicula",NA,1540
"USGSbenthic PS1 2017-06-15",-121.66415,38.2834666666667,NA,"Cache Slough","Outside","USGSbenthic",2017-06-15,"PS1",NA,NA,NA,NA,NA,NA,"Ponar",2017,6,NA,NA,NA,NA,NA,"Macro","Other",NA,0
"USGSbenthic PS1 2017-06-15",-121.66415,38.2834666666667,NA,"Cache Slough","Outside","USGSbenthic",2017-06-15,"PS1",NA,NA,NA,NA,NA,NA,"Ponar",2017,6,NA,NA,NA,NA,NA,"Macro","Potamocorbula",NA,0
"USGSbenthic PS1 2017-06-15",-121.66415,38.2834666666667,NA,"Cache Slough","Outside","USGSbenthic",2017-06-15,"PS1",NA,NA,NA,NA,NA,NA,"Ponar",2017,6,NA,NA,NA,NA,NA,"Macro","Corbicula",NA,1540
"USGSbenthic PS1 2017-06-15",-121.66415,38.2834666666667,NA,"Cache Slough","Outside","USGSbenthic",2017-06-15,"PS1",NA,NA,NA,NA,NA,NA,"Ponar",2017,6,NA,NA,NA,NA,NA,"Macro","Other",NA,0
"USGSbenthic PS1 2017-06-15",-121.66415,38.2834666666667,NA,"Cache Slough","Outside","USGSbenthic",2017-06-15,"PS1",NA,NA,NA,NA,NA,NA,"Ponar",2017,6,NA,NA,NA,NA,NA,"Macro","Potamocorbula",NA,0
"USGSbenthic PS1 2017-07-15",-121.66415,38.2834666666667,NA,"Cache Slough","Outside","USGSbenthic",2017-07-15,"PS1",NA,NA,NA,NA,NA,NA,"Ponar",2017,7,NA,NA,NA,NA,NA,"Macro","Corbicula",NA,4220
"USGSbenthic PS1 2017-07-15",-121.66415,38.2834666666667,NA,"Cache Slough","Outside","USGSbenthic",2017-07-15,"PS1",NA,NA,NA,NA,NA,NA,"Ponar",2017,7,NA,NA,NA,NA,NA,"Macro","Other",NA,0
"USGSbenthic PS1 2017-07-15",-121.66415,38.2834666666667,NA,"Cache Slough","Outside","USGSbenthic",2017-07-15,"PS1",NA,NA,NA,NA,NA,NA,"Ponar",2017,7,NA,NA,NA,NA,NA,"Macro","Potamocorbula",NA,0
"USGSbenthic PS1 2017-07-15",-121.66415,38.2834666666667,NA,"Cache Slough","Outside","USGSbenthic",2017-07-15,"PS1",NA,NA,NA,NA,NA,NA,"Ponar",2017,7,NA,NA,NA,NA,NA,"Macro","Corbicula",NA,4220
"USGSbenthic PS1 2017-07-15",-121.66415,38.2834666666667,NA,"Cache Slough","Outside","USGSbenthic",2017-07-15,"PS1",NA,NA,NA,NA,NA,NA,"Ponar",2017,7,NA,NA,NA,NA,NA,"Macro","Other",NA,0
"USGSbenthic PS1 2017-07-15",-121.66415,38.2834666666667,NA,"Cache Slough","Outside","USGSbenthic",2017-07-15,"PS1",NA,NA,NA,NA,NA,NA,"Ponar",2017,7,NA,NA,NA,NA,NA,"Macro","Potamocorbula",NA,0
"USGSbenthic PS1 2017-08-15",-121.66415,38.2834666666667,NA,"Cache Slough","Outside","USGSbenthic",2017-08-15,"PS1",NA,NA,NA,NA,NA,NA,"Ponar",2017,8,NA,NA,NA,NA,NA,"Macro","Corbicula",NA,600
"USGSbenthic PS1 2017-08-15",-121.66415,38.2834666666667,NA,"Cache Slough","Outside","USGSbenthic",2017-08-15,"PS1",NA,NA,NA,NA,NA,NA,"Ponar",2017,8,NA,NA,NA,NA,NA,"Macro","Other",NA,0
"USGSbenthic PS1 2017-08-15",-121.66415,38.2834666666667,NA,"Cache Slough","Outside","USGSbenthic",2017-08-15,"PS1",NA,NA,NA,NA,NA,NA,"Ponar",2017,8,NA,NA,NA,NA,NA,"Macro","Potamocorbula",NA,0
"USGSbenthic PS1 2017-08-15",-121.66415,38.2834666666667,NA,"Cache Slough","Outside","USGSbenthic",2017-08-15,"PS1",NA,NA,NA,NA,NA,NA,"Ponar",2017,8,NA,NA,NA,NA,NA,"Macro","Corbicula",NA,600
"USGSbenthic PS1 2017-08-15",-121.66415,38.2834666666667,NA,"Cache Slough","Outside","USGSbenthic",2017-08-15,"PS1",NA,NA,NA,NA,NA,NA,"Ponar",2017,8,NA,NA,NA,NA,NA,"Macro","Other",NA,0
"USGSbenthic PS1 2017-08-15",-121.66415,38.2834666666667,NA,"Cache Slough","Outside","USGSbenthic",2017-08-15,"PS1",NA,NA,NA,NA,NA,NA,"Ponar",2017,8,NA,NA,NA,NA,NA,"Macro","Potamocorbula",NA,0
"USGSbenthic PS1 2017-10-15",-121.66415,38.2834666666667,NA,"Cache Slough","Outside","USGSbenthic",2017-10-15,"PS1",NA,NA,NA,NA,NA,NA,"Ponar",2017,10,NA,NA,NA,NA,NA,"Macro","Corbicula",NA,1480
"USGSbenthic PS1 2017-10-15",-121.66415,38.2834666666667,NA,"Cache Slough","Outside","USGSbenthic",2017-10-15,"PS1",NA,NA,NA,NA,NA,NA,"Ponar",2017,10,NA,NA,NA,NA,NA,"Macro","Other",NA,20
"USGSbenthic PS1 2017-10-15",-121.66415,38.2834666666667,NA,"Cache Slough","Outside","USGSbenthic",2017-10-15,"PS1",NA,NA,NA,NA,NA,NA,"Ponar",2017,10,NA,NA,NA,NA,NA,"Macro","Potamocorbula",NA,0
"USGSbenthic PS1 2017-10-15",-121.66415,38.2834666666667,NA,"Cache Slough","Outside","USGSbenthic",2017-10-15,"PS1",NA,NA,NA,NA,NA,NA,"Ponar",2017,10,NA,NA,NA,NA,NA,"Macro","Corbicula",NA,1480
"USGSbenthic PS1 2017-10-15",-121.66415,38.2834666666667,NA,"Cache Slough","Outside","USGSbenthic",2017-10-15,"PS1",NA,NA,NA,NA,NA,NA,"Ponar",2017,10,NA,NA,NA,NA,NA,"Macro","Other",NA,20
"USGSbenthic PS1 2017-10-15",-121.66415,38.2834666666667,NA,"Cache Slough","Outside","USGSbenthic",2017-10-15,"PS1",NA,NA,NA,NA,NA,NA,"Ponar",2017,10,NA,NA,NA,NA,NA,"Macro","Potamocorbula",NA,0
"USGSbenthic PS1 2018-10-15",-121.66415,38.283466667,NA,"Cache Slough","Outside","USGSbenthic",2018-10-15,"PS1",NA,NA,NA,NA,NA,NA,"Ponar",2018,10,NA,NA,NA,NA,NA,"Macro","Corbicula",NA,0
"USGSbenthic PS1 2018-10-15",-121.66415,38.283466667,NA,"Cache Slough","Outside","USGSbenthic",2018-10-15,"PS1",NA,NA,NA,NA,NA,NA,"Ponar",2018,10,NA,NA,NA,NA,NA,"Macro","Other",NA,0
"USGSbenthic PS1 2018-10-15",-121.66415,38.283466667,NA,"Cache Slough","Outside","USGSbenthic",2018-10-15,"PS1",NA,NA,NA,NA,NA,NA,"Ponar",2018,10,NA,NA,NA,NA,NA,"Macro","Potamocorbula",NA,0
"USGSbenthic PS2 2017-03-15",-121.664616666667,38.2835166666667,NA,"Cache Slough","Outside","USGSbenthic",2017-03-15,"PS2",NA,NA,NA,NA,NA,NA,"Ponar",2017,3,NA,NA,NA,NA,NA,"Macro","Corbicula",NA,10060
"USGSbenthic PS2 2017-03-15",-121.664616666667,38.2835166666667,NA,"Cache Slough","Outside","USGSbenthic",2017-03-15,"PS2",NA,NA,NA,NA,NA,NA,"Ponar",2017,3,NA,NA,NA,NA,NA,"Macro","Other",NA,0
"USGSbenthic PS2 2017-03-15",-121.664616666667,38.2835166666667,NA,"Cache Slough","Outside","USGSbenthic",2017-03-15,"PS2",NA,NA,NA,NA,NA,NA,"Ponar",2017,3,NA,NA,NA,NA,NA,"Macro","Potamocorbula",NA,0
"USGSbenthic PS2 2017-03-15",-121.664616666667,38.2835166666667,NA,"Cache Slough","Outside","USGSbenthic",2017-03-15,"PS2",NA,NA,NA,NA,NA,NA,"Ponar",2017,3,NA,NA,NA,NA,NA,"Macro","Corbicula",NA,10060
"USGSbenthic PS2 2017-03-15",-121.664616666667,38.2835166666667,NA,"Cache Slough","Outside","USGSbenthic",2017-03-15,"PS2",NA,NA,NA,NA,NA,NA,"Ponar",2017,3,NA,NA,NA,NA,NA,"Macro","Other",NA,0
"USGSbenthic PS2 2017-03-15",-121.664616666667,38.2835166666667,NA,"Cache Slough","Outside","USGSbenthic",2017-03-15,"PS2",NA,NA,NA,NA,NA,NA,"Ponar",2017,3,NA,NA,NA,NA,NA,"Macro","Potamocorbula",NA,0
"USGSbenthic PS2 2017-06-15",-121.664616666667,38.2835166666667,NA,"Cache Slough","Outside","USGSbenthic",2017-06-15,"PS2",NA,NA,NA,NA,NA,NA,"Ponar",2017,6,NA,NA,NA,NA,NA,"Macro","Corbicula",NA,5560
"USGSbenthic PS2 2017-06-15",-121.664616666667,38.2835166666667,NA,"Cache Slough","Outside","USGSbenthic",2017-06-15,"PS2",NA,NA,NA,NA,NA,NA,"Ponar",2017,6,NA,NA,NA,NA,NA,"Macro","Other",NA,0
"USGSbenthic PS2 2017-06-15",-121.664616666667,38.2835166666667,NA,"Cache Slough","Outside","USGSbenthic",2017-06-15,"PS2",NA,NA,NA,NA,NA,NA,"Ponar",2017,6,NA,NA,NA,NA,NA,"Macro","Potamocorbula",NA,0
"USGSbenthic PS2 2017-06-15",-121.664616666667,38.2835166666667,NA,"Cache Slough","Outside","USGSbenthic",2017-06-15,"PS2",NA,NA,NA,NA,NA,NA,"Ponar",2017,6,NA,NA,NA,NA,NA,"Macro","Corbicula",NA,5560
"USGSbenthic PS2 2017-06-15",-121.664616666667,38.2835166666667,NA,"Cache Slough","Outside","USGSbenthic",2017-06-15,"PS2",NA,NA,NA,NA,NA,NA,"Ponar",2017,6,NA,NA,NA,NA,NA,"Macro","Other",NA,0
"USGSbenthic PS2 2017-06-15",-121.664616666667,38.2835166666667,NA,"Cache Slough","Outside","USGSbenthic",2017-06-15,"PS2",NA,NA,NA,NA,NA,NA,"Ponar",2017,6,NA,NA,NA,NA,NA,"Macro","Potamocorbula",NA,0
"USGSbenthic PS2 2017-07-15",-121.664616666667,38.2835166666667,NA,"Cache Slough","Outside","USGSbenthic",2017-07-15,"PS2",NA,NA,NA,NA,NA,NA,"Ponar",2017,7,NA,NA,NA,NA,NA,"Macro","Corbicula",NA,2620
"USGSbenthic PS2 2017-07-15",-121.664616666667,38.2835166666667,NA,"Cache Slough","Outside","USGSbenthic",2017-07-15,"PS2",NA,NA,NA,NA,NA,NA,"Ponar",2017,7,NA,NA,NA,NA,NA,"Macro","Other",NA,0
"USGSbenthic PS2 2017-07-15",-121.664616666667,38.2835166666667,NA,"Cache Slough","Outside","USGSbenthic",2017-07-15,"PS2",NA,NA,NA,NA,NA,NA,"Ponar",2017,7,NA,NA,NA,NA,NA,"Macro","Potamocorbula",NA,0
"USGSbenthic PS2 2017-07-15",-121.664616666667,38.2835166666667,NA,"Cache Slough","Outside","USGSbenthic",2017-07-15,"PS2",NA,NA,NA,NA,NA,NA,"Ponar",2017,7,NA,NA,NA,NA,NA,"Macro","Corbicula",NA,2620
"USGSbenthic PS2 2017-07-15",-121.664616666667,38.2835166666667,NA,"Cache Slough","Outside","USGSbenthic",2017-07-15,"PS2",NA,NA,NA,NA,NA,NA,"Ponar",2017,7,NA,NA,NA,NA,NA,"Macro","Other",NA,0
"USGSbenthic PS2 2017-07-15",-121.664616666667,38.2835166666667,NA,"Cache Slough","Outside","USGSbenthic",2017-07-15,"PS2",NA,NA,NA,NA,NA,NA,"Ponar",2017,7,NA,NA,NA,NA,NA,"Macro","Potamocorbula",NA,0
"USGSbenthic PS2 2017-08-15",-121.664616666667,38.2835166666667,NA,"Cache Slough","Outside","USGSbenthic",2017-08-15,"PS2",NA,NA,NA,NA,NA,NA,"Ponar",2017,8,NA,NA,NA,NA,NA,"Macro","Corbicula",NA,460
"USGSbenthic PS2 2017-08-15",-121.664616666667,38.2835166666667,NA,"Cache Slough","Outside","USGSbenthic",2017-08-15,"PS2",NA,NA,NA,NA,NA,NA,"Ponar",2017,8,NA,NA,NA,NA,NA,"Macro","Other",NA,0
"USGSbenthic PS2 2017-08-15",-121.664616666667,38.2835166666667,NA,"Cache Slough","Outside","USGSbenthic",2017-08-15,"PS2",NA,NA,NA,NA,NA,NA,"Ponar",2017,8,NA,NA,NA,NA,NA,"Macro","Potamocorbula",NA,0
"USGSbenthic PS2 2017-08-15",-121.664616666667,38.2835166666667,NA,"Cache Slough","Outside","USGSbenthic",2017-08-15,"PS2",NA,NA,NA,NA,NA,NA,"Ponar",2017,8,NA,NA,NA,NA,NA,"Macro","Corbicula",NA,460
"USGSbenthic PS2 2017-08-15",-121.664616666667,38.2835166666667,NA,"Cache Slough","Outside","USGSbenthic",2017-08-15,"PS2",NA,NA,NA,NA,NA,NA,"Ponar",2017,8,NA,NA,NA,NA,NA,"Macro","Other",NA,0
"USGSbenthic PS2 2017-08-15",-121.664616666667,38.2835166666667,NA,"Cache Slough","Outside","USGSbenthic",2017-08-15,"PS2",NA,NA,NA,NA,NA,NA,"Ponar",2017,8,NA,NA,NA,NA,NA,"Macro","Potamocorbula",NA,0
"USGSbenthic PS2 2017-10-15",-121.664616666667,38.2835166666667,NA,"Cache Slough","Outside","USGSbenthic",2017-10-15,"PS2",NA,NA,NA,NA,NA,NA,"Ponar",2017,10,NA,NA,NA,NA,NA,"Macro","Corbicula",NA,8900
"USGSbenthic PS2 2017-10-15",-121.664616666667,38.2835166666667,NA,"Cache Slough","Outside","USGSbenthic",2017-10-15,"PS2",NA,NA,NA,NA,NA,NA,"Ponar",2017,10,NA,NA,NA,NA,NA,"Macro","Other",NA,0
"USGSbenthic PS2 2017-10-15",-121.664616666667,38.2835166666667,NA,"Cache Slough","Outside","USGSbenthic",2017-10-15,"PS2",NA,NA,NA,NA,NA,NA,"Ponar",2017,10,NA,NA,NA,NA,NA,"Macro","Potamocorbula",NA,0
"USGSbenthic PS2 2017-10-15",-121.664616666667,38.2835166666667,NA,"Cache Slough","Outside","USGSbenthic",2017-10-15,"PS2",NA,NA,NA,NA,NA,NA,"Ponar",2017,10,NA,NA,NA,NA,NA,"Macro","Corbicula",NA,8900
"USGSbenthic PS2 2017-10-15",-121.664616666667,38.2835166666667,NA,"Cache Slough","Outside","USGSbenthic",2017-10-15,"PS2",NA,NA,NA,NA,NA,NA,"Ponar",2017,10,NA,NA,NA,NA,NA,"Macro","Other",NA,0
"USGSbenthic PS2 2017-10-15",-121.664616666667,38.2835166666667,NA,"Cache Slough","Outside","USGSbenthic",2017-10-15,"PS2",NA,NA,NA,NA,NA,NA,"Ponar",2017,10,NA,NA,NA,NA,NA,"Macro","Potamocorbula",NA,0
"USGSbenthic PS2 2018-10-15",-121.664616667,38.283516667,NA,"Cache Slough","Outside","USGSbenthic",2018-10-15,"PS2",NA,NA,NA,NA,NA,NA,"Ponar",2018,10,NA,NA,NA,NA,NA,"Macro","Corbicula",NA,0
"USGSbenthic PS2 2018-10-15",-121.664616667,38.283516667,NA,"Cache Slough","Outside","USGSbenthic",2018-10-15,"PS2",NA,NA,NA,NA,NA,NA,"Ponar",2018,10,NA,NA,NA,NA,NA,"Macro","Other",NA,520
"USGSbenthic PS2 2018-10-15",-121.664616667,38.283516667,NA,"Cache Slough","Outside","USGSbenthic",2018-10-15,"PS2",NA,NA,NA,NA,NA,NA,"Ponar",2018,10,NA,NA,NA,NA,NA,"Macro","Potamocorbula",NA,0
"USGSbenthic PS3 2017-03-15",-121.66365,38.2837666666667,NA,"Cache Slough","Outside","USGSbenthic",2017-03-15,"PS3",NA,NA,NA,NA,NA,NA,"Ponar",2017,3,NA,NA,NA,NA,NA,"Macro","Corbicula",NA,220
"USGSbenthic PS3 2017-03-15",-121.66365,38.2837666666667,NA,"Cache Slough","Outside","USGSbenthic",2017-03-15,"PS3",NA,NA,NA,NA,NA,NA,"Ponar",2017,3,NA,NA,NA,NA,NA,"Macro","Other",NA,0
"USGSbenthic PS3 2017-03-15",-121.66365,38.2837666666667,NA,"Cache Slough","Outside","USGSbenthic",2017-03-15,"PS3",NA,NA,NA,NA,NA,NA,"Ponar",2017,3,NA,NA,NA,NA,NA,"Macro","Potamocorbula",NA,0
"USGSbenthic PS3 2017-03-15",-121.66365,38.2837666666667,NA,"Cache Slough","Outside","USGSbenthic",2017-03-15,"PS3",NA,NA,NA,NA,NA,NA,"Ponar",2017,3,NA,NA,NA,NA,NA,"Macro","Corbicula",NA,220
"USGSbenthic PS3 2017-03-15",-121.66365,38.2837666666667,NA,"Cache Slough","Outside","USGSbenthic",2017-03-15,"PS3",NA,NA,NA,NA,NA,NA,"Ponar",2017,3,NA,NA,NA,NA,NA,"Macro","Other",NA,0
"USGSbenthic PS3 2017-03-15",-121.66365,38.2837666666667,NA,"Cache Slough","Outside","USGSbenthic",2017-03-15,"PS3",NA,NA,NA,NA,NA,NA,"Ponar",2017,3,NA,NA,NA,NA,NA,"Macro","Potamocorbula",NA,0
"USGSbenthic PS3 2017-06-15",-121.66365,38.2837666666667,NA,"Cache Slough","Outside","USGSbenthic",2017-06-15,"PS3",NA,NA,NA,NA,NA,NA,"Ponar",2017,6,NA,NA,NA,NA,NA,"Macro","Corbicula",NA,1040
"USGSbenthic PS3 2017-06-15",-121.66365,38.2837666666667,NA,"Cache Slough","Outside","USGSbenthic",2017-06-15,"PS3",NA,NA,NA,NA,NA,NA,"Ponar",2017,6,NA,NA,NA,NA,NA,"Macro","Other",NA,20
"USGSbenthic PS3 2017-06-15",-121.66365,38.2837666666667,NA,"Cache Slough","Outside","USGSbenthic",2017-06-15,"PS3",NA,NA,NA,NA,NA,NA,"Ponar",2017,6,NA,NA,NA,NA,NA,"Macro","Potamocorbula",NA,0
"USGSbenthic PS3 2017-06-15",-121.66365,38.2837666666667,NA,"Cache Slough","Outside","USGSbenthic",2017-06-15,"PS3",NA,NA,NA,NA,NA,NA,"Ponar",2017,6,NA,NA,NA,NA,NA,"Macro","Corbicula",NA,1040
"USGSbenthic PS3 2017-06-15",-121.66365,38.2837666666667,NA,"Cache Slough","Outside","USGSbenthic",2017-06-15,"PS3",NA,NA,NA,NA,NA,NA,"Ponar",2017,6,NA,NA,NA,NA,NA,"Macro","Other",NA,20
"USGSbenthic PS3 2017-06-15",-121.66365,38.2837666666667,NA,"Cache Slough","Outside","USGSbenthic",2017-06-15,"PS3",NA,NA,NA,NA,NA,NA,"Ponar",2017,6,NA,NA,NA,NA,NA,"Macro","Potamocorbula",NA,0
"USGSbenthic PS3 2017-07-15",-121.66365,38.2837666666667,NA,"Cache Slough","Outside","USGSbenthic",2017-07-15,"PS3",NA,NA,NA,NA,NA,NA,"Ponar",2017,7,NA,NA,NA,NA,NA,"Macro","Corbicula",NA,780
"USGSbenthic PS3 2017-07-15",-121.66365,38.2837666666667,NA,"Cache Slough","Outside","USGSbenthic",2017-07-15,"PS3",NA,NA,NA,NA,NA,NA,"Ponar",2017,7,NA,NA,NA,NA,NA,"Macro","Other",NA,20
"USGSbenthic PS3 2017-07-15",-121.66365,38.2837666666667,NA,"Cache Slough","Outside","USGSbenthic",2017-07-15,"PS3",NA,NA,NA,NA,NA,NA,"Ponar",2017,7,NA,NA,NA,NA,NA,"Macro","Potamocorbula",NA,0
"USGSbenthic PS3 2017-07-15",-121.66365,38.2837666666667,NA,"Cache Slough","Outside","USGSbenthic",2017-07-15,"PS3",NA,NA,NA,NA,NA,NA,"Ponar",2017,7,NA,NA,NA,NA,NA,"Macro","Corbicula",NA,780
"USGSbenthic PS3 2017-07-15",-121.66365,38.2837666666667,NA,"Cache Slough","Outside","USGSbenthic",2017-07-15,"PS3",NA,NA,NA,NA,NA,NA,"Ponar",2017,7,NA,NA,NA,NA,NA,"Macro","Other",NA,20
"USGSbenthic PS3 2017-07-15",-121.66365,38.2837666666667,NA,"Cache Slough","Outside","USGSbenthic",2017-07-15,"PS3",NA,NA,NA,NA,NA,NA,"Ponar",2017,7,NA,NA,NA,NA,NA,"Macro","Potamocorbula",NA,0
"USGSbenthic PS3 2017-08-15",-121.66365,38.2837666666667,NA,"Cache Slough","Outside","USGSbenthic",2017-08-15,"PS3",NA,NA,NA,NA,NA,NA,"Ponar",2017,8,NA,NA,NA,NA,NA,"Macro","Corbicula",NA,860
"USGSbenthic PS3 2017-08-15",-121.66365,38.2837666666667,NA,"Cache Slough","Outside","USGSbenthic",2017-08-15,"PS3",NA,NA,NA,NA,NA,NA,"Ponar",2017,8,NA,NA,NA,NA,NA,"Macro","Other",NA,0
"USGSbenthic PS3 2017-08-15",-121.66365,38.2837666666667,NA,"Cache Slough","Outside","USGSbenthic",2017-08-15,"PS3",NA,NA,NA,NA,NA,NA,"Ponar",2017,8,NA,NA,NA,NA,NA,"Macro","Potamocorbula",NA,0
"USGSbenthic PS3 2017-08-15",-121.66365,38.2837666666667,NA,"Cache Slough","Outside","USGSbenthic",2017-08-15,"PS3",NA,NA,NA,NA,NA,NA,"Ponar",2017,8,NA,NA,NA,NA,NA,"Macro","Corbicula",NA,860
"USGSbenthic PS3 2017-08-15",-121.66365,38.2837666666667,NA,"Cache Slough","Outside","USGSbenthic",2017-08-15,"PS3",NA,NA,NA,NA,NA,NA,"Ponar",2017,8,NA,NA,NA,NA,NA,"Macro","Other",NA,0
"USGSbenthic PS3 2017-08-15",-121.66365,38.2837666666667,NA,"Cache Slough","Outside","USGSbenthic",2017-08-15,"PS3",NA,NA,NA,NA,NA,NA,"Ponar",2017,8,NA,NA,NA,NA,NA,"Macro","Potamocorbula",NA,0
"USGSbenthic PS3 2017-10-15",-121.66365,38.2837666666667,NA,"Cache Slough","Outside","USGSbenthic",2017-10-15,"PS3",NA,NA,NA,NA,NA,NA,"Ponar",2017,10,NA,NA,NA,NA,NA,"Macro","Corbicula",NA,440
"USGSbenthic PS3 2017-10-15",-121.66365,38.2837666666667,NA,"Cache Slough","Outside","USGSbenthic",2017-10-15,"PS3",NA,NA,NA,NA,NA,NA,"Ponar",2017,10,NA,NA,NA,NA,NA,"Macro","Other",NA,100
"USGSbenthic PS3 2017-10-15",-121.66365,38.2837666666667,NA,"Cache Slough","Outside","USGSbenthic",2017-10-15,"PS3",NA,NA,NA,NA,NA,NA,"Ponar",2017,10,NA,NA,NA,NA,NA,"Macro","Potamocorbula",NA,0
"USGSbenthic PS3 2017-10-15",-121.66365,38.2837666666667,NA,"Cache Slough","Outside","USGSbenthic",2017-10-15,"PS3",NA,NA,NA,NA,NA,NA,"Ponar",2017,10,NA,NA,NA,NA,NA,"Macro","Corbicula",NA,440
"USGSbenthic PS3 2017-10-15",-121.66365,38.2837666666667,NA,"Cache Slough","Outside","USGSbenthic",2017-10-15,"PS3",NA,NA,NA,NA,NA,NA,"Ponar",2017,10,NA,NA,NA,NA,NA,"Macro","Other",NA,100
"USGSbenthic PS3 2017-10-15",-121.66365,38.2837666666667,NA,"Cache Slough","Outside","USGSbenthic",2017-10-15,"PS3",NA,NA,NA,NA,NA,NA,"Ponar",2017,10,NA,NA,NA,NA,NA,"Macro","Potamocorbula",NA,0
"USGSbenthic PS3 2018-10-15",-121.66365,38.283766667,NA,"Cache Slough","Outside","USGSbenthic",2018-10-15,"PS3",NA,NA,NA,NA,NA,NA,"Ponar",2018,10,NA,NA,NA,NA,NA,"Macro","Corbicula",NA,9080
"USGSbenthic PS3 2018-10-15",-121.66365,38.283766667,NA,"Cache Slough","Outside","USGSbenthic",2018-10-15,"PS3",NA,NA,NA,NA,NA,NA,"Ponar",2018,10,NA,NA,NA,NA,NA,"Macro","Other",NA,100
"USGSbenthic PS3 2018-10-15",-121.66365,38.283766667,NA,"Cache Slough","Outside","USGSbenthic",2018-10-15,"PS3",NA,NA,NA,NA,NA,NA,"Ponar",2018,10,NA,NA,NA,NA,NA,"Macro","Potamocorbula",NA,0
"USGSbenthic RYR01 2017-03-15",-122.025197,38.089325,"Ryer","Grizzly Bay","Inside","USGSbenthic",2017-03-15,"RYR01",NA,NA,NA,NA,NA,NA,"Ponar",2017,3,NA,NA,NA,NA,NA,"Macro","Corbicula",NA,0
"USGSbenthic RYR01 2017-03-15",-122.025197,38.089325,"Ryer","Grizzly Bay","Inside","USGSbenthic",2017-03-15,"RYR01",NA,NA,NA,NA,NA,NA,"Ponar",2017,3,NA,NA,NA,NA,NA,"Macro","Other",NA,60
"USGSbenthic RYR01 2017-03-15",-122.025197,38.089325,"Ryer","Grizzly Bay","Inside","USGSbenthic",2017-03-15,"RYR01",NA,NA,NA,NA,NA,NA,"Ponar",2017,3,NA,NA,NA,NA,NA,"Macro","Potamocorbula",NA,1600
"USGSbenthic RYR01 2017-06-15",-122.025197,38.089325,"Ryer","Grizzly Bay","Inside","USGSbenthic",2017-06-15,"RYR01",NA,NA,NA,NA,NA,NA,"Ponar",2017,6,NA,NA,NA,NA,NA,"Macro","Corbicula",NA,80
"USGSbenthic RYR01 2017-06-15",-122.025197,38.089325,"Ryer","Grizzly Bay","Inside","USGSbenthic",2017-06-15,"RYR01",NA,NA,NA,NA,NA,NA,"Ponar",2017,6,NA,NA,NA,NA,NA,"Macro","Other",NA,0
"USGSbenthic RYR01 2017-06-15",-122.025197,38.089325,"Ryer","Grizzly Bay","Inside","USGSbenthic",2017-06-15,"RYR01",NA,NA,NA,NA,NA,NA,"Ponar",2017,6,NA,NA,NA,NA,NA,"Macro","Potamocorbula",NA,1100
"USGSbenthic RYR01 2017-07-15",-122.025197,38.089325,"Ryer","Grizzly Bay","Inside","USGSbenthic",2017-07-15,"RYR01",NA,NA,NA,NA,NA,NA,"Ponar",2017,7,NA,NA,NA,NA,NA,"Macro","Corbicula",NA,140
"USGSbenthic RYR01 2017-07-15",-122.025197,38.089325,"Ryer","Grizzly Bay","Inside","USGSbenthic",2017-07-15,"RYR01",NA,NA,NA,NA,NA,NA,"Ponar",2017,7,NA,NA,NA,NA,NA,"Macro","Other",NA,20
"USGSbenthic RYR01 2017-07-15",-122.025197,38.089325,"Ryer","Grizzly Bay","Inside","USGSbenthic",2017-07-15,"RYR01",NA,NA,NA,NA,NA,NA,"Ponar",2017,7,NA,NA,NA,NA,NA,"Macro","Potamocorbula",NA,880
"USGSbenthic RYR01 2017-08-15",-122.025197,38.089325,"Ryer","Grizzly Bay","Inside","USGSbenthic",2017-08-15,"RYR01",NA,NA,NA,NA,NA,NA,"Ponar",2017,8,NA,NA,NA,NA,NA,"Macro","Corbicula",NA,20
"USGSbenthic RYR01 2017-08-15",-122.025197,38.089325,"Ryer","Grizzly Bay","Inside","USGSbenthic",2017-08-15,"RYR01",NA,NA,NA,NA,NA,NA,"Ponar",2017,8,NA,NA,NA,NA,NA,"Macro","Other",NA,0
"USGSbenthic RYR01 2017-08-15",-122.025197,38.089325,"Ryer","Grizzly Bay","Inside","USGSbenthic",2017-08-15,"RYR01",NA,NA,NA,NA,NA,NA,"Ponar",2017,8,NA,NA,NA,NA,NA,"Macro","Potamocorbula",NA,440
"USGSbenthic RYR01 2017-10-15",-122.025197,38.089325,"Ryer","Grizzly Bay","Inside","USGSbenthic",2017-10-15,"RYR01",NA,NA,NA,NA,NA,NA,"Ponar",2017,10,NA,NA,NA,NA,NA,"Macro","Corbicula",NA,0
"USGSbenthic RYR01 2017-10-15",-122.025197,38.089325,"Ryer","Grizzly Bay","Inside","USGSbenthic",2017-10-15,"RYR01",NA,NA,NA,NA,NA,NA,"Ponar",2017,10,NA,NA,NA,NA,NA,"Macro","Other",NA,20
"USGSbenthic RYR01 2017-10-15",-122.025197,38.089325,"Ryer","Grizzly Bay","Inside","USGSbenthic",2017-10-15,"RYR01",NA,NA,NA,NA,NA,NA,"Ponar",2017,10,NA,NA,NA,NA,NA,"Macro","Potamocorbula",NA,1020
"USGSbenthic RYR01 2018-05-15",-122.025197,38.089325,"Ryer","Grizzly Bay","Inside","USGSbenthic",2018-05-15,"RYR01",NA,NA,NA,NA,NA,NA,"Ponar",2018,5,NA,NA,NA,NA,NA,"Macro","Corbicula",NA,20
"USGSbenthic RYR01 2018-05-15",-122.025197,38.089325,"Ryer","Grizzly Bay","Inside","USGSbenthic",2018-05-15,"RYR01",NA,NA,NA,NA,NA,NA,"Ponar",2018,5,NA,NA,NA,NA,NA,"Macro","Other",NA,0
"USGSbenthic RYR01 2018-05-15",-122.025197,38.089325,"Ryer","Grizzly Bay","Inside","USGSbenthic",2018-05-15,"RYR01",NA,NA,NA,NA,NA,NA,"Ponar",2018,5,NA,NA,NA,NA,NA,"Macro","Potamocorbula",NA,540
"USGSbenthic RYR01 2018-08-15",-122.025197,38.089325,"Ryer","Grizzly Bay","Inside","USGSbenthic",2018-08-15,"RYR01",NA,NA,NA,NA,NA,NA,"Ponar",2018,8,NA,NA,NA,NA,NA,"Macro","Corbicula",NA,20
"USGSbenthic RYR01 2018-08-15",-122.025197,38.089325,"Ryer","Grizzly Bay","Inside","USGSbenthic",2018-08-15,"RYR01",NA,NA,NA,NA,NA,NA,"Ponar",2018,8,NA,NA,NA,NA,NA,"Macro","Other",NA,80
"USGSbenthic RYR01 2018-08-15",-122.025197,38.089325,"Ryer","Grizzly Bay","Inside","USGSbenthic",2018-08-15,"RYR01",NA,NA,NA,NA,NA,NA,"Ponar",2018,8,NA,NA,NA,NA,NA,"Macro","Potamocorbula",NA,2740
"USGSbenthic RYR01 2018-10-15",-122.025197,38.089325,"Ryer","Grizzly Bay","Inside","USGSbenthic",2018-10-15,"RYR01",NA,NA,NA,NA,NA,NA,"Ponar",2018,10,NA,NA,NA,NA,NA,"Macro","Corbicula",NA,20
"USGSbenthic RYR01 2018-10-15",-122.025197,38.089325,"Ryer","Grizzly Bay","Inside","USGSbenthic",2018-10-15,"RYR01",NA,NA,NA,NA,NA,NA,"Ponar",2018,10,NA,NA,NA,NA,NA,"Macro","Other",NA,0
"USGSbenthic RYR01 2018-10-15",-122.025197,38.089325,"Ryer","Grizzly Bay","Inside","USGSbenthic",2018-10-15,"RYR01",NA,NA,NA,NA,NA,NA,"Ponar",2018,10,NA,NA,NA,NA,NA,"Macro","Potamocorbula",NA,4000
"USGSbenthic RYR02 2017-03-15",-122.020214,38.085906,"Ryer","Grizzly Bay","Inside","USGSbenthic",2017-03-15,"RYR02",NA,NA,NA,NA,NA,NA,"Ponar",2017,3,NA,NA,NA,NA,NA,"Macro","Corbicula",NA,100
"USGSbenthic RYR02 2017-03-15",-122.020214,38.085906,"Ryer","Grizzly Bay","Inside","USGSbenthic",2017-03-15,"RYR02",NA,NA,NA,NA,NA,NA,"Ponar",2017,3,NA,NA,NA,NA,NA,"Macro","Other",NA,40
"USGSbenthic RYR02 2017-03-15",-122.020214,38.085906,"Ryer","Grizzly Bay","Inside","USGSbenthic",2017-03-15,"RYR02",NA,NA,NA,NA,NA,NA,"Ponar",2017,3,NA,NA,NA,NA,NA,"Macro","Potamocorbula",NA,40
"USGSbenthic RYR02 2017-06-15",-122.020214,38.085906,"Ryer","Grizzly Bay","Inside","USGSbenthic",2017-06-15,"RYR02",NA,NA,NA,NA,NA,NA,"Ponar",2017,6,NA,NA,NA,NA,NA,"Macro","Corbicula",NA,100
"USGSbenthic RYR02 2017-06-15",-122.020214,38.085906,"Ryer","Grizzly Bay","Inside","USGSbenthic",2017-06-15,"RYR02",NA,NA,NA,NA,NA,NA,"Ponar",2017,6,NA,NA,NA,NA,NA,"Macro","Other",NA,0
"USGSbenthic RYR02 2017-06-15",-122.020214,38.085906,"Ryer","Grizzly Bay","Inside","USGSbenthic",2017-06-15,"RYR02",NA,NA,NA,NA,NA,NA,"Ponar",2017,6,NA,NA,NA,NA,NA,"Macro","Potamocorbula",NA,60
"USGSbenthic RYR02 2017-07-15",-122.020214,38.085906,"Ryer","Grizzly Bay","Inside","USGSbenthic",2017-07-15,"RYR02",NA,NA,NA,NA,NA,NA,"Ponar",2017,7,NA,NA,NA,NA,NA,"Macro","Corbicula",NA,1220
"USGSbenthic RYR02 2017-07-15",-122.020214,38.085906,"Ryer","Grizzly Bay","Inside","USGSbenthic",2017-07-15,"RYR02",NA,NA,NA,NA,NA,NA,"Ponar",2017,7,NA,NA,NA,NA,NA,"Macro","Other",NA,0
"USGSbenthic RYR02 2017-07-15",-122.020214,38.085906,"Ryer","Grizzly Bay","Inside","USGSbenthic",2017-07-15,"RYR02",NA,NA,NA,NA,NA,NA,"Ponar",2017,7,NA,NA,NA,NA,NA,"Macro","Potamocorbula",NA,60
"USGSbenthic RYR02 2017-08-15",-122.020214,38.085906,"Ryer","Grizzly Bay","Inside","USGSbenthic",2017-08-15,"RYR02",NA,NA,NA,NA,NA,NA,"Ponar",2017,8,NA,NA,NA,NA,NA,"Macro","Corbicula",NA,400
"USGSbenthic RYR02 2017-08-15",-122.020214,38.085906,"Ryer","Grizzly Bay","Inside","USGSbenthic",2017-08-15,"RYR02",NA,NA,NA,NA,NA,NA,"Ponar",2017,8,NA,NA,NA,NA,NA,"Macro","Other",NA,0
"USGSbenthic RYR02 2017-08-15",-122.020214,38.085906,"Ryer","Grizzly Bay","Inside","USGSbenthic",2017-08-15,"RYR02",NA,NA,NA,NA,NA,NA,"Ponar",2017,8,NA,NA,NA,NA,NA,"Macro","Potamocorbula",NA,40
"USGSbenthic RYR02 2017-10-15",-122.020214,38.085906,"Ryer","Grizzly Bay","Inside","USGSbenthic",2017-10-15,"RYR02",NA,NA,NA,NA,NA,NA,"Ponar",2017,10,NA,NA,NA,NA,NA,"Macro","Corbicula",NA,320
"USGSbenthic RYR02 2017-10-15",-122.020214,38.085906,"Ryer","Grizzly Bay","Inside","USGSbenthic",2017-10-15,"RYR02",NA,NA,NA,NA,NA,NA,"Ponar",2017,10,NA,NA,NA,NA,NA,"Macro","Other",NA,0
"USGSbenthic RYR02 2017-10-15",-122.020214,38.085906,"Ryer","Grizzly Bay","Inside","USGSbenthic",2017-10-15,"RYR02",NA,NA,NA,NA,NA,NA,"Ponar",2017,10,NA,NA,NA,NA,NA,"Macro","Potamocorbula",NA,20
"USGSbenthic RYR02 2018-05-15",-122.020214,38.085906,"Ryer","Grizzly Bay","Inside","USGSbenthic",2018-05-15,"RYR02",NA,NA,NA,NA,NA,NA,"Ponar",2018,5,NA,NA,NA,NA,NA,"Macro","Corbicula",NA,500
"USGSbenthic RYR02 2018-05-15",-122.020214,38.085906,"Ryer","Grizzly Bay","Inside","USGSbenthic",2018-05-15,"RYR02",NA,NA,NA,NA,NA,NA,"Ponar",2018,5,NA,NA,NA,NA,NA,"Macro","Other",NA,0
"USGSbenthic RYR02 2018-05-15",-122.020214,38.085906,"Ryer","Grizzly Bay","Inside","USGSbenthic",2018-05-15,"RYR02",NA,NA,NA,NA,NA,NA,"Ponar",2018,5,NA,NA,NA,NA,NA,"Macro","Potamocorbula",NA,20
"USGSbenthic RYR02 2018-08-15",-122.020214,38.085906,"Ryer","Grizzly Bay","Inside","USGSbenthic",2018-08-15,"RYR02",NA,NA,NA,NA,NA,NA,"Ponar",2018,8,NA,NA,NA,NA,NA,"Macro","Corbicula",NA,180
"USGSbenthic RYR02 2018-08-15",-122.020214,38.085906,"Ryer","Grizzly Bay","Inside","USGSbenthic",2018-08-15,"RYR02",NA,NA,NA,NA,NA,NA,"Ponar",2018,8,NA,NA,NA,NA,NA,"Macro","Other",NA,20
"USGSbenthic RYR02 2018-08-15",-122.020214,38.085906,"Ryer","Grizzly Bay","Inside","USGSbenthic",2018-08-15,"RYR02",NA,NA,NA,NA,NA,NA,"Ponar",2018,8,NA,NA,NA,NA,NA,"Macro","Potamocorbula",NA,0
"USGSbenthic RYR02 2018-10-15",-122.020214,38.085906,"Ryer","Grizzly Bay","Inside","USGSbenthic",2018-10-15,"RYR02",NA,NA,NA,NA,NA,NA,"Ponar",2018,10,NA,NA,NA,NA,NA,"Macro","Corbicula",NA,320
"USGSbenthic RYR02 2018-10-15",-122.020214,38.085906,"Ryer","Grizzly Bay","Inside","USGSbenthic",2018-10-15,"RYR02",NA,NA,NA,NA,NA,NA,"Ponar",2018,10,NA,NA,NA,NA,NA,"Macro","Other",NA,20
"USGSbenthic RYR02 2018-10-15",-122.020214,38.085906,"Ryer","Grizzly Bay","Inside","USGSbenthic",2018-10-15,"RYR02",NA,NA,NA,NA,NA,NA,"Ponar",2018,10,NA,NA,NA,NA,NA,"Macro","Potamocorbula",NA,180
"USGSbenthic RYR03 2017-03-15",-122.017678,38.083464,"Ryer","Grizzly Bay","Inside","USGSbenthic",2017-03-15,"RYR03",NA,NA,NA,NA,NA,NA,"Ponar",2017,3,NA,NA,NA,NA,NA,"Macro","Corbicula",NA,0
"USGSbenthic RYR03 2017-03-15",-122.017678,38.083464,"Ryer","Grizzly Bay","Inside","USGSbenthic",2017-03-15,"RYR03",NA,NA,NA,NA,NA,NA,"Ponar",2017,3,NA,NA,NA,NA,NA,"Macro","Other",NA,100
"USGSbenthic RYR03 2017-03-15",-122.017678,38.083464,"Ryer","Grizzly Bay","Inside","USGSbenthic",2017-03-15,"RYR03",NA,NA,NA,NA,NA,NA,"Ponar",2017,3,NA,NA,NA,NA,NA,"Macro","Potamocorbula",NA,0
"USGSbenthic RYR03 2017-06-15",-122.017678,38.083464,"Ryer","Grizzly Bay","Inside","USGSbenthic",2017-06-15,"RYR03",NA,NA,NA,NA,NA,NA,"Ponar",2017,6,NA,NA,NA,NA,NA,"Macro","Corbicula",NA,40
"USGSbenthic RYR03 2017-06-15",-122.017678,38.083464,"Ryer","Grizzly Bay","Inside","USGSbenthic",2017-06-15,"RYR03",NA,NA,NA,NA,NA,NA,"Ponar",2017,6,NA,NA,NA,NA,NA,"Macro","Other",NA,0
"USGSbenthic RYR03 2017-06-15",-122.017678,38.083464,"Ryer","Grizzly Bay","Inside","USGSbenthic",2017-06-15,"RYR03",NA,NA,NA,NA,NA,NA,"Ponar",2017,6,NA,NA,NA,NA,NA,"Macro","Potamocorbula",NA,20
"USGSbenthic RYR03 2017-07-15",-122.017678,38.083464,"Ryer","Grizzly Bay","Inside","USGSbenthic",2017-07-15,"RYR03",NA,NA,NA,NA,NA,NA,"Ponar",2017,7,NA,NA,NA,NA,NA,"Macro","Corbicula",NA,1740
"USGSbenthic RYR03 2017-07-15",-122.017678,38.083464,"Ryer","Grizzly Bay","Inside","USGSbenthic",2017-07-15,"RYR03",NA,NA,NA,NA,NA,NA,"Ponar",2017,7,NA,NA,NA,NA,NA,"Macro","Other",NA,0
"USGSbenthic RYR03 2017-07-15",-122.017678,38.083464,"Ryer","Grizzly Bay","Inside","USGSbenthic",2017-07-15,"RYR03",NA,NA,NA,NA,NA,NA,"Ponar",2017,7,NA,NA,NA,NA,NA,"Macro","Potamocorbula",NA,0
"USGSbenthic RYR03 2017-08-15",-122.017678,38.083464,"Ryer","Grizzly Bay","Inside","USGSbenthic",2017-08-15,"RYR03",NA,NA,NA,NA,NA,NA,"Ponar",2017,8,NA,NA,NA,NA,NA,"Macro","Corbicula",NA,1160
"USGSbenthic RYR03 2017-08-15",-122.017678,38.083464,"Ryer","Grizzly Bay","Inside","USGSbenthic",2017-08-15,"RYR03",NA,NA,NA,NA,NA,NA,"Ponar",2017,8,NA,NA,NA,NA,NA,"Macro","Other",NA,0
"USGSbenthic RYR03 2017-08-15",-122.017678,38.083464,"Ryer","Grizzly Bay","Inside","USGSbenthic",2017-08-15,"RYR03",NA,NA,NA,NA,NA,NA,"Ponar",2017,8,NA,NA,NA,NA,NA,"Macro","Potamocorbula",NA,20
"USGSbenthic RYR03 2017-10-15",-122.017678,38.083464,"Ryer","Grizzly Bay","Inside","USGSbenthic",2017-10-15,"RYR03",NA,NA,NA,NA,NA,NA,"Ponar",2017,10,NA,NA,NA,NA,NA,"Macro","Corbicula",NA,240
"USGSbenthic RYR03 2017-10-15",-122.017678,38.083464,"Ryer","Grizzly Bay","Inside","USGSbenthic",2017-10-15,"RYR03",NA,NA,NA,NA,NA,NA,"Ponar",2017,10,NA,NA,NA,NA,NA,"Macro","Other",NA,0
"USGSbenthic RYR03 2017-10-15",-122.017678,38.083464,"Ryer","Grizzly Bay","Inside","USGSbenthic",2017-10-15,"RYR03",NA,NA,NA,NA,NA,NA,"Ponar",2017,10,NA,NA,NA,NA,NA,"Macro","Potamocorbula",NA,0
"USGSbenthic RYR03 2018-05-15",-122.017678,38.083464,"Ryer","Grizzly Bay","Inside","USGSbenthic",2018-05-15,"RYR03",NA,NA,NA,NA,NA,NA,"Ponar",2018,5,NA,NA,NA,NA,NA,"Macro","Corbicula",NA,620
"USGSbenthic RYR03 2018-05-15",-122.017678,38.083464,"Ryer","Grizzly Bay","Inside","USGSbenthic",2018-05-15,"RYR03",NA,NA,NA,NA,NA,NA,"Ponar",2018,5,NA,NA,NA,NA,NA,"Macro","Other",NA,0
"USGSbenthic RYR03 2018-05-15",-122.017678,38.083464,"Ryer","Grizzly Bay","Inside","USGSbenthic",2018-05-15,"RYR03",NA,NA,NA,NA,NA,NA,"Ponar",2018,5,NA,NA,NA,NA,NA,"Macro","Potamocorbula",NA,0
"USGSbenthic RYR03 2018-08-15",-122.017678,38.083464,"Ryer","Grizzly Bay","Inside","USGSbenthic",2018-08-15,"RYR03",NA,NA,NA,NA,NA,NA,"Ponar",2018,8,NA,NA,NA,NA,NA,"Macro","Corbicula",NA,480
"USGSbenthic RYR03 2018-08-15",-122.017678,38.083464,"Ryer","Grizzly Bay","Inside","USGSbenthic",2018-08-15,"RYR03",NA,NA,NA,NA,NA,NA,"Ponar",2018,8,NA,NA,NA,NA,NA,"Macro","Other",NA,20
"USGSbenthic RYR03 2018-08-15",-122.017678,38.083464,"Ryer","Grizzly Bay","Inside","USGSbenthic",2018-08-15,"RYR03",NA,NA,NA,NA,NA,NA,"Ponar",2018,8,NA,NA,NA,NA,NA,"Macro","Potamocorbula",NA,40
"USGSbenthic RYR03 2018-10-15",-122.017678,38.083464,"Ryer","Grizzly Bay","Inside","USGSbenthic",2018-10-15,"RYR03",NA,NA,NA,NA,NA,NA,"Ponar",2018,10,NA,NA,NA,NA,NA,"Macro","Corbicula",NA,300
"USGSbenthic RYR03 2018-10-15",-122.017678,38.083464,"Ryer","Grizzly Bay","Inside","USGSbenthic",2018-10-15,"RYR03",NA,NA,NA,NA,NA,NA,"Ponar",2018,10,NA,NA,NA,NA,NA,"Macro","Other",NA,20
"USGSbenthic RYR03 2018-10-15",-122.017678,38.083464,"Ryer","Grizzly Bay","Inside","USGSbenthic",2018-10-15,"RYR03",NA,NA,NA,NA,NA,NA,"Ponar",2018,10,NA,NA,NA,NA,NA,"Macro","Potamocorbula",NA,80
"USGSbenthic RYR04 2017-03-15",-122.014011,38.081686,"Ryer","Grizzly Bay","Inside","USGSbenthic",2017-03-15,"RYR04",NA,NA,NA,NA,NA,NA,"Ponar",2017,3,NA,NA,NA,NA,NA,"Macro","Corbicula",NA,0
"USGSbenthic RYR04 2017-03-15",-122.014011,38.081686,"Ryer","Grizzly Bay","Inside","USGSbenthic",2017-03-15,"RYR04",NA,NA,NA,NA,NA,NA,"Ponar",2017,3,NA,NA,NA,NA,NA,"Macro","Other",NA,20
"USGSbenthic RYR04 2017-03-15",-122.014011,38.081686,"Ryer","Grizzly Bay","Inside","USGSbenthic",2017-03-15,"RYR04",NA,NA,NA,NA,NA,NA,"Ponar",2017,3,NA,NA,NA,NA,NA,"Macro","Potamocorbula",NA,0
"USGSbenthic RYR04 2017-06-15",-122.014011,38.081686,"Ryer","Grizzly Bay","Inside","USGSbenthic",2017-06-15,"RYR04",NA,NA,NA,NA,NA,NA,"Ponar",2017,6,NA,NA,NA,NA,NA,"Macro","Corbicula",NA,120
"USGSbenthic RYR04 2017-06-15",-122.014011,38.081686,"Ryer","Grizzly Bay","Inside","USGSbenthic",2017-06-15,"RYR04",NA,NA,NA,NA,NA,NA,"Ponar",2017,6,NA,NA,NA,NA,NA,"Macro","Other",NA,0
"USGSbenthic RYR04 2017-06-15",-122.014011,38.081686,"Ryer","Grizzly Bay","Inside","USGSbenthic",2017-06-15,"RYR04",NA,NA,NA,NA,NA,NA,"Ponar",2017,6,NA,NA,NA,NA,NA,"Macro","Potamocorbula",NA,0
"USGSbenthic RYR04 2017-07-15",-122.014011,38.081686,"Ryer","Grizzly Bay","Inside","USGSbenthic",2017-07-15,"RYR04",NA,NA,NA,NA,NA,NA,"Ponar",2017,7,NA,NA,NA,NA,NA,"Macro","Corbicula",NA,460
"USGSbenthic RYR04 2017-07-15",-122.014011,38.081686,"Ryer","Grizzly Bay","Inside","USGSbenthic",2017-07-15,"RYR04",NA,NA,NA,NA,NA,NA,"Ponar",2017,7,NA,NA,NA,NA,NA,"Macro","Other",NA,0
"USGSbenthic RYR04 2017-07-15",-122.014011,38.081686,"Ryer","Grizzly Bay","Inside","USGSbenthic",2017-07-15,"RYR04",NA,NA,NA,NA,NA,NA,"Ponar",2017,7,NA,NA,NA,NA,NA,"Macro","Potamocorbula",NA,0
"USGSbenthic RYR04 2017-08-15",-122.014011,38.081686,"Ryer","Grizzly Bay","Inside","USGSbenthic",2017-08-15,"RYR04",NA,NA,NA,NA,NA,NA,"Ponar",2017,8,NA,NA,NA,NA,NA,"Macro","Corbicula",NA,80
"USGSbenthic RYR04 2017-08-15",-122.014011,38.081686,"Ryer","Grizzly Bay","Inside","USGSbenthic",2017-08-15,"RYR04",NA,NA,NA,NA,NA,NA,"Ponar",2017,8,NA,NA,NA,NA,NA,"Macro","Other",NA,0
"USGSbenthic RYR04 2017-08-15",-122.014011,38.081686,"Ryer","Grizzly Bay","Inside","USGSbenthic",2017-08-15,"RYR04",NA,NA,NA,NA,NA,NA,"Ponar",2017,8,NA,NA,NA,NA,NA,"Macro","Potamocorbula",NA,0
"USGSbenthic RYR04 2017-10-15",-122.014011,38.081686,"Ryer","Grizzly Bay","Inside","USGSbenthic",2017-10-15,"RYR04",NA,NA,NA,NA,NA,NA,"Ponar",2017,10,NA,NA,NA,NA,NA,"Macro","Corbicula",NA,340
"USGSbenthic RYR04 2017-10-15",-122.014011,38.081686,"Ryer","Grizzly Bay","Inside","USGSbenthic",2017-10-15,"RYR04",NA,NA,NA,NA,NA,NA,"Ponar",2017,10,NA,NA,NA,NA,NA,"Macro","Other",NA,0
"USGSbenthic RYR04 2017-10-15",-122.014011,38.081686,"Ryer","Grizzly Bay","Inside","USGSbenthic",2017-10-15,"RYR04",NA,NA,NA,NA,NA,NA,"Ponar",2017,10,NA,NA,NA,NA,NA,"Macro","Potamocorbula",NA,0
"USGSbenthic RYR04 2018-05-15",-122.014011,38.081686,"Ryer","Grizzly Bay","Inside","USGSbenthic",2018-05-15,"RYR04",NA,NA,NA,NA,NA,NA,"Ponar",2018,5,NA,NA,NA,NA,NA,"Macro","Corbicula",NA,140
"USGSbenthic RYR04 2018-05-15",-122.014011,38.081686,"Ryer","Grizzly Bay","Inside","USGSbenthic",2018-05-15,"RYR04",NA,NA,NA,NA,NA,NA,"Ponar",2018,5,NA,NA,NA,NA,NA,"Macro","Other",NA,0
"USGSbenthic RYR04 2018-05-15",-122.014011,38.081686,"Ryer","Grizzly Bay","Inside","USGSbenthic",2018-05-15,"RYR04",NA,NA,NA,NA,NA,NA,"Ponar",2018,5,NA,NA,NA,NA,NA,"Macro","Potamocorbula",NA,0
"USGSbenthic RYR04 2018-08-15",-122.014011,38.081686,"Ryer","Grizzly Bay","Inside","USGSbenthic",2018-08-15,"RYR04",NA,NA,NA,NA,NA,NA,"Ponar",2018,8,NA,NA,NA,NA,NA,"Macro","Corbicula",NA,120
"USGSbenthic RYR04 2018-08-15",-122.014011,38.081686,"Ryer","Grizzly Bay","Inside","USGSbenthic",2018-08-15,"RYR04",NA,NA,NA,NA,NA,NA,"Ponar",2018,8,NA,NA,NA,NA,NA,"Macro","Other",NA,60
"USGSbenthic RYR04 2018-08-15",-122.014011,38.081686,"Ryer","Grizzly Bay","Inside","USGSbenthic",2018-08-15,"RYR04",NA,NA,NA,NA,NA,NA,"Ponar",2018,8,NA,NA,NA,NA,NA,"Macro","Potamocorbula",NA,60
"USGSbenthic RYR04 2018-10-15",-122.014011,38.081686,"Ryer","Grizzly Bay","Inside","USGSbenthic",2018-10-15,"RYR04",NA,NA,NA,NA,NA,NA,"Ponar",2018,10,NA,NA,NA,NA,NA,"Macro","Corbicula",NA,80
"USGSbenthic RYR04 2018-10-15",-122.014011,38.081686,"Ryer","Grizzly Bay","Inside","USGSbenthic",2018-10-15,"RYR04",NA,NA,NA,NA,NA,NA,"Ponar",2018,10,NA,NA,NA,NA,NA,"Macro","Other",NA,0
"USGSbenthic RYR04 2018-10-15",-122.014011,38.081686,"Ryer","Grizzly Bay","Inside","USGSbenthic",2018-10-15,"RYR04",NA,NA,NA,NA,NA,NA,"Ponar",2018,10,NA,NA,NA,NA,NA,"Macro","Potamocorbula",NA,20
"USGSbenthic RYR05 2017-03-15",-122.015556,38.079333,"Ryer","Grizzly Bay","Inside","USGSbenthic",2017-03-15,"RYR05",NA,NA,NA,NA,NA,NA,"Ponar",2017,3,NA,NA,NA,NA,NA,"Macro","Corbicula",NA,0
"USGSbenthic RYR05 2017-03-15",-122.015556,38.079333,"Ryer","Grizzly Bay","Inside","USGSbenthic",2017-03-15,"RYR05",NA,NA,NA,NA,NA,NA,"Ponar",2017,3,NA,NA,NA,NA,NA,"Macro","Other",NA,100
"USGSbenthic RYR05 2017-03-15",-122.015556,38.079333,"Ryer","Grizzly Bay","Inside","USGSbenthic",2017-03-15,"RYR05",NA,NA,NA,NA,NA,NA,"Ponar",2017,3,NA,NA,NA,NA,NA,"Macro","Potamocorbula",NA,0
"USGSbenthic RYR05 2017-06-15",-122.015556,38.079333,"Ryer","Grizzly Bay","Inside","USGSbenthic",2017-06-15,"RYR05",NA,NA,NA,NA,NA,NA,"Ponar",2017,6,NA,NA,NA,NA,NA,"Macro","Corbicula",NA,140
"USGSbenthic RYR05 2017-06-15",-122.015556,38.079333,"Ryer","Grizzly Bay","Inside","USGSbenthic",2017-06-15,"RYR05",NA,NA,NA,NA,NA,NA,"Ponar",2017,6,NA,NA,NA,NA,NA,"Macro","Other",NA,0
"USGSbenthic RYR05 2017-06-15",-122.015556,38.079333,"Ryer","Grizzly Bay","Inside","USGSbenthic",2017-06-15,"RYR05",NA,NA,NA,NA,NA,NA,"Ponar",2017,6,NA,NA,NA,NA,NA,"Macro","Potamocorbula",NA,0
"USGSbenthic RYR05 2017-07-15",-122.015556,38.079333,"Ryer","Grizzly Bay","Inside","USGSbenthic",2017-07-15,"RYR05",NA,NA,NA,NA,NA,NA,"Ponar",2017,7,NA,NA,NA,NA,NA,"Macro","Corbicula",NA,400
"USGSbenthic RYR05 2017-07-15",-122.015556,38.079333,"Ryer","Grizzly Bay","Inside","USGSbenthic",2017-07-15,"RYR05",NA,NA,NA,NA,NA,NA,"Ponar",2017,7,NA,NA,NA,NA,NA,"Macro","Other",NA,0
"USGSbenthic RYR05 2017-07-15",-122.015556,38.079333,"Ryer","Grizzly Bay","Inside","USGSbenthic",2017-07-15,"RYR05",NA,NA,NA,NA,NA,NA,"Ponar",2017,7,NA,NA,NA,NA,NA,"Macro","Potamocorbula",NA,0
"USGSbenthic RYR05 2017-08-15",-122.015556,38.079333,"Ryer","Grizzly Bay","Inside","USGSbenthic",2017-08-15,"RYR05",NA,NA,NA,NA,NA,NA,"Ponar",2017,8,NA,NA,NA,NA,NA,"Macro","Corbicula",NA,1540
"USGSbenthic RYR05 2017-08-15",-122.015556,38.079333,"Ryer","Grizzly Bay","Inside","USGSbenthic",2017-08-15,"RYR05",NA,NA,NA,NA,NA,NA,"Ponar",2017,8,NA,NA,NA,NA,NA,"Macro","Other",NA,0
"USGSbenthic RYR05 2017-08-15",-122.015556,38.079333,"Ryer","Grizzly Bay","Inside","USGSbenthic",2017-08-15,"RYR05",NA,NA,NA,NA,NA,NA,"Ponar",2017,8,NA,NA,NA,NA,NA,"Macro","Potamocorbula",NA,0
"USGSbenthic RYR05 2017-10-15",-122.015556,38.079333,"Ryer","Grizzly Bay","Inside","USGSbenthic",2017-10-15,"RYR05",NA,NA,NA,NA,NA,NA,"Ponar",2017,10,NA,NA,NA,NA,NA,"Macro","Corbicula",NA,60
"USGSbenthic RYR05 2017-10-15",-122.015556,38.079333,"Ryer","Grizzly Bay","Inside","USGSbenthic",2017-10-15,"RYR05",NA,NA,NA,NA,NA,NA,"Ponar",2017,10,NA,NA,NA,NA,NA,"Macro","Other",NA,0
"USGSbenthic RYR05 2017-10-15",-122.015556,38.079333,"Ryer","Grizzly Bay","Inside","USGSbenthic",2017-10-15,"RYR05",NA,NA,NA,NA,NA,NA,"Ponar",2017,10,NA,NA,NA,NA,NA,"Macro","Potamocorbula",NA,40
"USGSbenthic RYR05 2018-05-15",-122.015556,38.079333,"Ryer","Grizzly Bay","Inside","USGSbenthic",2018-05-15,"RYR05",NA,NA,NA,NA,NA,NA,"Ponar",2018,5,NA,NA,NA,NA,NA,"Macro","Corbicula",NA,80
"USGSbenthic RYR05 2018-05-15",-122.015556,38.079333,"Ryer","Grizzly Bay","Inside","USGSbenthic",2018-05-15,"RYR05",NA,NA,NA,NA,NA,NA,"Ponar",2018,5,NA,NA,NA,NA,NA,"Macro","Other",NA,0
"USGSbenthic RYR05 2018-05-15",-122.015556,38.079333,"Ryer","Grizzly Bay","Inside","USGSbenthic",2018-05-15,"RYR05",NA,NA,NA,NA,NA,NA,"Ponar",2018,5,NA,NA,NA,NA,NA,"Macro","Potamocorbula",NA,80
"USGSbenthic RYR05 2018-08-15",-122.015556,38.079333,"Ryer","Grizzly Bay","Inside","USGSbenthic",2018-08-15,"RYR05",NA,NA,NA,NA,NA,NA,"Ponar",2018,8,NA,NA,NA,NA,NA,"Macro","Corbicula",NA,20
"USGSbenthic RYR05 2018-08-15",-122.015556,38.079333,"Ryer","Grizzly Bay","Inside","USGSbenthic",2018-08-15,"RYR05",NA,NA,NA,NA,NA,NA,"Ponar",2018,8,NA,NA,NA,NA,NA,"Macro","Other",NA,80
"USGSbenthic RYR05 2018-08-15",-122.015556,38.079333,"Ryer","Grizzly Bay","Inside","USGSbenthic",2018-08-15,"RYR05",NA,NA,NA,NA,NA,NA,"Ponar",2018,8,NA,NA,NA,NA,NA,"Macro","Potamocorbula",NA,20
"USGSbenthic RYR05 2018-10-15",-122.015556,38.079333,"Ryer","Grizzly Bay","Inside","USGSbenthic",2018-10-15,"RYR05",NA,NA,NA,NA,NA,NA,"Ponar",2018,10,NA,NA,NA,NA,NA,"Macro","Corbicula",NA,40
"USGSbenthic RYR05 2018-10-15",-122.015556,38.079333,"Ryer","Grizzly Bay","Inside","USGSbenthic",2018-10-15,"RYR05",NA,NA,NA,NA,NA,NA,"Ponar",2018,10,NA,NA,NA,NA,NA,"Macro","Other",NA,0
"USGSbenthic RYR05 2018-10-15",-122.015556,38.079333,"Ryer","Grizzly Bay","Inside","USGSbenthic",2018-10-15,"RYR05",NA,NA,NA,NA,NA,NA,"Ponar",2018,10,NA,NA,NA,NA,NA,"Macro","Potamocorbula",NA,220
"USGSbenthic RYR06 2017-03-15",-122.0138,38.076494,"Ryer","Grizzly Bay","Inside","USGSbenthic",2017-03-15,"RYR06",NA,NA,NA,NA,NA,NA,"Ponar",2017,3,NA,NA,NA,NA,NA,"Macro","Corbicula",NA,200
"USGSbenthic RYR06 2017-03-15",-122.0138,38.076494,"Ryer","Grizzly Bay","Inside","USGSbenthic",2017-03-15,"RYR06",NA,NA,NA,NA,NA,NA,"Ponar",2017,3,NA,NA,NA,NA,NA,"Macro","Other",NA,20
"USGSbenthic RYR06 2017-03-15",-122.0138,38.076494,"Ryer","Grizzly Bay","Inside","USGSbenthic",2017-03-15,"RYR06",NA,NA,NA,NA,NA,NA,"Ponar",2017,3,NA,NA,NA,NA,NA,"Macro","Potamocorbula",NA,0
"USGSbenthic RYR06 2017-06-15",-122.0138,38.076494,"Ryer","Grizzly Bay","Inside","USGSbenthic",2017-06-15,"RYR06",NA,NA,NA,NA,NA,NA,"Ponar",2017,6,NA,NA,NA,NA,NA,"Macro","Corbicula",NA,300
"USGSbenthic RYR06 2017-06-15",-122.0138,38.076494,"Ryer","Grizzly Bay","Inside","USGSbenthic",2017-06-15,"RYR06",NA,NA,NA,NA,NA,NA,"Ponar",2017,6,NA,NA,NA,NA,NA,"Macro","Other",NA,0
"USGSbenthic RYR06 2017-06-15",-122.0138,38.076494,"Ryer","Grizzly Bay","Inside","USGSbenthic",2017-06-15,"RYR06",NA,NA,NA,NA,NA,NA,"Ponar",2017,6,NA,NA,NA,NA,NA,"Macro","Potamocorbula",NA,100
"USGSbenthic RYR06 2017-07-15",-122.0138,38.076494,"Ryer","Grizzly Bay","Inside","USGSbenthic",2017-07-15,"RYR06",NA,NA,NA,NA,NA,NA,"Ponar",2017,7,NA,NA,NA,NA,NA,"Macro","Corbicula",NA,80
"USGSbenthic RYR06 2017-07-15",-122.0138,38.076494,"Ryer","Grizzly Bay","Inside","USGSbenthic",2017-07-15,"RYR06",NA,NA,NA,NA,NA,NA,"Ponar",2017,7,NA,NA,NA,NA,NA,"Macro","Other",NA,0
"USGSbenthic RYR06 2017-07-15",-122.0138,38.076494,"Ryer","Grizzly Bay","Inside","USGSbenthic",2017-07-15,"RYR06",NA,NA,NA,NA,NA,NA,"Ponar",2017,7,NA,NA,NA,NA,NA,"Macro","Potamocorbula",NA,20
"USGSbenthic RYR06 2017-08-15",-122.0138,38.076494,"Ryer","Grizzly Bay","Inside","USGSbenthic",2017-08-15,"RYR06",NA,NA,NA,NA,NA,NA,"Ponar",2017,8,NA,NA,NA,NA,NA,"Macro","Corbicula",NA,320
"USGSbenthic RYR06 2017-08-15",-122.0138,38.076494,"Ryer","Grizzly Bay","Inside","USGSbenthic",2017-08-15,"RYR06",NA,NA,NA,NA,NA,NA,"Ponar",2017,8,NA,NA,NA,NA,NA,"Macro","Other",NA,0
"USGSbenthic RYR06 2017-08-15",-122.0138,38.076494,"Ryer","Grizzly Bay","Inside","USGSbenthic",2017-08-15,"RYR06",NA,NA,NA,NA,NA,NA,"Ponar",2017,8,NA,NA,NA,NA,NA,"Macro","Potamocorbula",NA,0
"USGSbenthic RYR06 2017-10-15",-122.0138,38.076494,"Ryer","Grizzly Bay","Inside","USGSbenthic",2017-10-15,"RYR06",NA,NA,NA,NA,NA,NA,"Ponar",2017,10,NA,NA,NA,NA,NA,"Macro","Corbicula",NA,60
"USGSbenthic RYR06 2017-10-15",-122.0138,38.076494,"Ryer","Grizzly Bay","Inside","USGSbenthic",2017-10-15,"RYR06",NA,NA,NA,NA,NA,NA,"Ponar",2017,10,NA,NA,NA,NA,NA,"Macro","Other",NA,0
"USGSbenthic RYR06 2017-10-15",-122.0138,38.076494,"Ryer","Grizzly Bay","Inside","USGSbenthic",2017-10-15,"RYR06",NA,NA,NA,NA,NA,NA,"Ponar",2017,10,NA,NA,NA,NA,NA,"Macro","Potamocorbula",NA,20
"USGSbenthic RYR06 2018-05-15",-122.0138,38.076494,"Ryer","Grizzly Bay","Inside","USGSbenthic",2018-05-15,"RYR06",NA,NA,NA,NA,NA,NA,"Ponar",2018,5,NA,NA,NA,NA,NA,"Macro","Corbicula",NA,160
"USGSbenthic RYR06 2018-05-15",-122.0138,38.076494,"Ryer","Grizzly Bay","Inside","USGSbenthic",2018-05-15,"RYR06",NA,NA,NA,NA,NA,NA,"Ponar",2018,5,NA,NA,NA,NA,NA,"Macro","Other",NA,0
"USGSbenthic RYR06 2018-05-15",-122.0138,38.076494,"Ryer","Grizzly Bay","Inside","USGSbenthic",2018-05-15,"RYR06",NA,NA,NA,NA,NA,NA,"Ponar",2018,5,NA,NA,NA,NA,NA,"Macro","Potamocorbula",NA,40
"USGSbenthic RYR06 2018-08-15",-122.0138,38.076494,"Ryer","Grizzly Bay","Inside","USGSbenthic",2018-08-15,"RYR06",NA,NA,NA,NA,NA,NA,"Ponar",2018,8,NA,NA,NA,NA,NA,"Macro","Corbicula",NA,360
"USGSbenthic RYR06 2018-08-15",-122.0138,38.076494,"Ryer","Grizzly Bay","Inside","USGSbenthic",2018-08-15,"RYR06",NA,NA,NA,NA,NA,NA,"Ponar",2018,8,NA,NA,NA,NA,NA,"Macro","Other",NA,0
"USGSbenthic RYR06 2018-08-15",-122.0138,38.076494,"Ryer","Grizzly Bay","Inside","USGSbenthic",2018-08-15,"RYR06",NA,NA,NA,NA,NA,NA,"Ponar",2018,8,NA,NA,NA,NA,NA,"Macro","Potamocorbula",NA,360
"USGSbenthic RYR06 2018-10-15",-122.0138,38.076494,"Ryer","Grizzly Bay","Inside","USGSbenthic",2018-10-15,"RYR06",NA,NA,NA,NA,NA,NA,"Ponar",2018,10,NA,NA,NA,NA,NA,"Macro","Corbicula",NA,260
"USGSbenthic RYR06 2018-10-15",-122.0138,38.076494,"Ryer","Grizzly Bay","Inside","USGSbenthic",2018-10-15,"RYR06",NA,NA,NA,NA,NA,NA,"Ponar",2018,10,NA,NA,NA,NA,NA,"Macro","Other",NA,0
"USGSbenthic RYR06 2018-10-15",-122.0138,38.076494,"Ryer","Grizzly Bay","Inside","USGSbenthic",2018-10-15,"RYR06",NA,NA,NA,NA,NA,NA,"Ponar",2018,10,NA,NA,NA,NA,NA,"Macro","Potamocorbula",NA,740
"USGSbenthic RYR07 2017-03-15",-122.015961,38.074092,NA,"Grizzly Bay","Outside","USGSbenthic",2017-03-15,"RYR07",NA,NA,NA,NA,NA,NA,"Ponar",2017,3,NA,NA,NA,NA,NA,"Macro","Corbicula",NA,0
"USGSbenthic RYR07 2017-03-15",-122.015961,38.074092,NA,"Grizzly Bay","Outside","USGSbenthic",2017-03-15,"RYR07",NA,NA,NA,NA,NA,NA,"Ponar",2017,3,NA,NA,NA,NA,NA,"Macro","Other",NA,20
"USGSbenthic RYR07 2017-03-15",-122.015961,38.074092,NA,"Grizzly Bay","Outside","USGSbenthic",2017-03-15,"RYR07",NA,NA,NA,NA,NA,NA,"Ponar",2017,3,NA,NA,NA,NA,NA,"Macro","Potamocorbula",NA,560
"USGSbenthic RYR07 2017-06-15",-122.015961,38.074092,NA,"Grizzly Bay","Outside","USGSbenthic",2017-06-15,"RYR07",NA,NA,NA,NA,NA,NA,"Ponar",2017,6,NA,NA,NA,NA,NA,"Macro","Corbicula",NA,220
"USGSbenthic RYR07 2017-06-15",-122.015961,38.074092,NA,"Grizzly Bay","Outside","USGSbenthic",2017-06-15,"RYR07",NA,NA,NA,NA,NA,NA,"Ponar",2017,6,NA,NA,NA,NA,NA,"Macro","Other",NA,0
"USGSbenthic RYR07 2017-06-15",-122.015961,38.074092,NA,"Grizzly Bay","Outside","USGSbenthic",2017-06-15,"RYR07",NA,NA,NA,NA,NA,NA,"Ponar",2017,6,NA,NA,NA,NA,NA,"Macro","Potamocorbula",NA,360
"USGSbenthic RYR07 2017-07-15",-122.015961,38.074092,NA,"Grizzly Bay","Outside","USGSbenthic",2017-07-15,"RYR07",NA,NA,NA,NA,NA,NA,"Ponar",2017,7,NA,NA,NA,NA,NA,"Macro","Corbicula",NA,20
"USGSbenthic RYR07 2017-07-15",-122.015961,38.074092,NA,"Grizzly Bay","Outside","USGSbenthic",2017-07-15,"RYR07",NA,NA,NA,NA,NA,NA,"Ponar",2017,7,NA,NA,NA,NA,NA,"Macro","Other",NA,0
"USGSbenthic RYR07 2017-07-15",-122.015961,38.074092,NA,"Grizzly Bay","Outside","USGSbenthic",2017-07-15,"RYR07",NA,NA,NA,NA,NA,NA,"Ponar",2017,7,NA,NA,NA,NA,NA,"Macro","Potamocorbula",NA,60
"USGSbenthic RYR07 2017-08-15",-122.015961,38.074092,NA,"Grizzly Bay","Outside","USGSbenthic",2017-08-15,"RYR07",NA,NA,NA,NA,NA,NA,"Ponar",2017,8,NA,NA,NA,NA,NA,"Macro","Corbicula",NA,160
"USGSbenthic RYR07 2017-08-15",-122.015961,38.074092,NA,"Grizzly Bay","Outside","USGSbenthic",2017-08-15,"RYR07",NA,NA,NA,NA,NA,NA,"Ponar",2017,8,NA,NA,NA,NA,NA,"Macro","Other",NA,20
"USGSbenthic RYR07 2017-08-15",-122.015961,38.074092,NA,"Grizzly Bay","Outside","USGSbenthic",2017-08-15,"RYR07",NA,NA,NA,NA,NA,NA,"Ponar",2017,8,NA,NA,NA,NA,NA,"Macro","Potamocorbula",NA,0
"USGSbenthic RYR07 2017-10-15",-122.015961,38.074092,NA,"Grizzly Bay","Outside","USGSbenthic",2017-10-15,"RYR07",NA,NA,NA,NA,NA,NA,"Ponar",2017,10,NA,NA,NA,NA,NA,"Macro","Corbicula",NA,120
"USGSbenthic RYR07 2017-10-15",-122.015961,38.074092,NA,"Grizzly Bay","Outside","USGSbenthic",2017-10-15,"RYR07",NA,NA,NA,NA,NA,NA,"Ponar",2017,10,NA,NA,NA,NA,NA,"Macro","Other",NA,0
"USGSbenthic RYR07 2017-10-15",-122.015961,38.074092,NA,"Grizzly Bay","Outside","USGSbenthic",2017-10-15,"RYR07",NA,NA,NA,NA,NA,NA,"Ponar",2017,10,NA,NA,NA,NA,NA,"Macro","Potamocorbula",NA,500
"USGSbenthic RYR07 2018-05-15",-122.015961,38.074092,NA,"Grizzly Bay","Outside","USGSbenthic",2018-05-15,"RYR07",NA,NA,NA,NA,NA,NA,"Ponar",2018,5,NA,NA,NA,NA,NA,"Macro","Corbicula",NA,0
"USGSbenthic RYR07 2018-05-15",-122.015961,38.074092,NA,"Grizzly Bay","Outside","USGSbenthic",2018-05-15,"RYR07",NA,NA,NA,NA,NA,NA,"Ponar",2018,5,NA,NA,NA,NA,NA,"Macro","Other",NA,0
"USGSbenthic RYR07 2018-05-15",-122.015961,38.074092,NA,"Grizzly Bay","Outside","USGSbenthic",2018-05-15,"RYR07",NA,NA,NA,NA,NA,NA,"Ponar",2018,5,NA,NA,NA,NA,NA,"Macro","Potamocorbula",NA,560
"USGSbenthic RYR07 2018-08-15",-122.015961,38.074092,NA,"Grizzly Bay","Outside","USGSbenthic",2018-08-15,"RYR07",NA,NA,NA,NA,NA,NA,"Ponar",2018,8,NA,NA,NA,NA,NA,"Macro","Corbicula",NA,60
"USGSbenthic RYR07 2018-08-15",-122.015961,38.074092,NA,"Grizzly Bay","Outside","USGSbenthic",2018-08-15,"RYR07",NA,NA,NA,NA,NA,NA,"Ponar",2018,8,NA,NA,NA,NA,NA,"Macro","Other",NA,0
"USGSbenthic RYR07 2018-08-15",-122.015961,38.074092,NA,"Grizzly Bay","Outside","USGSbenthic",2018-08-15,"RYR07",NA,NA,NA,NA,NA,NA,"Ponar",2018,8,NA,NA,NA,NA,NA,"Macro","Potamocorbula",NA,2480
"USGSbenthic RYR07 2018-10-15",-122.015961,38.074092,NA,"Grizzly Bay","Outside","USGSbenthic",2018-10-15,"RYR07",NA,NA,NA,NA,NA,NA,"Ponar",2018,10,NA,NA,NA,NA,NA,"Macro","Corbicula",NA,0
"USGSbenthic RYR07 2018-10-15",-122.015961,38.074092,NA,"Grizzly Bay","Outside","USGSbenthic",2018-10-15,"RYR07",NA,NA,NA,NA,NA,NA,"Ponar",2018,10,NA,NA,NA,NA,NA,"Macro","Other",NA,0
"USGSbenthic RYR07 2018-10-15",-122.015961,38.074092,NA,"Grizzly Bay","Outside","USGSbenthic",2018-10-15,"RYR07",NA,NA,NA,NA,NA,NA,"Ponar",2018,10,NA,NA,NA,NA,NA,"Macro","Potamocorbula",NA,1040
"USGSbenthic RYR08 2017-03-15",-122.029689,38.083783,NA,"Grizzly Bay","Outside","USGSbenthic",2017-03-15,"RYR08",NA,NA,NA,NA,NA,NA,"Ponar",2017,3,NA,NA,NA,NA,NA,"Macro","Corbicula",NA,0
"USGSbenthic RYR08 2017-03-15",-122.029689,38.083783,NA,"Grizzly Bay","Outside","USGSbenthic",2017-03-15,"RYR08",NA,NA,NA,NA,NA,NA,"Ponar",2017,3,NA,NA,NA,NA,NA,"Macro","Other",NA,0
"USGSbenthic RYR08 2017-03-15",-122.029689,38.083783,NA,"Grizzly Bay","Outside","USGSbenthic",2017-03-15,"RYR08",NA,NA,NA,NA,NA,NA,"Ponar",2017,3,NA,NA,NA,NA,NA,"Macro","Potamocorbula",NA,40
"USGSbenthic RYR08 2017-06-15",-122.029689,38.083783,NA,"Grizzly Bay","Outside","USGSbenthic",2017-06-15,"RYR08",NA,NA,NA,NA,NA,NA,"Ponar",2017,6,NA,NA,NA,NA,NA,"Macro","Corbicula",NA,0
"USGSbenthic RYR08 2017-06-15",-122.029689,38.083783,NA,"Grizzly Bay","Outside","USGSbenthic",2017-06-15,"RYR08",NA,NA,NA,NA,NA,NA,"Ponar",2017,6,NA,NA,NA,NA,NA,"Macro","Other",NA,0
"USGSbenthic RYR08 2017-06-15",-122.029689,38.083783,NA,"Grizzly Bay","Outside","USGSbenthic",2017-06-15,"RYR08",NA,NA,NA,NA,NA,NA,"Ponar",2017,6,NA,NA,NA,NA,NA,"Macro","Potamocorbula",NA,260
"USGSbenthic RYR08 2017-07-15",-122.029689,38.083783,NA,"Grizzly Bay","Outside","USGSbenthic",2017-07-15,"RYR08",NA,NA,NA,NA,NA,NA,"Ponar",2017,7,NA,NA,NA,NA,NA,"Macro","Corbicula",NA,20
"USGSbenthic RYR08 2017-07-15",-122.029689,38.083783,NA,"Grizzly Bay","Outside","USGSbenthic",2017-07-15,"RYR08",NA,NA,NA,NA,NA,NA,"Ponar",2017,7,NA,NA,NA,NA,NA,"Macro","Other",NA,0
"USGSbenthic RYR08 2017-07-15",-122.029689,38.083783,NA,"Grizzly Bay","Outside","USGSbenthic",2017-07-15,"RYR08",NA,NA,NA,NA,NA,NA,"Ponar",2017,7,NA,NA,NA,NA,NA,"Macro","Potamocorbula",NA,420
"USGSbenthic RYR08 2017-08-15",-122.029689,38.083783,NA,"Grizzly Bay","Outside","USGSbenthic",2017-08-15,"RYR08",NA,NA,NA,NA,NA,NA,"Ponar",2017,8,NA,NA,NA,NA,NA,"Macro","Corbicula",NA,100
"USGSbenthic RYR08 2017-08-15",-122.029689,38.083783,NA,"Grizzly Bay","Outside","USGSbenthic",2017-08-15,"RYR08",NA,NA,NA,NA,NA,NA,"Ponar",2017,8,NA,NA,NA,NA,NA,"Macro","Other",NA,0
"USGSbenthic RYR08 2017-08-15",-122.029689,38.083783,NA,"Grizzly Bay","Outside","USGSbenthic",2017-08-15,"RYR08",NA,NA,NA,NA,NA,NA,"Ponar",2017,8,NA,NA,NA,NA,NA,"Macro","Potamocorbula",NA,440
"USGSbenthic RYR08 2017-10-15",-122.029689,38.083783,NA,"Grizzly Bay","Outside","USGSbenthic",2017-10-15,"RYR08",NA,NA,NA,NA,NA,NA,"Ponar",2017,10,NA,NA,NA,NA,NA,"Macro","Corbicula",NA,0
"USGSbenthic RYR08 2017-10-15",-122.029689,38.083783,NA,"Grizzly Bay","Outside","USGSbenthic",2017-10-15,"RYR08",NA,NA,NA,NA,NA,NA,"Ponar",2017,10,NA,NA,NA,NA,NA,"Macro","Other",NA,0
"USGSbenthic RYR08 2017-10-15",-122.029689,38.083783,NA,"Grizzly Bay","Outside","USGSbenthic",2017-10-15,"RYR08",NA,NA,NA,NA,NA,NA,"Ponar",2017,10,NA,NA,NA,NA,NA,"Macro","Potamocorbula",NA,800
"USGSbenthic RYR08 2018-05-15",-122.029689,38.083783,NA,"Grizzly Bay","Outside","USGSbenthic",2018-05-15,"RYR08",NA,NA,NA,NA,NA,NA,"Ponar",2018,5,NA,NA,NA,NA,NA,"Macro","Corbicula",NA,60
"USGSbenthic RYR08 2018-05-15",-122.029689,38.083783,NA,"Grizzly Bay","Outside","USGSbenthic",2018-05-15,"RYR08",NA,NA,NA,NA,NA,NA,"Ponar",2018,5,NA,NA,NA,NA,NA,"Macro","Other",NA,20
"USGSbenthic RYR08 2018-05-15",-122.029689,38.083783,NA,"Grizzly Bay","Outside","USGSbenthic",2018-05-15,"RYR08",NA,NA,NA,NA,NA,NA,"Ponar",2018,5,NA,NA,NA,NA,NA,"Macro","Potamocorbula",NA,1060
"USGSbenthic RYR08 2018-08-15",-122.029689,38.083783,NA,"Grizzly Bay","Outside","USGSbenthic",2018-08-15,"RYR08",NA,NA,NA,NA,NA,NA,"Ponar",2018,8,NA,NA,NA,NA,NA,"Macro","Corbicula",NA,40
"USGSbenthic RYR08 2018-08-15",-122.029689,38.083783,NA,"Grizzly Bay","Outside","USGSbenthic",2018-08-15,"RYR08",NA,NA,NA,NA,NA,NA,"Ponar",2018,8,NA,NA,NA,NA,NA,"Macro","Other",NA,0
"USGSbenthic RYR08 2018-08-15",-122.029689,38.083783,NA,"Grizzly Bay","Outside","USGSbenthic",2018-08-15,"RYR08",NA,NA,NA,NA,NA,NA,"Ponar",2018,8,NA,NA,NA,NA,NA,"Macro","Potamocorbula",NA,1760
"USGSbenthic RYR08 2018-10-15",-122.029689,38.083783,NA,"Grizzly Bay","Outside","USGSbenthic",2018-10-15,"RYR08",NA,NA,NA,NA,NA,NA,"Ponar",2018,10,NA,NA,NA,NA,NA,"Macro","Corbicula",NA,40
"USGSbenthic RYR08 2018-10-15",-122.029689,38.083783,NA,"Grizzly Bay","Outside","USGSbenthic",2018-10-15,"RYR08",NA,NA,NA,NA,NA,NA,"Ponar",2018,10,NA,NA,NA,NA,NA,"Macro","Other",NA,0
"USGSbenthic RYR08 2018-10-15",-122.029689,38.083783,NA,"Grizzly Bay","Outside","USGSbenthic",2018-10-15,"RYR08",NA,NA,NA,NA,NA,NA,"Ponar",2018,10,NA,NA,NA,NA,NA,"Macro","Potamocorbula",NA,2060
"USGSbenthic RYR09 2017-03-15",-122.025919,38.083342,NA,"Grizzly Bay","Outside","USGSbenthic",2017-03-15,"RYR09",NA,NA,NA,NA,NA,NA,"Ponar",2017,3,NA,NA,NA,NA,NA,"Macro","Corbicula",NA,0
"USGSbenthic RYR09 2017-03-15",-122.025919,38.083342,NA,"Grizzly Bay","Outside","USGSbenthic",2017-03-15,"RYR09",NA,NA,NA,NA,NA,NA,"Ponar",2017,3,NA,NA,NA,NA,NA,"Macro","Other",NA,0
"USGSbenthic RYR09 2017-03-15",-122.025919,38.083342,NA,"Grizzly Bay","Outside","USGSbenthic",2017-03-15,"RYR09",NA,NA,NA,NA,NA,NA,"Ponar",2017,3,NA,NA,NA,NA,NA,"Macro","Potamocorbula",NA,40
"USGSbenthic RYR09 2017-06-15",-122.025919,38.083342,NA,"Grizzly Bay","Outside","USGSbenthic",2017-06-15,"RYR09",NA,NA,NA,NA,NA,NA,"Ponar",2017,6,NA,NA,NA,NA,NA,"Macro","Corbicula",NA,0
"USGSbenthic RYR09 2017-06-15",-122.025919,38.083342,NA,"Grizzly Bay","Outside","USGSbenthic",2017-06-15,"RYR09",NA,NA,NA,NA,NA,NA,"Ponar",2017,6,NA,NA,NA,NA,NA,"Macro","Other",NA,20
"USGSbenthic RYR09 2017-06-15",-122.025919,38.083342,NA,"Grizzly Bay","Outside","USGSbenthic",2017-06-15,"RYR09",NA,NA,NA,NA,NA,NA,"Ponar",2017,6,NA,NA,NA,NA,NA,"Macro","Potamocorbula",NA,0
"USGSbenthic RYR09 2017-07-15",-122.025919,38.083342,NA,"Grizzly Bay","Outside","USGSbenthic",2017-07-15,"RYR09",NA,NA,NA,NA,NA,NA,"Ponar",2017,7,NA,NA,NA,NA,NA,"Macro","Corbicula",NA,0
"USGSbenthic RYR09 2017-07-15",-122.025919,38.083342,NA,"Grizzly Bay","Outside","USGSbenthic",2017-07-15,"RYR09",NA,NA,NA,NA,NA,NA,"Ponar",2017,7,NA,NA,NA,NA,NA,"Macro","Other",NA,20
"USGSbenthic RYR09 2017-07-15",-122.025919,38.083342,NA,"Grizzly Bay","Outside","USGSbenthic",2017-07-15,"RYR09",NA,NA,NA,NA,NA,NA,"Ponar",2017,7,NA,NA,NA,NA,NA,"Macro","Potamocorbula",NA,0
"USGSbenthic RYR09 2017-08-15",-122.025919,38.083342,NA,"Grizzly Bay","Outside","USGSbenthic",2017-08-15,"RYR09",NA,NA,NA,NA,NA,NA,"Ponar",2017,8,NA,NA,NA,NA,NA,"Macro","Corbicula",NA,40
"USGSbenthic RYR09 2017-08-15",-122.025919,38.083342,NA,"Grizzly Bay","Outside","USGSbenthic",2017-08-15,"RYR09",NA,NA,NA,NA,NA,NA,"Ponar",2017,8,NA,NA,NA,NA,NA,"Macro","Other",NA,0
"USGSbenthic RYR09 2017-08-15",-122.025919,38.083342,NA,"Grizzly Bay","Outside","USGSbenthic",2017-08-15,"RYR09",NA,NA,NA,NA,NA,NA,"Ponar",2017,8,NA,NA,NA,NA,NA,"Macro","Potamocorbula",NA,1100
"USGSbenthic RYR09 2017-10-15",-122.025919,38.083342,NA,"Grizzly Bay","Outside","USGSbenthic",2017-10-15,"RYR09",NA,NA,NA,NA,NA,NA,"Ponar",2017,10,NA,NA,NA,NA,NA,"Macro","Corbicula",NA,60
"USGSbenthic RYR09 2017-10-15",-122.025919,38.083342,NA,"Grizzly Bay","Outside","USGSbenthic",2017-10-15,"RYR09",NA,NA,NA,NA,NA,NA,"Ponar",2017,10,NA,NA,NA,NA,NA,"Macro","Other",NA,20
"USGSbenthic RYR09 2017-10-15",-122.025919,38.083342,NA,"Grizzly Bay","Outside","USGSbenthic",2017-10-15,"RYR09",NA,NA,NA,NA,NA,NA,"Ponar",2017,10,NA,NA,NA,NA,NA,"Macro","Potamocorbula",NA,600
"USGSbenthic RYR09 2018-05-15",-122.025919,38.083342,NA,"Grizzly Bay","Outside","USGSbenthic",2018-05-15,"RYR09",NA,NA,NA,NA,NA,NA,"Ponar",2018,5,NA,NA,NA,NA,NA,"Macro","Corbicula",NA,20
"USGSbenthic RYR09 2018-05-15",-122.025919,38.083342,NA,"Grizzly Bay","Outside","USGSbenthic",2018-05-15,"RYR09",NA,NA,NA,NA,NA,NA,"Ponar",2018,5,NA,NA,NA,NA,NA,"Macro","Other",NA,0
"USGSbenthic RYR09 2018-05-15",-122.025919,38.083342,NA,"Grizzly Bay","Outside","USGSbenthic",2018-05-15,"RYR09",NA,NA,NA,NA,NA,NA,"Ponar",2018,5,NA,NA,NA,NA,NA,"Macro","Potamocorbula",NA,400
"USGSbenthic RYR09 2018-08-15",-122.025919,38.083342,NA,"Grizzly Bay","Outside","USGSbenthic",2018-08-15,"RYR09",NA,NA,NA,NA,NA,NA,"Ponar",2018,8,NA,NA,NA,NA,NA,"Macro","Corbicula",NA,60
"USGSbenthic RYR09 2018-08-15",-122.025919,38.083342,NA,"Grizzly Bay","Outside","USGSbenthic",2018-08-15,"RYR09",NA,NA,NA,NA,NA,NA,"Ponar",2018,8,NA,NA,NA,NA,NA,"Macro","Other",NA,40
"USGSbenthic RYR09 2018-08-15",-122.025919,38.083342,NA,"Grizzly Bay","Outside","USGSbenthic",2018-08-15,"RYR09",NA,NA,NA,NA,NA,NA,"Ponar",2018,8,NA,NA,NA,NA,NA,"Macro","Potamocorbula",NA,1200
"USGSbenthic RYR09 2018-10-15",-122.025919,38.083342,NA,"Grizzly Bay","Outside","USGSbenthic",2018-10-15,"RYR09",NA,NA,NA,NA,NA,NA,"Ponar",2018,10,NA,NA,NA,NA,NA,"Macro","Corbicula",NA,0
"USGSbenthic RYR09 2018-10-15",-122.025919,38.083342,NA,"Grizzly Bay","Outside","USGSbenthic",2018-10-15,"RYR09",NA,NA,NA,NA,NA,NA,"Ponar",2018,10,NA,NA,NA,NA,NA,"Macro","Other",NA,60
"USGSbenthic RYR09 2018-10-15",-122.025919,38.083342,NA,"Grizzly Bay","Outside","USGSbenthic",2018-10-15,"RYR09",NA,NA,NA,NA,NA,NA,"Ponar",2018,10,NA,NA,NA,NA,NA,"Macro","Potamocorbula",NA,1020
"USGSbenthic RYR10 2017-03-15",-122.023758,38.079753,NA,"Grizzly Bay","Outside","USGSbenthic",2017-03-15,"RYR10",NA,NA,NA,NA,NA,NA,"Ponar",2017,3,NA,NA,NA,NA,NA,"Macro","Corbicula",NA,0
"USGSbenthic RYR10 2017-03-15",-122.023758,38.079753,NA,"Grizzly Bay","Outside","USGSbenthic",2017-03-15,"RYR10",NA,NA,NA,NA,NA,NA,"Ponar",2017,3,NA,NA,NA,NA,NA,"Macro","Other",NA,0
"USGSbenthic RYR10 2017-03-15",-122.023758,38.079753,NA,"Grizzly Bay","Outside","USGSbenthic",2017-03-15,"RYR10",NA,NA,NA,NA,NA,NA,"Ponar",2017,3,NA,NA,NA,NA,NA,"Macro","Potamocorbula",NA,20
"USGSbenthic RYR10 2017-06-15",-122.023758,38.079753,NA,"Grizzly Bay","Outside","USGSbenthic",2017-06-15,"RYR10",NA,NA,NA,NA,NA,NA,"Ponar",2017,6,NA,NA,NA,NA,NA,"Macro","Corbicula",NA,40
"USGSbenthic RYR10 2017-06-15",-122.023758,38.079753,NA,"Grizzly Bay","Outside","USGSbenthic",2017-06-15,"RYR10",NA,NA,NA,NA,NA,NA,"Ponar",2017,6,NA,NA,NA,NA,NA,"Macro","Other",NA,0
"USGSbenthic RYR10 2017-06-15",-122.023758,38.079753,NA,"Grizzly Bay","Outside","USGSbenthic",2017-06-15,"RYR10",NA,NA,NA,NA,NA,NA,"Ponar",2017,6,NA,NA,NA,NA,NA,"Macro","Potamocorbula",NA,40
"USGSbenthic RYR10 2017-07-15",-122.023758,38.079753,NA,"Grizzly Bay","Outside","USGSbenthic",2017-07-15,"RYR10",NA,NA,NA,NA,NA,NA,"Ponar",2017,7,NA,NA,NA,NA,NA,"Macro","Corbicula",NA,0
"USGSbenthic RYR10 2017-07-15",-122.023758,38.079753,NA,"Grizzly Bay","Outside","USGSbenthic",2017-07-15,"RYR10",NA,NA,NA,NA,NA,NA,"Ponar",2017,7,NA,NA,NA,NA,NA,"Macro","Other",NA,0
"USGSbenthic RYR10 2017-07-15",-122.023758,38.079753,NA,"Grizzly Bay","Outside","USGSbenthic",2017-07-15,"RYR10",NA,NA,NA,NA,NA,NA,"Ponar",2017,7,NA,NA,NA,NA,NA,"Macro","Potamocorbula",NA,0
"USGSbenthic RYR10 2017-08-15",-122.023758,38.079753,NA,"Grizzly Bay","Outside","USGSbenthic",2017-08-15,"RYR10",NA,NA,NA,NA,NA,NA,"Ponar",2017,8,NA,NA,NA,NA,NA,"Macro","Corbicula",NA,80
"USGSbenthic RYR10 2017-08-15",-122.023758,38.079753,NA,"Grizzly Bay","Outside","USGSbenthic",2017-08-15,"RYR10",NA,NA,NA,NA,NA,NA,"Ponar",2017,8,NA,NA,NA,NA,NA,"Macro","Other",NA,0
"USGSbenthic RYR10 2017-08-15",-122.023758,38.079753,NA,"Grizzly Bay","Outside","USGSbenthic",2017-08-15,"RYR10",NA,NA,NA,NA,NA,NA,"Ponar",2017,8,NA,NA,NA,NA,NA,"Macro","Potamocorbula",NA,1200
"USGSbenthic RYR10 2017-10-15",-122.023758,38.079753,NA,"Grizzly Bay","Outside","USGSbenthic",2017-10-15,"RYR10",NA,NA,NA,NA,NA,NA,"Ponar",2017,10,NA,NA,NA,NA,NA,"Macro","Corbicula",NA,80
"USGSbenthic RYR10 2017-10-15",-122.023758,38.079753,NA,"Grizzly Bay","Outside","USGSbenthic",2017-10-15,"RYR10",NA,NA,NA,NA,NA,NA,"Ponar",2017,10,NA,NA,NA,NA,NA,"Macro","Other",NA,0
"USGSbenthic RYR10 2017-10-15",-122.023758,38.079753,NA,"Grizzly Bay","Outside","USGSbenthic",2017-10-15,"RYR10",NA,NA,NA,NA,NA,NA,"Ponar",2017,10,NA,NA,NA,NA,NA,"Macro","Potamocorbula",NA,280
"USGSbenthic RYR10 2018-05-15",-122.023758,38.079753,NA,"Grizzly Bay","Outside","USGSbenthic",2018-05-15,"RYR10",NA,NA,NA,NA,NA,NA,"Ponar",2018,5,NA,NA,NA,NA,NA,"Macro","Corbicula",NA,140
"USGSbenthic RYR10 2018-05-15",-122.023758,38.079753,NA,"Grizzly Bay","Outside","USGSbenthic",2018-05-15,"RYR10",NA,NA,NA,NA,NA,NA,"Ponar",2018,5,NA,NA,NA,NA,NA,"Macro","Other",NA,0
"USGSbenthic RYR10 2018-05-15",-122.023758,38.079753,NA,"Grizzly Bay","Outside","USGSbenthic",2018-05-15,"RYR10",NA,NA,NA,NA,NA,NA,"Ponar",2018,5,NA,NA,NA,NA,NA,"Macro","Potamocorbula",NA,360
"USGSbenthic RYR10 2018-08-15",-122.023758,38.079753,NA,"Grizzly Bay","Outside","USGSbenthic",2018-08-15,"RYR10",NA,NA,NA,NA,NA,NA,"Ponar",2018,8,NA,NA,NA,NA,NA,"Macro","Corbicula",NA,80
"USGSbenthic RYR10 2018-08-15",-122.023758,38.079753,NA,"Grizzly Bay","Outside","USGSbenthic",2018-08-15,"RYR10",NA,NA,NA,NA,NA,NA,"Ponar",2018,8,NA,NA,NA,NA,NA,"Macro","Other",NA,20
"USGSbenthic RYR10 2018-08-15",-122.023758,38.079753,NA,"Grizzly Bay","Outside","USGSbenthic",2018-08-15,"RYR10",NA,NA,NA,NA,NA,NA,"Ponar",2018,8,NA,NA,NA,NA,NA,"Macro","Potamocorbula",NA,1720
"USGSbenthic RYR10 2018-10-15",-122.023758,38.079753,NA,"Grizzly Bay","Outside","USGSbenthic",2018-10-15,"RYR10",NA,NA,NA,NA,NA,NA,"Ponar",2018,10,NA,NA,NA,NA,NA,"Macro","Corbicula",NA,40
"USGSbenthic RYR10 2018-10-15",-122.023758,38.079753,NA,"Grizzly Bay","Outside","USGSbenthic",2018-10-15,"RYR10",NA,NA,NA,NA,NA,NA,"Ponar",2018,10,NA,NA,NA,NA,NA,"Macro","Other",NA,0
"USGSbenthic RYR10 2018-10-15",-122.023758,38.079753,NA,"Grizzly Bay","Outside","USGSbenthic",2018-10-15,"RYR10",NA,NA,NA,NA,NA,NA,"Ponar",2018,10,NA,NA,NA,NA,NA,"Macro","Potamocorbula",NA,1000
"USGSbenthic RYR11 2017-03-15",-122.03935,38.080458,NA,"Grizzly Bay","Outside","USGSbenthic",2017-03-15,"RYR11",NA,NA,NA,NA,NA,NA,"Ponar",2017,3,NA,NA,NA,NA,NA,"Macro","Corbicula",NA,0
"USGSbenthic RYR11 2017-03-15",-122.03935,38.080458,NA,"Grizzly Bay","Outside","USGSbenthic",2017-03-15,"RYR11",NA,NA,NA,NA,NA,NA,"Ponar",2017,3,NA,NA,NA,NA,NA,"Macro","Other",NA,0
"USGSbenthic RYR11 2017-03-15",-122.03935,38.080458,NA,"Grizzly Bay","Outside","USGSbenthic",2017-03-15,"RYR11",NA,NA,NA,NA,NA,NA,"Ponar",2017,3,NA,NA,NA,NA,NA,"Macro","Potamocorbula",NA,40
"USGSbenthic RYR11 2017-06-15",-122.03935,38.080458,NA,"Grizzly Bay","Outside","USGSbenthic",2017-06-15,"RYR11",NA,NA,NA,NA,NA,NA,"Ponar",2017,6,NA,NA,NA,NA,NA,"Macro","Corbicula",NA,20
"USGSbenthic RYR11 2017-06-15",-122.03935,38.080458,NA,"Grizzly Bay","Outside","USGSbenthic",2017-06-15,"RYR11",NA,NA,NA,NA,NA,NA,"Ponar",2017,6,NA,NA,NA,NA,NA,"Macro","Other",NA,0
"USGSbenthic RYR11 2017-06-15",-122.03935,38.080458,NA,"Grizzly Bay","Outside","USGSbenthic",2017-06-15,"RYR11",NA,NA,NA,NA,NA,NA,"Ponar",2017,6,NA,NA,NA,NA,NA,"Macro","Potamocorbula",NA,160
"USGSbenthic RYR11 2017-07-15",-122.03935,38.080458,NA,"Grizzly Bay","Outside","USGSbenthic",2017-07-15,"RYR11",NA,NA,NA,NA,NA,NA,"Ponar",2017,7,NA,NA,NA,NA,NA,"Macro","Corbicula",NA,20
"USGSbenthic RYR11 2017-07-15",-122.03935,38.080458,NA,"Grizzly Bay","Outside","USGSbenthic",2017-07-15,"RYR11",NA,NA,NA,NA,NA,NA,"Ponar",2017,7,NA,NA,NA,NA,NA,"Macro","Other",NA,0
"USGSbenthic RYR11 2017-07-15",-122.03935,38.080458,NA,"Grizzly Bay","Outside","USGSbenthic",2017-07-15,"RYR11",NA,NA,NA,NA,NA,NA,"Ponar",2017,7,NA,NA,NA,NA,NA,"Macro","Potamocorbula",NA,540
"USGSbenthic RYR11 2017-08-15",-122.03935,38.080458,NA,"Grizzly Bay","Outside","USGSbenthic",2017-08-15,"RYR11",NA,NA,NA,NA,NA,NA,"Ponar",2017,8,NA,NA,NA,NA,NA,"Macro","Corbicula",NA,20
"USGSbenthic RYR11 2017-08-15",-122.03935,38.080458,NA,"Grizzly Bay","Outside","USGSbenthic",2017-08-15,"RYR11",NA,NA,NA,NA,NA,NA,"Ponar",2017,8,NA,NA,NA,NA,NA,"Macro","Other",NA,0
"USGSbenthic RYR11 2017-08-15",-122.03935,38.080458,NA,"Grizzly Bay","Outside","USGSbenthic",2017-08-15,"RYR11",NA,NA,NA,NA,NA,NA,"Ponar",2017,8,NA,NA,NA,NA,NA,"Macro","Potamocorbula",NA,21940
"USGSbenthic RYR11 2017-10-15",-122.03935,38.080458,NA,"Grizzly Bay","Outside","USGSbenthic",2017-10-15,"RYR11",NA,NA,NA,NA,NA,NA,"Ponar",2017,10,NA,NA,NA,NA,NA,"Macro","Corbicula",NA,100
"USGSbenthic RYR11 2017-10-15",-122.03935,38.080458,NA,"Grizzly Bay","Outside","USGSbenthic",2017-10-15,"RYR11",NA,NA,NA,NA,NA,NA,"Ponar",2017,10,NA,NA,NA,NA,NA,"Macro","Other",NA,0
"USGSbenthic RYR11 2017-10-15",-122.03935,38.080458,NA,"Grizzly Bay","Outside","USGSbenthic",2017-10-15,"RYR11",NA,NA,NA,NA,NA,NA,"Ponar",2017,10,NA,NA,NA,NA,NA,"Macro","Potamocorbula",NA,17440
"USGSbenthic RYR11 2018-05-15",-122.03935,38.080458,NA,"Grizzly Bay","Outside","USGSbenthic",2018-05-15,"RYR11",NA,NA,NA,NA,NA,NA,"Ponar",2018,5,NA,NA,NA,NA,NA,"Macro","Corbicula",NA,80
"USGSbenthic RYR11 2018-05-15",-122.03935,38.080458,NA,"Grizzly Bay","Outside","USGSbenthic",2018-05-15,"RYR11",NA,NA,NA,NA,NA,NA,"Ponar",2018,5,NA,NA,NA,NA,NA,"Macro","Other",NA,0
"USGSbenthic RYR11 2018-05-15",-122.03935,38.080458,NA,"Grizzly Bay","Outside","USGSbenthic",2018-05-15,"RYR11",NA,NA,NA,NA,NA,NA,"Ponar",2018,5,NA,NA,NA,NA,NA,"Macro","Potamocorbula",NA,5800
"USGSbenthic RYR11 2018-08-15",-122.03935,38.080458,NA,"Grizzly Bay","Outside","USGSbenthic",2018-08-15,"RYR11",NA,NA,NA,NA,NA,NA,"Ponar",2018,8,NA,NA,NA,NA,NA,"Macro","Corbicula",NA,20
"USGSbenthic RYR11 2018-08-15",-122.03935,38.080458,NA,"Grizzly Bay","Outside","USGSbenthic",2018-08-15,"RYR11",NA,NA,NA,NA,NA,NA,"Ponar",2018,8,NA,NA,NA,NA,NA,"Macro","Other",NA,0
"USGSbenthic RYR11 2018-08-15",-122.03935,38.080458,NA,"Grizzly Bay","Outside","USGSbenthic",2018-08-15,"RYR11",NA,NA,NA,NA,NA,NA,"Ponar",2018,8,NA,NA,NA,NA,NA,"Macro","Potamocorbula",NA,3840
"USGSbenthic RYR11 2018-10-15",-122.03935,38.080458,NA,"Grizzly Bay","Outside","USGSbenthic",2018-10-15,"RYR11",NA,NA,NA,NA,NA,NA,"Ponar",2018,10,NA,NA,NA,NA,NA,"Macro","Corbicula",NA,40
"USGSbenthic RYR11 2018-10-15",-122.03935,38.080458,NA,"Grizzly Bay","Outside","USGSbenthic",2018-10-15,"RYR11",NA,NA,NA,NA,NA,NA,"Ponar",2018,10,NA,NA,NA,NA,NA,"Macro","Other",NA,0
"USGSbenthic RYR11 2018-10-15",-122.03935,38.080458,NA,"Grizzly Bay","Outside","USGSbenthic",2018-10-15,"RYR11",NA,NA,NA,NA,NA,NA,"Ponar",2018,10,NA,NA,NA,NA,NA,"Macro","Potamocorbula",NA,1880
"USGSbenthic RYR12 2017-03-15",-122.028392,38.076139,NA,"Grizzly Bay","Outside","USGSbenthic",2017-03-15,"RYR12",NA,NA,NA,NA,NA,NA,"Ponar",2017,3,NA,NA,NA,NA,NA,"Macro","Corbicula",NA,0
"USGSbenthic RYR12 2017-03-15",-122.028392,38.076139,NA,"Grizzly Bay","Outside","USGSbenthic",2017-03-15,"RYR12",NA,NA,NA,NA,NA,NA,"Ponar",2017,3,NA,NA,NA,NA,NA,"Macro","Other",NA,0
"USGSbenthic RYR12 2017-03-15",-122.028392,38.076139,NA,"Grizzly Bay","Outside","USGSbenthic",2017-03-15,"RYR12",NA,NA,NA,NA,NA,NA,"Ponar",2017,3,NA,NA,NA,NA,NA,"Macro","Potamocorbula",NA,40
"USGSbenthic RYR12 2017-06-15",-122.028392,38.076139,NA,"Grizzly Bay","Outside","USGSbenthic",2017-06-15,"RYR12",NA,NA,NA,NA,NA,NA,"Ponar",2017,6,NA,NA,NA,NA,NA,"Macro","Corbicula",NA,0
"USGSbenthic RYR12 2017-06-15",-122.028392,38.076139,NA,"Grizzly Bay","Outside","USGSbenthic",2017-06-15,"RYR12",NA,NA,NA,NA,NA,NA,"Ponar",2017,6,NA,NA,NA,NA,NA,"Macro","Other",NA,0
"USGSbenthic RYR12 2017-06-15",-122.028392,38.076139,NA,"Grizzly Bay","Outside","USGSbenthic",2017-06-15,"RYR12",NA,NA,NA,NA,NA,NA,"Ponar",2017,6,NA,NA,NA,NA,NA,"Macro","Potamocorbula",NA,120
"USGSbenthic RYR12 2017-07-15",-122.028392,38.076139,NA,"Grizzly Bay","Outside","USGSbenthic",2017-07-15,"RYR12",NA,NA,NA,NA,NA,NA,"Ponar",2017,7,NA,NA,NA,NA,NA,"Macro","Corbicula",NA,0
"USGSbenthic RYR12 2017-07-15",-122.028392,38.076139,NA,"Grizzly Bay","Outside","USGSbenthic",2017-07-15,"RYR12",NA,NA,NA,NA,NA,NA,"Ponar",2017,7,NA,NA,NA,NA,NA,"Macro","Other",NA,0
"USGSbenthic RYR12 2017-07-15",-122.028392,38.076139,NA,"Grizzly Bay","Outside","USGSbenthic",2017-07-15,"RYR12",NA,NA,NA,NA,NA,NA,"Ponar",2017,7,NA,NA,NA,NA,NA,"Macro","Potamocorbula",NA,200
"USGSbenthic RYR12 2017-08-15",-122.028392,38.076139,NA,"Grizzly Bay","Outside","USGSbenthic",2017-08-15,"RYR12",NA,NA,NA,NA,NA,NA,"Ponar",2017,8,NA,NA,NA,NA,NA,"Macro","Corbicula",NA,0
"USGSbenthic RYR12 2017-08-15",-122.028392,38.076139,NA,"Grizzly Bay","Outside","USGSbenthic",2017-08-15,"RYR12",NA,NA,NA,NA,NA,NA,"Ponar",2017,8,NA,NA,NA,NA,NA,"Macro","Other",NA,0
"USGSbenthic RYR12 2017-08-15",-122.028392,38.076139,NA,"Grizzly Bay","Outside","USGSbenthic",2017-08-15,"RYR12",NA,NA,NA,NA,NA,NA,"Ponar",2017,8,NA,NA,NA,NA,NA,"Macro","Potamocorbula",NA,660
"USGSbenthic RYR12 2017-10-15",-122.028392,38.076139,NA,"Grizzly Bay","Outside","USGSbenthic",2017-10-15,"RYR12",NA,NA,NA,NA,NA,NA,"Ponar",2017,10,NA,NA,NA,NA,NA,"Macro","Corbicula",NA,0
"USGSbenthic RYR12 2017-10-15",-122.028392,38.076139,NA,"Grizzly Bay","Outside","USGSbenthic",2017-10-15,"RYR12",NA,NA,NA,NA,NA,NA,"Ponar",2017,10,NA,NA,NA,NA,NA,"Macro","Other",NA,0
"USGSbenthic RYR12 2017-10-15",-122.028392,38.076139,NA,"Grizzly Bay","Outside","USGSbenthic",2017-10-15,"RYR12",NA,NA,NA,NA,NA,NA,"Ponar",2017,10,NA,NA,NA,NA,NA,"Macro","Potamocorbula",NA,400
"USGSbenthic RYR12 2018-05-15",-122.028392,38.076139,NA,"Grizzly Bay","Outside","USGSbenthic",2018-05-15,"RYR12",NA,NA,NA,NA,NA,NA,"Ponar",2018,5,NA,NA,NA,NA,NA,"Macro","Corbicula",NA,0
"USGSbenthic RYR12 2018-05-15",-122.028392,38.076139,NA,"Grizzly Bay","Outside","USGSbenthic",2018-05-15,"RYR12",NA,NA,NA,NA,NA,NA,"Ponar",2018,5,NA,NA,NA,NA,NA,"Macro","Other",NA,0
"USGSbenthic RYR12 2018-05-15",-122.028392,38.076139,NA,"Grizzly Bay","Outside","USGSbenthic",2018-05-15,"RYR12",NA,NA,NA,NA,NA,NA,"Ponar",2018,5,NA,NA,NA,NA,NA,"Macro","Potamocorbula",NA,260
"USGSbenthic RYR12 2018-08-15",-122.028392,38.076139,NA,"Grizzly Bay","Outside","USGSbenthic",2018-08-15,"RYR12",NA,NA,NA,NA,NA,NA,"Ponar",2018,8,NA,NA,NA,NA,NA,"Macro","Corbicula",NA,0
"USGSbenthic RYR12 2018-08-15",-122.028392,38.076139,NA,"Grizzly Bay","Outside","USGSbenthic",2018-08-15,"RYR12",NA,NA,NA,NA,NA,NA,"Ponar",2018,8,NA,NA,NA,NA,NA,"Macro","Other",NA,0
"USGSbenthic RYR12 2018-08-15",-122.028392,38.076139,NA,"Grizzly Bay","Outside","USGSbenthic",2018-08-15,"RYR12",NA,NA,NA,NA,NA,NA,"Ponar",2018,8,NA,NA,NA,NA,NA,"Macro","Potamocorbula",NA,200
"USGSbenthic RYR12 2018-10-15",-122.028392,38.076139,NA,"Grizzly Bay","Outside","USGSbenthic",2018-10-15,"RYR12",NA,NA,NA,NA,NA,NA,"Ponar",2018,10,NA,NA,NA,NA,NA,"Macro","Corbicula",NA,0
"USGSbenthic RYR12 2018-10-15",-122.028392,38.076139,NA,"Grizzly Bay","Outside","USGSbenthic",2018-10-15,"RYR12",NA,NA,NA,NA,NA,NA,"Ponar",2018,10,NA,NA,NA,NA,NA,"Macro","Other",NA,0
"USGSbenthic RYR12 2018-10-15",-122.028392,38.076139,NA,"Grizzly Bay","Outside","USGSbenthic",2018-10-15,"RYR12",NA,NA,NA,NA,NA,NA,"Ponar",2018,10,NA,NA,NA,NA,NA,"Macro","Potamocorbula",NA,340
"USGSbenthic RYR13 2017-03-15",-122.01755,38.0711,NA,"Grizzly Bay","Outside","USGSbenthic",2017-03-15,"RYR13",NA,NA,NA,NA,NA,NA,"Ponar",2017,3,NA,NA,NA,NA,NA,"Macro","Corbicula",NA,0
"USGSbenthic RYR13 2017-03-15",-122.01755,38.0711,NA,"Grizzly Bay","Outside","USGSbenthic",2017-03-15,"RYR13",NA,NA,NA,NA,NA,NA,"Ponar",2017,3,NA,NA,NA,NA,NA,"Macro","Other",NA,0
"USGSbenthic RYR13 2017-03-15",-122.01755,38.0711,NA,"Grizzly Bay","Outside","USGSbenthic",2017-03-15,"RYR13",NA,NA,NA,NA,NA,NA,"Ponar",2017,3,NA,NA,NA,NA,NA,"Macro","Potamocorbula",NA,120
"USGSbenthic RYR13 2017-06-15",-122.01755,38.0711,NA,"Grizzly Bay","Outside","USGSbenthic",2017-06-15,"RYR13",NA,NA,NA,NA,NA,NA,"Ponar",2017,6,NA,NA,NA,NA,NA,"Macro","Corbicula",NA,220
"USGSbenthic RYR13 2017-06-15",-122.01755,38.0711,NA,"Grizzly Bay","Outside","USGSbenthic",2017-06-15,"RYR13",NA,NA,NA,NA,NA,NA,"Ponar",2017,6,NA,NA,NA,NA,NA,"Macro","Other",NA,0
"USGSbenthic RYR13 2017-06-15",-122.01755,38.0711,NA,"Grizzly Bay","Outside","USGSbenthic",2017-06-15,"RYR13",NA,NA,NA,NA,NA,NA,"Ponar",2017,6,NA,NA,NA,NA,NA,"Macro","Potamocorbula",NA,60
"USGSbenthic RYR13 2017-07-15",-122.01755,38.0711,NA,"Grizzly Bay","Outside","USGSbenthic",2017-07-15,"RYR13",NA,NA,NA,NA,NA,NA,"Ponar",2017,7,NA,NA,NA,NA,NA,"Macro","Corbicula",NA,40
"USGSbenthic RYR13 2017-07-15",-122.01755,38.0711,NA,"Grizzly Bay","Outside","USGSbenthic",2017-07-15,"RYR13",NA,NA,NA,NA,NA,NA,"Ponar",2017,7,NA,NA,NA,NA,NA,"Macro","Other",NA,0
"USGSbenthic RYR13 2017-07-15",-122.01755,38.0711,NA,"Grizzly Bay","Outside","USGSbenthic",2017-07-15,"RYR13",NA,NA,NA,NA,NA,NA,"Ponar",2017,7,NA,NA,NA,NA,NA,"Macro","Potamocorbula",NA,200
"USGSbenthic RYR13 2017-08-15",-122.01755,38.0711,NA,"Grizzly Bay","Outside","USGSbenthic",2017-08-15,"RYR13",NA,NA,NA,NA,NA,NA,"Ponar",2017,8,NA,NA,NA,NA,NA,"Macro","Corbicula",NA,180
"USGSbenthic RYR13 2017-08-15",-122.01755,38.0711,NA,"Grizzly Bay","Outside","USGSbenthic",2017-08-15,"RYR13",NA,NA,NA,NA,NA,NA,"Ponar",2017,8,NA,NA,NA,NA,NA,"Macro","Other",NA,0
"USGSbenthic RYR13 2017-08-15",-122.01755,38.0711,NA,"Grizzly Bay","Outside","USGSbenthic",2017-08-15,"RYR13",NA,NA,NA,NA,NA,NA,"Ponar",2017,8,NA,NA,NA,NA,NA,"Macro","Potamocorbula",NA,9420
"USGSbenthic RYR13 2017-10-15",-122.01755,38.0711,NA,"Grizzly Bay","Outside","USGSbenthic",2017-10-15,"RYR13",NA,NA,NA,NA,NA,NA,"Ponar",2017,10,NA,NA,NA,NA,NA,"Macro","Corbicula",NA,320
"USGSbenthic RYR13 2017-10-15",-122.01755,38.0711,NA,"Grizzly Bay","Outside","USGSbenthic",2017-10-15,"RYR13",NA,NA,NA,NA,NA,NA,"Ponar",2017,10,NA,NA,NA,NA,NA,"Macro","Other",NA,0
"USGSbenthic RYR13 2017-10-15",-122.01755,38.0711,NA,"Grizzly Bay","Outside","USGSbenthic",2017-10-15,"RYR13",NA,NA,NA,NA,NA,NA,"Ponar",2017,10,NA,NA,NA,NA,NA,"Macro","Potamocorbula",NA,24960
"USGSbenthic RYR13 2018-05-15",-122.01755,38.0711,NA,"Grizzly Bay","Outside","USGSbenthic",2018-05-15,"RYR13",NA,NA,NA,NA,NA,NA,"Ponar",2018,5,NA,NA,NA,NA,NA,"Macro","Corbicula",NA,0
"USGSbenthic RYR13 2018-05-15",-122.01755,38.0711,NA,"Grizzly Bay","Outside","USGSbenthic",2018-05-15,"RYR13",NA,NA,NA,NA,NA,NA,"Ponar",2018,5,NA,NA,NA,NA,NA,"Macro","Other",NA,0
"USGSbenthic RYR13 2018-05-15",-122.01755,38.0711,NA,"Grizzly Bay","Outside","USGSbenthic",2018-05-15,"RYR13",NA,NA,NA,NA,NA,NA,"Ponar",2018,5,NA,NA,NA,NA,NA,"Macro","Potamocorbula",NA,4580
"USGSbenthic RYR13 2018-08-15",-122.01755,38.0711,NA,"Grizzly Bay","Outside","USGSbenthic",2018-08-15,"RYR13",NA,NA,NA,NA,NA,NA,"Ponar",2018,8,NA,NA,NA,NA,NA,"Macro","Corbicula",NA,40
"USGSbenthic RYR13 2018-08-15",-122.01755,38.0711,NA,"Grizzly Bay","Outside","USGSbenthic",2018-08-15,"RYR13",NA,NA,NA,NA,NA,NA,"Ponar",2018,8,NA,NA,NA,NA,NA,"Macro","Other",NA,0
"USGSbenthic RYR13 2018-08-15",-122.01755,38.0711,NA,"Grizzly Bay","Outside","USGSbenthic",2018-08-15,"RYR13",NA,NA,NA,NA,NA,NA,"Ponar",2018,8,NA,NA,NA,NA,NA,"Macro","Potamocorbula",NA,6760
"USGSbenthic RYR13 2018-10-15",-122.01755,38.0711,NA,"Grizzly Bay","Outside","USGSbenthic",2018-10-15,"RYR13",NA,NA,NA,NA,NA,NA,"Ponar",2018,10,NA,NA,NA,NA,NA,"Macro","Corbicula",NA,40
"USGSbenthic RYR13 2018-10-15",-122.01755,38.0711,NA,"Grizzly Bay","Outside","USGSbenthic",2018-10-15,"RYR13",NA,NA,NA,NA,NA,NA,"Ponar",2018,10,NA,NA,NA,NA,NA,"Macro","Other",NA,0
"USGSbenthic RYR13 2018-10-15",-122.01755,38.0711,NA,"Grizzly Bay","Outside","USGSbenthic",2018-10-15,"RYR13",NA,NA,NA,NA,NA,NA,"Ponar",2018,10,NA,NA,NA,NA,NA,"Macro","Potamocorbula",NA,2940
"USGSbenthic SHG1 2017-08-15",-121.6755,38.332667,NA,"Cache Slough","Outside","USGSbenthic",2017-08-15,"SHG1",NA,NA,NA,NA,NA,NA,"Ponar",2017,8,NA,NA,NA,NA,NA,"Macro","Corbicula",NA,160
"USGSbenthic SHG1 2017-08-15",-121.6755,38.332667,NA,"Cache Slough","Outside","USGSbenthic",2017-08-15,"SHG1",NA,NA,NA,NA,NA,NA,"Ponar",2017,8,NA,NA,NA,NA,NA,"Macro","Other",NA,0
"USGSbenthic SHG1 2017-08-15",-121.6755,38.332667,NA,"Cache Slough","Outside","USGSbenthic",2017-08-15,"SHG1",NA,NA,NA,NA,NA,NA,"Ponar",2017,8,NA,NA,NA,NA,NA,"Macro","Potamocorbula",NA,0
"USGSbenthic SHG1 2017-10-15",-121.6755,38.332667,NA,"Cache Slough","Outside","USGSbenthic",2017-10-15,"SHG1",NA,NA,NA,NA,NA,NA,"Ponar",2017,10,NA,NA,NA,NA,NA,"Macro","Corbicula",NA,40
"USGSbenthic SHG1 2017-10-15",-121.6755,38.332667,NA,"Cache Slough","Outside","USGSbenthic",2017-10-15,"SHG1",NA,NA,NA,NA,NA,NA,"Ponar",2017,10,NA,NA,NA,NA,NA,"Macro","Other",NA,0
"USGSbenthic SHG1 2017-10-15",-121.6755,38.332667,NA,"Cache Slough","Outside","USGSbenthic",2017-10-15,"SHG1",NA,NA,NA,NA,NA,NA,"Ponar",2017,10,NA,NA,NA,NA,NA,"Macro","Potamocorbula",NA,0
"USGSbenthic SHG1 2018-05-15",-121.6755,38.332667,NA,"Cache Slough","Outside","USGSbenthic",2018-05-15,"SHG1",NA,NA,NA,NA,NA,NA,"Ponar",2018,5,NA,NA,NA,NA,NA,"Macro","Corbicula",NA,660
"USGSbenthic SHG1 2018-05-15",-121.6755,38.332667,NA,"Cache Slough","Outside","USGSbenthic",2018-05-15,"SHG1",NA,NA,NA,NA,NA,NA,"Ponar",2018,5,NA,NA,NA,NA,NA,"Macro","Other",NA,120
"USGSbenthic SHG1 2018-05-15",-121.6755,38.332667,NA,"Cache Slough","Outside","USGSbenthic",2018-05-15,"SHG1",NA,NA,NA,NA,NA,NA,"Ponar",2018,5,NA,NA,NA,NA,NA,"Macro","Potamocorbula",NA,0
"USGSbenthic SHG1 2018-06-15",-121.6755,38.332667,NA,"Cache Slough","Outside","USGSbenthic",2018-06-15,"SHG1",NA,NA,NA,NA,NA,NA,"Ponar",2018,6,NA,NA,NA,NA,NA,"Macro","Corbicula",NA,760
"USGSbenthic SHG1 2018-06-15",-121.6755,38.332667,NA,"Cache Slough","Outside","USGSbenthic",2018-06-15,"SHG1",NA,NA,NA,NA,NA,NA,"Ponar",2018,6,NA,NA,NA,NA,NA,"Macro","Other",NA,180
"USGSbenthic SHG1 2018-06-15",-121.6755,38.332667,NA,"Cache Slough","Outside","USGSbenthic",2018-06-15,"SHG1",NA,NA,NA,NA,NA,NA,"Ponar",2018,6,NA,NA,NA,NA,NA,"Macro","Potamocorbula",NA,0
"USGSbenthic SHG1 2018-08-15",-121.6755,38.332667,NA,"Cache Slough","Outside","USGSbenthic",2018-08-15,"SHG1",NA,NA,NA,NA,NA,NA,"Ponar",2018,8,NA,NA,NA,NA,NA,"Macro","Corbicula",NA,40
"USGSbenthic SHG1 2018-08-15",-121.6755,38.332667,NA,"Cache Slough","Outside","USGSbenthic",2018-08-15,"SHG1",NA,NA,NA,NA,NA,NA,"Ponar",2018,8,NA,NA,NA,NA,NA,"Macro","Other",NA,0
"USGSbenthic SHG1 2018-08-15",-121.6755,38.332667,NA,"Cache Slough","Outside","USGSbenthic",2018-08-15,"SHG1",NA,NA,NA,NA,NA,NA,"Ponar",2018,8,NA,NA,NA,NA,NA,"Macro","Potamocorbula",NA,0
"USGSbenthic SHG1 2018-10-15",-121.6755,38.332667,NA,"Cache Slough","Outside","USGSbenthic",2018-10-15,"SHG1",NA,NA,NA,NA,NA,NA,"Ponar",2018,10,NA,NA,NA,NA,NA,"Macro","Corbicula",NA,480
"USGSbenthic SHG1 2018-10-15",-121.6755,38.332667,NA,"Cache Slough","Outside","USGSbenthic",2018-10-15,"SHG1",NA,NA,NA,NA,NA,NA,"Ponar",2018,10,NA,NA,NA,NA,NA,"Macro","Other",NA,80
"USGSbenthic SHG1 2018-10-15",-121.6755,38.332667,NA,"Cache Slough","Outside","USGSbenthic",2018-10-15,"SHG1",NA,NA,NA,NA,NA,NA,"Ponar",2018,10,NA,NA,NA,NA,NA,"Macro","Potamocorbula",NA,0
"USGSbenthic SHG10 2018-08-15",-121.693419,38.269037,NA,"Cache Slough","Outside","USGSbenthic",2018-08-15,"SHG10",NA,NA,NA,NA,NA,NA,"Ponar",2018,8,NA,NA,NA,NA,NA,"Macro","Corbicula",NA,800
"USGSbenthic SHG10 2018-08-15",-121.693419,38.269037,NA,"Cache Slough","Outside","USGSbenthic",2018-08-15,"SHG10",NA,NA,NA,NA,NA,NA,"Ponar",2018,8,NA,NA,NA,NA,NA,"Macro","Other",NA,160
"USGSbenthic SHG10 2018-08-15",-121.693419,38.269037,NA,"Cache Slough","Outside","USGSbenthic",2018-08-15,"SHG10",NA,NA,NA,NA,NA,NA,"Ponar",2018,8,NA,NA,NA,NA,NA,"Macro","Potamocorbula",NA,0
"USGSbenthic SHG10 2018-10-15",-121.693419,38.269037,NA,"Cache Slough","Outside","USGSbenthic",2018-10-15,"SHG10",NA,NA,NA,NA,NA,NA,"Ponar",2018,10,NA,NA,NA,NA,NA,"Macro","Corbicula",NA,400
"USGSbenthic SHG10 2018-10-15",-121.693419,38.269037,NA,"Cache Slough","Outside","USGSbenthic",2018-10-15,"SHG10",NA,NA,NA,NA,NA,NA,"Ponar",2018,10,NA,NA,NA,NA,NA,"Macro","Other",NA,160
"USGSbenthic SHG10 2018-10-15",-121.693419,38.269037,NA,"Cache Slough","Outside","USGSbenthic",2018-10-15,"SHG10",NA,NA,NA,NA,NA,NA,"Ponar",2018,10,NA,NA,NA,NA,NA,"Macro","Potamocorbula",NA,0
"USGSbenthic SHG2 2017-08-15",-121.679972,38.328797,NA,"Cache Slough","Outside","USGSbenthic",2017-08-15,"SHG2",NA,NA,NA,NA,NA,NA,"Ponar",2017,8,NA,NA,NA,NA,NA,"Macro","Corbicula",NA,140
"USGSbenthic SHG2 2017-08-15",-121.679972,38.328797,NA,"Cache Slough","Outside","USGSbenthic",2017-08-15,"SHG2",NA,NA,NA,NA,NA,NA,"Ponar",2017,8,NA,NA,NA,NA,NA,"Macro","Other",NA,80
"USGSbenthic SHG2 2017-08-15",-121.679972,38.328797,NA,"Cache Slough","Outside","USGSbenthic",2017-08-15,"SHG2",NA,NA,NA,NA,NA,NA,"Ponar",2017,8,NA,NA,NA,NA,NA,"Macro","Potamocorbula",NA,0
"USGSbenthic SHG2 2018-05-15",-121.679972,38.328797,NA,"Cache Slough","Outside","USGSbenthic",2018-05-15,"SHG2",NA,NA,NA,NA,NA,NA,"Ponar",2018,5,NA,NA,NA,NA,NA,"Macro","Corbicula",NA,600
"USGSbenthic SHG2 2018-05-15",-121.679972,38.328797,NA,"Cache Slough","Outside","USGSbenthic",2018-05-15,"SHG2",NA,NA,NA,NA,NA,NA,"Ponar",2018,5,NA,NA,NA,NA,NA,"Macro","Other",NA,0
"USGSbenthic SHG2 2018-05-15",-121.679972,38.328797,NA,"Cache Slough","Outside","USGSbenthic",2018-05-15,"SHG2",NA,NA,NA,NA,NA,NA,"Ponar",2018,5,NA,NA,NA,NA,NA,"Macro","Potamocorbula",NA,0
"USGSbenthic SHG2 2018-06-15",-121.679972,38.328797,NA,"Cache Slough","Outside","USGSbenthic",2018-06-15,"SHG2",NA,NA,NA,NA,NA,NA,"Ponar",2018,6,NA,NA,NA,NA,NA,"Macro","Corbicula",NA,700
"USGSbenthic SHG2 2018-06-15",-121.679972,38.328797,NA,"Cache Slough","Outside","USGSbenthic",2018-06-15,"SHG2",NA,NA,NA,NA,NA,NA,"Ponar",2018,6,NA,NA,NA,NA,NA,"Macro","Other",NA,20
"USGSbenthic SHG2 2018-06-15",-121.679972,38.328797,NA,"Cache Slough","Outside","USGSbenthic",2018-06-15,"SHG2",NA,NA,NA,NA,NA,NA,"Ponar",2018,6,NA,NA,NA,NA,NA,"Macro","Potamocorbula",NA,0
"USGSbenthic SHG2 2018-08-15",-121.679972,38.328797,NA,"Cache Slough","Outside","USGSbenthic",2018-08-15,"SHG2",NA,NA,NA,NA,NA,NA,"Ponar",2018,8,NA,NA,NA,NA,NA,"Macro","Corbicula",NA,140
"USGSbenthic SHG2 2018-08-15",-121.679972,38.328797,NA,"Cache Slough","Outside","USGSbenthic",2018-08-15,"SHG2",NA,NA,NA,NA,NA,NA,"Ponar",2018,8,NA,NA,NA,NA,NA,"Macro","Other",NA,60
"USGSbenthic SHG2 2018-08-15",-121.679972,38.328797,NA,"Cache Slough","Outside","USGSbenthic",2018-08-15,"SHG2",NA,NA,NA,NA,NA,NA,"Ponar",2018,8,NA,NA,NA,NA,NA,"Macro","Potamocorbula",NA,0
"USGSbenthic SHG2 2018-10-15",-121.679972,38.328797,NA,"Cache Slough","Outside","USGSbenthic",2018-10-15,"SHG2",NA,NA,NA,NA,NA,NA,"Ponar",2018,10,NA,NA,NA,NA,NA,"Macro","Corbicula",NA,140
"USGSbenthic SHG2 2018-10-15",-121.679972,38.328797,NA,"Cache Slough","Outside","USGSbenthic",2018-10-15,"SHG2",NA,NA,NA,NA,NA,NA,"Ponar",2018,10,NA,NA,NA,NA,NA,"Macro","Other",NA,200
"USGSbenthic SHG2 2018-10-15",-121.679972,38.328797,NA,"Cache Slough","Outside","USGSbenthic",2018-10-15,"SHG2",NA,NA,NA,NA,NA,NA,"Ponar",2018,10,NA,NA,NA,NA,NA,"Macro","Potamocorbula",NA,0
"USGSbenthic SHG3 2017-08-15",-121.684722,38.325178,NA,"Cache Slough","Outside","USGSbenthic",2017-08-15,"SHG3",NA,NA,NA,NA,NA,NA,"Ponar",2017,8,NA,NA,NA,NA,NA,"Macro","Corbicula",NA,160
"USGSbenthic SHG3 2017-08-15",-121.684722,38.325178,NA,"Cache Slough","Outside","USGSbenthic",2017-08-15,"SHG3",NA,NA,NA,NA,NA,NA,"Ponar",2017,8,NA,NA,NA,NA,NA,"Macro","Other",NA,0
"USGSbenthic SHG3 2017-08-15",-121.684722,38.325178,NA,"Cache Slough","Outside","USGSbenthic",2017-08-15,"SHG3",NA,NA,NA,NA,NA,NA,"Ponar",2017,8,NA,NA,NA,NA,NA,"Macro","Potamocorbula",NA,0
"USGSbenthic SHG3 2017-10-15",-121.684722,38.325178,NA,"Cache Slough","Outside","USGSbenthic",2017-10-15,"SHG3",NA,NA,NA,NA,NA,NA,"Ponar",2017,10,NA,NA,NA,NA,NA,"Macro","Corbicula",NA,940
"USGSbenthic SHG3 2017-10-15",-121.684722,38.325178,NA,"Cache Slough","Outside","USGSbenthic",2017-10-15,"SHG3",NA,NA,NA,NA,NA,NA,"Ponar",2017,10,NA,NA,NA,NA,NA,"Macro","Other",NA,40
"USGSbenthic SHG3 2017-10-15",-121.684722,38.325178,NA,"Cache Slough","Outside","USGSbenthic",2017-10-15,"SHG3",NA,NA,NA,NA,NA,NA,"Ponar",2017,10,NA,NA,NA,NA,NA,"Macro","Potamocorbula",NA,0
"USGSbenthic SHG3 2018-05-15",-121.684722,38.325178,NA,"Cache Slough","Outside","USGSbenthic",2018-05-15,"SHG3",NA,NA,NA,NA,NA,NA,"Ponar",2018,5,NA,NA,NA,NA,NA,"Macro","Corbicula",NA,2020
"USGSbenthic SHG3 2018-05-15",-121.684722,38.325178,NA,"Cache Slough","Outside","USGSbenthic",2018-05-15,"SHG3",NA,NA,NA,NA,NA,NA,"Ponar",2018,5,NA,NA,NA,NA,NA,"Macro","Other",NA,280
"USGSbenthic SHG3 2018-05-15",-121.684722,38.325178,NA,"Cache Slough","Outside","USGSbenthic",2018-05-15,"SHG3",NA,NA,NA,NA,NA,NA,"Ponar",2018,5,NA,NA,NA,NA,NA,"Macro","Potamocorbula",NA,0
"USGSbenthic SHG3 2018-06-15",-121.684722,38.325178,NA,"Cache Slough","Outside","USGSbenthic",2018-06-15,"SHG3",NA,NA,NA,NA,NA,NA,"Ponar",2018,6,NA,NA,NA,NA,NA,"Macro","Corbicula",NA,920
"USGSbenthic SHG3 2018-06-15",-121.684722,38.325178,NA,"Cache Slough","Outside","USGSbenthic",2018-06-15,"SHG3",NA,NA,NA,NA,NA,NA,"Ponar",2018,6,NA,NA,NA,NA,NA,"Macro","Other",NA,0
"USGSbenthic SHG3 2018-06-15",-121.684722,38.325178,NA,"Cache Slough","Outside","USGSbenthic",2018-06-15,"SHG3",NA,NA,NA,NA,NA,NA,"Ponar",2018,6,NA,NA,NA,NA,NA,"Macro","Potamocorbula",NA,0
"USGSbenthic SHG3 2018-08-15",-121.684722,38.325178,NA,"Cache Slough","Outside","USGSbenthic",2018-08-15,"SHG3",NA,NA,NA,NA,NA,NA,"Ponar",2018,8,NA,NA,NA,NA,NA,"Macro","Corbicula",NA,760
"USGSbenthic SHG3 2018-08-15",-121.684722,38.325178,NA,"Cache Slough","Outside","USGSbenthic",2018-08-15,"SHG3",NA,NA,NA,NA,NA,NA,"Ponar",2018,8,NA,NA,NA,NA,NA,"Macro","Other",NA,100
"USGSbenthic SHG3 2018-08-15",-121.684722,38.325178,NA,"Cache Slough","Outside","USGSbenthic",2018-08-15,"SHG3",NA,NA,NA,NA,NA,NA,"Ponar",2018,8,NA,NA,NA,NA,NA,"Macro","Potamocorbula",NA,0
"USGSbenthic SHG3 2018-10-15",-121.684722,38.325178,NA,"Cache Slough","Outside","USGSbenthic",2018-10-15,"SHG3",NA,NA,NA,NA,NA,NA,"Ponar",2018,10,NA,NA,NA,NA,NA,"Macro","Corbicula",NA,0
"USGSbenthic SHG3 2018-10-15",-121.684722,38.325178,NA,"Cache Slough","Outside","USGSbenthic",2018-10-15,"SHG3",NA,NA,NA,NA,NA,NA,"Ponar",2018,10,NA,NA,NA,NA,NA,"Macro","Other",NA,40
"USGSbenthic SHG3 2018-10-15",-121.684722,38.325178,NA,"Cache Slough","Outside","USGSbenthic",2018-10-15,"SHG3",NA,NA,NA,NA,NA,NA,"Ponar",2018,10,NA,NA,NA,NA,NA,"Macro","Potamocorbula",NA,0
"USGSbenthic SHG4 2017-08-15",-121.693117,38.321572,NA,"Cache Slough","Outside","USGSbenthic",2017-08-15,"SHG4",NA,NA,NA,NA,NA,NA,"Ponar",2017,8,NA,NA,NA,NA,NA,"Macro","Corbicula",NA,60
"USGSbenthic SHG4 2017-08-15",-121.693117,38.321572,NA,"Cache Slough","Outside","USGSbenthic",2017-08-15,"SHG4",NA,NA,NA,NA,NA,NA,"Ponar",2017,8,NA,NA,NA,NA,NA,"Macro","Other",NA,0
"USGSbenthic SHG4 2017-08-15",-121.693117,38.321572,NA,"Cache Slough","Outside","USGSbenthic",2017-08-15,"SHG4",NA,NA,NA,NA,NA,NA,"Ponar",2017,8,NA,NA,NA,NA,NA,"Macro","Potamocorbula",NA,0
"USGSbenthic SHG4 2017-10-15",-121.693117,38.321572,NA,"Cache Slough","Outside","USGSbenthic",2017-10-15,"SHG4",NA,NA,NA,NA,NA,NA,"Ponar",2017,10,NA,NA,NA,NA,NA,"Macro","Corbicula",NA,80
"USGSbenthic SHG4 2017-10-15",-121.693117,38.321572,NA,"Cache Slough","Outside","USGSbenthic",2017-10-15,"SHG4",NA,NA,NA,NA,NA,NA,"Ponar",2017,10,NA,NA,NA,NA,NA,"Macro","Other",NA,80
"USGSbenthic SHG4 2017-10-15",-121.693117,38.321572,NA,"Cache Slough","Outside","USGSbenthic",2017-10-15,"SHG4",NA,NA,NA,NA,NA,NA,"Ponar",2017,10,NA,NA,NA,NA,NA,"Macro","Potamocorbula",NA,0
"USGSbenthic SHG4 2018-05-15",-121.693117,38.321572,NA,"Cache Slough","Outside","USGSbenthic",2018-05-15,"SHG4",NA,NA,NA,NA,NA,NA,"Ponar",2018,5,NA,NA,NA,NA,NA,"Macro","Corbicula",NA,340
"USGSbenthic SHG4 2018-05-15",-121.693117,38.321572,NA,"Cache Slough","Outside","USGSbenthic",2018-05-15,"SHG4",NA,NA,NA,NA,NA,NA,"Ponar",2018,5,NA,NA,NA,NA,NA,"Macro","Other",NA,60
"USGSbenthic SHG4 2018-05-15",-121.693117,38.321572,NA,"Cache Slough","Outside","USGSbenthic",2018-05-15,"SHG4",NA,NA,NA,NA,NA,NA,"Ponar",2018,5,NA,NA,NA,NA,NA,"Macro","Potamocorbula",NA,0
"USGSbenthic SHG4 2018-06-15",-121.693117,38.321572,NA,"Cache Slough","Outside","USGSbenthic",2018-06-15,"SHG4",NA,NA,NA,NA,NA,NA,"Ponar",2018,6,NA,NA,NA,NA,NA,"Macro","Corbicula",NA,200
"USGSbenthic SHG4 2018-06-15",-121.693117,38.321572,NA,"Cache Slough","Outside","USGSbenthic",2018-06-15,"SHG4",NA,NA,NA,NA,NA,NA,"Ponar",2018,6,NA,NA,NA,NA,NA,"Macro","Other",NA,0
"USGSbenthic SHG4 2018-06-15",-121.693117,38.321572,NA,"Cache Slough","Outside","USGSbenthic",2018-06-15,"SHG4",NA,NA,NA,NA,NA,NA,"Ponar",2018,6,NA,NA,NA,NA,NA,"Macro","Potamocorbula",NA,0
"USGSbenthic SHG4 2018-08-15",-121.693117,38.321572,NA,"Cache Slough","Outside","USGSbenthic",2018-08-15,"SHG4",NA,NA,NA,NA,NA,NA,"Ponar",2018,8,NA,NA,NA,NA,NA,"Macro","Corbicula",NA,40
"USGSbenthic SHG4 2018-08-15",-121.693117,38.321572,NA,"Cache Slough","Outside","USGSbenthic",2018-08-15,"SHG4",NA,NA,NA,NA,NA,NA,"Ponar",2018,8,NA,NA,NA,NA,NA,"Macro","Other",NA,0
"USGSbenthic SHG4 2018-08-15",-121.693117,38.321572,NA,"Cache Slough","Outside","USGSbenthic",2018-08-15,"SHG4",NA,NA,NA,NA,NA,NA,"Ponar",2018,8,NA,NA,NA,NA,NA,"Macro","Potamocorbula",NA,0
"USGSbenthic SHG4 2018-10-15",-121.693117,38.321572,NA,"Cache Slough","Outside","USGSbenthic",2018-10-15,"SHG4",NA,NA,NA,NA,NA,NA,"Ponar",2018,10,NA,NA,NA,NA,NA,"Macro","Corbicula",NA,0
"USGSbenthic SHG4 2018-10-15",-121.693117,38.321572,NA,"Cache Slough","Outside","USGSbenthic",2018-10-15,"SHG4",NA,NA,NA,NA,NA,NA,"Ponar",2018,10,NA,NA,NA,NA,NA,"Macro","Other",NA,180
"USGSbenthic SHG4 2018-10-15",-121.693117,38.321572,NA,"Cache Slough","Outside","USGSbenthic",2018-10-15,"SHG4",NA,NA,NA,NA,NA,NA,"Ponar",2018,10,NA,NA,NA,NA,NA,"Macro","Potamocorbula",NA,0
"USGSbenthic SHG5 2017-08-15",-121.692967,38.313839,NA,"Cache Slough","Outside","USGSbenthic",2017-08-15,"SHG5",NA,NA,NA,NA,NA,NA,"Ponar",2017,8,NA,NA,NA,NA,NA,"Macro","Corbicula",NA,540
"USGSbenthic SHG5 2017-08-15",-121.692967,38.313839,NA,"Cache Slough","Outside","USGSbenthic",2017-08-15,"SHG5",NA,NA,NA,NA,NA,NA,"Ponar",2017,8,NA,NA,NA,NA,NA,"Macro","Other",NA,0
"USGSbenthic SHG5 2017-08-15",-121.692967,38.313839,NA,"Cache Slough","Outside","USGSbenthic",2017-08-15,"SHG5",NA,NA,NA,NA,NA,NA,"Ponar",2017,8,NA,NA,NA,NA,NA,"Macro","Potamocorbula",NA,0
"USGSbenthic SHG5 2017-10-15",-121.692967,38.313839,NA,"Cache Slough","Outside","USGSbenthic",2017-10-15,"SHG5",NA,NA,NA,NA,NA,NA,"Ponar",2017,10,NA,NA,NA,NA,NA,"Macro","Corbicula",NA,40
"USGSbenthic SHG5 2017-10-15",-121.692967,38.313839,NA,"Cache Slough","Outside","USGSbenthic",2017-10-15,"SHG5",NA,NA,NA,NA,NA,NA,"Ponar",2017,10,NA,NA,NA,NA,NA,"Macro","Other",NA,40
"USGSbenthic SHG5 2017-10-15",-121.692967,38.313839,NA,"Cache Slough","Outside","USGSbenthic",2017-10-15,"SHG5",NA,NA,NA,NA,NA,NA,"Ponar",2017,10,NA,NA,NA,NA,NA,"Macro","Potamocorbula",NA,0
"USGSbenthic SHG5 2018-05-15",-121.692967,38.313839,NA,"Cache Slough","Outside","USGSbenthic",2018-05-15,"SHG5",NA,NA,NA,NA,NA,NA,"Ponar",2018,5,NA,NA,NA,NA,NA,"Macro","Corbicula",NA,840
"USGSbenthic SHG5 2018-05-15",-121.692967,38.313839,NA,"Cache Slough","Outside","USGSbenthic",2018-05-15,"SHG5",NA,NA,NA,NA,NA,NA,"Ponar",2018,5,NA,NA,NA,NA,NA,"Macro","Other",NA,20
"USGSbenthic SHG5 2018-05-15",-121.692967,38.313839,NA,"Cache Slough","Outside","USGSbenthic",2018-05-15,"SHG5",NA,NA,NA,NA,NA,NA,"Ponar",2018,5,NA,NA,NA,NA,NA,"Macro","Potamocorbula",NA,0
"USGSbenthic SHG5 2018-06-15",-121.692967,38.313839,NA,"Cache Slough","Outside","USGSbenthic",2018-06-15,"SHG5",NA,NA,NA,NA,NA,NA,"Ponar",2018,6,NA,NA,NA,NA,NA,"Macro","Corbicula",NA,380
"USGSbenthic SHG5 2018-06-15",-121.692967,38.313839,NA,"Cache Slough","Outside","USGSbenthic",2018-06-15,"SHG5",NA,NA,NA,NA,NA,NA,"Ponar",2018,6,NA,NA,NA,NA,NA,"Macro","Other",NA,60
"USGSbenthic SHG5 2018-06-15",-121.692967,38.313839,NA,"Cache Slough","Outside","USGSbenthic",2018-06-15,"SHG5",NA,NA,NA,NA,NA,NA,"Ponar",2018,6,NA,NA,NA,NA,NA,"Macro","Potamocorbula",NA,0
"USGSbenthic SHG5 2018-08-15",-121.692967,38.313839,NA,"Cache Slough","Outside","USGSbenthic",2018-08-15,"SHG5",NA,NA,NA,NA,NA,NA,"Ponar",2018,8,NA,NA,NA,NA,NA,"Macro","Corbicula",NA,300
"USGSbenthic SHG5 2018-08-15",-121.692967,38.313839,NA,"Cache Slough","Outside","USGSbenthic",2018-08-15,"SHG5",NA,NA,NA,NA,NA,NA,"Ponar",2018,8,NA,NA,NA,NA,NA,"Macro","Other",NA,0
"USGSbenthic SHG5 2018-08-15",-121.692967,38.313839,NA,"Cache Slough","Outside","USGSbenthic",2018-08-15,"SHG5",NA,NA,NA,NA,NA,NA,"Ponar",2018,8,NA,NA,NA,NA,NA,"Macro","Potamocorbula",NA,0
"USGSbenthic SHG5 2018-10-15",-121.692967,38.313839,NA,"Cache Slough","Outside","USGSbenthic",2018-10-15,"SHG5",NA,NA,NA,NA,NA,NA,"Ponar",2018,10,NA,NA,NA,NA,NA,"Macro","Corbicula",NA,580
"USGSbenthic SHG5 2018-10-15",-121.692967,38.313839,NA,"Cache Slough","Outside","USGSbenthic",2018-10-15,"SHG5",NA,NA,NA,NA,NA,NA,"Ponar",2018,10,NA,NA,NA,NA,NA,"Macro","Other",NA,0
"USGSbenthic SHG5 2018-10-15",-121.692967,38.313839,NA,"Cache Slough","Outside","USGSbenthic",2018-10-15,"SHG5",NA,NA,NA,NA,NA,NA,"Ponar",2018,10,NA,NA,NA,NA,NA,"Macro","Potamocorbula",NA,0
"USGSbenthic SHG6 2017-08-15",-121.692903,38.309461,NA,"Cache Slough","Outside","USGSbenthic",2017-08-15,"SHG6",NA,NA,NA,NA,NA,NA,"Ponar",2017,8,NA,NA,NA,NA,NA,"Macro","Corbicula",NA,20
"USGSbenthic SHG6 2017-08-15",-121.692903,38.309461,NA,"Cache Slough","Outside","USGSbenthic",2017-08-15,"SHG6",NA,NA,NA,NA,NA,NA,"Ponar",2017,8,NA,NA,NA,NA,NA,"Macro","Other",NA,0
"USGSbenthic SHG6 2017-08-15",-121.692903,38.309461,NA,"Cache Slough","Outside","USGSbenthic",2017-08-15,"SHG6",NA,NA,NA,NA,NA,NA,"Ponar",2017,8,NA,NA,NA,NA,NA,"Macro","Potamocorbula",NA,0
"USGSbenthic SHG6 2018-05-15",-121.692903,38.309461,NA,"Cache Slough","Outside","USGSbenthic",2018-05-15,"SHG6",NA,NA,NA,NA,NA,NA,"Ponar",2018,5,NA,NA,NA,NA,NA,"Macro","Corbicula",NA,320
"USGSbenthic SHG6 2018-05-15",-121.692903,38.309461,NA,"Cache Slough","Outside","USGSbenthic",2018-05-15,"SHG6",NA,NA,NA,NA,NA,NA,"Ponar",2018,5,NA,NA,NA,NA,NA,"Macro","Other",NA,80
"USGSbenthic SHG6 2018-05-15",-121.692903,38.309461,NA,"Cache Slough","Outside","USGSbenthic",2018-05-15,"SHG6",NA,NA,NA,NA,NA,NA,"Ponar",2018,5,NA,NA,NA,NA,NA,"Macro","Potamocorbula",NA,0
"USGSbenthic SHG6 2018-06-15",-121.692903,38.309461,NA,"Cache Slough","Outside","USGSbenthic",2018-06-15,"SHG6",NA,NA,NA,NA,NA,NA,"Ponar",2018,6,NA,NA,NA,NA,NA,"Macro","Corbicula",NA,460
"USGSbenthic SHG6 2018-06-15",-121.692903,38.309461,NA,"Cache Slough","Outside","USGSbenthic",2018-06-15,"SHG6",NA,NA,NA,NA,NA,NA,"Ponar",2018,6,NA,NA,NA,NA,NA,"Macro","Other",NA,60
"USGSbenthic SHG6 2018-06-15",-121.692903,38.309461,NA,"Cache Slough","Outside","USGSbenthic",2018-06-15,"SHG6",NA,NA,NA,NA,NA,NA,"Ponar",2018,6,NA,NA,NA,NA,NA,"Macro","Potamocorbula",NA,0
"USGSbenthic SHG6 2018-08-15",-121.692903,38.309461,NA,"Cache Slough","Outside","USGSbenthic",2018-08-15,"SHG6",NA,NA,NA,NA,NA,NA,"Ponar",2018,8,NA,NA,NA,NA,NA,"Macro","Corbicula",NA,220
"USGSbenthic SHG6 2018-08-15",-121.692903,38.309461,NA,"Cache Slough","Outside","USGSbenthic",2018-08-15,"SHG6",NA,NA,NA,NA,NA,NA,"Ponar",2018,8,NA,NA,NA,NA,NA,"Macro","Other",NA,0
"USGSbenthic SHG6 2018-08-15",-121.692903,38.309461,NA,"Cache Slough","Outside","USGSbenthic",2018-08-15,"SHG6",NA,NA,NA,NA,NA,NA,"Ponar",2018,8,NA,NA,NA,NA,NA,"Macro","Potamocorbula",NA,0
"USGSbenthic SHG7 2017-10-15",-121.692776,38.302849,NA,"Cache Slough","Outside","USGSbenthic",2017-10-15,"SHG7",NA,NA,NA,NA,NA,NA,"Ponar",2017,10,NA,NA,NA,NA,NA,"Macro","Corbicula",NA,340
"USGSbenthic SHG7 2017-10-15",-121.692776,38.302849,NA,"Cache Slough","Outside","USGSbenthic",2017-10-15,"SHG7",NA,NA,NA,NA,NA,NA,"Ponar",2017,10,NA,NA,NA,NA,NA,"Macro","Other",NA,0
"USGSbenthic SHG7 2017-10-15",-121.692776,38.302849,NA,"Cache Slough","Outside","USGSbenthic",2017-10-15,"SHG7",NA,NA,NA,NA,NA,NA,"Ponar",2017,10,NA,NA,NA,NA,NA,"Macro","Potamocorbula",NA,0
"USGSbenthic SHG7 2018-08-15",-121.692776,38.302849,NA,"Cache Slough","Outside","USGSbenthic",2018-08-15,"SHG7",NA,NA,NA,NA,NA,NA,"Ponar",2018,8,NA,NA,NA,NA,NA,"Macro","Corbicula",NA,500
"USGSbenthic SHG7 2018-08-15",-121.692776,38.302849,NA,"Cache Slough","Outside","USGSbenthic",2018-08-15,"SHG7",NA,NA,NA,NA,NA,NA,"Ponar",2018,8,NA,NA,NA,NA,NA,"Macro","Other",NA,60
"USGSbenthic SHG7 2018-08-15",-121.692776,38.302849,NA,"Cache Slough","Outside","USGSbenthic",2018-08-15,"SHG7",NA,NA,NA,NA,NA,NA,"Ponar",2018,8,NA,NA,NA,NA,NA,"Macro","Potamocorbula",NA,0
"USGSbenthic SHG7 2018-10-15",-121.692776,38.302849,NA,"Cache Slough","Outside","USGSbenthic",2018-10-15,"SHG7",NA,NA,NA,NA,NA,NA,"Ponar",2018,10,NA,NA,NA,NA,NA,"Macro","Corbicula",NA,340
"USGSbenthic SHG7 2018-10-15",-121.692776,38.302849,NA,"Cache Slough","Outside","USGSbenthic",2018-10-15,"SHG7",NA,NA,NA,NA,NA,NA,"Ponar",2018,10,NA,NA,NA,NA,NA,"Macro","Other",NA,60
"USGSbenthic SHG7 2018-10-15",-121.692776,38.302849,NA,"Cache Slough","Outside","USGSbenthic",2018-10-15,"SHG7",NA,NA,NA,NA,NA,NA,"Ponar",2018,10,NA,NA,NA,NA,NA,"Macro","Potamocorbula",NA,0
"USGSbenthic SHG8 2017-10-15",-121.692804,38.297021,NA,"Cache Slough","Outside","USGSbenthic",2017-10-15,"SHG8",NA,NA,NA,NA,NA,NA,"Ponar",2017,10,NA,NA,NA,NA,NA,"Macro","Corbicula",NA,200
"USGSbenthic SHG8 2017-10-15",-121.692804,38.297021,NA,"Cache Slough","Outside","USGSbenthic",2017-10-15,"SHG8",NA,NA,NA,NA,NA,NA,"Ponar",2017,10,NA,NA,NA,NA,NA,"Macro","Other",NA,0
"USGSbenthic SHG8 2017-10-15",-121.692804,38.297021,NA,"Cache Slough","Outside","USGSbenthic",2017-10-15,"SHG8",NA,NA,NA,NA,NA,NA,"Ponar",2017,10,NA,NA,NA,NA,NA,"Macro","Potamocorbula",NA,0
"USGSbenthic SHG8 2018-08-15",-121.692804,38.297021,NA,"Cache Slough","Outside","USGSbenthic",2018-08-15,"SHG8",NA,NA,NA,NA,NA,NA,"Ponar",2018,8,NA,NA,NA,NA,NA,"Macro","Corbicula",NA,660
"USGSbenthic SHG8 2018-08-15",-121.692804,38.297021,NA,"Cache Slough","Outside","USGSbenthic",2018-08-15,"SHG8",NA,NA,NA,NA,NA,NA,"Ponar",2018,8,NA,NA,NA,NA,NA,"Macro","Other",NA,100
"USGSbenthic SHG8 2018-08-15",-121.692804,38.297021,NA,"Cache Slough","Outside","USGSbenthic",2018-08-15,"SHG8",NA,NA,NA,NA,NA,NA,"Ponar",2018,8,NA,NA,NA,NA,NA,"Macro","Potamocorbula",NA,0
"USGSbenthic SHG9 2018-08-15",-121.692926,38.2839,NA,"Cache Slough","Outside","USGSbenthic",2018-08-15,"SHG9",NA,NA,NA,NA,NA,NA,"Ponar",2018,8,NA,NA,NA,NA,NA,"Macro","Corbicula",NA,420
"USGSbenthic SHG9 2018-08-15",-121.692926,38.2839,NA,"Cache Slough","Outside","USGSbenthic",2018-08-15,"SHG9",NA,NA,NA,NA,NA,NA,"Ponar",2018,8,NA,NA,NA,NA,NA,"Macro","Other",NA,80
"USGSbenthic SHG9 2018-08-15",-121.692926,38.2839,NA,"Cache Slough","Outside","USGSbenthic",2018-08-15,"SHG9",NA,NA,NA,NA,NA,NA,"Ponar",2018,8,NA,NA,NA,NA,NA,"Macro","Potamocorbula",NA,0
"USGSbenthic SHG9 2018-10-15",-121.692926,38.2839,NA,"Cache Slough","Outside","USGSbenthic",2018-10-15,"SHG9",NA,NA,NA,NA,NA,NA,"Ponar",2018,10,NA,NA,NA,NA,NA,"Macro","Corbicula",NA,340
"USGSbenthic SHG9 2018-10-15",-121.692926,38.2839,NA,"Cache Slough","Outside","USGSbenthic",2018-10-15,"SHG9",NA,NA,NA,NA,NA,NA,"Ponar",2018,10,NA,NA,NA,NA,NA,"Macro","Other",NA,20
"USGSbenthic SHG9 2018-10-15",-121.692926,38.2839,NA,"Cache Slough","Outside","USGSbenthic",2018-10-15,"SHG9",NA,NA,NA,NA,NA,NA,"Ponar",2018,10,NA,NA,NA,NA,NA,"Macro","Potamocorbula",NA,0
"USGSbenthic SSB003 2017-03-15",-122.023575,38.0959131,NA,"Grizzly Bay","Outside","USGSbenthic",2017-03-15,"SSB003",NA,NA,NA,NA,NA,NA,"Ponar",2017,3,NA,NA,NA,NA,NA,"Macro","Corbicula",NA,0
"USGSbenthic SSB003 2017-03-15",-122.023575,38.0959131,NA,"Grizzly Bay","Outside","USGSbenthic",2017-03-15,"SSB003",NA,NA,NA,NA,NA,NA,"Ponar",2017,3,NA,NA,NA,NA,NA,"Macro","Other",NA,0
"USGSbenthic SSB003 2017-03-15",-122.023575,38.0959131,NA,"Grizzly Bay","Outside","USGSbenthic",2017-03-15,"SSB003",NA,NA,NA,NA,NA,NA,"Ponar",2017,3,NA,NA,NA,NA,NA,"Macro","Potamocorbula",NA,460
"USGSbenthic SSB003 2017-06-15",-122.023575,38.0959131,NA,"Grizzly Bay","Outside","USGSbenthic",2017-06-15,"SSB003",NA,NA,NA,NA,NA,NA,"Ponar",2017,6,NA,NA,NA,NA,NA,"Macro","Corbicula",NA,0
"USGSbenthic SSB003 2017-06-15",-122.023575,38.0959131,NA,"Grizzly Bay","Outside","USGSbenthic",2017-06-15,"SSB003",NA,NA,NA,NA,NA,NA,"Ponar",2017,6,NA,NA,NA,NA,NA,"Macro","Other",NA,0
"USGSbenthic SSB003 2017-06-15",-122.023575,38.0959131,NA,"Grizzly Bay","Outside","USGSbenthic",2017-06-15,"SSB003",NA,NA,NA,NA,NA,NA,"Ponar",2017,6,NA,NA,NA,NA,NA,"Macro","Potamocorbula",NA,0
"USGSbenthic SSB003 2017-07-15",-122.023575,38.0959131,NA,"Grizzly Bay","Outside","USGSbenthic",2017-07-15,"SSB003",NA,NA,NA,NA,NA,NA,"Ponar",2017,7,NA,NA,NA,NA,NA,"Macro","Corbicula",NA,40
"USGSbenthic SSB003 2017-07-15",-122.023575,38.0959131,NA,"Grizzly Bay","Outside","USGSbenthic",2017-07-15,"SSB003",NA,NA,NA,NA,NA,NA,"Ponar",2017,7,NA,NA,NA,NA,NA,"Macro","Other",NA,0
"USGSbenthic SSB003 2017-07-15",-122.023575,38.0959131,NA,"Grizzly Bay","Outside","USGSbenthic",2017-07-15,"SSB003",NA,NA,NA,NA,NA,NA,"Ponar",2017,7,NA,NA,NA,NA,NA,"Macro","Potamocorbula",NA,980
"USGSbenthic SSB003 2017-08-15",-122.023575,38.0959131,NA,"Grizzly Bay","Outside","USGSbenthic",2017-08-15,"SSB003",NA,NA,NA,NA,NA,NA,"Ponar",2017,8,NA,NA,NA,NA,NA,"Macro","Corbicula",NA,0
"USGSbenthic SSB003 2017-08-15",-122.023575,38.0959131,NA,"Grizzly Bay","Outside","USGSbenthic",2017-08-15,"SSB003",NA,NA,NA,NA,NA,NA,"Ponar",2017,8,NA,NA,NA,NA,NA,"Macro","Other",NA,0
"USGSbenthic SSB003 2017-08-15",-122.023575,38.0959131,NA,"Grizzly Bay","Outside","USGSbenthic",2017-08-15,"SSB003",NA,NA,NA,NA,NA,NA,"Ponar",2017,8,NA,NA,NA,NA,NA,"Macro","Potamocorbula",NA,7040
"USGSbenthic SSB003 2017-10-15",-122.023575,38.0959131,NA,"Grizzly Bay","Outside","USGSbenthic",2017-10-15,"SSB003",NA,NA,NA,NA,NA,NA,"Ponar",2017,10,NA,NA,NA,NA,NA,"Macro","Corbicula",NA,0
"USGSbenthic SSB003 2017-10-15",-122.023575,38.0959131,NA,"Grizzly Bay","Outside","USGSbenthic",2017-10-15,"SSB003",NA,NA,NA,NA,NA,NA,"Ponar",2017,10,NA,NA,NA,NA,NA,"Macro","Other",NA,0
"USGSbenthic SSB003 2017-10-15",-122.023575,38.0959131,NA,"Grizzly Bay","Outside","USGSbenthic",2017-10-15,"SSB003",NA,NA,NA,NA,NA,NA,"Ponar",2017,10,NA,NA,NA,NA,NA,"Macro","Potamocorbula",NA,5320
"USGSbenthic SSB003 2018-05-15",-122.023575,38.0959131,NA,"Grizzly Bay","Outside","USGSbenthic",2018-05-15,"SSB003",NA,NA,NA,NA,NA,NA,"Ponar",2018,5,NA,NA,NA,NA,NA,"Macro","Corbicula",NA,0
"USGSbenthic SSB003 2018-05-15",-122.023575,38.0959131,NA,"Grizzly Bay","Outside","USGSbenthic",2018-05-15,"SSB003",NA,NA,NA,NA,NA,NA,"Ponar",2018,5,NA,NA,NA,NA,NA,"Macro","Other",NA,0
"USGSbenthic SSB003 2018-05-15",-122.023575,38.0959131,NA,"Grizzly Bay","Outside","USGSbenthic",2018-05-15,"SSB003",NA,NA,NA,NA,NA,NA,"Ponar",2018,5,NA,NA,NA,NA,NA,"Macro","Potamocorbula",NA,3420
"USGSbenthic SSB003 2018-08-15",-122.023575,38.0959131,NA,"Grizzly Bay","Outside","USGSbenthic",2018-08-15,"SSB003",NA,NA,NA,NA,NA,NA,"Ponar",2018,8,NA,NA,NA,NA,NA,"Macro","Corbicula",NA,0
"USGSbenthic SSB003 2018-08-15",-122.023575,38.0959131,NA,"Grizzly Bay","Outside","USGSbenthic",2018-08-15,"SSB003",NA,NA,NA,NA,NA,NA,"Ponar",2018,8,NA,NA,NA,NA,NA,"Macro","Other",NA,0
"USGSbenthic SSB003 2018-08-15",-122.023575,38.0959131,NA,"Grizzly Bay","Outside","USGSbenthic",2018-08-15,"SSB003",NA,NA,NA,NA,NA,NA,"Ponar",2018,8,NA,NA,NA,NA,NA,"Macro","Potamocorbula",NA,0
"USGSbenthic SSB003 2018-10-15",-122.023575,38.0959131,NA,"Grizzly Bay","Outside","USGSbenthic",2018-10-15,"SSB003",NA,NA,NA,NA,NA,NA,"Ponar",2018,10,NA,NA,NA,NA,NA,"Macro","Corbicula",NA,0
"USGSbenthic SSB003 2018-10-15",-122.023575,38.0959131,NA,"Grizzly Bay","Outside","USGSbenthic",2018-10-15,"SSB003",NA,NA,NA,NA,NA,NA,"Ponar",2018,10,NA,NA,NA,NA,NA,"Macro","Other",NA,0
"USGSbenthic SSB003 2018-10-15",-122.023575,38.0959131,NA,"Grizzly Bay","Outside","USGSbenthic",2018-10-15,"SSB003",NA,NA,NA,NA,NA,NA,"Ponar",2018,10,NA,NA,NA,NA,NA,"Macro","Potamocorbula",NA,1980
"USGSbenthic SSB005 2017-03-15",-121.9938348,38.083043,NA,"Grizzly Bay","Outside","USGSbenthic",2017-03-15,"SSB005",NA,NA,NA,NA,NA,NA,"Ponar",2017,3,NA,NA,NA,NA,NA,"Macro","Corbicula",NA,0
"USGSbenthic SSB005 2017-03-15",-121.9938348,38.083043,NA,"Grizzly Bay","Outside","USGSbenthic",2017-03-15,"SSB005",NA,NA,NA,NA,NA,NA,"Ponar",2017,3,NA,NA,NA,NA,NA,"Macro","Other",NA,0
"USGSbenthic SSB005 2017-03-15",-121.9938348,38.083043,NA,"Grizzly Bay","Outside","USGSbenthic",2017-03-15,"SSB005",NA,NA,NA,NA,NA,NA,"Ponar",2017,3,NA,NA,NA,NA,NA,"Macro","Potamocorbula",NA,300
"USGSbenthic SSB005 2017-06-15",-121.9938348,38.083043,NA,"Grizzly Bay","Outside","USGSbenthic",2017-06-15,"SSB005",NA,NA,NA,NA,NA,NA,"Ponar",2017,6,NA,NA,NA,NA,NA,"Macro","Corbicula",NA,0
"USGSbenthic SSB005 2017-06-15",-121.9938348,38.083043,NA,"Grizzly Bay","Outside","USGSbenthic",2017-06-15,"SSB005",NA,NA,NA,NA,NA,NA,"Ponar",2017,6,NA,NA,NA,NA,NA,"Macro","Other",NA,0
"USGSbenthic SSB005 2017-06-15",-121.9938348,38.083043,NA,"Grizzly Bay","Outside","USGSbenthic",2017-06-15,"SSB005",NA,NA,NA,NA,NA,NA,"Ponar",2017,6,NA,NA,NA,NA,NA,"Macro","Potamocorbula",NA,160
"USGSbenthic SSB005 2017-07-15",-121.9938348,38.083043,NA,"Grizzly Bay","Outside","USGSbenthic",2017-07-15,"SSB005",NA,NA,NA,NA,NA,NA,"Ponar",2017,7,NA,NA,NA,NA,NA,"Macro","Corbicula",NA,20
"USGSbenthic SSB005 2017-07-15",-121.9938348,38.083043,NA,"Grizzly Bay","Outside","USGSbenthic",2017-07-15,"SSB005",NA,NA,NA,NA,NA,NA,"Ponar",2017,7,NA,NA,NA,NA,NA,"Macro","Other",NA,0
"USGSbenthic SSB005 2017-07-15",-121.9938348,38.083043,NA,"Grizzly Bay","Outside","USGSbenthic",2017-07-15,"SSB005",NA,NA,NA,NA,NA,NA,"Ponar",2017,7,NA,NA,NA,NA,NA,"Macro","Potamocorbula",NA,520
"USGSbenthic SSB005 2017-08-15",-121.9938348,38.083043,NA,"Grizzly Bay","Outside","USGSbenthic",2017-08-15,"SSB005",NA,NA,NA,NA,NA,NA,"Ponar",2017,8,NA,NA,NA,NA,NA,"Macro","Corbicula",NA,0
"USGSbenthic SSB005 2017-08-15",-121.9938348,38.083043,NA,"Grizzly Bay","Outside","USGSbenthic",2017-08-15,"SSB005",NA,NA,NA,NA,NA,NA,"Ponar",2017,8,NA,NA,NA,NA,NA,"Macro","Other",NA,0
"USGSbenthic SSB005 2017-08-15",-121.9938348,38.083043,NA,"Grizzly Bay","Outside","USGSbenthic",2017-08-15,"SSB005",NA,NA,NA,NA,NA,NA,"Ponar",2017,8,NA,NA,NA,NA,NA,"Macro","Potamocorbula",NA,2400
"USGSbenthic SSB005 2017-10-15",-121.9938348,38.083043,NA,"Grizzly Bay","Outside","USGSbenthic",2017-10-15,"SSB005",NA,NA,NA,NA,NA,NA,"Ponar",2017,10,NA,NA,NA,NA,NA,"Macro","Corbicula",NA,0
"USGSbenthic SSB005 2017-10-15",-121.9938348,38.083043,NA,"Grizzly Bay","Outside","USGSbenthic",2017-10-15,"SSB005",NA,NA,NA,NA,NA,NA,"Ponar",2017,10,NA,NA,NA,NA,NA,"Macro","Other",NA,0
"USGSbenthic SSB005 2017-10-15",-121.9938348,38.083043,NA,"Grizzly Bay","Outside","USGSbenthic",2017-10-15,"SSB005",NA,NA,NA,NA,NA,NA,"Ponar",2017,10,NA,NA,NA,NA,NA,"Macro","Potamocorbula",NA,1380
"USGSbenthic SSB005 2018-05-15",-121.9938348,38.083043,NA,"Grizzly Bay","Outside","USGSbenthic",2018-05-15,"SSB005",NA,NA,NA,NA,NA,NA,"Ponar",2018,5,NA,NA,NA,NA,NA,"Macro","Corbicula",NA,0
"USGSbenthic SSB005 2018-05-15",-121.9938348,38.083043,NA,"Grizzly Bay","Outside","USGSbenthic",2018-05-15,"SSB005",NA,NA,NA,NA,NA,NA,"Ponar",2018,5,NA,NA,NA,NA,NA,"Macro","Other",NA,0
"USGSbenthic SSB005 2018-05-15",-121.9938348,38.083043,NA,"Grizzly Bay","Outside","USGSbenthic",2018-05-15,"SSB005",NA,NA,NA,NA,NA,NA,"Ponar",2018,5,NA,NA,NA,NA,NA,"Macro","Potamocorbula",NA,1520
"USGSbenthic SSB005 2018-08-15",-121.9938348,38.083043,NA,"Grizzly Bay","Outside","USGSbenthic",2018-08-15,"SSB005",NA,NA,NA,NA,NA,NA,"Ponar",2018,8,NA,NA,NA,NA,NA,"Macro","Corbicula",NA,0
"USGSbenthic SSB005 2018-08-15",-121.9938348,38.083043,NA,"Grizzly Bay","Outside","USGSbenthic",2018-08-15,"SSB005",NA,NA,NA,NA,NA,NA,"Ponar",2018,8,NA,NA,NA,NA,NA,"Macro","Other",NA,0
"USGSbenthic SSB005 2018-08-15",-121.9938348,38.083043,NA,"Grizzly Bay","Outside","USGSbenthic",2018-08-15,"SSB005",NA,NA,NA,NA,NA,NA,"Ponar",2018,8,NA,NA,NA,NA,NA,"Macro","Potamocorbula",NA,0
"USGSbenthic SSB005 2018-10-15",-121.9938348,38.083043,NA,"Grizzly Bay","Outside","USGSbenthic",2018-10-15,"SSB005",NA,NA,NA,NA,NA,NA,"Ponar",2018,10,NA,NA,NA,NA,NA,"Macro","Corbicula",NA,0
"USGSbenthic SSB005 2018-10-15",-121.9938348,38.083043,NA,"Grizzly Bay","Outside","USGSbenthic",2018-10-15,"SSB005",NA,NA,NA,NA,NA,NA,"Ponar",2018,10,NA,NA,NA,NA,NA,"Macro","Other",NA,0
"USGSbenthic SSB005 2018-10-15",-121.9938348,38.083043,NA,"Grizzly Bay","Outside","USGSbenthic",2018-10-15,"SSB005",NA,NA,NA,NA,NA,NA,"Ponar",2018,10,NA,NA,NA,NA,NA,"Macro","Potamocorbula",NA,2100
"USGSbenthic SST1 2017-03-15",-121.649256666667,38.35006,NA,"Cache Slough","Outside","USGSbenthic",2017-03-15,"SST1",NA,NA,NA,NA,NA,NA,"Ponar",2017,3,NA,NA,NA,NA,NA,"Macro","Corbicula",NA,20
"USGSbenthic SST1 2017-03-15",-121.649256666667,38.35006,NA,"Cache Slough","Outside","USGSbenthic",2017-03-15,"SST1",NA,NA,NA,NA,NA,NA,"Ponar",2017,3,NA,NA,NA,NA,NA,"Macro","Other",NA,0
"USGSbenthic SST1 2017-03-15",-121.649256666667,38.35006,NA,"Cache Slough","Outside","USGSbenthic",2017-03-15,"SST1",NA,NA,NA,NA,NA,NA,"Ponar",2017,3,NA,NA,NA,NA,NA,"Macro","Potamocorbula",NA,0
"USGSbenthic SST1 2017-06-15",-121.649256666667,38.35006,NA,"Cache Slough","Outside","USGSbenthic",2017-06-15,"SST1",NA,NA,NA,NA,NA,NA,"Ponar",2017,6,NA,NA,NA,NA,NA,"Macro","Corbicula",NA,0
"USGSbenthic SST1 2017-06-15",-121.649256666667,38.35006,NA,"Cache Slough","Outside","USGSbenthic",2017-06-15,"SST1",NA,NA,NA,NA,NA,NA,"Ponar",2017,6,NA,NA,NA,NA,NA,"Macro","Other",NA,0
"USGSbenthic SST1 2017-06-15",-121.649256666667,38.35006,NA,"Cache Slough","Outside","USGSbenthic",2017-06-15,"SST1",NA,NA,NA,NA,NA,NA,"Ponar",2017,6,NA,NA,NA,NA,NA,"Macro","Potamocorbula",NA,0
"USGSbenthic SST1 2017-07-15",-121.649256666667,38.35006,NA,"Cache Slough","Outside","USGSbenthic",2017-07-15,"SST1",NA,NA,NA,NA,NA,NA,"Ponar",2017,7,NA,NA,NA,NA,NA,"Macro","Corbicula",NA,0
"USGSbenthic SST1 2017-07-15",-121.649256666667,38.35006,NA,"Cache Slough","Outside","USGSbenthic",2017-07-15,"SST1",NA,NA,NA,NA,NA,NA,"Ponar",2017,7,NA,NA,NA,NA,NA,"Macro","Other",NA,0
"USGSbenthic SST1 2017-07-15",-121.649256666667,38.35006,NA,"Cache Slough","Outside","USGSbenthic",2017-07-15,"SST1",NA,NA,NA,NA,NA,NA,"Ponar",2017,7,NA,NA,NA,NA,NA,"Macro","Potamocorbula",NA,0
"USGSbenthic SST10 2017-07-15",-121.661017,38.335697,NA,"Cache Slough","Outside","USGSbenthic",2017-07-15,"SST10",NA,NA,NA,NA,NA,NA,"Ponar",2017,7,NA,NA,NA,NA,NA,"Macro","Corbicula",NA,260
"USGSbenthic SST10 2017-07-15",-121.661017,38.335697,NA,"Cache Slough","Outside","USGSbenthic",2017-07-15,"SST10",NA,NA,NA,NA,NA,NA,"Ponar",2017,7,NA,NA,NA,NA,NA,"Macro","Other",NA,0
"USGSbenthic SST10 2017-07-15",-121.661017,38.335697,NA,"Cache Slough","Outside","USGSbenthic",2017-07-15,"SST10",NA,NA,NA,NA,NA,NA,"Ponar",2017,7,NA,NA,NA,NA,NA,"Macro","Potamocorbula",NA,0
"USGSbenthic SST10 2017-08-15",-121.661017,38.335697,NA,"Cache Slough","Outside","USGSbenthic",2017-08-15,"SST10",NA,NA,NA,NA,NA,NA,"Ponar",2017,8,NA,NA,NA,NA,NA,"Macro","Corbicula",NA,0
"USGSbenthic SST10 2017-08-15",-121.661017,38.335697,NA,"Cache Slough","Outside","USGSbenthic",2017-08-15,"SST10",NA,NA,NA,NA,NA,NA,"Ponar",2017,8,NA,NA,NA,NA,NA,"Macro","Other",NA,0
"USGSbenthic SST10 2017-08-15",-121.661017,38.335697,NA,"Cache Slough","Outside","USGSbenthic",2017-08-15,"SST10",NA,NA,NA,NA,NA,NA,"Ponar",2017,8,NA,NA,NA,NA,NA,"Macro","Potamocorbula",NA,0
"USGSbenthic SST10 2018-05-15",-121.661017,38.335697,NA,"Cache Slough","Outside","USGSbenthic",2018-05-15,"SST10",NA,NA,NA,NA,NA,NA,"Ponar",2018,5,NA,NA,NA,NA,NA,"Macro","Corbicula",NA,2320
"USGSbenthic SST10 2018-05-15",-121.661017,38.335697,NA,"Cache Slough","Outside","USGSbenthic",2018-05-15,"SST10",NA,NA,NA,NA,NA,NA,"Ponar",2018,5,NA,NA,NA,NA,NA,"Macro","Other",NA,0
"USGSbenthic SST10 2018-05-15",-121.661017,38.335697,NA,"Cache Slough","Outside","USGSbenthic",2018-05-15,"SST10",NA,NA,NA,NA,NA,NA,"Ponar",2018,5,NA,NA,NA,NA,NA,"Macro","Potamocorbula",NA,0
"USGSbenthic SST10 2018-06-15",-121.661017,38.335697,NA,"Cache Slough","Outside","USGSbenthic",2018-06-15,"SST10",NA,NA,NA,NA,NA,NA,"Ponar",2018,6,NA,NA,NA,NA,NA,"Macro","Corbicula",NA,400
"USGSbenthic SST10 2018-06-15",-121.661017,38.335697,NA,"Cache Slough","Outside","USGSbenthic",2018-06-15,"SST10",NA,NA,NA,NA,NA,NA,"Ponar",2018,6,NA,NA,NA,NA,NA,"Macro","Other",NA,0
"USGSbenthic SST10 2018-06-15",-121.661017,38.335697,NA,"Cache Slough","Outside","USGSbenthic",2018-06-15,"SST10",NA,NA,NA,NA,NA,NA,"Ponar",2018,6,NA,NA,NA,NA,NA,"Macro","Potamocorbula",NA,0
"USGSbenthic SST10 2018-08-15",-121.661017,38.335697,NA,"Cache Slough","Outside","USGSbenthic",2018-08-15,"SST10",NA,NA,NA,NA,NA,NA,"Ponar",2018,8,NA,NA,NA,NA,NA,"Macro","Corbicula",NA,20
"USGSbenthic SST10 2018-08-15",-121.661017,38.335697,NA,"Cache Slough","Outside","USGSbenthic",2018-08-15,"SST10",NA,NA,NA,NA,NA,NA,"Ponar",2018,8,NA,NA,NA,NA,NA,"Macro","Other",NA,0
"USGSbenthic SST10 2018-08-15",-121.661017,38.335697,NA,"Cache Slough","Outside","USGSbenthic",2018-08-15,"SST10",NA,NA,NA,NA,NA,NA,"Ponar",2018,8,NA,NA,NA,NA,NA,"Macro","Potamocorbula",NA,0
"USGSbenthic SST10 2018-10-15",-121.661017,38.335697,NA,"Cache Slough","Outside","USGSbenthic",2018-10-15,"SST10",NA,NA,NA,NA,NA,NA,"Ponar",2018,10,NA,NA,NA,NA,NA,"Macro","Corbicula",NA,60
"USGSbenthic SST10 2018-10-15",-121.661017,38.335697,NA,"Cache Slough","Outside","USGSbenthic",2018-10-15,"SST10",NA,NA,NA,NA,NA,NA,"Ponar",2018,10,NA,NA,NA,NA,NA,"Macro","Other",NA,0
"USGSbenthic SST10 2018-10-15",-121.661017,38.335697,NA,"Cache Slough","Outside","USGSbenthic",2018-10-15,"SST10",NA,NA,NA,NA,NA,NA,"Ponar",2018,10,NA,NA,NA,NA,NA,"Macro","Potamocorbula",NA,0
"USGSbenthic SST12 2017-07-15",-121.657456,38.339317,NA,"Cache Slough","Outside","USGSbenthic",2017-07-15,"SST12",NA,NA,NA,NA,NA,NA,"Ponar",2017,7,NA,NA,NA,NA,NA,"Macro","Corbicula",NA,180
"USGSbenthic SST12 2017-07-15",-121.657456,38.339317,NA,"Cache Slough","Outside","USGSbenthic",2017-07-15,"SST12",NA,NA,NA,NA,NA,NA,"Ponar",2017,7,NA,NA,NA,NA,NA,"Macro","Other",NA,0
"USGSbenthic SST12 2017-07-15",-121.657456,38.339317,NA,"Cache Slough","Outside","USGSbenthic",2017-07-15,"SST12",NA,NA,NA,NA,NA,NA,"Ponar",2017,7,NA,NA,NA,NA,NA,"Macro","Potamocorbula",NA,0
"USGSbenthic SST12 2017-08-15",-121.657456,38.339317,NA,"Cache Slough","Outside","USGSbenthic",2017-08-15,"SST12",NA,NA,NA,NA,NA,NA,"Ponar",2017,8,NA,NA,NA,NA,NA,"Macro","Corbicula",NA,120
"USGSbenthic SST12 2017-08-15",-121.657456,38.339317,NA,"Cache Slough","Outside","USGSbenthic",2017-08-15,"SST12",NA,NA,NA,NA,NA,NA,"Ponar",2017,8,NA,NA,NA,NA,NA,"Macro","Other",NA,0
"USGSbenthic SST12 2017-08-15",-121.657456,38.339317,NA,"Cache Slough","Outside","USGSbenthic",2017-08-15,"SST12",NA,NA,NA,NA,NA,NA,"Ponar",2017,8,NA,NA,NA,NA,NA,"Macro","Potamocorbula",NA,0
"USGSbenthic SST12 2017-10-15",-121.657456,38.339317,NA,"Cache Slough","Outside","USGSbenthic",2017-10-15,"SST12",NA,NA,NA,NA,NA,NA,"Ponar",2017,10,NA,NA,NA,NA,NA,"Macro","Corbicula",NA,40
"USGSbenthic SST12 2017-10-15",-121.657456,38.339317,NA,"Cache Slough","Outside","USGSbenthic",2017-10-15,"SST12",NA,NA,NA,NA,NA,NA,"Ponar",2017,10,NA,NA,NA,NA,NA,"Macro","Other",NA,0
"USGSbenthic SST12 2017-10-15",-121.657456,38.339317,NA,"Cache Slough","Outside","USGSbenthic",2017-10-15,"SST12",NA,NA,NA,NA,NA,NA,"Ponar",2017,10,NA,NA,NA,NA,NA,"Macro","Potamocorbula",NA,0
"USGSbenthic SST12 2018-05-15",-121.657456,38.339317,NA,"Cache Slough","Outside","USGSbenthic",2018-05-15,"SST12",NA,NA,NA,NA,NA,NA,"Ponar",2018,5,NA,NA,NA,NA,NA,"Macro","Corbicula",NA,280
"USGSbenthic SST12 2018-05-15",-121.657456,38.339317,NA,"Cache Slough","Outside","USGSbenthic",2018-05-15,"SST12",NA,NA,NA,NA,NA,NA,"Ponar",2018,5,NA,NA,NA,NA,NA,"Macro","Other",NA,0
"USGSbenthic SST12 2018-05-15",-121.657456,38.339317,NA,"Cache Slough","Outside","USGSbenthic",2018-05-15,"SST12",NA,NA,NA,NA,NA,NA,"Ponar",2018,5,NA,NA,NA,NA,NA,"Macro","Potamocorbula",NA,0
"USGSbenthic SST12 2018-08-15",-121.657456,38.339317,NA,"Cache Slough","Outside","USGSbenthic",2018-08-15,"SST12",NA,NA,NA,NA,NA,NA,"Ponar",2018,8,NA,NA,NA,NA,NA,"Macro","Corbicula",NA,760
"USGSbenthic SST12 2018-08-15",-121.657456,38.339317,NA,"Cache Slough","Outside","USGSbenthic",2018-08-15,"SST12",NA,NA,NA,NA,NA,NA,"Ponar",2018,8,NA,NA,NA,NA,NA,"Macro","Other",NA,0
"USGSbenthic SST12 2018-08-15",-121.657456,38.339317,NA,"Cache Slough","Outside","USGSbenthic",2018-08-15,"SST12",NA,NA,NA,NA,NA,NA,"Ponar",2018,8,NA,NA,NA,NA,NA,"Macro","Potamocorbula",NA,0
"USGSbenthic SST12 2018-10-15",-121.657456,38.339317,NA,"Cache Slough","Outside","USGSbenthic",2018-10-15,"SST12",NA,NA,NA,NA,NA,NA,"Ponar",2018,10,NA,NA,NA,NA,NA,"Macro","Corbicula",NA,120
"USGSbenthic SST12 2018-10-15",-121.657456,38.339317,NA,"Cache Slough","Outside","USGSbenthic",2018-10-15,"SST12",NA,NA,NA,NA,NA,NA,"Ponar",2018,10,NA,NA,NA,NA,NA,"Macro","Other",NA,0
"USGSbenthic SST12 2018-10-15",-121.657456,38.339317,NA,"Cache Slough","Outside","USGSbenthic",2018-10-15,"SST12",NA,NA,NA,NA,NA,NA,"Ponar",2018,10,NA,NA,NA,NA,NA,"Macro","Potamocorbula",NA,0
"USGSbenthic SST13 2017-07-15",-121.6572,38.346522,NA,"Cache Slough","Outside","USGSbenthic",2017-07-15,"SST13",NA,NA,NA,NA,NA,NA,"Ponar",2017,7,NA,NA,NA,NA,NA,"Macro","Corbicula",NA,840
"USGSbenthic SST13 2017-07-15",-121.6572,38.346522,NA,"Cache Slough","Outside","USGSbenthic",2017-07-15,"SST13",NA,NA,NA,NA,NA,NA,"Ponar",2017,7,NA,NA,NA,NA,NA,"Macro","Other",NA,0
"USGSbenthic SST13 2017-07-15",-121.6572,38.346522,NA,"Cache Slough","Outside","USGSbenthic",2017-07-15,"SST13",NA,NA,NA,NA,NA,NA,"Ponar",2017,7,NA,NA,NA,NA,NA,"Macro","Potamocorbula",NA,0
"USGSbenthic SST14 2017-07-15",-121.657033,38.3501,NA,"Cache Slough","Outside","USGSbenthic",2017-07-15,"SST14",NA,NA,NA,NA,NA,NA,"Ponar",2017,7,NA,NA,NA,NA,NA,"Macro","Corbicula",NA,0
"USGSbenthic SST14 2017-07-15",-121.657033,38.3501,NA,"Cache Slough","Outside","USGSbenthic",2017-07-15,"SST14",NA,NA,NA,NA,NA,NA,"Ponar",2017,7,NA,NA,NA,NA,NA,"Macro","Other",NA,0
"USGSbenthic SST14 2017-07-15",-121.657033,38.3501,NA,"Cache Slough","Outside","USGSbenthic",2017-07-15,"SST14",NA,NA,NA,NA,NA,NA,"Ponar",2017,7,NA,NA,NA,NA,NA,"Macro","Potamocorbula",NA,0
"USGSbenthic SST15 2017-07-15",-121.653628,38.350125,NA,"Cache Slough","Outside","USGSbenthic",2017-07-15,"SST15",NA,NA,NA,NA,NA,NA,"Ponar",2017,7,NA,NA,NA,NA,NA,"Macro","Corbicula",NA,20
"USGSbenthic SST15 2017-07-15",-121.653628,38.350125,NA,"Cache Slough","Outside","USGSbenthic",2017-07-15,"SST15",NA,NA,NA,NA,NA,NA,"Ponar",2017,7,NA,NA,NA,NA,NA,"Macro","Other",NA,0
"USGSbenthic SST15 2017-07-15",-121.653628,38.350125,NA,"Cache Slough","Outside","USGSbenthic",2017-07-15,"SST15",NA,NA,NA,NA,NA,NA,"Ponar",2017,7,NA,NA,NA,NA,NA,"Macro","Potamocorbula",NA,0
"USGSbenthic SST3 2017-06-15",-121.667211,38.323811,NA,"Cache Slough","Outside","USGSbenthic",2017-06-15,"SST3",NA,NA,NA,NA,NA,NA,"Ponar",2017,6,NA,NA,NA,NA,NA,"Macro","Corbicula",NA,20
"USGSbenthic SST3 2017-06-15",-121.667211,38.323811,NA,"Cache Slough","Outside","USGSbenthic",2017-06-15,"SST3",NA,NA,NA,NA,NA,NA,"Ponar",2017,6,NA,NA,NA,NA,NA,"Macro","Other",NA,20
"USGSbenthic SST3 2017-06-15",-121.667211,38.323811,NA,"Cache Slough","Outside","USGSbenthic",2017-06-15,"SST3",NA,NA,NA,NA,NA,NA,"Ponar",2017,6,NA,NA,NA,NA,NA,"Macro","Potamocorbula",NA,0
"USGSbenthic SST3 2017-07-15",-121.667211,38.323811,NA,"Cache Slough","Outside","USGSbenthic",2017-07-15,"SST3",NA,NA,NA,NA,NA,NA,"Ponar",2017,7,NA,NA,NA,NA,NA,"Macro","Corbicula",NA,0
"USGSbenthic SST3 2017-07-15",-121.667211,38.323811,NA,"Cache Slough","Outside","USGSbenthic",2017-07-15,"SST3",NA,NA,NA,NA,NA,NA,"Ponar",2017,7,NA,NA,NA,NA,NA,"Macro","Other",NA,0
"USGSbenthic SST3 2017-07-15",-121.667211,38.323811,NA,"Cache Slough","Outside","USGSbenthic",2017-07-15,"SST3",NA,NA,NA,NA,NA,NA,"Ponar",2017,7,NA,NA,NA,NA,NA,"Macro","Potamocorbula",NA,0
"USGSbenthic SST3 2017-08-15",-121.667211,38.323811,NA,"Cache Slough","Outside","USGSbenthic",2017-08-15,"SST3",NA,NA,NA,NA,NA,NA,"Ponar",2017,8,NA,NA,NA,NA,NA,"Macro","Corbicula",NA,100
"USGSbenthic SST3 2017-08-15",-121.667211,38.323811,NA,"Cache Slough","Outside","USGSbenthic",2017-08-15,"SST3",NA,NA,NA,NA,NA,NA,"Ponar",2017,8,NA,NA,NA,NA,NA,"Macro","Other",NA,0
"USGSbenthic SST3 2017-08-15",-121.667211,38.323811,NA,"Cache Slough","Outside","USGSbenthic",2017-08-15,"SST3",NA,NA,NA,NA,NA,NA,"Ponar",2017,8,NA,NA,NA,NA,NA,"Macro","Potamocorbula",NA,0
"USGSbenthic SST3 2017-10-15",-121.667211,38.323811,NA,"Cache Slough","Outside","USGSbenthic",2017-10-15,"SST3",NA,NA,NA,NA,NA,NA,"Ponar",2017,10,NA,NA,NA,NA,NA,"Macro","Corbicula",NA,20
"USGSbenthic SST3 2017-10-15",-121.667211,38.323811,NA,"Cache Slough","Outside","USGSbenthic",2017-10-15,"SST3",NA,NA,NA,NA,NA,NA,"Ponar",2017,10,NA,NA,NA,NA,NA,"Macro","Other",NA,0
"USGSbenthic SST3 2017-10-15",-121.667211,38.323811,NA,"Cache Slough","Outside","USGSbenthic",2017-10-15,"SST3",NA,NA,NA,NA,NA,NA,"Ponar",2017,10,NA,NA,NA,NA,NA,"Macro","Potamocorbula",NA,0
"USGSbenthic SST3 2018-05-15",-121.667211,38.323811,NA,"Cache Slough","Outside","USGSbenthic",2018-05-15,"SST3",NA,NA,NA,NA,NA,NA,"Ponar",2018,5,NA,NA,NA,NA,NA,"Macro","Corbicula",NA,180
"USGSbenthic SST3 2018-05-15",-121.667211,38.323811,NA,"Cache Slough","Outside","USGSbenthic",2018-05-15,"SST3",NA,NA,NA,NA,NA,NA,"Ponar",2018,5,NA,NA,NA,NA,NA,"Macro","Other",NA,0
"USGSbenthic SST3 2018-05-15",-121.667211,38.323811,NA,"Cache Slough","Outside","USGSbenthic",2018-05-15,"SST3",NA,NA,NA,NA,NA,NA,"Ponar",2018,5,NA,NA,NA,NA,NA,"Macro","Potamocorbula",NA,0
"USGSbenthic SST3 2018-06-15",-121.667211,38.323811,NA,"Cache Slough","Outside","USGSbenthic",2018-06-15,"SST3",NA,NA,NA,NA,NA,NA,"Ponar",2018,6,NA,NA,NA,NA,NA,"Macro","Corbicula",NA,0
"USGSbenthic SST3 2018-06-15",-121.667211,38.323811,NA,"Cache Slough","Outside","USGSbenthic",2018-06-15,"SST3",NA,NA,NA,NA,NA,NA,"Ponar",2018,6,NA,NA,NA,NA,NA,"Macro","Other",NA,20
"USGSbenthic SST3 2018-06-15",-121.667211,38.323811,NA,"Cache Slough","Outside","USGSbenthic",2018-06-15,"SST3",NA,NA,NA,NA,NA,NA,"Ponar",2018,6,NA,NA,NA,NA,NA,"Macro","Potamocorbula",NA,0
"USGSbenthic SST3 2018-08-15",-121.667211,38.323811,NA,"Cache Slough","Outside","USGSbenthic",2018-08-15,"SST3",NA,NA,NA,NA,NA,NA,"Ponar",2018,8,NA,NA,NA,NA,NA,"Macro","Corbicula",NA,660
"USGSbenthic SST3 2018-08-15",-121.667211,38.323811,NA,"Cache Slough","Outside","USGSbenthic",2018-08-15,"SST3",NA,NA,NA,NA,NA,NA,"Ponar",2018,8,NA,NA,NA,NA,NA,"Macro","Other",NA,120
"USGSbenthic SST3 2018-08-15",-121.667211,38.323811,NA,"Cache Slough","Outside","USGSbenthic",2018-08-15,"SST3",NA,NA,NA,NA,NA,NA,"Ponar",2018,8,NA,NA,NA,NA,NA,"Macro","Potamocorbula",NA,0
"USGSbenthic SST3 2018-10-15",-121.667211,38.323811,NA,"Cache Slough","Outside","USGSbenthic",2018-10-15,"SST3",NA,NA,NA,NA,NA,NA,"Ponar",2018,10,NA,NA,NA,NA,NA,"Macro","Corbicula",NA,220
"USGSbenthic SST3 2018-10-15",-121.667211,38.323811,NA,"Cache Slough","Outside","USGSbenthic",2018-10-15,"SST3",NA,NA,NA,NA,NA,NA,"Ponar",2018,10,NA,NA,NA,NA,NA,"Macro","Other",NA,20
"USGSbenthic SST3 2018-10-15",-121.667211,38.323811,NA,"Cache Slough","Outside","USGSbenthic",2018-10-15,"SST3",NA,NA,NA,NA,NA,NA,"Ponar",2018,10,NA,NA,NA,NA,NA,"Macro","Potamocorbula",NA,0
"USGSbenthic SST4 2017-07-15",-121.667217,38.315908,NA,"Cache Slough","Outside","USGSbenthic",2017-07-15,"SST4",NA,NA,NA,NA,NA,NA,"Ponar",2017,7,NA,NA,NA,NA,NA,"Macro","Corbicula",NA,20
"USGSbenthic SST4 2017-07-15",-121.667217,38.315908,NA,"Cache Slough","Outside","USGSbenthic",2017-07-15,"SST4",NA,NA,NA,NA,NA,NA,"Ponar",2017,7,NA,NA,NA,NA,NA,"Macro","Other",NA,0
"USGSbenthic SST4 2017-07-15",-121.667217,38.315908,NA,"Cache Slough","Outside","USGSbenthic",2017-07-15,"SST4",NA,NA,NA,NA,NA,NA,"Ponar",2017,7,NA,NA,NA,NA,NA,"Macro","Potamocorbula",NA,0
"USGSbenthic SST4 2017-10-15",-121.667217,38.315908,NA,"Cache Slough","Outside","USGSbenthic",2017-10-15,"SST4",NA,NA,NA,NA,NA,NA,"Ponar",2017,10,NA,NA,NA,NA,NA,"Macro","Corbicula",NA,340
"USGSbenthic SST4 2017-10-15",-121.667217,38.315908,NA,"Cache Slough","Outside","USGSbenthic",2017-10-15,"SST4",NA,NA,NA,NA,NA,NA,"Ponar",2017,10,NA,NA,NA,NA,NA,"Macro","Other",NA,0
"USGSbenthic SST4 2017-10-15",-121.667217,38.315908,NA,"Cache Slough","Outside","USGSbenthic",2017-10-15,"SST4",NA,NA,NA,NA,NA,NA,"Ponar",2017,10,NA,NA,NA,NA,NA,"Macro","Potamocorbula",NA,0
"USGSbenthic SST4 2018-05-15",-121.667217,38.315908,NA,"Cache Slough","Outside","USGSbenthic",2018-05-15,"SST4",NA,NA,NA,NA,NA,NA,"Ponar",2018,5,NA,NA,NA,NA,NA,"Macro","Corbicula",NA,960
"USGSbenthic SST4 2018-05-15",-121.667217,38.315908,NA,"Cache Slough","Outside","USGSbenthic",2018-05-15,"SST4",NA,NA,NA,NA,NA,NA,"Ponar",2018,5,NA,NA,NA,NA,NA,"Macro","Other",NA,0
"USGSbenthic SST4 2018-05-15",-121.667217,38.315908,NA,"Cache Slough","Outside","USGSbenthic",2018-05-15,"SST4",NA,NA,NA,NA,NA,NA,"Ponar",2018,5,NA,NA,NA,NA,NA,"Macro","Potamocorbula",NA,0
"USGSbenthic SST4 2018-06-15",-121.667217,38.315908,NA,"Cache Slough","Outside","USGSbenthic",2018-06-15,"SST4",NA,NA,NA,NA,NA,NA,"Ponar",2018,6,NA,NA,NA,NA,NA,"Macro","Corbicula",NA,1020
"USGSbenthic SST4 2018-06-15",-121.667217,38.315908,NA,"Cache Slough","Outside","USGSbenthic",2018-06-15,"SST4",NA,NA,NA,NA,NA,NA,"Ponar",2018,6,NA,NA,NA,NA,NA,"Macro","Other",NA,140
"USGSbenthic SST4 2018-06-15",-121.667217,38.315908,NA,"Cache Slough","Outside","USGSbenthic",2018-06-15,"SST4",NA,NA,NA,NA,NA,NA,"Ponar",2018,6,NA,NA,NA,NA,NA,"Macro","Potamocorbula",NA,0
"USGSbenthic SST4 2018-08-15",-121.667217,38.315908,NA,"Cache Slough","Outside","USGSbenthic",2018-08-15,"SST4",NA,NA,NA,NA,NA,NA,"Ponar",2018,8,NA,NA,NA,NA,NA,"Macro","Corbicula",NA,200
"USGSbenthic SST4 2018-08-15",-121.667217,38.315908,NA,"Cache Slough","Outside","USGSbenthic",2018-08-15,"SST4",NA,NA,NA,NA,NA,NA,"Ponar",2018,8,NA,NA,NA,NA,NA,"Macro","Other",NA,120
"USGSbenthic SST4 2018-08-15",-121.667217,38.315908,NA,"Cache Slough","Outside","USGSbenthic",2018-08-15,"SST4",NA,NA,NA,NA,NA,NA,"Ponar",2018,8,NA,NA,NA,NA,NA,"Macro","Potamocorbula",NA,0
"USGSbenthic SST4 2018-10-15",-121.667217,38.315908,NA,"Cache Slough","Outside","USGSbenthic",2018-10-15,"SST4",NA,NA,NA,NA,NA,NA,"Ponar",2018,10,NA,NA,NA,NA,NA,"Macro","Corbicula",NA,340
"USGSbenthic SST4 2018-10-15",-121.667217,38.315908,NA,"Cache Slough","Outside","USGSbenthic",2018-10-15,"SST4",NA,NA,NA,NA,NA,NA,"Ponar",2018,10,NA,NA,NA,NA,NA,"Macro","Other",NA,40
"USGSbenthic SST4 2018-10-15",-121.667217,38.315908,NA,"Cache Slough","Outside","USGSbenthic",2018-10-15,"SST4",NA,NA,NA,NA,NA,NA,"Ponar",2018,10,NA,NA,NA,NA,NA,"Macro","Potamocorbula",NA,0
"USGSbenthic SST5 2017-07-15",-121.667206,38.327864,NA,"Cache Slough","Outside","USGSbenthic",2017-07-15,"SST5",NA,NA,NA,NA,NA,NA,"Ponar",2017,7,NA,NA,NA,NA,NA,"Macro","Corbicula",NA,20
"USGSbenthic SST5 2017-07-15",-121.667206,38.327864,NA,"Cache Slough","Outside","USGSbenthic",2017-07-15,"SST5",NA,NA,NA,NA,NA,NA,"Ponar",2017,7,NA,NA,NA,NA,NA,"Macro","Other",NA,0
"USGSbenthic SST5 2017-07-15",-121.667206,38.327864,NA,"Cache Slough","Outside","USGSbenthic",2017-07-15,"SST5",NA,NA,NA,NA,NA,NA,"Ponar",2017,7,NA,NA,NA,NA,NA,"Macro","Potamocorbula",NA,0
"USGSbenthic SST5 2017-08-15",-121.667206,38.327864,NA,"Cache Slough","Outside","USGSbenthic",2017-08-15,"SST5",NA,NA,NA,NA,NA,NA,"Ponar",2017,8,NA,NA,NA,NA,NA,"Macro","Corbicula",NA,100
"USGSbenthic SST5 2017-08-15",-121.667206,38.327864,NA,"Cache Slough","Outside","USGSbenthic",2017-08-15,"SST5",NA,NA,NA,NA,NA,NA,"Ponar",2017,8,NA,NA,NA,NA,NA,"Macro","Other",NA,0
"USGSbenthic SST5 2017-08-15",-121.667206,38.327864,NA,"Cache Slough","Outside","USGSbenthic",2017-08-15,"SST5",NA,NA,NA,NA,NA,NA,"Ponar",2017,8,NA,NA,NA,NA,NA,"Macro","Potamocorbula",NA,0
"USGSbenthic SST5 2018-05-15",-121.667206,38.327864,NA,"Cache Slough","Outside","USGSbenthic",2018-05-15,"SST5",NA,NA,NA,NA,NA,NA,"Ponar",2018,5,NA,NA,NA,NA,NA,"Macro","Corbicula",NA,760
"USGSbenthic SST5 2018-05-15",-121.667206,38.327864,NA,"Cache Slough","Outside","USGSbenthic",2018-05-15,"SST5",NA,NA,NA,NA,NA,NA,"Ponar",2018,5,NA,NA,NA,NA,NA,"Macro","Other",NA,20
"USGSbenthic SST5 2018-05-15",-121.667206,38.327864,NA,"Cache Slough","Outside","USGSbenthic",2018-05-15,"SST5",NA,NA,NA,NA,NA,NA,"Ponar",2018,5,NA,NA,NA,NA,NA,"Macro","Potamocorbula",NA,0
"USGSbenthic SST5 2018-06-15",-121.667206,38.327864,NA,"Cache Slough","Outside","USGSbenthic",2018-06-15,"SST5",NA,NA,NA,NA,NA,NA,"Ponar",2018,6,NA,NA,NA,NA,NA,"Macro","Corbicula",NA,160
"USGSbenthic SST5 2018-06-15",-121.667206,38.327864,NA,"Cache Slough","Outside","USGSbenthic",2018-06-15,"SST5",NA,NA,NA,NA,NA,NA,"Ponar",2018,6,NA,NA,NA,NA,NA,"Macro","Other",NA,0
"USGSbenthic SST5 2018-06-15",-121.667206,38.327864,NA,"Cache Slough","Outside","USGSbenthic",2018-06-15,"SST5",NA,NA,NA,NA,NA,NA,"Ponar",2018,6,NA,NA,NA,NA,NA,"Macro","Potamocorbula",NA,0
"USGSbenthic SST5 2018-08-15",-121.667206,38.327864,NA,"Cache Slough","Outside","USGSbenthic",2018-08-15,"SST5",NA,NA,NA,NA,NA,NA,"Ponar",2018,8,NA,NA,NA,NA,NA,"Macro","Corbicula",NA,200
"USGSbenthic SST5 2018-08-15",-121.667206,38.327864,NA,"Cache Slough","Outside","USGSbenthic",2018-08-15,"SST5",NA,NA,NA,NA,NA,NA,"Ponar",2018,8,NA,NA,NA,NA,NA,"Macro","Other",NA,100
"USGSbenthic SST5 2018-08-15",-121.667206,38.327864,NA,"Cache Slough","Outside","USGSbenthic",2018-08-15,"SST5",NA,NA,NA,NA,NA,NA,"Ponar",2018,8,NA,NA,NA,NA,NA,"Macro","Potamocorbula",NA,0
"USGSbenthic SST6 2017-07-15",-121.667206,38.330156,NA,"Cache Slough","Outside","USGSbenthic",2017-07-15,"SST6",NA,NA,NA,NA,NA,NA,"Ponar",2017,7,NA,NA,NA,NA,NA,"Macro","Corbicula",NA,180
"USGSbenthic SST6 2017-07-15",-121.667206,38.330156,NA,"Cache Slough","Outside","USGSbenthic",2017-07-15,"SST6",NA,NA,NA,NA,NA,NA,"Ponar",2017,7,NA,NA,NA,NA,NA,"Macro","Other",NA,0
"USGSbenthic SST6 2017-07-15",-121.667206,38.330156,NA,"Cache Slough","Outside","USGSbenthic",2017-07-15,"SST6",NA,NA,NA,NA,NA,NA,"Ponar",2017,7,NA,NA,NA,NA,NA,"Macro","Potamocorbula",NA,0
"USGSbenthic SST6 2017-08-15",-121.667206,38.330156,NA,"Cache Slough","Outside","USGSbenthic",2017-08-15,"SST6",NA,NA,NA,NA,NA,NA,"Ponar",2017,8,NA,NA,NA,NA,NA,"Macro","Corbicula",NA,80
"USGSbenthic SST6 2017-08-15",-121.667206,38.330156,NA,"Cache Slough","Outside","USGSbenthic",2017-08-15,"SST6",NA,NA,NA,NA,NA,NA,"Ponar",2017,8,NA,NA,NA,NA,NA,"Macro","Other",NA,0
"USGSbenthic SST6 2017-08-15",-121.667206,38.330156,NA,"Cache Slough","Outside","USGSbenthic",2017-08-15,"SST6",NA,NA,NA,NA,NA,NA,"Ponar",2017,8,NA,NA,NA,NA,NA,"Macro","Potamocorbula",NA,0
"USGSbenthic SST6 2018-05-15",-121.667206,38.330156,NA,"Cache Slough","Outside","USGSbenthic",2018-05-15,"SST6",NA,NA,NA,NA,NA,NA,"Ponar",2018,5,NA,NA,NA,NA,NA,"Macro","Corbicula",NA,300
"USGSbenthic SST6 2018-05-15",-121.667206,38.330156,NA,"Cache Slough","Outside","USGSbenthic",2018-05-15,"SST6",NA,NA,NA,NA,NA,NA,"Ponar",2018,5,NA,NA,NA,NA,NA,"Macro","Other",NA,20
"USGSbenthic SST6 2018-05-15",-121.667206,38.330156,NA,"Cache Slough","Outside","USGSbenthic",2018-05-15,"SST6",NA,NA,NA,NA,NA,NA,"Ponar",2018,5,NA,NA,NA,NA,NA,"Macro","Potamocorbula",NA,0
"USGSbenthic SST6 2018-06-15",-121.667206,38.330156,NA,"Cache Slough","Outside","USGSbenthic",2018-06-15,"SST6",NA,NA,NA,NA,NA,NA,"Ponar",2018,6,NA,NA,NA,NA,NA,"Macro","Corbicula",NA,580
"USGSbenthic SST6 2018-06-15",-121.667206,38.330156,NA,"Cache Slough","Outside","USGSbenthic",2018-06-15,"SST6",NA,NA,NA,NA,NA,NA,"Ponar",2018,6,NA,NA,NA,NA,NA,"Macro","Other",NA,60
"USGSbenthic SST6 2018-06-15",-121.667206,38.330156,NA,"Cache Slough","Outside","USGSbenthic",2018-06-15,"SST6",NA,NA,NA,NA,NA,NA,"Ponar",2018,6,NA,NA,NA,NA,NA,"Macro","Potamocorbula",NA,0
"USGSbenthic SST6 2018-08-15",-121.667206,38.330156,NA,"Cache Slough","Outside","USGSbenthic",2018-08-15,"SST6",NA,NA,NA,NA,NA,NA,"Ponar",2018,8,NA,NA,NA,NA,NA,"Macro","Corbicula",NA,40
"USGSbenthic SST6 2018-08-15",-121.667206,38.330156,NA,"Cache Slough","Outside","USGSbenthic",2018-08-15,"SST6",NA,NA,NA,NA,NA,NA,"Ponar",2018,8,NA,NA,NA,NA,NA,"Macro","Other",NA,0
"USGSbenthic SST6 2018-08-15",-121.667206,38.330156,NA,"Cache Slough","Outside","USGSbenthic",2018-08-15,"SST6",NA,NA,NA,NA,NA,NA,"Ponar",2018,8,NA,NA,NA,NA,NA,"Macro","Potamocorbula",NA,0
"USGSbenthic SST6 2018-10-15",-121.667206,38.330156,NA,"Cache Slough","Outside","USGSbenthic",2018-10-15,"SST6",NA,NA,NA,NA,NA,NA,"Ponar",2018,10,NA,NA,NA,NA,NA,"Macro","Corbicula",NA,300
"USGSbenthic SST6 2018-10-15",-121.667206,38.330156,NA,"Cache Slough","Outside","USGSbenthic",2018-10-15,"SST6",NA,NA,NA,NA,NA,NA,"Ponar",2018,10,NA,NA,NA,NA,NA,"Macro","Other",NA,80
"USGSbenthic SST6 2018-10-15",-121.667206,38.330156,NA,"Cache Slough","Outside","USGSbenthic",2018-10-15,"SST6",NA,NA,NA,NA,NA,NA,"Ponar",2018,10,NA,NA,NA,NA,NA,"Macro","Potamocorbula",NA,0
"USGSbenthic SST7 2017-07-15",-121.667225,38.333283,NA,"Cache Slough","Outside","USGSbenthic",2017-07-15,"SST7",NA,NA,NA,NA,NA,NA,"Ponar",2017,7,NA,NA,NA,NA,NA,"Macro","Corbicula",NA,100
"USGSbenthic SST7 2017-07-15",-121.667225,38.333283,NA,"Cache Slough","Outside","USGSbenthic",2017-07-15,"SST7",NA,NA,NA,NA,NA,NA,"Ponar",2017,7,NA,NA,NA,NA,NA,"Macro","Other",NA,0
"USGSbenthic SST7 2017-07-15",-121.667225,38.333283,NA,"Cache Slough","Outside","USGSbenthic",2017-07-15,"SST7",NA,NA,NA,NA,NA,NA,"Ponar",2017,7,NA,NA,NA,NA,NA,"Macro","Potamocorbula",NA,0
"USGSbenthic SST7 2017-08-15",-121.667225,38.333283,NA,"Cache Slough","Outside","USGSbenthic",2017-08-15,"SST7",NA,NA,NA,NA,NA,NA,"Ponar",2017,8,NA,NA,NA,NA,NA,"Macro","Corbicula",NA,120
"USGSbenthic SST7 2017-08-15",-121.667225,38.333283,NA,"Cache Slough","Outside","USGSbenthic",2017-08-15,"SST7",NA,NA,NA,NA,NA,NA,"Ponar",2017,8,NA,NA,NA,NA,NA,"Macro","Other",NA,0
"USGSbenthic SST7 2017-08-15",-121.667225,38.333283,NA,"Cache Slough","Outside","USGSbenthic",2017-08-15,"SST7",NA,NA,NA,NA,NA,NA,"Ponar",2017,8,NA,NA,NA,NA,NA,"Macro","Potamocorbula",NA,0
"USGSbenthic SST7 2018-05-15",-121.667225,38.333283,NA,"Cache Slough","Outside","USGSbenthic",2018-05-15,"SST7",NA,NA,NA,NA,NA,NA,"Ponar",2018,5,NA,NA,NA,NA,NA,"Macro","Corbicula",NA,1240
"USGSbenthic SST7 2018-05-15",-121.667225,38.333283,NA,"Cache Slough","Outside","USGSbenthic",2018-05-15,"SST7",NA,NA,NA,NA,NA,NA,"Ponar",2018,5,NA,NA,NA,NA,NA,"Macro","Other",NA,80
"USGSbenthic SST7 2018-05-15",-121.667225,38.333283,NA,"Cache Slough","Outside","USGSbenthic",2018-05-15,"SST7",NA,NA,NA,NA,NA,NA,"Ponar",2018,5,NA,NA,NA,NA,NA,"Macro","Potamocorbula",NA,0
"USGSbenthic SST7 2018-06-15",-121.667225,38.333283,NA,"Cache Slough","Outside","USGSbenthic",2018-06-15,"SST7",NA,NA,NA,NA,NA,NA,"Ponar",2018,6,NA,NA,NA,NA,NA,"Macro","Corbicula",NA,320
"USGSbenthic SST7 2018-06-15",-121.667225,38.333283,NA,"Cache Slough","Outside","USGSbenthic",2018-06-15,"SST7",NA,NA,NA,NA,NA,NA,"Ponar",2018,6,NA,NA,NA,NA,NA,"Macro","Other",NA,20
"USGSbenthic SST7 2018-06-15",-121.667225,38.333283,NA,"Cache Slough","Outside","USGSbenthic",2018-06-15,"SST7",NA,NA,NA,NA,NA,NA,"Ponar",2018,6,NA,NA,NA,NA,NA,"Macro","Potamocorbula",NA,0
"USGSbenthic SST7 2018-08-15",-121.667225,38.333283,NA,"Cache Slough","Outside","USGSbenthic",2018-08-15,"SST7",NA,NA,NA,NA,NA,NA,"Ponar",2018,8,NA,NA,NA,NA,NA,"Macro","Corbicula",NA,40
"USGSbenthic SST7 2018-08-15",-121.667225,38.333283,NA,"Cache Slough","Outside","USGSbenthic",2018-08-15,"SST7",NA,NA,NA,NA,NA,NA,"Ponar",2018,8,NA,NA,NA,NA,NA,"Macro","Other",NA,20
"USGSbenthic SST7 2018-08-15",-121.667225,38.333283,NA,"Cache Slough","Outside","USGSbenthic",2018-08-15,"SST7",NA,NA,NA,NA,NA,NA,"Ponar",2018,8,NA,NA,NA,NA,NA,"Macro","Potamocorbula",NA,0
"USGSbenthic SST8 2017-07-15",-121.667156,38.335953,NA,"Cache Slough","Outside","USGSbenthic",2017-07-15,"SST8",NA,NA,NA,NA,NA,NA,"Ponar",2017,7,NA,NA,NA,NA,NA,"Macro","Corbicula",NA,80
"USGSbenthic SST8 2017-07-15",-121.667156,38.335953,NA,"Cache Slough","Outside","USGSbenthic",2017-07-15,"SST8",NA,NA,NA,NA,NA,NA,"Ponar",2017,7,NA,NA,NA,NA,NA,"Macro","Other",NA,0
"USGSbenthic SST8 2017-07-15",-121.667156,38.335953,NA,"Cache Slough","Outside","USGSbenthic",2017-07-15,"SST8",NA,NA,NA,NA,NA,NA,"Ponar",2017,7,NA,NA,NA,NA,NA,"Macro","Potamocorbula",NA,0
"USGSbenthic SST8 2017-08-15",-121.667156,38.335953,NA,"Cache Slough","Outside","USGSbenthic",2017-08-15,"SST8",NA,NA,NA,NA,NA,NA,"Ponar",2017,8,NA,NA,NA,NA,NA,"Macro","Corbicula",NA,80
"USGSbenthic SST8 2017-08-15",-121.667156,38.335953,NA,"Cache Slough","Outside","USGSbenthic",2017-08-15,"SST8",NA,NA,NA,NA,NA,NA,"Ponar",2017,8,NA,NA,NA,NA,NA,"Macro","Other",NA,20
"USGSbenthic SST8 2017-08-15",-121.667156,38.335953,NA,"Cache Slough","Outside","USGSbenthic",2017-08-15,"SST8",NA,NA,NA,NA,NA,NA,"Ponar",2017,8,NA,NA,NA,NA,NA,"Macro","Potamocorbula",NA,0
"USGSbenthic SST8 2017-10-15",-121.667156,38.335953,NA,"Cache Slough","Outside","USGSbenthic",2017-10-15,"SST8",NA,NA,NA,NA,NA,NA,"Ponar",2017,10,NA,NA,NA,NA,NA,"Macro","Corbicula",NA,180
"USGSbenthic SST8 2017-10-15",-121.667156,38.335953,NA,"Cache Slough","Outside","USGSbenthic",2017-10-15,"SST8",NA,NA,NA,NA,NA,NA,"Ponar",2017,10,NA,NA,NA,NA,NA,"Macro","Other",NA,0
"USGSbenthic SST8 2017-10-15",-121.667156,38.335953,NA,"Cache Slough","Outside","USGSbenthic",2017-10-15,"SST8",NA,NA,NA,NA,NA,NA,"Ponar",2017,10,NA,NA,NA,NA,NA,"Macro","Potamocorbula",NA,0
"USGSbenthic SST8 2018-05-15",-121.667156,38.335953,NA,"Cache Slough","Outside","USGSbenthic",2018-05-15,"SST8",NA,NA,NA,NA,NA,NA,"Ponar",2018,5,NA,NA,NA,NA,NA,"Macro","Corbicula",NA,4000
"USGSbenthic SST8 2018-05-15",-121.667156,38.335953,NA,"Cache Slough","Outside","USGSbenthic",2018-05-15,"SST8",NA,NA,NA,NA,NA,NA,"Ponar",2018,5,NA,NA,NA,NA,NA,"Macro","Other",NA,120
"USGSbenthic SST8 2018-05-15",-121.667156,38.335953,NA,"Cache Slough","Outside","USGSbenthic",2018-05-15,"SST8",NA,NA,NA,NA,NA,NA,"Ponar",2018,5,NA,NA,NA,NA,NA,"Macro","Potamocorbula",NA,0
"USGSbenthic SST8 2018-06-15",-121.667156,38.335953,NA,"Cache Slough","Outside","USGSbenthic",2018-06-15,"SST8",NA,NA,NA,NA,NA,NA,"Ponar",2018,6,NA,NA,NA,NA,NA,"Macro","Corbicula",NA,720
"USGSbenthic SST8 2018-06-15",-121.667156,38.335953,NA,"Cache Slough","Outside","USGSbenthic",2018-06-15,"SST8",NA,NA,NA,NA,NA,NA,"Ponar",2018,6,NA,NA,NA,NA,NA,"Macro","Other",NA,100
"USGSbenthic SST8 2018-06-15",-121.667156,38.335953,NA,"Cache Slough","Outside","USGSbenthic",2018-06-15,"SST8",NA,NA,NA,NA,NA,NA,"Ponar",2018,6,NA,NA,NA,NA,NA,"Macro","Potamocorbula",NA,0
"USGSbenthic SST8 2018-08-15",-121.667156,38.335953,NA,"Cache Slough","Outside","USGSbenthic",2018-08-15,"SST8",NA,NA,NA,NA,NA,NA,"Ponar",2018,8,NA,NA,NA,NA,NA,"Macro","Corbicula",NA,140
"USGSbenthic SST8 2018-08-15",-121.667156,38.335953,NA,"Cache Slough","Outside","USGSbenthic",2018-08-15,"SST8",NA,NA,NA,NA,NA,NA,"Ponar",2018,8,NA,NA,NA,NA,NA,"Macro","Other",NA,20
"USGSbenthic SST8 2018-08-15",-121.667156,38.335953,NA,"Cache Slough","Outside","USGSbenthic",2018-08-15,"SST8",NA,NA,NA,NA,NA,NA,"Ponar",2018,8,NA,NA,NA,NA,NA,"Macro","Potamocorbula",NA,0
"USGSbenthic SST8 2018-10-15",-121.667156,38.335953,NA,"Cache Slough","Outside","USGSbenthic",2018-10-15,"SST8",NA,NA,NA,NA,NA,NA,"Ponar",2018,10,NA,NA,NA,NA,NA,"Macro","Corbicula",NA,500
"USGSbenthic SST8 2018-10-15",-121.667156,38.335953,NA,"Cache Slough","Outside","USGSbenthic",2018-10-15,"SST8",NA,NA,NA,NA,NA,NA,"Ponar",2018,10,NA,NA,NA,NA,NA,"Macro","Other",NA,40
"USGSbenthic SST8 2018-10-15",-121.667156,38.335953,NA,"Cache Slough","Outside","USGSbenthic",2018-10-15,"SST8",NA,NA,NA,NA,NA,NA,"Ponar",2018,10,NA,NA,NA,NA,NA,"Macro","Potamocorbula",NA,0
"USGSbenthic SST_1 2017-06-15",-121.667133,38.297027,NA,"Cache Slough","Outside","USGSbenthic",2017-06-15,"SST_1",NA,NA,NA,NA,NA,NA,"Ponar",2017,6,NA,NA,NA,NA,NA,"Macro","Corbicula",NA,1520
"USGSbenthic SST_1 2017-06-15",-121.667133,38.297027,NA,"Cache Slough","Outside","USGSbenthic",2017-06-15,"SST_1",NA,NA,NA,NA,NA,NA,"Ponar",2017,6,NA,NA,NA,NA,NA,"Macro","Other",NA,0
"USGSbenthic SST_1 2017-06-15",-121.667133,38.297027,NA,"Cache Slough","Outside","USGSbenthic",2017-06-15,"SST_1",NA,NA,NA,NA,NA,NA,"Ponar",2017,6,NA,NA,NA,NA,NA,"Macro","Potamocorbula",NA,0
"USGSbenthic SST_1 2017-07-15",-121.667133,38.297027,NA,"Cache Slough","Outside","USGSbenthic",2017-07-15,"SST_1",NA,NA,NA,NA,NA,NA,"Ponar",2017,7,NA,NA,NA,NA,NA,"Macro","Corbicula",NA,1280
"USGSbenthic SST_1 2017-07-15",-121.667133,38.297027,NA,"Cache Slough","Outside","USGSbenthic",2017-07-15,"SST_1",NA,NA,NA,NA,NA,NA,"Ponar",2017,7,NA,NA,NA,NA,NA,"Macro","Other",NA,0
"USGSbenthic SST_1 2017-07-15",-121.667133,38.297027,NA,"Cache Slough","Outside","USGSbenthic",2017-07-15,"SST_1",NA,NA,NA,NA,NA,NA,"Ponar",2017,7,NA,NA,NA,NA,NA,"Macro","Potamocorbula",NA,0
"USGSbenthic SST_1 2017-10-15",-121.667133,38.297027,NA,"Cache Slough","Outside","USGSbenthic",2017-10-15,"SST_1",NA,NA,NA,NA,NA,NA,"Ponar",2017,10,NA,NA,NA,NA,NA,"Macro","Corbicula",NA,3780
"USGSbenthic SST_1 2017-10-15",-121.667133,38.297027,NA,"Cache Slough","Outside","USGSbenthic",2017-10-15,"SST_1",NA,NA,NA,NA,NA,NA,"Ponar",2017,10,NA,NA,NA,NA,NA,"Macro","Other",NA,0
"USGSbenthic SST_1 2017-10-15",-121.667133,38.297027,NA,"Cache Slough","Outside","USGSbenthic",2017-10-15,"SST_1",NA,NA,NA,NA,NA,NA,"Ponar",2017,10,NA,NA,NA,NA,NA,"Macro","Potamocorbula",NA,0
"USGSbenthic SST_1 2018-10-15",-121.667133,38.297027,NA,"Cache Slough","Outside","USGSbenthic",2018-10-15,"SST_1",NA,NA,NA,NA,NA,NA,"Ponar",2018,10,NA,NA,NA,NA,NA,"Macro","Corbicula",NA,9420
"USGSbenthic SST_1 2018-10-15",-121.667133,38.297027,NA,"Cache Slough","Outside","USGSbenthic",2018-10-15,"SST_1",NA,NA,NA,NA,NA,NA,"Ponar",2018,10,NA,NA,NA,NA,NA,"Macro","Other",NA,20
"USGSbenthic SST_1 2018-10-15",-121.667133,38.297027,NA,"Cache Slough","Outside","USGSbenthic",2018-10-15,"SST_1",NA,NA,NA,NA,NA,NA,"Ponar",2018,10,NA,NA,NA,NA,NA,"Macro","Potamocorbula",NA,0
"USGSbenthic SST_2 2017-06-15",-121.667276,38.30849,NA,"Cache Slough","Outside","USGSbenthic",2017-06-15,"SST_2",NA,NA,NA,NA,NA,NA,"Ponar",2017,6,NA,NA,NA,NA,NA,"Macro","Corbicula",NA,80
"USGSbenthic SST_2 2017-06-15",-121.667276,38.30849,NA,"Cache Slough","Outside","USGSbenthic",2017-06-15,"SST_2",NA,NA,NA,NA,NA,NA,"Ponar",2017,6,NA,NA,NA,NA,NA,"Macro","Other",NA,0
"USGSbenthic SST_2 2017-06-15",-121.667276,38.30849,NA,"Cache Slough","Outside","USGSbenthic",2017-06-15,"SST_2",NA,NA,NA,NA,NA,NA,"Ponar",2017,6,NA,NA,NA,NA,NA,"Macro","Potamocorbula",NA,0
"USGSbenthic SST_2 2017-07-15",-121.667276,38.30849,NA,"Cache Slough","Outside","USGSbenthic",2017-07-15,"SST_2",NA,NA,NA,NA,NA,NA,"Ponar",2017,7,NA,NA,NA,NA,NA,"Macro","Corbicula",NA,200
"USGSbenthic SST_2 2017-07-15",-121.667276,38.30849,NA,"Cache Slough","Outside","USGSbenthic",2017-07-15,"SST_2",NA,NA,NA,NA,NA,NA,"Ponar",2017,7,NA,NA,NA,NA,NA,"Macro","Other",NA,0
"USGSbenthic SST_2 2017-07-15",-121.667276,38.30849,NA,"Cache Slough","Outside","USGSbenthic",2017-07-15,"SST_2",NA,NA,NA,NA,NA,NA,"Ponar",2017,7,NA,NA,NA,NA,NA,"Macro","Potamocorbula",NA,0
"USGSbenthic SST_2 2017-10-15",-121.667276,38.30849,NA,"Cache Slough","Outside","USGSbenthic",2017-10-15,"SST_2",NA,NA,NA,NA,NA,NA,"Ponar",2017,10,NA,NA,NA,NA,NA,"Macro","Corbicula",NA,140
"USGSbenthic SST_2 2017-10-15",-121.667276,38.30849,NA,"Cache Slough","Outside","USGSbenthic",2017-10-15,"SST_2",NA,NA,NA,NA,NA,NA,"Ponar",2017,10,NA,NA,NA,NA,NA,"Macro","Other",NA,0
"USGSbenthic SST_2 2017-10-15",-121.667276,38.30849,NA,"Cache Slough","Outside","USGSbenthic",2017-10-15,"SST_2",NA,NA,NA,NA,NA,NA,"Ponar",2017,10,NA,NA,NA,NA,NA,"Macro","Potamocorbula",NA,0
"USGSbenthic SST_2 2018-10-15",-121.667276,38.30849,NA,"Cache Slough","Outside","USGSbenthic",2018-10-15,"SST_2",NA,NA,NA,NA,NA,NA,"Ponar",2018,10,NA,NA,NA,NA,NA,"Macro","Corbicula",NA,300
"USGSbenthic SST_2 2018-10-15",-121.667276,38.30849,NA,"Cache Slough","Outside","USGSbenthic",2018-10-15,"SST_2",NA,NA,NA,NA,NA,NA,"Ponar",2018,10,NA,NA,NA,NA,NA,"Macro","Other",NA,140
"USGSbenthic SST_2 2018-10-15",-121.667276,38.30849,NA,"Cache Slough","Outside","USGSbenthic",2018-10-15,"SST_2",NA,NA,NA,NA,NA,NA,"Ponar",2018,10,NA,NA,NA,NA,NA,"Macro","Potamocorbula",NA,0
"USGSbenthic TD_1 2017-07-15",-121.643335,38.352968,NA,"Cache Slough","Outside","USGSbenthic",2017-07-15,"TD_1",NA,NA,NA,NA,NA,NA,"Ponar",2017,7,NA,NA,NA,NA,NA,"Macro","Corbicula",NA,300
"USGSbenthic TD_1 2017-07-15",-121.643335,38.352968,NA,"Cache Slough","Outside","USGSbenthic",2017-07-15,"TD_1",NA,NA,NA,NA,NA,NA,"Ponar",2017,7,NA,NA,NA,NA,NA,"Macro","Other",NA,0
"USGSbenthic TD_1 2017-07-15",-121.643335,38.352968,NA,"Cache Slough","Outside","USGSbenthic",2017-07-15,"TD_1",NA,NA,NA,NA,NA,NA,"Ponar",2017,7,NA,NA,NA,NA,NA,"Macro","Potamocorbula",NA,0
"USGSbenthic TD_4 2017-03-15",-121.654031,38.319974,NA,"Cache Slough","Outside","USGSbenthic",2017-03-15,"TD_4",NA,NA,NA,NA,NA,NA,"Ponar",2017,3,NA,NA,NA,NA,NA,"Macro","Corbicula",NA,60
"USGSbenthic TD_4 2017-03-15",-121.654031,38.319974,NA,"Cache Slough","Outside","USGSbenthic",2017-03-15,"TD_4",NA,NA,NA,NA,NA,NA,"Ponar",2017,3,NA,NA,NA,NA,NA,"Macro","Other",NA,0
"USGSbenthic TD_4 2017-03-15",-121.654031,38.319974,NA,"Cache Slough","Outside","USGSbenthic",2017-03-15,"TD_4",NA,NA,NA,NA,NA,NA,"Ponar",2017,3,NA,NA,NA,NA,NA,"Macro","Potamocorbula",NA,0
"USGSbenthic TD_4 2017-06-15",-121.654031,38.319974,NA,"Cache Slough","Outside","USGSbenthic",2017-06-15,"TD_4",NA,NA,NA,NA,NA,NA,"Ponar",2017,6,NA,NA,NA,NA,NA,"Macro","Corbicula",NA,0
"USGSbenthic TD_4 2017-06-15",-121.654031,38.319974,NA,"Cache Slough","Outside","USGSbenthic",2017-06-15,"TD_4",NA,NA,NA,NA,NA,NA,"Ponar",2017,6,NA,NA,NA,NA,NA,"Macro","Other",NA,0
"USGSbenthic TD_4 2017-06-15",-121.654031,38.319974,NA,"Cache Slough","Outside","USGSbenthic",2017-06-15,"TD_4",NA,NA,NA,NA,NA,NA,"Ponar",2017,6,NA,NA,NA,NA,NA,"Macro","Potamocorbula",NA,0
"USGSbenthic TD_4 2017-07-15",-121.654031,38.319974,NA,"Cache Slough","Outside","USGSbenthic",2017-07-15,"TD_4",NA,NA,NA,NA,NA,NA,"Ponar",2017,7,NA,NA,NA,NA,NA,"Macro","Corbicula",NA,20
"USGSbenthic TD_4 2017-07-15",-121.654031,38.319974,NA,"Cache Slough","Outside","USGSbenthic",2017-07-15,"TD_4",NA,NA,NA,NA,NA,NA,"Ponar",2017,7,NA,NA,NA,NA,NA,"Macro","Other",NA,0
"USGSbenthic TD_4 2017-07-15",-121.654031,38.319974,NA,"Cache Slough","Outside","USGSbenthic",2017-07-15,"TD_4",NA,NA,NA,NA,NA,NA,"Ponar",2017,7,NA,NA,NA,NA,NA,"Macro","Potamocorbula",NA,0
"USGSbenthic TD_4 2017-08-15",-121.654031,38.319974,NA,"Cache Slough","Outside","USGSbenthic",2017-08-15,"TD_4",NA,NA,NA,NA,NA,NA,"Ponar",2017,8,NA,NA,NA,NA,NA,"Macro","Corbicula",NA,40
"USGSbenthic TD_4 2017-08-15",-121.654031,38.319974,NA,"Cache Slough","Outside","USGSbenthic",2017-08-15,"TD_4",NA,NA,NA,NA,NA,NA,"Ponar",2017,8,NA,NA,NA,NA,NA,"Macro","Other",NA,0
"USGSbenthic TD_4 2017-08-15",-121.654031,38.319974,NA,"Cache Slough","Outside","USGSbenthic",2017-08-15,"TD_4",NA,NA,NA,NA,NA,NA,"Ponar",2017,8,NA,NA,NA,NA,NA,"Macro","Potamocorbula",NA,0
"USGSbenthic WLD1 2017-06-15",-121.671378,38.335161,"LICB","Cache Slough","Inside","USGSbenthic",2017-06-15,"WLD1",NA,NA,NA,NA,NA,NA,"Ponar",2017,6,NA,NA,NA,NA,NA,"Macro","Corbicula",NA,2440
"USGSbenthic WLD1 2017-06-15",-121.671378,38.335161,"LICB","Cache Slough","Inside","USGSbenthic",2017-06-15,"WLD1",NA,NA,NA,NA,NA,NA,"Ponar",2017,6,NA,NA,NA,NA,NA,"Macro","Other",NA,180
"USGSbenthic WLD1 2017-06-15",-121.671378,38.335161,"LICB","Cache Slough","Inside","USGSbenthic",2017-06-15,"WLD1",NA,NA,NA,NA,NA,NA,"Ponar",2017,6,NA,NA,NA,NA,NA,"Macro","Potamocorbula",NA,0
"USGSbenthic WLD1 2017-07-15",-121.671378,38.335161,"LICB","Cache Slough","Inside","USGSbenthic",2017-07-15,"WLD1",NA,NA,NA,NA,NA,NA,"Ponar",2017,7,NA,NA,NA,NA,NA,"Macro","Corbicula",NA,2640
"USGSbenthic WLD1 2017-07-15",-121.671378,38.335161,"LICB","Cache Slough","Inside","USGSbenthic",2017-07-15,"WLD1",NA,NA,NA,NA,NA,NA,"Ponar",2017,7,NA,NA,NA,NA,NA,"Macro","Other",NA,20
"USGSbenthic WLD1 2017-07-15",-121.671378,38.335161,"LICB","Cache Slough","Inside","USGSbenthic",2017-07-15,"WLD1",NA,NA,NA,NA,NA,NA,"Ponar",2017,7,NA,NA,NA,NA,NA,"Macro","Potamocorbula",NA,0
"USGSbenthic WLD1 2017-08-15",-121.671378,38.335161,"LICB","Cache Slough","Inside","USGSbenthic",2017-08-15,"WLD1",NA,NA,NA,NA,NA,NA,"Ponar",2017,8,NA,NA,NA,NA,NA,"Macro","Corbicula",NA,3200
"USGSbenthic WLD1 2017-08-15",-121.671378,38.335161,"LICB","Cache Slough","Inside","USGSbenthic",2017-08-15,"WLD1",NA,NA,NA,NA,NA,NA,"Ponar",2017,8,NA,NA,NA,NA,NA,"Macro","Other",NA,20
"USGSbenthic WLD1 2017-08-15",-121.671378,38.335161,"LICB","Cache Slough","Inside","USGSbenthic",2017-08-15,"WLD1",NA,NA,NA,NA,NA,NA,"Ponar",2017,8,NA,NA,NA,NA,NA,"Macro","Potamocorbula",NA,0
"USGSbenthic WLD1 2017-10-15",-121.671378,38.335161,"LICB","Cache Slough","Inside","USGSbenthic",2017-10-15,"WLD1",NA,NA,NA,NA,NA,NA,"Ponar",2017,10,NA,NA,NA,NA,NA,"Macro","Corbicula",NA,1300
"USGSbenthic WLD1 2017-10-15",-121.671378,38.335161,"LICB","Cache Slough","Inside","USGSbenthic",2017-10-15,"WLD1",NA,NA,NA,NA,NA,NA,"Ponar",2017,10,NA,NA,NA,NA,NA,"Macro","Other",NA,120
"USGSbenthic WLD1 2017-10-15",-121.671378,38.335161,"LICB","Cache Slough","Inside","USGSbenthic",2017-10-15,"WLD1",NA,NA,NA,NA,NA,NA,"Ponar",2017,10,NA,NA,NA,NA,NA,"Macro","Potamocorbula",NA,0
"USGSbenthic WLD1 2018-05-15",-121.671378,38.335161,"LICB","Cache Slough","Inside","USGSbenthic",2018-05-15,"WLD1",NA,NA,NA,NA,NA,NA,"Ponar",2018,5,NA,NA,NA,NA,NA,"Macro","Corbicula",NA,3260
"USGSbenthic WLD1 2018-05-15",-121.671378,38.335161,"LICB","Cache Slough","Inside","USGSbenthic",2018-05-15,"WLD1",NA,NA,NA,NA,NA,NA,"Ponar",2018,5,NA,NA,NA,NA,NA,"Macro","Other",NA,400
"USGSbenthic WLD1 2018-05-15",-121.671378,38.335161,"LICB","Cache Slough","Inside","USGSbenthic",2018-05-15,"WLD1",NA,NA,NA,NA,NA,NA,"Ponar",2018,5,NA,NA,NA,NA,NA,"Macro","Potamocorbula",NA,0
"USGSbenthic WLD1 2018-06-15",-121.671378,38.335161,"LICB","Cache Slough","Inside","USGSbenthic",2018-06-15,"WLD1",NA,NA,NA,NA,NA,NA,"Ponar",2018,6,NA,NA,NA,NA,NA,"Macro","Corbicula",NA,2500
"USGSbenthic WLD1 2018-06-15",-121.671378,38.335161,"LICB","Cache Slough","Inside","USGSbenthic",2018-06-15,"WLD1",NA,NA,NA,NA,NA,NA,"Ponar",2018,6,NA,NA,NA,NA,NA,"Macro","Other",NA,0
"USGSbenthic WLD1 2018-06-15",-121.671378,38.335161,"LICB","Cache Slough","Inside","USGSbenthic",2018-06-15,"WLD1",NA,NA,NA,NA,NA,NA,"Ponar",2018,6,NA,NA,NA,NA,NA,"Macro","Potamocorbula",NA,0
"USGSbenthic WLD1 2018-08-15",-121.671378,38.335161,"LICB","Cache Slough","Inside","USGSbenthic",2018-08-15,"WLD1",NA,NA,NA,NA,NA,NA,"Ponar",2018,8,NA,NA,NA,NA,NA,"Macro","Corbicula",NA,0
"USGSbenthic WLD1 2018-08-15",-121.671378,38.335161,"LICB","Cache Slough","Inside","USGSbenthic",2018-08-15,"WLD1",NA,NA,NA,NA,NA,NA,"Ponar",2018,8,NA,NA,NA,NA,NA,"Macro","Other",NA,80
"USGSbenthic WLD1 2018-08-15",-121.671378,38.335161,"LICB","Cache Slough","Inside","USGSbenthic",2018-08-15,"WLD1",NA,NA,NA,NA,NA,NA,"Ponar",2018,8,NA,NA,NA,NA,NA,"Macro","Potamocorbula",NA,0
"USGSbenthic WLD1 2018-10-15",-121.671378,38.335161,"LICB","Cache Slough","Inside","USGSbenthic",2018-10-15,"WLD1",NA,NA,NA,NA,NA,NA,"Ponar",2018,10,NA,NA,NA,NA,NA,"Macro","Corbicula",NA,1600
"USGSbenthic WLD1 2018-10-15",-121.671378,38.335161,"LICB","Cache Slough","Inside","USGSbenthic",2018-10-15,"WLD1",NA,NA,NA,NA,NA,NA,"Ponar",2018,10,NA,NA,NA,NA,NA,"Macro","Other",NA,0
"USGSbenthic WLD1 2018-10-15",-121.671378,38.335161,"LICB","Cache Slough","Inside","USGSbenthic",2018-10-15,"WLD1",NA,NA,NA,NA,NA,NA,"Ponar",2018,10,NA,NA,NA,NA,NA,"Macro","Potamocorbula",NA,0
"USGSbenthic WLD2 2017-06-15",-121.670622,38.333236,"LICB","Cache Slough","Inside","USGSbenthic",2017-06-15,"WLD2",NA,NA,NA,NA,NA,NA,"Ponar",2017,6,NA,NA,NA,NA,NA,"Macro","Corbicula",NA,2240
"USGSbenthic WLD2 2017-06-15",-121.670622,38.333236,"LICB","Cache Slough","Inside","USGSbenthic",2017-06-15,"WLD2",NA,NA,NA,NA,NA,NA,"Ponar",2017,6,NA,NA,NA,NA,NA,"Macro","Other",NA,0
"USGSbenthic WLD2 2017-06-15",-121.670622,38.333236,"LICB","Cache Slough","Inside","USGSbenthic",2017-06-15,"WLD2",NA,NA,NA,NA,NA,NA,"Ponar",2017,6,NA,NA,NA,NA,NA,"Macro","Potamocorbula",NA,0
"USGSbenthic WLD2 2017-07-15",-121.670622,38.333236,"LICB","Cache Slough","Inside","USGSbenthic",2017-07-15,"WLD2",NA,NA,NA,NA,NA,NA,"Ponar",2017,7,NA,NA,NA,NA,NA,"Macro","Corbicula",NA,1220
"USGSbenthic WLD2 2017-07-15",-121.670622,38.333236,"LICB","Cache Slough","Inside","USGSbenthic",2017-07-15,"WLD2",NA,NA,NA,NA,NA,NA,"Ponar",2017,7,NA,NA,NA,NA,NA,"Macro","Other",NA,0
"USGSbenthic WLD2 2017-07-15",-121.670622,38.333236,"LICB","Cache Slough","Inside","USGSbenthic",2017-07-15,"WLD2",NA,NA,NA,NA,NA,NA,"Ponar",2017,7,NA,NA,NA,NA,NA,"Macro","Potamocorbula",NA,0
"USGSbenthic WLD2 2017-08-15",-121.670622,38.333236,"LICB","Cache Slough","Inside","USGSbenthic",2017-08-15,"WLD2",NA,NA,NA,NA,NA,NA,"Ponar",2017,8,NA,NA,NA,NA,NA,"Macro","Corbicula",NA,200
"USGSbenthic WLD2 2017-08-15",-121.670622,38.333236,"LICB","Cache Slough","Inside","USGSbenthic",2017-08-15,"WLD2",NA,NA,NA,NA,NA,NA,"Ponar",2017,8,NA,NA,NA,NA,NA,"Macro","Other",NA,0
"USGSbenthic WLD2 2017-08-15",-121.670622,38.333236,"LICB","Cache Slough","Inside","USGSbenthic",2017-08-15,"WLD2",NA,NA,NA,NA,NA,NA,"Ponar",2017,8,NA,NA,NA,NA,NA,"Macro","Potamocorbula",NA,0
"USGSbenthic WLD2 2017-10-15",-121.670622,38.333236,"LICB","Cache Slough","Inside","USGSbenthic",2017-10-15,"WLD2",NA,NA,NA,NA,NA,NA,"Ponar",2017,10,NA,NA,NA,NA,NA,"Macro","Corbicula",NA,1160
"USGSbenthic WLD2 2017-10-15",-121.670622,38.333236,"LICB","Cache Slough","Inside","USGSbenthic",2017-10-15,"WLD2",NA,NA,NA,NA,NA,NA,"Ponar",2017,10,NA,NA,NA,NA,NA,"Macro","Other",NA,40
"USGSbenthic WLD2 2017-10-15",-121.670622,38.333236,"LICB","Cache Slough","Inside","USGSbenthic",2017-10-15,"WLD2",NA,NA,NA,NA,NA,NA,"Ponar",2017,10,NA,NA,NA,NA,NA,"Macro","Potamocorbula",NA,0
"USGSbenthic WLD2 2018-05-15",-121.670622,38.333236,"LICB","Cache Slough","Inside","USGSbenthic",2018-05-15,"WLD2",NA,NA,NA,NA,NA,NA,"Ponar",2018,5,NA,NA,NA,NA,NA,"Macro","Corbicula",NA,2140
"USGSbenthic WLD2 2018-05-15",-121.670622,38.333236,"LICB","Cache Slough","Inside","USGSbenthic",2018-05-15,"WLD2",NA,NA,NA,NA,NA,NA,"Ponar",2018,5,NA,NA,NA,NA,NA,"Macro","Other",NA,120
"USGSbenthic WLD2 2018-05-15",-121.670622,38.333236,"LICB","Cache Slough","Inside","USGSbenthic",2018-05-15,"WLD2",NA,NA,NA,NA,NA,NA,"Ponar",2018,5,NA,NA,NA,NA,NA,"Macro","Potamocorbula",NA,0
"USGSbenthic WLD2 2018-06-15",-121.670622,38.333236,"LICB","Cache Slough","Inside","USGSbenthic",2018-06-15,"WLD2",NA,NA,NA,NA,NA,NA,"Ponar",2018,6,NA,NA,NA,NA,NA,"Macro","Corbicula",NA,540
"USGSbenthic WLD2 2018-06-15",-121.670622,38.333236,"LICB","Cache Slough","Inside","USGSbenthic",2018-06-15,"WLD2",NA,NA,NA,NA,NA,NA,"Ponar",2018,6,NA,NA,NA,NA,NA,"Macro","Other",NA,160
"USGSbenthic WLD2 2018-06-15",-121.670622,38.333236,"LICB","Cache Slough","Inside","USGSbenthic",2018-06-15,"WLD2",NA,NA,NA,NA,NA,NA,"Ponar",2018,6,NA,NA,NA,NA,NA,"Macro","Potamocorbula",NA,0
"USGSbenthic WLD2 2018-08-15",-121.670622,38.333236,"LICB","Cache Slough","Inside","USGSbenthic",2018-08-15,"WLD2",NA,NA,NA,NA,NA,NA,"Ponar",2018,8,NA,NA,NA,NA,NA,"Macro","Corbicula",NA,1880
"USGSbenthic WLD2 2018-08-15",-121.670622,38.333236,"LICB","Cache Slough","Inside","USGSbenthic",2018-08-15,"WLD2",NA,NA,NA,NA,NA,NA,"Ponar",2018,8,NA,NA,NA,NA,NA,"Macro","Other",NA,220
"USGSbenthic WLD2 2018-08-15",-121.670622,38.333236,"LICB","Cache Slough","Inside","USGSbenthic",2018-08-15,"WLD2",NA,NA,NA,NA,NA,NA,"Ponar",2018,8,NA,NA,NA,NA,NA,"Macro","Potamocorbula",NA,0
"USGSbenthic WLD2 2018-10-15",-121.670622,38.333236,"LICB","Cache Slough","Inside","USGSbenthic",2018-10-15,"WLD2",NA,NA,NA,NA,NA,NA,"Ponar",2018,10,NA,NA,NA,NA,NA,"Macro","Corbicula",NA,920
"USGSbenthic WLD2 2018-10-15",-121.670622,38.333236,"LICB","Cache Slough","Inside","USGSbenthic",2018-10-15,"WLD2",NA,NA,NA,NA,NA,NA,"Ponar",2018,10,NA,NA,NA,NA,NA,"Macro","Other",NA,340
"USGSbenthic WLD2 2018-10-15",-121.670622,38.333236,"LICB","Cache Slough","Inside","USGSbenthic",2018-10-15,"WLD2",NA,NA,NA,NA,NA,NA,"Ponar",2018,10,NA,NA,NA,NA,NA,"Macro","Potamocorbula",NA,0
"USGSbenthic WLD3 2017-06-15",-121.670417,38.331528,"LICB","Cache Slough","Inside","USGSbenthic",2017-06-15,"WLD3",NA,NA,NA,NA,NA,NA,"Ponar",2017,6,NA,NA,NA,NA,NA,"Macro","Corbicula",NA,1680
"USGSbenthic WLD3 2017-06-15",-121.670417,38.331528,"LICB","Cache Slough","Inside","USGSbenthic",2017-06-15,"WLD3",NA,NA,NA,NA,NA,NA,"Ponar",2017,6,NA,NA,NA,NA,NA,"Macro","Other",NA,0
"USGSbenthic WLD3 2017-06-15",-121.670417,38.331528,"LICB","Cache Slough","Inside","USGSbenthic",2017-06-15,"WLD3",NA,NA,NA,NA,NA,NA,"Ponar",2017,6,NA,NA,NA,NA,NA,"Macro","Potamocorbula",NA,0
"USGSbenthic WLD3 2017-07-15",-121.670417,38.331528,"LICB","Cache Slough","Inside","USGSbenthic",2017-07-15,"WLD3",NA,NA,NA,NA,NA,NA,"Ponar",2017,7,NA,NA,NA,NA,NA,"Macro","Corbicula",NA,1400
"USGSbenthic WLD3 2017-07-15",-121.670417,38.331528,"LICB","Cache Slough","Inside","USGSbenthic",2017-07-15,"WLD3",NA,NA,NA,NA,NA,NA,"Ponar",2017,7,NA,NA,NA,NA,NA,"Macro","Other",NA,0
"USGSbenthic WLD3 2017-07-15",-121.670417,38.331528,"LICB","Cache Slough","Inside","USGSbenthic",2017-07-15,"WLD3",NA,NA,NA,NA,NA,NA,"Ponar",2017,7,NA,NA,NA,NA,NA,"Macro","Potamocorbula",NA,0
"USGSbenthic WLD3 2017-08-15",-121.670417,38.331528,"LICB","Cache Slough","Inside","USGSbenthic",2017-08-15,"WLD3",NA,NA,NA,NA,NA,NA,"Ponar",2017,8,NA,NA,NA,NA,NA,"Macro","Corbicula",NA,2920
"USGSbenthic WLD3 2017-08-15",-121.670417,38.331528,"LICB","Cache Slough","Inside","USGSbenthic",2017-08-15,"WLD3",NA,NA,NA,NA,NA,NA,"Ponar",2017,8,NA,NA,NA,NA,NA,"Macro","Other",NA,20
"USGSbenthic WLD3 2017-08-15",-121.670417,38.331528,"LICB","Cache Slough","Inside","USGSbenthic",2017-08-15,"WLD3",NA,NA,NA,NA,NA,NA,"Ponar",2017,8,NA,NA,NA,NA,NA,"Macro","Potamocorbula",NA,0
"USGSbenthic WLD3 2017-10-15",-121.670417,38.331528,"LICB","Cache Slough","Inside","USGSbenthic",2017-10-15,"WLD3",NA,NA,NA,NA,NA,NA,"Ponar",2017,10,NA,NA,NA,NA,NA,"Macro","Corbicula",NA,1400
"USGSbenthic WLD3 2017-10-15",-121.670417,38.331528,"LICB","Cache Slough","Inside","USGSbenthic",2017-10-15,"WLD3",NA,NA,NA,NA,NA,NA,"Ponar",2017,10,NA,NA,NA,NA,NA,"Macro","Other",NA,40
"USGSbenthic WLD3 2017-10-15",-121.670417,38.331528,"LICB","Cache Slough","Inside","USGSbenthic",2017-10-15,"WLD3",NA,NA,NA,NA,NA,NA,"Ponar",2017,10,NA,NA,NA,NA,NA,"Macro","Potamocorbula",NA,0
"USGSbenthic WLD3 2018-05-15",-121.670417,38.331528,"LICB","Cache Slough","Inside","USGSbenthic",2018-05-15,"WLD3",NA,NA,NA,NA,NA,NA,"Ponar",2018,5,NA,NA,NA,NA,NA,"Macro","Corbicula",NA,320
"USGSbenthic WLD3 2018-05-15",-121.670417,38.331528,"LICB","Cache Slough","Inside","USGSbenthic",2018-05-15,"WLD3",NA,NA,NA,NA,NA,NA,"Ponar",2018,5,NA,NA,NA,NA,NA,"Macro","Other",NA,20
"USGSbenthic WLD3 2018-05-15",-121.670417,38.331528,"LICB","Cache Slough","Inside","USGSbenthic",2018-05-15,"WLD3",NA,NA,NA,NA,NA,NA,"Ponar",2018,5,NA,NA,NA,NA,NA,"Macro","Potamocorbula",NA,0
"USGSbenthic WLD3 2018-06-15",-121.670417,38.331528,"LICB","Cache Slough","Inside","USGSbenthic",2018-06-15,"WLD3",NA,NA,NA,NA,NA,NA,"Ponar",2018,6,NA,NA,NA,NA,NA,"Macro","Corbicula",NA,1420
"USGSbenthic WLD3 2018-06-15",-121.670417,38.331528,"LICB","Cache Slough","Inside","USGSbenthic",2018-06-15,"WLD3",NA,NA,NA,NA,NA,NA,"Ponar",2018,6,NA,NA,NA,NA,NA,"Macro","Other",NA,140
"USGSbenthic WLD3 2018-06-15",-121.670417,38.331528,"LICB","Cache Slough","Inside","USGSbenthic",2018-06-15,"WLD3",NA,NA,NA,NA,NA,NA,"Ponar",2018,6,NA,NA,NA,NA,NA,"Macro","Potamocorbula",NA,0
"USGSbenthic WLD3 2018-08-15",-121.670417,38.331528,"LICB","Cache Slough","Inside","USGSbenthic",2018-08-15,"WLD3",NA,NA,NA,NA,NA,NA,"Ponar",2018,8,NA,NA,NA,NA,NA,"Macro","Corbicula",NA,1160
"USGSbenthic WLD3 2018-08-15",-121.670417,38.331528,"LICB","Cache Slough","Inside","USGSbenthic",2018-08-15,"WLD3",NA,NA,NA,NA,NA,NA,"Ponar",2018,8,NA,NA,NA,NA,NA,"Macro","Other",NA,0
"USGSbenthic WLD3 2018-08-15",-121.670417,38.331528,"LICB","Cache Slough","Inside","USGSbenthic",2018-08-15,"WLD3",NA,NA,NA,NA,NA,NA,"Ponar",2018,8,NA,NA,NA,NA,NA,"Macro","Potamocorbula",NA,0
"USGSbenthic WLD3 2018-10-15",-121.670417,38.331528,"LICB","Cache Slough","Inside","USGSbenthic",2018-10-15,"WLD3",NA,NA,NA,NA,NA,NA,"Ponar",2018,10,NA,NA,NA,NA,NA,"Macro","Corbicula",NA,620
"USGSbenthic WLD3 2018-10-15",-121.670417,38.331528,"LICB","Cache Slough","Inside","USGSbenthic",2018-10-15,"WLD3",NA,NA,NA,NA,NA,NA,"Ponar",2018,10,NA,NA,NA,NA,NA,"Macro","Other",NA,120
"USGSbenthic WLD3 2018-10-15",-121.670417,38.331528,"LICB","Cache Slough","Inside","USGSbenthic",2018-10-15,"WLD3",NA,NA,NA,NA,NA,NA,"Ponar",2018,10,NA,NA,NA,NA,NA,"Macro","Potamocorbula",NA,0
"USGSbenthic WLD4 2017-06-15",-121.672583,38.330094,"LICB","Cache Slough","Inside","USGSbenthic",2017-06-15,"WLD4",NA,NA,NA,NA,NA,NA,"Ponar",2017,6,NA,NA,NA,NA,NA,"Macro","Corbicula",NA,560
"USGSbenthic WLD4 2017-06-15",-121.672583,38.330094,"LICB","Cache Slough","Inside","USGSbenthic",2017-06-15,"WLD4",NA,NA,NA,NA,NA,NA,"Ponar",2017,6,NA,NA,NA,NA,NA,"Macro","Other",NA,0
"USGSbenthic WLD4 2017-06-15",-121.672583,38.330094,"LICB","Cache Slough","Inside","USGSbenthic",2017-06-15,"WLD4",NA,NA,NA,NA,NA,NA,"Ponar",2017,6,NA,NA,NA,NA,NA,"Macro","Potamocorbula",NA,0
"USGSbenthic WLD4 2017-07-15",-121.672583,38.330094,"LICB","Cache Slough","Inside","USGSbenthic",2017-07-15,"WLD4",NA,NA,NA,NA,NA,NA,"Ponar",2017,7,NA,NA,NA,NA,NA,"Macro","Corbicula",NA,240
"USGSbenthic WLD4 2017-07-15",-121.672583,38.330094,"LICB","Cache Slough","Inside","USGSbenthic",2017-07-15,"WLD4",NA,NA,NA,NA,NA,NA,"Ponar",2017,7,NA,NA,NA,NA,NA,"Macro","Other",NA,0
"USGSbenthic WLD4 2017-07-15",-121.672583,38.330094,"LICB","Cache Slough","Inside","USGSbenthic",2017-07-15,"WLD4",NA,NA,NA,NA,NA,NA,"Ponar",2017,7,NA,NA,NA,NA,NA,"Macro","Potamocorbula",NA,0
"USGSbenthic WLD4 2017-08-15",-121.672583,38.330094,"LICB","Cache Slough","Inside","USGSbenthic",2017-08-15,"WLD4",NA,NA,NA,NA,NA,NA,"Ponar",2017,8,NA,NA,NA,NA,NA,"Macro","Corbicula",NA,440
"USGSbenthic WLD4 2017-08-15",-121.672583,38.330094,"LICB","Cache Slough","Inside","USGSbenthic",2017-08-15,"WLD4",NA,NA,NA,NA,NA,NA,"Ponar",2017,8,NA,NA,NA,NA,NA,"Macro","Other",NA,0
"USGSbenthic WLD4 2017-08-15",-121.672583,38.330094,"LICB","Cache Slough","Inside","USGSbenthic",2017-08-15,"WLD4",NA,NA,NA,NA,NA,NA,"Ponar",2017,8,NA,NA,NA,NA,NA,"Macro","Potamocorbula",NA,0
"USGSbenthic WLD4 2017-10-15",-121.672583,38.330094,"LICB","Cache Slough","Inside","USGSbenthic",2017-10-15,"WLD4",NA,NA,NA,NA,NA,NA,"Ponar",2017,10,NA,NA,NA,NA,NA,"Macro","Corbicula",NA,240
"USGSbenthic WLD4 2017-10-15",-121.672583,38.330094,"LICB","Cache Slough","Inside","USGSbenthic",2017-10-15,"WLD4",NA,NA,NA,NA,NA,NA,"Ponar",2017,10,NA,NA,NA,NA,NA,"Macro","Other",NA,0
"USGSbenthic WLD4 2017-10-15",-121.672583,38.330094,"LICB","Cache Slough","Inside","USGSbenthic",2017-10-15,"WLD4",NA,NA,NA,NA,NA,NA,"Ponar",2017,10,NA,NA,NA,NA,NA,"Macro","Potamocorbula",NA,0
"USGSbenthic WLD4 2018-05-15",-121.672583,38.330094,"LICB","Cache Slough","Inside","USGSbenthic",2018-05-15,"WLD4",NA,NA,NA,NA,NA,NA,"Ponar",2018,5,NA,NA,NA,NA,NA,"Macro","Corbicula",NA,500
"USGSbenthic WLD4 2018-05-15",-121.672583,38.330094,"LICB","Cache Slough","Inside","USGSbenthic",2018-05-15,"WLD4",NA,NA,NA,NA,NA,NA,"Ponar",2018,5,NA,NA,NA,NA,NA,"Macro","Other",NA,160
"USGSbenthic WLD4 2018-05-15",-121.672583,38.330094,"LICB","Cache Slough","Inside","USGSbenthic",2018-05-15,"WLD4",NA,NA,NA,NA,NA,NA,"Ponar",2018,5,NA,NA,NA,NA,NA,"Macro","Potamocorbula",NA,0
"USGSbenthic WLD4 2018-06-15",-121.672583,38.330094,"LICB","Cache Slough","Inside","USGSbenthic",2018-06-15,"WLD4",NA,NA,NA,NA,NA,NA,"Ponar",2018,6,NA,NA,NA,NA,NA,"Macro","Corbicula",NA,700
"USGSbenthic WLD4 2018-06-15",-121.672583,38.330094,"LICB","Cache Slough","Inside","USGSbenthic",2018-06-15,"WLD4",NA,NA,NA,NA,NA,NA,"Ponar",2018,6,NA,NA,NA,NA,NA,"Macro","Other",NA,60
"USGSbenthic WLD4 2018-06-15",-121.672583,38.330094,"LICB","Cache Slough","Inside","USGSbenthic",2018-06-15,"WLD4",NA,NA,NA,NA,NA,NA,"Ponar",2018,6,NA,NA,NA,NA,NA,"Macro","Potamocorbula",NA,0
"USGSbenthic WLD4 2018-08-15",-121.672583,38.330094,"LICB","Cache Slough","Inside","USGSbenthic",2018-08-15,"WLD4",NA,NA,NA,NA,NA,NA,"Ponar",2018,8,NA,NA,NA,NA,NA,"Macro","Corbicula",NA,100
"USGSbenthic WLD4 2018-08-15",-121.672583,38.330094,"LICB","Cache Slough","Inside","USGSbenthic",2018-08-15,"WLD4",NA,NA,NA,NA,NA,NA,"Ponar",2018,8,NA,NA,NA,NA,NA,"Macro","Other",NA,600
"USGSbenthic WLD4 2018-08-15",-121.672583,38.330094,"LICB","Cache Slough","Inside","USGSbenthic",2018-08-15,"WLD4",NA,NA,NA,NA,NA,NA,"Ponar",2018,8,NA,NA,NA,NA,NA,"Macro","Potamocorbula",NA,0
"USGSbenthic WLD4 2018-10-15",-121.672583,38.330094,"LICB","Cache Slough","Inside","USGSbenthic",2018-10-15,"WLD4",NA,NA,NA,NA,NA,NA,"Ponar",2018,10,NA,NA,NA,NA,NA,"Macro","Corbicula",NA,140
"USGSbenthic WLD4 2018-10-15",-121.672583,38.330094,"LICB","Cache Slough","Inside","USGSbenthic",2018-10-15,"WLD4",NA,NA,NA,NA,NA,NA,"Ponar",2018,10,NA,NA,NA,NA,NA,"Macro","Other",NA,0
"USGSbenthic WLD4 2018-10-15",-121.672583,38.330094,"LICB","Cache Slough","Inside","USGSbenthic",2018-10-15,"WLD4",NA,NA,NA,NA,NA,NA,"Ponar",2018,10,NA,NA,NA,NA,NA,"Macro","Potamocorbula",NA,0
"USGSbenthic WLD5 2017-06-15",-121.672869,38.327758,"LICB","Cache Slough","Inside","USGSbenthic",2017-06-15,"WLD5",NA,NA,NA,NA,NA,NA,"Ponar",2017,6,NA,NA,NA,NA,NA,"Macro","Corbicula",NA,2040
"USGSbenthic WLD5 2017-06-15",-121.672869,38.327758,"LICB","Cache Slough","Inside","USGSbenthic",2017-06-15,"WLD5",NA,NA,NA,NA,NA,NA,"Ponar",2017,6,NA,NA,NA,NA,NA,"Macro","Other",NA,0
"USGSbenthic WLD5 2017-06-15",-121.672869,38.327758,"LICB","Cache Slough","Inside","USGSbenthic",2017-06-15,"WLD5",NA,NA,NA,NA,NA,NA,"Ponar",2017,6,NA,NA,NA,NA,NA,"Macro","Potamocorbula",NA,0
"USGSbenthic WLD5 2017-07-15",-121.672869,38.327758,"LICB","Cache Slough","Inside","USGSbenthic",2017-07-15,"WLD5",NA,NA,NA,NA,NA,NA,"Ponar",2017,7,NA,NA,NA,NA,NA,"Macro","Corbicula",NA,1260
"USGSbenthic WLD5 2017-07-15",-121.672869,38.327758,"LICB","Cache Slough","Inside","USGSbenthic",2017-07-15,"WLD5",NA,NA,NA,NA,NA,NA,"Ponar",2017,7,NA,NA,NA,NA,NA,"Macro","Other",NA,160
"USGSbenthic WLD5 2017-07-15",-121.672869,38.327758,"LICB","Cache Slough","Inside","USGSbenthic",2017-07-15,"WLD5",NA,NA,NA,NA,NA,NA,"Ponar",2017,7,NA,NA,NA,NA,NA,"Macro","Potamocorbula",NA,0
"USGSbenthic WLD5 2017-08-15",-121.672869,38.327758,"LICB","Cache Slough","Inside","USGSbenthic",2017-08-15,"WLD5",NA,NA,NA,NA,NA,NA,"Ponar",2017,8,NA,NA,NA,NA,NA,"Macro","Corbicula",NA,3920
"USGSbenthic WLD5 2017-08-15",-121.672869,38.327758,"LICB","Cache Slough","Inside","USGSbenthic",2017-08-15,"WLD5",NA,NA,NA,NA,NA,NA,"Ponar",2017,8,NA,NA,NA,NA,NA,"Macro","Other",NA,160
"USGSbenthic WLD5 2017-08-15",-121.672869,38.327758,"LICB","Cache Slough","Inside","USGSbenthic",2017-08-15,"WLD5",NA,NA,NA,NA,NA,NA,"Ponar",2017,8,NA,NA,NA,NA,NA,"Macro","Potamocorbula",NA,0
"USGSbenthic WLD5 2017-10-15",-121.672869,38.327758,"LICB","Cache Slough","Inside","USGSbenthic",2017-10-15,"WLD5",NA,NA,NA,NA,NA,NA,"Ponar",2017,10,NA,NA,NA,NA,NA,"Macro","Corbicula",NA,480
"USGSbenthic WLD5 2017-10-15",-121.672869,38.327758,"LICB","Cache Slough","Inside","USGSbenthic",2017-10-15,"WLD5",NA,NA,NA,NA,NA,NA,"Ponar",2017,10,NA,NA,NA,NA,NA,"Macro","Other",NA,20
"USGSbenthic WLD5 2017-10-15",-121.672869,38.327758,"LICB","Cache Slough","Inside","USGSbenthic",2017-10-15,"WLD5",NA,NA,NA,NA,NA,NA,"Ponar",2017,10,NA,NA,NA,NA,NA,"Macro","Potamocorbula",NA,0
"USGSbenthic WLD5 2018-05-15",-121.672869,38.327758,"LICB","Cache Slough","Inside","USGSbenthic",2018-05-15,"WLD5",NA,NA,NA,NA,NA,NA,"Ponar",2018,5,NA,NA,NA,NA,NA,"Macro","Corbicula",NA,1180
"USGSbenthic WLD5 2018-05-15",-121.672869,38.327758,"LICB","Cache Slough","Inside","USGSbenthic",2018-05-15,"WLD5",NA,NA,NA,NA,NA,NA,"Ponar",2018,5,NA,NA,NA,NA,NA,"Macro","Other",NA,520
"USGSbenthic WLD5 2018-05-15",-121.672869,38.327758,"LICB","Cache Slough","Inside","USGSbenthic",2018-05-15,"WLD5",NA,NA,NA,NA,NA,NA,"Ponar",2018,5,NA,NA,NA,NA,NA,"Macro","Potamocorbula",NA,0
"USGSbenthic WLD5 2018-06-15",-121.672869,38.327758,"LICB","Cache Slough","Inside","USGSbenthic",2018-06-15,"WLD5",NA,NA,NA,NA,NA,NA,"Ponar",2018,6,NA,NA,NA,NA,NA,"Macro","Corbicula",NA,1180
"USGSbenthic WLD5 2018-06-15",-121.672869,38.327758,"LICB","Cache Slough","Inside","USGSbenthic",2018-06-15,"WLD5",NA,NA,NA,NA,NA,NA,"Ponar",2018,6,NA,NA,NA,NA,NA,"Macro","Other",NA,240
"USGSbenthic WLD5 2018-06-15",-121.672869,38.327758,"LICB","Cache Slough","Inside","USGSbenthic",2018-06-15,"WLD5",NA,NA,NA,NA,NA,NA,"Ponar",2018,6,NA,NA,NA,NA,NA,"Macro","Potamocorbula",NA,0
"USGSbenthic WLD5 2018-08-15",-121.672869,38.327758,"LICB","Cache Slough","Inside","USGSbenthic",2018-08-15,"WLD5",NA,NA,NA,NA,NA,NA,"Ponar",2018,8,NA,NA,NA,NA,NA,"Macro","Corbicula",NA,980
"USGSbenthic WLD5 2018-08-15",-121.672869,38.327758,"LICB","Cache Slough","Inside","USGSbenthic",2018-08-15,"WLD5",NA,NA,NA,NA,NA,NA,"Ponar",2018,8,NA,NA,NA,NA,NA,"Macro","Other",NA,360
"USGSbenthic WLD5 2018-08-15",-121.672869,38.327758,"LICB","Cache Slough","Inside","USGSbenthic",2018-08-15,"WLD5",NA,NA,NA,NA,NA,NA,"Ponar",2018,8,NA,NA,NA,NA,NA,"Macro","Potamocorbula",NA,0
"USGSbenthic WLD5 2018-10-15",-121.672869,38.327758,"LICB","Cache Slough","Inside","USGSbenthic",2018-10-15,"WLD5",NA,NA,NA,NA,NA,NA,"Ponar",2018,10,NA,NA,NA,NA,NA,"Macro","Corbicula",NA,700
"USGSbenthic WLD5 2018-10-15",-121.672869,38.327758,"LICB","Cache Slough","Inside","USGSbenthic",2018-10-15,"WLD5",NA,NA,NA,NA,NA,NA,"Ponar",2018,10,NA,NA,NA,NA,NA,"Macro","Other",NA,700
"USGSbenthic WLD5 2018-10-15",-121.672869,38.327758,"LICB","Cache Slough","Inside","USGSbenthic",2018-10-15,"WLD5",NA,NA,NA,NA,NA,NA,"Ponar",2018,10,NA,NA,NA,NA,NA,"Macro","Potamocorbula",NA,0
"USGSbenthic WLD6 2017-07-15",-121.671306,38.33605,NA,"Cache Slough","Outside","USGSbenthic",2017-07-15,"WLD6",NA,NA,NA,NA,NA,NA,"Ponar",2017,7,NA,NA,NA,NA,NA,"Macro","Corbicula",NA,340
"USGSbenthic WLD6 2017-07-15",-121.671306,38.33605,NA,"Cache Slough","Outside","USGSbenthic",2017-07-15,"WLD6",NA,NA,NA,NA,NA,NA,"Ponar",2017,7,NA,NA,NA,NA,NA,"Macro","Other",NA,120
"USGSbenthic WLD6 2017-07-15",-121.671306,38.33605,NA,"Cache Slough","Outside","USGSbenthic",2017-07-15,"WLD6",NA,NA,NA,NA,NA,NA,"Ponar",2017,7,NA,NA,NA,NA,NA,"Macro","Potamocorbula",NA,0
"USGSbenthic WLD6 2017-08-15",-121.671306,38.33605,NA,"Cache Slough","Outside","USGSbenthic",2017-08-15,"WLD6",NA,NA,NA,NA,NA,NA,"Ponar",2017,8,NA,NA,NA,NA,NA,"Macro","Corbicula",NA,60
"USGSbenthic WLD6 2017-08-15",-121.671306,38.33605,NA,"Cache Slough","Outside","USGSbenthic",2017-08-15,"WLD6",NA,NA,NA,NA,NA,NA,"Ponar",2017,8,NA,NA,NA,NA,NA,"Macro","Other",NA,0
"USGSbenthic WLD6 2017-08-15",-121.671306,38.33605,NA,"Cache Slough","Outside","USGSbenthic",2017-08-15,"WLD6",NA,NA,NA,NA,NA,NA,"Ponar",2017,8,NA,NA,NA,NA,NA,"Macro","Potamocorbula",NA,0
"USGSbenthic WLD6 2017-10-15",-121.671306,38.33605,NA,"Cache Slough","Outside","USGSbenthic",2017-10-15,"WLD6",NA,NA,NA,NA,NA,NA,"Ponar",2017,10,NA,NA,NA,NA,NA,"Macro","Corbicula",NA,220
"USGSbenthic WLD6 2017-10-15",-121.671306,38.33605,NA,"Cache Slough","Outside","USGSbenthic",2017-10-15,"WLD6",NA,NA,NA,NA,NA,NA,"Ponar",2017,10,NA,NA,NA,NA,NA,"Macro","Other",NA,40
"USGSbenthic WLD6 2017-10-15",-121.671306,38.33605,NA,"Cache Slough","Outside","USGSbenthic",2017-10-15,"WLD6",NA,NA,NA,NA,NA,NA,"Ponar",2017,10,NA,NA,NA,NA,NA,"Macro","Potamocorbula",NA,0
"USGSbenthic WLD6 2018-05-15",-121.671306,38.33605,NA,"Cache Slough","Outside","USGSbenthic",2018-05-15,"WLD6",NA,NA,NA,NA,NA,NA,"Ponar",2018,5,NA,NA,NA,NA,NA,"Macro","Corbicula",NA,460
"USGSbenthic WLD6 2018-05-15",-121.671306,38.33605,NA,"Cache Slough","Outside","USGSbenthic",2018-05-15,"WLD6",NA,NA,NA,NA,NA,NA,"Ponar",2018,5,NA,NA,NA,NA,NA,"Macro","Other",NA,0
"USGSbenthic WLD6 2018-05-15",-121.671306,38.33605,NA,"Cache Slough","Outside","USGSbenthic",2018-05-15,"WLD6",NA,NA,NA,NA,NA,NA,"Ponar",2018,5,NA,NA,NA,NA,NA,"Macro","Potamocorbula",NA,0
"USGSbenthic WLD6 2018-06-15",-121.671306,38.33605,NA,"Cache Slough","Outside","USGSbenthic",2018-06-15,"WLD6",NA,NA,NA,NA,NA,NA,"Ponar",2018,6,NA,NA,NA,NA,NA,"Macro","Corbicula",NA,1180
"USGSbenthic WLD6 2018-06-15",-121.671306,38.33605,NA,"Cache Slough","Outside","USGSbenthic",2018-06-15,"WLD6",NA,NA,NA,NA,NA,NA,"Ponar",2018,6,NA,NA,NA,NA,NA,"Macro","Other",NA,200
"USGSbenthic WLD6 2018-06-15",-121.671306,38.33605,NA,"Cache Slough","Outside","USGSbenthic",2018-06-15,"WLD6",NA,NA,NA,NA,NA,NA,"Ponar",2018,6,NA,NA,NA,NA,NA,"Macro","Potamocorbula",NA,0
"USGSbenthic WLD6 2018-08-15",-121.671306,38.33605,NA,"Cache Slough","Outside","USGSbenthic",2018-08-15,"WLD6",NA,NA,NA,NA,NA,NA,"Ponar",2018,8,NA,NA,NA,NA,NA,"Macro","Corbicula",NA,400
"USGSbenthic WLD6 2018-08-15",-121.671306,38.33605,NA,"Cache Slough","Outside","USGSbenthic",2018-08-15,"WLD6",NA,NA,NA,NA,NA,NA,"Ponar",2018,8,NA,NA,NA,NA,NA,"Macro","Other",NA,0
"USGSbenthic WLD6 2018-08-15",-121.671306,38.33605,NA,"Cache Slough","Outside","USGSbenthic",2018-08-15,"WLD6",NA,NA,NA,NA,NA,NA,"Ponar",2018,8,NA,NA,NA,NA,NA,"Macro","Potamocorbula",NA,0
"USGSbenthic WLD6 2018-10-15",-121.671306,38.33605,NA,"Cache Slough","Outside","USGSbenthic",2018-10-15,"WLD6",NA,NA,NA,NA,NA,NA,"Ponar",2018,10,NA,NA,NA,NA,NA,"Macro","Corbicula",NA,160
"USGSbenthic WLD6 2018-10-15",-121.671306,38.33605,NA,"Cache Slough","Outside","USGSbenthic",2018-10-15,"WLD6",NA,NA,NA,NA,NA,NA,"Ponar",2018,10,NA,NA,NA,NA,NA,"Macro","Other",NA,80
"USGSbenthic WLD6 2018-10-15",-121.671306,38.33605,NA,"Cache Slough","Outside","USGSbenthic",2018-10-15,"WLD6",NA,NA,NA,NA,NA,NA,"Ponar",2018,10,NA,NA,NA,NA,NA,"Macro","Potamocorbula",NA,0
"USGSbenthic WLD7 2017-07-15",-121.675297,38.335992,NA,"Cache Slough","Outside","USGSbenthic",2017-07-15,"WLD7",NA,NA,NA,NA,NA,NA,"Ponar",2017,7,NA,NA,NA,NA,NA,"Macro","Corbicula",NA,40
"USGSbenthic WLD7 2017-07-15",-121.675297,38.335992,NA,"Cache Slough","Outside","USGSbenthic",2017-07-15,"WLD7",NA,NA,NA,NA,NA,NA,"Ponar",2017,7,NA,NA,NA,NA,NA,"Macro","Other",NA,0
"USGSbenthic WLD7 2017-07-15",-121.675297,38.335992,NA,"Cache Slough","Outside","USGSbenthic",2017-07-15,"WLD7",NA,NA,NA,NA,NA,NA,"Ponar",2017,7,NA,NA,NA,NA,NA,"Macro","Potamocorbula",NA,0
"USGSbenthic WLD7 2017-08-15",-121.675297,38.335992,NA,"Cache Slough","Outside","USGSbenthic",2017-08-15,"WLD7",NA,NA,NA,NA,NA,NA,"Ponar",2017,8,NA,NA,NA,NA,NA,"Macro","Corbicula",NA,480
"USGSbenthic WLD7 2017-08-15",-121.675297,38.335992,NA,"Cache Slough","Outside","USGSbenthic",2017-08-15,"WLD7",NA,NA,NA,NA,NA,NA,"Ponar",2017,8,NA,NA,NA,NA,NA,"Macro","Other",NA,0
"USGSbenthic WLD7 2017-08-15",-121.675297,38.335992,NA,"Cache Slough","Outside","USGSbenthic",2017-08-15,"WLD7",NA,NA,NA,NA,NA,NA,"Ponar",2017,8,NA,NA,NA,NA,NA,"Macro","Potamocorbula",NA,0
"USGSbenthic WLD7 2017-10-15",-121.675297,38.335992,NA,"Cache Slough","Outside","USGSbenthic",2017-10-15,"WLD7",NA,NA,NA,NA,NA,NA,"Ponar",2017,10,NA,NA,NA,NA,NA,"Macro","Corbicula",NA,100
"USGSbenthic WLD7 2017-10-15",-121.675297,38.335992,NA,"Cache Slough","Outside","USGSbenthic",2017-10-15,"WLD7",NA,NA,NA,NA,NA,NA,"Ponar",2017,10,NA,NA,NA,NA,NA,"Macro","Other",NA,0
"USGSbenthic WLD7 2017-10-15",-121.675297,38.335992,NA,"Cache Slough","Outside","USGSbenthic",2017-10-15,"WLD7",NA,NA,NA,NA,NA,NA,"Ponar",2017,10,NA,NA,NA,NA,NA,"Macro","Potamocorbula",NA,0
"USGSbenthic WLD7 2018-05-15",-121.675297,38.335992,NA,"Cache Slough","Outside","USGSbenthic",2018-05-15,"WLD7",NA,NA,NA,NA,NA,NA,"Ponar",2018,5,NA,NA,NA,NA,NA,"Macro","Corbicula",NA,700
"USGSbenthic WLD7 2018-05-15",-121.675297,38.335992,NA,"Cache Slough","Outside","USGSbenthic",2018-05-15,"WLD7",NA,NA,NA,NA,NA,NA,"Ponar",2018,5,NA,NA,NA,NA,NA,"Macro","Other",NA,0
"USGSbenthic WLD7 2018-05-15",-121.675297,38.335992,NA,"Cache Slough","Outside","USGSbenthic",2018-05-15,"WLD7",NA,NA,NA,NA,NA,NA,"Ponar",2018,5,NA,NA,NA,NA,NA,"Macro","Potamocorbula",NA,0
"USGSbenthic WLD7 2018-06-15",-121.675297,38.335992,NA,"Cache Slough","Outside","USGSbenthic",2018-06-15,"WLD7",NA,NA,NA,NA,NA,NA,"Ponar",2018,6,NA,NA,NA,NA,NA,"Macro","Corbicula",NA,1360
"USGSbenthic WLD7 2018-06-15",-121.675297,38.335992,NA,"Cache Slough","Outside","USGSbenthic",2018-06-15,"WLD7",NA,NA,NA,NA,NA,NA,"Ponar",2018,6,NA,NA,NA,NA,NA,"Macro","Other",NA,0
"USGSbenthic WLD7 2018-06-15",-121.675297,38.335992,NA,"Cache Slough","Outside","USGSbenthic",2018-06-15,"WLD7",NA,NA,NA,NA,NA,NA,"Ponar",2018,6,NA,NA,NA,NA,NA,"Macro","Potamocorbula",NA,0
"USGSbenthic WLD7 2018-08-15",-121.675297,38.335992,NA,"Cache Slough","Outside","USGSbenthic",2018-08-15,"WLD7",NA,NA,NA,NA,NA,NA,"Ponar",2018,8,NA,NA,NA,NA,NA,"Macro","Corbicula",NA,420
"USGSbenthic WLD7 2018-08-15",-121.675297,38.335992,NA,"Cache Slough","Outside","USGSbenthic",2018-08-15,"WLD7",NA,NA,NA,NA,NA,NA,"Ponar",2018,8,NA,NA,NA,NA,NA,"Macro","Other",NA,0
"USGSbenthic WLD7 2018-08-15",-121.675297,38.335992,NA,"Cache Slough","Outside","USGSbenthic",2018-08-15,"WLD7",NA,NA,NA,NA,NA,NA,"Ponar",2018,8,NA,NA,NA,NA,NA,"Macro","Potamocorbula",NA,0
"USGSbenthic WLD7 2018-10-15",-121.675297,38.335992,NA,"Cache Slough","Outside","USGSbenthic",2018-10-15,"WLD7",NA,NA,NA,NA,NA,NA,"Ponar",2018,10,NA,NA,NA,NA,NA,"Macro","Corbicula",NA,1080
"USGSbenthic WLD7 2018-10-15",-121.675297,38.335992,NA,"Cache Slough","Outside","USGSbenthic",2018-10-15,"WLD7",NA,NA,NA,NA,NA,NA,"Ponar",2018,10,NA,NA,NA,NA,NA,"Macro","Other",NA,0
"USGSbenthic WLD7 2018-10-15",-121.675297,38.335992,NA,"Cache Slough","Outside","USGSbenthic",2018-10-15,"WLD7",NA,NA,NA,NA,NA,NA,"Ponar",2018,10,NA,NA,NA,NA,NA,"Macro","Potamocorbula",NA,0
