quadid,sentinelsite,tier3site,subsite,cellid,latitude,longitude,plot,plotsize,sampledate,samplemonth,sampleyear,biomass_gm,waterdepth,thatchheight,thatchdensity,pclive,pcdead,pcsoil,pclitter,pcaqveg,pcwater,sp1,pc_sp1,sp2,pc_sp2,sp3,pc_sp3,bioCOUNT,gps_accuracy,biotypha_gm2,bioscac_gm2,totalbiomass_gm2,salinity,distance,pc_wrack,herbbio,deadherbbio,phaubio,deadphaubio,ivfrbio,deadivfrbio,biomassstd_gm2,culmdensity_m2,culmdensitystd_m2
"1-2","CapeCod","Sage","NA",37232,41.55339,-70.50619,"NA",.25,"8/11/2015",8,2015,274.32,"0","2","medium","94","3",1,"NA","0","0","Juncus gerardii",55,"Distichlis spicata",55,"Symphyotrichum tenuifolium",1,3,4,"NA","NA","NA","NA","NA","NA","NA","NA","NA","NA","NA","NA","NA","NA","NA"
"1-1","CapeCod","Sage","NA",37232,41.55338,-70.506,"NA",.25,"8/11/2015",8,2015,262.32,"0","4","medium","94","15",1,"NA","0","0","Juncus gerardii",94,"Distichlis spicata",25,"Iva fructescens",1,3,3,"NA","NA","NA","NA","NA","NA","NA","NA","NA","NA","NA","NA","NA","NA","NA"
"1-3","CapeCod","Sage","NA",37232,41.55326,-70.5061,"NA",.25,"8/11/2015",8,2015,203.68,"0","2","medium","94","7",1,"NA","0","0","Juncus gerardii",38,"Distichlis spicata",76,"Spartina alterniflora",1,3,3,"NA","NA","NA","NA","NA","NA","NA","NA","NA","NA","NA","NA","NA","NA","NA"
"2-3","CapeCod","Sage","NA",38661,41.55352,-70.5061,"NA",.25,"8/11/2015",8,2015,206.8,"0.5","7","medium-high","94","7",1,"NA","0","0","Distichlis spicata",94,"Juncus gerardii",25,"Symphyotrichum tenuifolium",1,3,0,"NA","NA","NA","NA","NA","NA","NA","NA","NA","NA","NA","NA","NA","NA","NA"
"2-1","CapeCod","Sage","NA",38661,41.55369,-70.50622,"NA",.25,"8/11/2015",8,2015,232.52,"2","3","medium","76","7",15,"NA","0","0","Spartina alterniflora",94,"Salicornia europaea",1,"NA",0,3,0,"NA","NA","NA","NA","NA","NA","NA","NA","NA","NA","NA","NA","NA","NA","NA"
"2-2","CapeCod","Sage","NA",38661,41.55361,-70.506,"NA",.25,"8/11/2015",8,2015,210.36,"0","3","medium","94","3",1,"NA","0","0","Distichlis spicata",76,"Juncus gerardii",55,"Symphyotrichum tenuifolium",1,3,0,"NA","NA","NA","NA","NA","NA","NA","NA","NA","NA","NA","NA","NA","NA","NA"
"3-3","CapeCod","Sage","NA",41520,41.55422,-70.50567,"NA",.25,"8/13/2015",8,2015,144.64,"0","1","low","76","25",3,"NA","0","0","Distichlis spicata",38,"Juncus gerardii",25,"Plantago maritima",3,3,3,"NA","NA","NA","NA","NA","NA","NA","NA","NA","NA","NA","NA","NA","NA","NA"
"3-1","CapeCod","Sage","NA",41520,41.55408,-70.50569,"NA",.25,"8/13/2015",8,2015,357.64,"0.5","2","low","55","38",7,"NA","0","0","Distichlis spicata",76,"Salicornia europaea",3,"Juncus gerardii",3,3,3,"NA","NA","NA","NA","NA","NA","NA","NA","NA","NA","NA","NA","NA","NA","NA"
"3-2","CapeCod","Sage","NA",41520,41.55414,-70.50583,"NA",.25,"8/13/2015",8,2015,214.2,"0.5","3","medium","76","15",3,"NA","0","0","Distichlis spicata",55,"Juncus gerardii",38,"Symphyotrichum tenuifolium",1,3,3,"NA","NA","NA","NA","NA","NA","NA","NA","NA","NA","NA","NA","NA","NA","NA"
"4-3","CapeCod","Sage","NA",44377,41.55471,-70.50622,"NA",.25,"8/13/2015",8,2015,236.48,"2","3","low","76","3",15,"NA","0","0","Spartina alterniflora",94,"Salicornia europaea",7,"Distichlis spicata",1,3,3,"NA","NA","NA","NA","NA","NA","NA","NA","NA","NA","NA","NA","NA","NA","NA"
"4-1","CapeCod","Sage","NA",44377,41.55462,-70.5061,"NA",.25,"8/13/2015",8,2015,248.88,"2","3","low","55","7",25,"NA","0","0","Spartina alterniflora",94,"Salicornia europaea",3,"Distichlis spicata",1,3,3,"NA","NA","NA","NA","NA","NA","NA","NA","NA","NA","NA","NA","NA","NA","NA"
"4-2","CapeCod","Sage","NA",44377,41.55474,-70.50603,"NA",.25,"8/13/2015",8,2015,248.24,"0.5","4","high","55","55",0,"NA","0","0","Distichlis spicata",76,"Juncus gerardii",55,"Salicornia europaea",1,3,2,"NA","NA","NA","NA","NA","NA","NA","NA","NA","NA","NA","NA","NA","NA","NA"
"5-3","CapeCod","Sage","NA",47233,41.55527,-70.5069,"NA",.25,"8/13/2015",8,2015,258.64,"0.5","3","medium","94","3",7,"NA","0","0","Spartina alterniflora",100,"NA",0,"NA",0,3,2,"NA","NA","NA","NA","NA","NA","NA","NA","NA","NA","NA","NA","NA","NA","NA"
"5-2","CapeCod","Sage","NA",47233,41.55512,-70.50685,"NA",.25,"8/13/2015",8,2015,268.32,"0","3.5","medium","76","7",3,"NA","0","0","Spartina alterniflora",94,"Distichlis spicata",1,"NA",0,3,2,"NA","NA","NA","NA","NA","NA","NA","NA","NA","NA","NA","NA","NA","NA","NA"
"5-1","CapeCod","Sage","NA",47233,41.55524,-70.50675,"NA",.25,"8/13/2015",8,2015,129.88,"1","3","medium","76","3",25,"NA","0","0","Spartina alterniflora",94,"Salicornia europaea",1,"NA",0,3,2,"NA","NA","NA","NA","NA","NA","NA","NA","NA","NA","NA","NA","NA","NA","NA"
"6-3","CapeCod","Sage","NA",48663,41.55553,-70.5064,"NA",.25,"8/13/2015",8,2015,441.76,"2","7","medium-high","94","3",3,"NA","0","0","Spartina alterniflora",100,"NA",0,"NA",0,3,2,"NA","NA","NA","NA","NA","NA","NA","NA","NA","NA","NA","NA","NA","NA","NA"
"6-1","CapeCod","Sage","NA",48663,41.5554,-70.50649,"NA",.25,"8/13/2015",8,2015,967.08,"3","10","medium","94","3",3,"NA","0","0","Spartina alterniflora",100,"NA",0,"NA",0,3,3,"NA","NA","NA","NA","NA","NA","NA","NA","NA","NA","NA","NA","NA","NA","NA"
"6-2","CapeCod","Sage","NA",48663,41.55553,-70.50656,"NA",.25,"8/13/2015",8,2015,559.52,"3","6","low-medium","94","3",7,"NA","0","0","Spartina alterniflora",100,"NA",0,"NA",0,3,2,"NA","NA","NA","NA","NA","NA","NA","NA","NA","NA","NA","NA","NA","NA","NA"
"7-1","CapeCod","Sage","NA",55812,41.55679,-70.50499,"NA",.25,"8/10/2015",8,2015,346.92,"1","6","high","76","38",3,"NA","0","0","Distichlis spicata",94,"Spartina alterniflora",15,"Symphyotrichum tenuifolium",1,2,4,"NA","NA","NA","NA","NA","NA","NA","NA","NA","NA","NA","NA","NA","NA","NA"
"7-3","CapeCod","Sage","NA",55812,41.55692,-70.50509,"NA",.25,"8/10/2015",8,2015,644.8,"0.5","6","high","94","15",3,"NA","0","0","Phragmites australis",76,"Distichlis spicata",38,"Salicornia europaea",1,2,3,"NA","NA","NA","NA","NA","NA","NA","NA","NA","NA","NA","NA","NA","NA","NA"
"7-2","CapeCod","Sage","NA",55817,41.55679,-70.50315,"NA",.25,"8/10/2015",8,2015,264.36,"1","6","high","94","15",1,"NA","0","0","Distichlis spicata",76,"Spartina alterniflora",55,"NA",0,1,3,"NA","NA","NA","NA","NA","NA","NA","NA","NA","NA","NA","NA","NA","NA","NA"
"8-1","CapeCod","Sage","NA",57242,41.55705,-70.50471,"NA",.25,"8/10/2015",8,2015,280.92,"1","6","high","76","25",0,"NA","0","0","Distichlis spicata",76,"Spartina patens",38,"Scirpus olneyii",3,3,3,"NA","NA","NA","NA","NA","NA","NA","NA","NA","NA","NA","NA","NA","NA","NA"
"8-3","CapeCod","Sage","NA",57242,41.55717,-70.50481,"NA",.25,"8/10/2015",8,2015,628.44,"0.5","6","high","94","7",0,"NA","0","0","Distichlis spicata",55,"Phragmites australis",38,"Scirpus olneyii",7,3,3,"NA","NA","NA","NA","NA","NA","NA","NA","NA","NA","NA","NA","NA","NA","NA"
"8-2","CapeCod","Sage","NA",57242,41.55717,-70.50465,"NA",.25,"8/10/2015",8,2015,446.52,"0.5","6","medium","94","7",0,"NA","0","0","Spartina patens",76,"Phragmites australis",15,"Scirpus olneyii",3,3,3,"NA","NA","NA","NA","NA","NA","NA","NA","NA","NA","NA","NA","NA","NA","NA"
"9-1","CapeCod","Sage","NA",58672,41.55737,-70.50447,"NA",.25,"8/10/2015",8,2015,287.48,"2","7","medium","55","25",7,"NA","0","0","Phragmites australis",100,"NA",0,"NA",0,3,4,"NA","NA","NA","NA","NA","NA","NA","NA","NA","NA","NA","NA","NA","NA","NA"
"9-3","CapeCod","Sage","NA",58672,41.55749,-70.50439,"NA",.25,"8/10/2015",8,2015,673.32,"3","5","medium","55","38",7,"NA","0","0","Phragmites australis",100,"NA",0,"NA",0,3,3,"NA","NA","NA","NA","NA","NA","NA","NA","NA","NA","NA","NA","NA","NA","NA"
"9-2","CapeCod","Sage","NA",58672,41.55736,-70.50424,"NA",.25,"8/10/2015",8,2015,712.84,"0.5","10","medium","76","25",1,"NA","0","0","Phragmites australis",100,"NA",0,"NA",0,3,3,"NA","NA","NA","NA","NA","NA","NA","NA","NA","NA","NA","NA","NA","NA","NA"
"11-1","CapeCod","Scusset","NA",1224708,41.77764,-70.51954,"NA",.25,"9/1/2015",9,2015,497.36,"0","2","low-medium","94","3",3,"NA","0","0","Spartina alterniflora",94,"Salicornia europaea",7,"Spartina patens",1,3,3,"NA","NA","NA","NA","NA","NA","NA","NA","NA","NA","NA","NA","NA","NA","NA"
"11-3","CapeCod","Scusset","NA",1224708,41.77764,-70.51966,"NA",.25,"9/1/2015",9,2015,316.08,"0","0","none","76","3",38,"NA","0","0","Spartina alterniflora",38,"Salicornia europaea",25,"Spartina patens",3,3,3,"NA","NA","NA","NA","NA","NA","NA","NA","NA","NA","NA","NA","NA","NA","NA"
"11-2","CapeCod","Scusset","NA",1224708,41.77776,-70.51962,"NA",.25,"9/1/2015",9,2015,591.92,"0","2","low","94","3",7,"NA","0","0","Spartina alterniflora",100,"NA",0,"NA",0,3,3,"NA","NA","NA","NA","NA","NA","NA","NA","NA","NA","NA","NA","NA","NA","NA"
"12-2","CapeCod","Scusset","NA",1224709,41.77779,-70.51923,"NA",.25,"9/1/2015",9,2015,868.68,"24","3","low-medium","94","7",1,"NA","0","0","Spartina alterniflora",100,"NA",0,"NA",0,3,3,"NA","NA","NA","NA","NA","NA","NA","NA","NA","NA","NA","NA","NA","NA","NA"
"12-3","CapeCod","Scusset","NA",1224709,41.77765,-70.51933,"NA",.25,"9/1/2015",9,2015,700.28,"15","0.5","low","94","3",3,"NA","0","0","Spartina alterniflora",55,"Spartina patens",38,"Salicornia europaea",7,3,4,"NA","NA","NA","NA","NA","NA","NA","NA","NA","NA","NA","NA","NA","NA","NA"
"12-1","CapeCod","Scusset","NA",1224709,41.77775,-70.51934,"NA",.25,"9/1/2015",9,2015,477,"0","3","medium","94","7",3,"NA","0","0","Spartina alterniflora",55,"Spartina patens",55,"Salicornia europaea",7,3,3,"NA","NA","NA","NA","NA","NA","NA","NA","NA","NA","NA","NA","NA","NA","NA"
"13-2","CapeCod","Scusset","NA",1226137,41.77787,-70.51974,"NA",.25,"9/2/2015",9,2015,748.8,"0.5","3","low","76","25",7,"NA","0","0","Spartina alterniflora",100,"NA",0,"NA",0,3,3,"NA","NA","NA","NA","NA","NA","NA","NA","NA","NA","NA","NA","NA","NA","NA"
"13-3","CapeCod","Scusset","NA",1226137,41.77803,-70.5196,"NA",.25,"9/2/2015",9,2015,863.4,"0","2","low","76","3",25,"NA","0","0","Spartina alterniflora",76,"Spartina patens",38,"Salicornia europaea",1,3,3,"NA","NA","NA","NA","NA","NA","NA","NA","NA","NA","NA","NA","NA","NA","NA"
"13-1","CapeCod","Scusset","NA",1226137,41.77787,-70.51952,"NA",.25,"9/2/2015",9,2015,788.4,"0","4","medium","76","15",3,"NA","0","0","Spartina alterniflora",100,"NA",0,"NA",0,3,4,"NA","NA","NA","NA","NA","NA","NA","NA","NA","NA","NA","NA","NA","NA","NA"
"14-1","CapeCod","Scusset","NA",1226138,41.77788,-70.51929,"NA",.25,"9/2/2015",9,2015,467.72,"0","3","low-medium","76","15",7,"NA","0","0","Spartina alterniflora",94,"Salicornia europaea",3,"NA",0,3,3,"NA","NA","NA","NA","NA","NA","NA","NA","NA","NA","NA","NA","NA","NA","NA"
"14-2","CapeCod","Scusset","NA",1226138,41.77806,-70.51917,"NA",.25,"9/2/2015",9,2015,399.12,"0.5","6","medium-high","94","25",3,"NA","0","0","Spartina alterniflora",100,"NA",0,"NA",0,3,3,"NA","NA","NA","NA","NA","NA","NA","NA","NA","NA","NA","NA","NA","NA","NA"
"14-3","CapeCod","Scusset","NA",1226138,41.77802,-70.51936,"NA",.25,"9/2/2015",9,2015,566.32,"0","4","medium","94","7",1,"NA","0","0","Spartina alterniflora",76,"Spartina patens",38,"Salicornia europaea",1,3,3,"NA","NA","NA","NA","NA","NA","NA","NA","NA","NA","NA","NA","NA","NA","NA"
"15-2","CapeCod","Scusset","NA",1227566,41.77814,-70.51964,"NA",.25,"9/2/2015",9,2015,839.64,"0","1.5","low","94","3",3,"NA","0","0","Spartina alterniflora",94,"Salicornia europaea",3,"NA",0,3,4,"NA","NA","NA","NA","NA","NA","NA","NA","NA","NA","NA","NA","NA","NA","NA"
"15-3","CapeCod","Scusset","NA",1227566,41.77824,-70.51968,"NA",.25,"9/2/2015",9,2015,544.16,"0.5","3","medium","94","3",1,"NA","0","0","Spartina alterniflora",100,"NA",0,"NA",0,3,3,"NA","NA","NA","NA","NA","NA","NA","NA","NA","NA","NA","NA","NA","NA","NA"
"15-1","CapeCod","Scusset","NA",1227566,41.77828,-70.51956,"NA",.25,"9/2/2015",9,2015,651.4,"0.5","2","low","94","3",3,"NA","0","0","Spartina alterniflora",100,"NA",0,"NA",0,3,3,"NA","NA","NA","NA","NA","NA","NA","NA","NA","NA","NA","NA","NA","NA","NA"
"16-2","CapeCod","Scusset","NA",1227567,41.77827,-70.51923,"NA",.25,"9/2/2015",9,2015,837.88,"0","3","medium","76","25",15,"NA","0","0","Phragmites australis",94,"Salidago rugosa",7,"multiple herbaceous species may add up to 1%",1,3,3,"NA","NA","NA","NA","NA","NA","NA","NA","NA","NA","NA","NA","NA","NA","NA"
"16-1","CapeCod","Scusset","NA",1227567,41.77814,-70.51925,"NA",.25,"9/2/2015",9,2015,497.72,"0","0.5","low","76","38",25,"NA","0","0","Phragmites australis",55,"Spartina patens",55,"Salidago rugosa",7,3,3,"NA","NA","NA","NA","NA","NA","NA","NA","NA","NA","NA","NA","NA","NA","NA"
"16-3","CapeCod","Scusset","NA",1227567,41.77827,-70.51939,"NA",.25,"9/2/2015",9,2015,484.64,"0","3","medium","94","7",1,"NA","0","0","Spartina patens",76,"Spartina alterniflora",38,"Juncus gerardii",1,3,3,"NA","NA","NA","NA","NA","NA","NA","NA","NA","NA","NA","NA","NA","NA","NA"
"17-1","CapeCod","Scusset","NA",1299007,41.79167,-70.52319,"NA",.25,"9/16/2015",9,2015,1317.67,"0","20","high","55","55",0,"NA","0","0","Phragmites australis",100,"NA",0,"NA",0,2,0,"NA","NA","NA","NA","NA","NA","NA","NA","NA","NA","NA","NA","NA","NA","NA"
"17-2","CapeCod","Scusset","NA",1299007,41.79162,-70.52311,"NA",.25,"9/16/2015",9,2015,1571.66,"0","20","high","25","76",0,"NA","0","0","Phragmites australis",100,"Toxicodendron radicans",3,"NA",0,2,5,"NA","NA","NA","NA","NA","NA","NA","NA","NA","NA","NA","NA","NA","NA","NA"
"33-2","CapeCod","Scusset","NA",1299008,41.79167,-70.5228,"NA",.25,"9/16/2015",9,2015,1342.5,"0","20","high","25","76",0,"NA","0","0","Phragmites australis",100,"Toxicodendron radicans",1,"NA",0,4,5,"NA","NA","NA","NA","NA","NA","NA","NA","NA","NA","NA","NA","NA","NA","NA"
"33-1","CapeCod","Scusset","NA",1299008,41.79167,-70.52267,"NA",.25,"9/16/2015",9,2015,703.85,"0","25","high","25","76",0,"NA","0","0","Phragmites australis",100,"Toxicodendron radicans",1,"NA",0,4,5,"NA","NA","NA","NA","NA","NA","NA","NA","NA","NA","NA","NA","NA","NA","NA"
"17-3","CapeCod","Scusset","NA",1299008,41.79158,-70.523,"NA",.25,"9/16/2015",9,2015,1052,"0","20","high","55","55",0,"NA","0","0","Phragmites australis",94,"Solidago sempervirens",3,"Toxicodendron radicans",3,4,4,"NA","NA","NA","NA","NA","NA","NA","NA","NA","NA","NA","NA","NA","NA","NA"
"33-3","CapeCod","Scusset","NA",1299008,41.7917,-70.52288,"NA",.25,"9/16/2015",9,2015,688.63,"0","30","high","25","76",0,"NA","0","0","Phragmites australis",100,"Toxicodendron radicans",1,"NA",0,4,5,"NA","NA","NA","NA","NA","NA","NA","NA","NA","NA","NA","NA","NA","NA","NA"
"18-2","CapeCod","Scusset","NA",1300436,41.79207,-70.52322,"NA",.25,"9/16/2015",9,2015,666.63,"0","25","very high","38","76",0,"NA","0","0","Phragmites australis",100,"NA",0,"NA",0,3,3,"NA","NA","NA","NA","NA","NA","NA","NA","NA","NA","NA","NA","NA","NA","NA"
"18-3","CapeCod","Scusset","NA",1300436,41.79198,-70.52317,"NA",.25,"9/16/2015",9,2015,1306.94,"0","25","very high","55","55",0,"NA","0","0","Phragmites australis",100,"Toxicodendron radicans",1,"NA",0,3,3,"NA","NA","NA","NA","NA","NA","NA","NA","NA","NA","NA","NA","NA","NA","NA"
"18-1","CapeCod","Scusset","NA",1300436,41.7921,-70.52327,"NA",.25,"9/16/2015",9,2015,1653.25,"0","15","high","55","55",0,"NA","0","0","Phragmites australis",100,"NA",0,"NA",0,3,3,"NA","NA","NA","NA","NA","NA","NA","NA","NA","NA","NA","NA","NA","NA","NA"
"19-2","CapeCod","Scusset","NA",1301864,41.79228,-70.52343,"NA",.25,"9/16/2015",9,2015,1684.44,"0","8","medium","76","15",1,"NA","0","0","Phragmites australis",94,"Solidago sempervirens",3,"Toxicodendron radicans",1,2,3,"NA","NA","NA","NA","NA","NA","NA","NA","NA","NA","NA","NA","NA","NA","NA"
"19-1","CapeCod","Scusset","NA",1301864,41.7923,-70.52346,"NA",.25,"9/16/2015",9,2015,1359.12,"0","8","medium-high","76","25",0,"NA","0","0","Phragmites australis",94,"Rubus hispidus",1,"Toxicodendron radicans",1,2,4,"NA","NA","NA","NA","NA","NA","NA","NA","NA","NA","NA","NA","NA","NA","NA"
"19-3","CapeCod","Scusset","NA",1301865,41.79224,-70.52338,"NA",.25,"9/16/2015",9,2015,1766.9,"0","10","medium","76","25",0,"NA","0","0","Phragmites australis",55,"Rubus hispidus",38,"NA",0,1,3,"NA","NA","NA","NA","NA","NA","NA","NA","NA","NA","NA","NA","NA","NA","NA"
"20-3","CapeCod","Cheq","NA",2001905,41.92939,-70.07082,"NA",.25,"9/8/2015",9,2015,468.96,"0","0","none","76","7",25,"NA","0","0","Spartina alterniflora",100,"NA",0,"NA",0,3,4,"NA","NA","NA","NA","NA","NA","NA","NA","NA","NA","NA","NA","NA","NA","NA"
"20-1","CapeCod","Cheq","NA",2001905,41.92952,-70.07092,"NA",.25,"9/8/2015",9,2015,1263.48,"0","0","none","94","3",3,"NA","0","0","Spartina alterniflora",100,"NA",0,"NA",0,3,4,"NA","NA","NA","NA","NA","NA","NA","NA","NA","NA","NA","NA","NA","NA","NA"
"20-2","CapeCod","Cheq","NA",2001905,41.9294,-70.07102,"NA",.25,"9/8/2015",9,2015,860.32,"0","0","none","76","25",3,"NA","0","0","Spartina alterniflora",100,"NA",0,"NA",0,3,4,"NA","NA","NA","NA","NA","NA","NA","NA","NA","NA","NA","NA","NA","NA","NA"
"21-1","CapeCod","Cheq","NA",2003335,41.92968,-70.07062,"NA",.25,"9/8/2015",9,2015,640.28,"0","0","none","76","25",7,"NA","0","0","Spartina alterniflora",100,"NA",0,"NA",0,3,4,"NA","NA","NA","NA","NA","NA","NA","NA","NA","NA","NA","NA","NA","NA","NA"
"21-3","CapeCod","Cheq","NA",2003335,41.92979,-70.07055,"NA",.25,"9/8/2015",9,2015,747.32,"0","0","none","76","15",15,"NA","0","0","Spartina alterniflora",100,"NA",0,"NA",0,3,4,"NA","NA","NA","NA","NA","NA","NA","NA","NA","NA","NA","NA","NA","NA","NA"
"21-2","CapeCod","Cheq","NA",2003335,41.92971,-70.07047,"NA",.25,"9/8/2015",9,2015,427.04,"0","0","none","76","15",7,"NA","0","0","Spartina alterniflora",76,"Spartina patens",38,"Salicornia europaea",1,3,3,"NA","NA","NA","NA","NA","NA","NA","NA","NA","NA","NA","NA","NA","NA","NA"
"22-2","CapeCod","Cheq","NA",2004765,41.92993,-70.07014,"NA",.25,"9/8/2015",9,2015,565.44,"0","0","very low","76","15",3,"NA","0","0","Spartina alterniflora",76,"Spartina patens",25,"Salicornia europaea",1,3,3,"NA","NA","NA","NA","NA","NA","NA","NA","NA","NA","NA","NA","NA","NA","NA"
"22-1","CapeCod","Cheq","NA",2004765,41.9299,-70.07032,"NA",.25,"9/8/2015",9,2015,440.84,"0","0","none","55","25",25,"NA","0","0","Spartina alterniflora",100,"NA",0,"NA",0,3,0,"NA","NA","NA","NA","NA","NA","NA","NA","NA","NA","NA","NA","NA","NA","NA"
"22-3","CapeCod","Cheq","NA",2004765,41.93008,-70.07021,"NA",.25,"9/8/2015",9,2015,691.12,"0","0","none","55","1",55,"NA","0","0","Spartina alterniflora",100,"NA",0,"NA",0,3,3,"NA","NA","NA","NA","NA","NA","NA","NA","NA","NA","NA","NA","NA","NA","NA"
"23-1","CapeCod","Cheq","NA",2006193,41.9302,-70.0705,"NA",.25,"9/8/2015",9,2015,114.96,"0","0","none","7","1",94,"NA","0","0","Spartina alterniflora",100,"NA",0,"NA",0,3,3,"NA","NA","NA","NA","NA","NA","NA","NA","NA","NA","NA","NA","NA","NA","NA"
"23-3","CapeCod","Cheq","NA",2006193,41.93032,-70.07054,"NA",.25,"9/8/2015",9,2015,218.48,"0","0","none","7","0",94,"NA","0","0","Spartina alterniflora",100,"NA",0,"NA",0,3,4,"NA","NA","NA","NA","NA","NA","NA","NA","NA","NA","NA","NA","NA","NA","NA"
"23-2","CapeCod","Cheq","NA",2006193,41.9302,-70.07067,"NA",.25,"9/8/2015",9,2015,285.48,"0","0","none","25","1",76,"NA","0","0","Spartina alterniflora",100,"NA",0,"NA",0,3,3,"NA","NA","NA","NA","NA","NA","NA","NA","NA","NA","NA","NA","NA","NA","NA"
"24-1","CapeCod","Cheq","NA",2006195,41.93037,-70.06974,"NA",.25,"9/8/2015",9,2015,898.56,"0","0","none","76","7",25,"NA","0","0","Spartina alterniflora",100,"NA",0,"NA",0,2,4,"NA","NA","NA","NA","NA","NA","NA","NA","NA","NA","NA","NA","NA","NA","NA"
"24-2","CapeCod","Cheq","NA",2006195,41.93019,-70.0699,"NA",.25,"9/8/2015",9,2015,453.48,"0","0","none","55","25",25,"NA","0","0","Spartina alterniflora",100,"NA",0,"NA",0,2,4,"NA","NA","NA","NA","NA","NA","NA","NA","NA","NA","NA","NA","NA","NA","NA"
"24-3","CapeCod","Cheq","NA",2006198,41.93028,-70.06876,"NA",.25,"9/8/2015",9,2015,786.56,"0","0","none","55","15",38,"NA","0","0","Spartina alterniflora",100,"NA",0,"NA",0,1,4,"NA","NA","NA","NA","NA","NA","NA","NA","NA","NA","NA","NA","NA","NA","NA"
"25-1","CapeCod","Cheq","NA",2007625,41.93065,-70.06955,"NA",.25,"9/8/2015",9,2015,1424.24,"0","0","none","76","3",38,"NA","0","0","Spartina alterniflora",100,"NA",0,"NA",0,3,4,"NA","NA","NA","NA","NA","NA","NA","NA","NA","NA","NA","NA","NA","NA","NA"
"25-3","CapeCod","Cheq","NA",2007625,41.93047,-70.06942,"NA",.25,"9/8/2015",9,2015,703.76,"0","0","none","38","3",76,"NA","0","0","Spartina alterniflora",100,"NA",0,"NA",0,3,3,"NA","NA","NA","NA","NA","NA","NA","NA","NA","NA","NA","NA","NA","NA","NA"
"25-2","CapeCod","Cheq","NA",2007625,41.93056,-70.06947,"NA",.25,"9/8/2015",9,2015,601.04,"0","0","none","25","3",76,"NA","0","0","Spartina alterniflora",100,"NA",0,"NA",0,3,4,"NA","NA","NA","NA","NA","NA","NA","NA","NA","NA","NA","NA","NA","NA","NA"
"28-2","CapeCod","OldCty","NA",2159138,41.95927,-70.05576,"NA",.25,"9/9/2015",9,2015,527.84,"0","7","medium","76","25",1,"NA","0","0","Typha latifolia",38,"Toxicodendron radicans",7,"Spiraea latifolia",7,3,6,"NA","NA","NA","NA","NA","NA","NA","NA","NA","NA","NA","NA","NA","NA","NA"
"28-3","CapeCod","OldCty","NA",2159138,41.95927,-70.05597,"NA",.25,"9/9/2015",9,2015,999.4,"0","8","high","76","25",1,"NA","0","0","Typha latifolia",76,"Thelypteris thelypteroides",15,"Toxicodendron radicans",3,3,4,"NA","NA","NA","NA","NA","NA","NA","NA","NA","NA","NA","NA","NA","NA","NA"
"28-1","CapeCod","OldCty","NA",2159138,41.9594,-70.05582,"NA",.25,"9/9/2015",9,2015,1118.2,"0","10","high","94","3",0,"NA","0","0","Typha latifolia",55,"Thelypteris thelypteroides",55,"Toxicodendron radicans",1,3,4,"NA","NA","NA","NA","NA","NA","NA","NA","NA","NA","NA","NA","NA","NA","NA"
"29-1","CapeCod","OldCty","NA",2160567,41.95967,-70.05587,"NA",.25,"9/9/2015",9,2015,943.4,"0","25","very high","55","55",1,"NA","0","0","Typha latifolia",94,"Thelypteris thelypteroides",3,"Toxicodendron radicans",1,3,4,"NA","NA","NA","NA","NA","NA","NA","NA","NA","NA","NA","NA","NA","NA","NA"
"29-2","CapeCod","OldCty","NA",2160567,41.95955,-70.05578,"NA",.25,"9/9/2015",9,2015,637.04,"0","10","very high","94","7",0,"NA","0","0","Typha latifolia",55,"Thelypteris thelypteroides",55,"Spiraea latifolia",1,3,4,"NA","NA","NA","NA","NA","NA","NA","NA","NA","NA","NA","NA","NA","NA","NA"
"29-3","CapeCod","OldCty","NA",2160567,41.95954,-70.05592,"NA",.25,"9/9/2015",9,2015,821.2,"0","15","very high","55","55",0,"NA","0","0","Typha latifolia",76,"Thelypteris thelypteroides",25,"Toxicodendron radicans",1,3,4,"NA","NA","NA","NA","NA","NA","NA","NA","NA","NA","NA","NA","NA","NA","NA"
"30-3","CapeCod","OldCty","NA",2161996,41.95979,-70.05595,"NA",.25,"9/9/2015",9,2015,1463.24,"0","10","very high","25","76",1,"NA","0","0","Typha latifolia",94,"Polygonum arifolium",1,"Polygonum arifolium",1,3,4,"NA","NA","NA","NA","NA","NA","NA","NA","NA","NA","NA","NA","NA","NA","NA"
"30-2","CapeCod","OldCty","NA",2161996,41.9598,-70.05572,"NA",.25,"9/9/2015",9,2015,712.92,"0","12","very high","38","76",1,"NA","0","0","Typha latifolia",94,"Thelypteris thelypteroides",7,"Toxicodendron radicans",1,3,6,"NA","NA","NA","NA","NA","NA","NA","NA","NA","NA","NA","NA","NA","NA","NA"
"30-1","CapeCod","OldCty","NA",2161996,41.95992,-70.05589,"NA",.25,"9/9/2015",9,2015,814.88,"0","20","very high","38","76",1,"NA","0","0","Typha latifolia",94,"Polygonum arifolium",1,"NA",0,3,5,"NA","NA","NA","NA","NA","NA","NA","NA","NA","NA","NA","NA","NA","NA","NA"
"31-2","CapeCod","OldCty","NA",2163424,41.96004,-70.05612,"NA",.25,"9/9/2015",9,2015,884.52,"0","20","very high","38","55",7,"NA","0","0","Typha latifolia",94,"Thelypteris thelypteroides",7,"Polygonum arifolium",3,3,6,"NA","NA","NA","NA","NA","NA","NA","NA","NA","NA","NA","NA","NA","NA","NA"
"31-3","CapeCod","OldCty","NA",2163424,41.96019,-70.05624,"NA",.25,"9/9/2015",9,2015,640.96,"0","15","high","76","7",7,"NA","0","0","Typha latifolia",94,"Thelypteris thelypteroides",7,"Polygonum arifolium",3,3,4,"NA","NA","NA","NA","NA","NA","NA","NA","NA","NA","NA","NA","NA","NA","NA"
"31-1","CapeCod","OldCty","NA",2163424,41.96006,-70.05628,"NA",.25,"9/9/2015",9,2015,904.68,"0","20","high","76","38",3,"NA","0","0","Typha latifolia",94,"Thelypteris thelypteroides",15,"Polygonum arifolium",1,3,3,"NA","NA","NA","NA","NA","NA","NA","NA","NA","NA","NA","NA","NA","NA","NA"
"32-2","CapeCod","OldCty","NA",2164853,41.96047,-70.05636,"NA",.25,"9/9/2015",9,2015,601.04,"0","10","medium","55","38",3,"NA","0","0","Typha latifolia",94,"Thelypteris thelypteroides",3,"Spiraea latifolia",3,3,7,"NA","NA","NA","NA","NA","NA","NA","NA","NA","NA","NA","NA","NA","NA","NA"
"32-1","CapeCod","OldCty","NA",2164853,41.96035,-70.05622,"NA",.25,"9/9/2015",9,2015,1096.2,"0","8","high","38","55",3,"NA","0","0","Typha latifolia",94,"Thelypteris thelypteroides",1,"Polygonum arifolium",3,3,4,"NA","NA","NA","NA","NA","NA","NA","NA","NA","NA","NA","NA","NA","NA","NA"
"32-3","CapeCod","OldCty","NA",2164853,41.96046,-70.05615,"NA",.25,"9/9/2015",9,2015,1260,"0","15","medium-high","76","15",3,"NA","0","0","Typha latifolia",94,"Thelypteris thelypteroides",15,"Spiraea latifolia",1,3,0,"NA","NA","NA","NA","NA","NA","NA","NA","NA","NA","NA","NA","NA","NA","NA"
"50","Chesapeake","SERC","NA",372,38.87328,-76.54877,"NA",0,"9/3/2015",9,2015,245.57,"0","0","NA","0","47.5",7.8,"67.5","0","7.800000191","Schoenoplectus americanus",47.5,"Spartina patens",6.3,"Distichlis spicata",.2,3,0,"NA","NA","NA","NA","NA","0.00","245.57","538.50","0.00","0.00","0.00","0.00","NA","NA","NA"
"49","Chesapeake","SERC","NA",372,38.87328,-76.54891,"NA",0,"9/3/2015",9,2015,421.98,"0","0","NA","0","47.5",10.2,"47.5","0","1","Schoenoplectus americanus",52.5,"Spartina patens",1,"Distichlis spicata",.7,3,0,"NA","NA","NA","NA","NA","0.00","421.98","348.64","0.00","0.00","0.00","0.00","NA","NA","NA"
"48","Chesapeake","SERC","NA",372,38.87338,-76.54884,"NA",0,"9/3/2015",9,2015,538.62,"0","0","NA","0","62.5",4.9,"47.5","0","37.5","Schoenoplectus americanus",42.5,"Distichlis spicata",.2,"Distichlis spicata",.2,3,0,"NA","NA","NA","NA","NA","0.00","538.62","616.77","0.00","0.00","0.00","0.00","NA","NA","NA"
"47","Chesapeake","SERC","NA",443,38.87354,-76.54919,"NA",0,"9/28/2015",9,2015,463.01,"0","0","NA","0","42.5",0,"52.5","0","38.5","Schoenoplectus americanus",47.5,"Spartina patens",19.2,"Distichlis spicata",3.6,3,0,"NA","NA","NA","NA","NA","0.00","463.01","475.65","0.00","0.00","0.00","0.00","NA","NA","NA"
"45","Chesapeake","SERC","NA",443,38.87365,-76.54926,"NA",0,"9/28/2015",9,2015,400.13,"0","0","NA","0","33",0,"48","0","43","Schoenoplectus americanus",62.5,"Spartina patens",19.2,"Distichlis spicata",.1,3,0,"NA","NA","NA","NA","NA","0.00","400.13","388.58","0.00","0.00","0.00","0.00","NA","NA","NA"
"46","Chesapeake","SERC","NA",443,38.87365,-76.54912,"NA",0,"9/28/2015",9,2015,285.34,"0","0","NA","0","21.60000038",0,"67.5","0","29","Schoenoplectus americanus",67.5,"Spartina patens",24.5,"Distichlis spicata",.4,3,0,"NA","NA","NA","NA","NA","0.00","281.60","279.39","3.74","0.00","0.00","0.00","NA","NA","NA"
"51","Chesapeake","SERC","NA",447,38.87367,-76.54784,"NA",0,"9/28/2015",9,2015,382.29,"0","0","NA","0","42.5",.1,"28.5","0","0","Spartina patens",82.5,"Schoenoplectus americanus",19.5,"Distichlis spicata",1,3,0,"NA","NA","NA","NA","NA","0.00","382.29","1115.00","0.00","0.00","0.00","0.00","NA","NA","NA"
"53","Chesapeake","SERC","NA",447,38.87356,-76.54774,"NA",0,"9/28/2015",9,2015,486.87,"0","0","NA","0","24.5",.1,"38.5","0","0","Spartina patens",82.5,"Schoenoplectus americanus",19.5,"Distichlis spicata",1,3,0,"NA","NA","NA","NA","NA","0.00","486.87","504.20","0.00","0.00","0.00","0.00","NA","NA","NA"
"52","Chesapeake","SERC","NA",447,38.87356,-76.5479,"NA",0,"9/28/2015",9,2015,321.44,"0","0","NA","0","28.5",6.1,"67.5","0","0","Schoenoplectus americanus",52.5,"Spartina patens",41.1,"Distichlis spicata",1.5,3,0,"NA","NA","NA","NA","NA","0.00","321.44","162.46","0.00","0.00","0.00","0.00","NA","NA","NA"
"43","Chesapeake","SERC","NA",516,38.87393,-76.54881,"NA",0,"9/27/2015",9,2015,500.26,"0","0","NA","0","72.5",1.4,"47.5","0","4.300000191","Spartina patens",58,"Schoenoplectus americanus",52.5,"Distichlis spicata",2,1,0,"NA","NA","NA","NA","NA","0.00","500.26","784.86","0.00","0.00","0.00","0.00","NA","NA","NA"
"44","Chesapeake","SERC","NA",520,38.87383,-76.54749,"NA",0,"9/27/2015",9,2015,826.77,"0","0","NA","0","10.19999981",0,"2","0","0","Spartina patens",87.5,"Schoenoplectus americanus",28.5,"Distichlis spicata",2.5,1,0,"NA","NA","NA","NA","NA","0.00","826.77","618.00","0.00","0.00","0.00","0.00","NA","NA","NA"
"56","Chesapeake","SERC","NA",593,38.87409,-76.54712,"NA",0,"9/1/2015",9,2015,1116.25,"0","0","NA","0","72.5",2.4,"72.5","0","0","Phragmites australis",87.5,"Amaranthus cannibinus",6.6,"Atriplex patula",0,3,0,"NA","NA","NA","NA","NA","0.00","0.00","0.00","1116.25","1826.26","0.00","0.00","NA","NA","NA"
"55","Chesapeake","SERC","NA",593,38.87421,-76.54706,"NA",0,"9/1/2015",9,2015,1991.57,"0","0","NA","0","58",11.7,"82.5","0","0.699999988","Phragmites australis",87.5,"Amaranthus cannibinus",0,"Amaranthus cannibinus",0,3,0,"NA","NA","NA","NA","NA","0.00","0.00","0.00","1991.57","2247.22","0.00","0.00","NA","NA","NA"
"54","Chesapeake","SERC","NA",593,38.8742,-76.5472,"NA",0,"9/1/2015",9,2015,1550.78,"0","0","NA","0","38",10.2,"77.5","0","19.20000076","Phragmites australis",87.5,"Kostyletzkya virginica",15.6,"Amaranthus cannibinus",10.6,3,0,"NA","NA","NA","NA","NA","0.00","75.17","0.00","1475.61","1847.72","0.00","0.00","NA","NA","NA"
"37","Chesapeake","SERC","NA",731,38.87472,-76.54919,"NA",0,"9/1/2015",9,2015,333.35,"0","0","NA","0","77.5",.9,"62.5","0","13.69999981","Schoenoplectus americanus",38,"Spartina patens",26.6,"Schoenoplectus robustus",6.8,3,0,"NA","NA","NA","NA","NA","0.00","271.72","486.00","0.00","0.00","61.63","645.75","NA","NA","NA"
"39","Chesapeake","SERC","NA",731,38.8746,-76.54919,"NA",0,"9/1/2015",9,2015,455.07,"0","0","NA","0","68",3.1,"77.5","0","3.599999905","Spartina patens",48.5,"Schoenoplectus americanus",47.5,"Schoenoplectus robustus",3.2,3,0,"NA","NA","NA","NA","NA","0.00","413.40","985.60","0.00","0.00","41.67","316.69","NA","NA","NA"
"38","Chesapeake","SERC","NA",731,38.87466,-76.54931,"NA",0,"9/1/2015",9,2015,519.31,"0","0","NA","0","47.5",.3,"72.5","0","3.200000048","Spartina patens",58,"Schoenoplectus americanus",43,"Iva frutescens",8.1,3,0,"NA","NA","NA","NA","NA","0.00","488.26","724.80","0.00","0.00","31.05","1804.86","NA","NA","NA"
"40","Chesapeake","SERC","NA",734,38.87476,-76.54812,"NA",0,"9/15/2015",9,2015,1470.95,"0","0","NA","0","21.10000038",7.3,"17.10000038","0","0","Spartina cynoseroides",52.5,"Iva frutescens",34.2,"Amaranthus cannibinus",21.1,3,0,"NA","NA","NA","NA","NA","0.00","739.58","528.74","0.00","0.00","731.37","944.46","NA","NA","NA"
"41","Chesapeake","SERC","NA",734,38.87466,-76.54819,"NA",0,"9/15/2015",9,2015,1284.96,"0","0","NA","0","57.5",19.2,"52.5","0","0","Phragmites australis",67.5,"Iva frutescens",35,"Kostyletzkya virginica",3,3,0,"NA","NA","NA","NA","NA","0.00","0.00","0.00","565.47","1012.46","719.49","2192.39","NA","NA","NA"
"42","Chesapeake","SERC","NA",734,38.8746,-76.54829,"NA",0,"9/26/2015",9,2015,625.83,"0","0","NA","0","42.5",15,"63","0","0","Phragmites australis",48,"Kostyletzkya virginica",45.1,"Iva frutescens",3,3,0,"NA","NA","NA","NA","NA","0.00","259.94","0.00","263.15","715.52","102.75","246.60","NA","NA","NA"
"32","Chesapeake","SERC","NA",798,38.87495,-76.55087,"NA",0,"9/14/2015",9,2015,2239.22,"0","0","NA","0","43",33.5,"26.10000038","0","9","Iva frutescens",82.5,"Spartina alterniflora",26.1,"Amaranthus cannibinus",17.1,3,0,"NA","NA","NA","NA","NA","0.00","141.54","202.62","0.00","0.00","2097.68","2743.64","NA","NA","NA"
"31","Chesapeake","SERC","NA",798,38.87496,-76.55103,"NA",0,"9/14/2015",9,2015,1887.26,"0","0","NA","0","37.5",33,"19.5","0","4.300000191","Iva frutescens",82.5,"Amaranthus cannibinus",17.1,"Spartina alterniflora",10.2,3,0,"NA","NA","NA","NA","NA","0.00","179.33","189.73","0.00","0.00","1707.93","2655.61","NA","NA","NA"
"33","Chesapeake","SERC","NA",798,38.87483,-76.55095,"NA",0,"9/3/2015",9,2015,4294.37,"0","0","NA","0","52.5",4.4,"24","0","0.300000012","Iva frutescens",72.5,"Polygonum hydropiper",12.3,"Spartina alterniflora",8.7,3,0,"NA","NA","NA","NA","NA","0.00","151.17","150.43","0.00","0.00","4143.20","2511.48","NA","NA","NA"
"34","Chesapeake","SERC","NA",799,38.87497,-76.55062,"NA",0,"9/4/2015",9,2015,2388.68,"0","0","NA","0","77.5",0,"28.5","0","0","Iva frutescens",82.5,"Spartina alterniflora",33.5,"Pluchia odorata",4.9,3,0,"NA","NA","NA","NA","NA","0.00","95.07","172.77","0.00","0.00","2293.61","3060.18","NA","NA","NA"
"36","Chesapeake","SERC","NA",799,38.87486,-76.55053,"NA",0,"9/4/2015",9,2015,1425.13,"0","0","NA","0","58",0,"19.5","0","0","Iva frutescens",58.5,"Schoenoplectus americanus",11.8,"Pluchia odorata",9,3,0,"NA","NA","NA","NA","NA","0.00","197.92","271.20","1.87","0.93","1225.34","1659.01","NA","NA","NA"
"35","Chesapeake","SERC","NA",799,38.87486,-76.55068,"NA",0,"9/14/2015",9,2015,4060.89,"0","0","NA","0","57.5",9.1,"15","0","0.100000001","Iva frutescens",87.5,"Spartina alterniflora",26.6,"Pluchia odorata",7.8,3,0,"NA","NA","NA","NA","NA","0.00","144.58","193.57","0.00","0.00","3916.31","4133.41","NA","NA","NA"
"59","Chesapeake","SERC","NA",812,38.87492,-76.54612,"NA",0,"9/15/2015",9,2015,782.2,"0","0","NA","0","33.5",12.3,"38","0","0","Phragmites australis",82.5,"Kostyletzkya virginica",3,"Amaranthus cannibinus",.7,3,0,"NA","NA","NA","NA","NA","0.00","177.22","0.00","604.99","801.38","0.00","0.00","NA","NA","NA"
"57","Chesapeake","SERC","NA",812,38.87502,-76.54618,"NA",0,"9/15/2015",9,2015,481.43,"0","0","NA","0","38",24,"24","0","0.100000001","Phragmites australis",43,"Iva frutescens",29,"Kostyletzkya virginica",12,3,0,"NA","NA","NA","NA","NA","0.00","43.33","0.00","266.58","798.33","171.52","761.83","NA","NA","NA"
"58","Chesapeake","SERC","NA",812,38.87503,-76.54604,"NA",0,"9/15/2015",9,2015,428.32,"0","0","NA","0","52.5",19.5,"53","0","0","Phragmites australis",31.1,"Iva frutescens",13.5,"Amaranthus cannibinus",10.2,3,0,"NA","NA","NA","NA","NA","0.00","66.05","0.00","152.02","438.01","210.25","720.50","NA","NA","NA"
"28","Chesapeake","SERC","NA",874,38.87531,-76.54966,"NA",0,"9/8/2015",9,2015,1217.83,"0","0","NA","0","82.5",7.2,"47.5","0","3","Phragmites australis",72.5,"Kostyletzkya virginica",8.1,"Iva frutescens",7.5,3,0,"NA","NA","NA","NA","NA","0.00","1.06","0.00","858.93","775.42","357.84","306.72","NA","NA","NA"
"30","Chesapeake","SERC","NA",874,38.87513,-76.54958,"NA",0,"9/8/2015",9,2015,1717.7,"0","0","NA","0","72.5",.3,"24","0","0","Spartina patens",47.6,"Phragmites australis",35.5,"Iva frutescens",24.2,3,0,"NA","NA","NA","NA","NA","0.00","351.87","124.74","164.62","241.71","1201.21","1857.38","NA","NA","NA"
"29","Chesapeake","SERC","NA",874,38.87522,-76.54951,"NA",0,"9/8/2015",9,2015,1372.97,"0","0","NA","0","82.5",.2,"28.5","0","0","Phragmites australis",58,"Iva frutescens",43,"Schoenoplectus americanus",10.6,3,0,"NA","NA","NA","NA","NA","0.00","39.52","81.86","270.83","409.76","1062.61","1226.13","NA","NA","NA"
"26","Chesapeake","SERC","NA",875,38.87516,-76.54914,"NA",0,"9/2/2015",9,2015,421.25,"0","0","NA","0","28.5",.6,"82.5","0","0","Spartina patens",53,"Distichlis spicata",29,"Schoenoplectus americanus",28.5,3,0,"NA","NA","NA","NA","NA","0.00","405.17","1367.20","0.00","0.00","16.08","25.43","NA","NA","NA"
"27","Chesapeake","SERC","NA",875,38.87513,-76.54936,"NA",0,"9/2/2015",9,2015,1545.8,"0","0","NA","0","13.69999981",.1,"34","0","0","Spartina patens",82.5,"Iva frutescens",10.5,"Schoenoplectus americanus",9,3,0,"NA","NA","NA","NA","NA","0.00","1467.87","251.80","0.00","0.00","77.93","210.68","NA","NA","NA"
"25","Chesapeake","SERC","NA",875,38.87527,-76.54926,"NA",0,"9/2/2015",9,2015,853.89,"0","0","NA","0","29",3.2,"77.5","0","0","Spartina patens",73,"Schoenoplectus americanus",28.5,"Iva frutescens",13.5,3,0,"NA","NA","NA","NA","NA","0.00","756.14","900.60","0.00","0.00","97.76","46.66","NA","NA","NA"
"22","Chesapeake","SERC","NA",1021,38.87581,-76.54863,"NA",0,"9/2/2015",9,2015,1342.29,"0","0","NA","0","10.80000019",0,"62.5","0","0","Spartina patens",87.5,"Distichlis spicata",12.6,"Iva frutescens",6.7,3,0,"NA","NA","NA","NA","NA","0.00","1288.67","672.60","0.00","0.00","53.62","97.80","NA","NA","NA"
"23","Chesapeake","SERC","NA",1021,38.87582,-76.54848,"NA",0,"9/2/2015",9,2015,1554.89,"0","0","NA","0","28.5",.6,"52.5","0","0","Spartina patens",62.5,"Iva frutescens",19.5,"Panicum dichotimoflorum",15,3,0,"NA","NA","NA","NA","NA","0.00","1291.20","1139.40","0.00","0.00","263.69","296.02","NA","NA","NA"
"24","Chesapeake","SERC","NA",1021,38.87571,-76.54855,"NA",0,"9/2/2015",9,2015,2348.75,"0","0","NA","0","13.69999981",0,"53","0","0","Spartina patens",87.5,"Distichlis spicata",37.5,"Iva frutescens",18.1,3,0,"NA","NA","NA","NA","NA","0.00","1858.80","1304.20","0.00","0.00","489.95","340.66","NA","NA","NA"
"64","Chesapeake","SERC","NA",1036,38.87588,-76.54329,"NA",0,"9/11/2015",9,2015,665.7,"0","0","NA","0","42.5",7.3,"77.5","0","1.200000048","Spartina patens",62.5,"Schoenoplectus americanus",47.5,"Distichlis spicata",15,3,0,"NA","NA","NA","NA","NA","0.00","665.70","1189.60","0.00","0.00","0.00","0.00","NA","NA","NA"
"63","Chesapeake","SERC","NA",1036,38.87588,-76.54344,"NA",0,"9/11/2015",9,2015,1037.12,"0","0","NA","0","29",4.9,"48","0","0","Spartina patens",82.5,"Schoenoplectus americanus",52.5,"Distichlis spicata",15,3,0,"NA","NA","NA","NA","NA","0.00","1037.12","1228.40","0.00","0.00","0.00","0.00","NA","NA","NA"
"65","Chesapeake","SERC","NA",1036,38.87579,-76.54337,"NA",0,"9/11/2015",9,2015,631.38,"0","0","NA","0","33",4.4,"62.5","0","0","Spartina patens",57.5,"Schoenoplectus americanus",42.5,"Distichlis spicata",12.6,3,0,"NA","NA","NA","NA","NA","0.00","631.38","1334.00","0.00","0.00","0.00","0.00","NA","NA","NA"
"60","Chesapeake","SERC","NA",1319,38.87694,-76.54519,"NA",0,"9/11/2015",9,2015,1044.6,"0","0","NA","0","62.5",28.5,"19.5","0","3.700000048","Phragmites australis",42.5,"Iva frutescens",35.5,"Amaranthus cannibinus",7.3,3,0,"NA","NA","NA","NA","NA","0.00","96.00","8.45","534.70","1123.83","413.90","876.10","NA","NA","NA"
"61","Chesapeake","SERC","NA",1319,38.87694,-76.54504,"NA",0,"9/9/2015",9,2015,981.18,"0","0","NA","0","72.5",1.5,"19.5","0","0.100000001","Phragmites australis",62.5,"Iva frutescens",33.5,"Symphiotricum tenuis cannibinus",21.1,3,0,"NA","NA","NA","NA","NA","0.00","61.79","262.91","581.72","764.22","337.67","519.91","NA","NA","NA"
"62","Chesapeake","SERC","NA",1319,38.87684,-76.54512,"NA",0,"9/9/2015",9,2015,751.56,"0","0","NA","0","48",13.7,"14.69999981","0","1.799999952","Phragmites australis",48,"Pluchia odorata",33.5,"Amaranthus cannibinus",21.6,3,0,"NA","NA","NA","NA","NA","0.00","111.81","142.91","388.82","476.05","250.93","791.59","NA","NA","NA"
"15","Chesapeake","SERC","NA",6307,38.89568,-76.53861,"NA",0,"9/17/2015",9,2015,1590.78,"0","0","NA","0","72.5",0,"29","0","0","Spartina patens",52.5,"Iva frutescens",28.5,"Distichlis spicata",19.2,3,0,"NA","NA","NA","NA","NA","0.00","362.85","477.34","0.00","0.00","1227.94","1483.94","NA","NA","NA"
"17","Chesapeake","SERC","NA",6307,38.89558,-76.53853,"NA",0,"9/17/2015",9,2015,1643.79,"0","0","NA","0","62.5",1.4,"47.5","0","0","Spartina patens",72.5,"Iva frutescens",52.5,"Distichlis spicata",16.8,3,0,"NA","NA","NA","NA","NA","0.00","299.90","241.63","0.00","0.00","1343.89","2038.81","NA","NA","NA"
"16","Chesapeake","SERC","NA",6307,38.89558,-76.5387,"NA",0,"9/17/2015",9,2015,1434.34,"0","0","NA","0","38",0,"38","0","0","Spartina patens",77.5,"Iva frutescens",26.6,"Schoenoplectus americanus",19.5,3,0,"NA","NA","NA","NA","NA","0.00","311.65","161.06","0.00","0.00","1122.69","1486.18","NA","NA","NA"
"19","Chesapeake","SERC","NA",6309,38.89558,-76.53801,"NA",0,"9/17/2015",9,2015,2655.78,"0","0","NA","0","72.5",6.2,"24","0","0","Spartina patens",77.5,"Iva frutescens",33.5,"Amaranthus cannibinus",13.5,3,0,"NA","NA","NA","NA","NA","0.00","301.66","87.14","0.00","0.00","2354.11","4984.10","NA","NA","NA"
"20","Chesapeake","SERC","NA",6309,38.89557,-76.53781,"NA",0,"9/17/2015",9,2015,2342.57,"0","0","NA","0","43",19.2,"19.5","0","0.600000024","Iva frutescens",43.5,"Amaranthus cannibinus",34,"Spartina patens",25.6,3,0,"NA","NA","NA","NA","NA","0.00","270.72","149.02","0.00","0.00","2071.85","1733.50","NA","NA","NA"
"18","Chesapeake","SERC","NA",6309,38.89569,-76.53793,"NA",0,"9/17/2015",9,2015,2207.69,"0","0","NA","0","43",13.3,"28.5","0","0","Iva frutescens",67.5,"Spartina patens",48.5,"Amaranthus cannibinus",7.8,3,0,"NA","NA","NA","NA","NA","0.60","222.24","187.74","0.00","0.00","1985.45","3166.37","NA","NA","NA"
"12","Chesapeake","SERC","NA",6379,38.89595,-76.5387,"NA",0,"9/22/2015",9,2015,57.72,"0","0","NA","0","19.5",0,"57.5","0","0","Distichlis spicata",87.5,"Iva frutescens",24,"Spartina patens",12.6,3,0,"NA","NA","NA","NA","NA","0.00","-198.00","-99.00","0.00","0.00","255.72","239.40","NA","NA","NA"
"14","Chesapeake","SERC","NA",6379,38.89585,-76.53863,"NA",0,"9/22/2015",9,2015,157.58,"0","0","NA","0","28.5",.9,"72.5","0","0","Distichlis spicata",72.5,"Iva frutescens",38,"Solidago sempervirens",12.6,3,0,"NA","NA","NA","NA","NA","0.00","-297.00","-99.00","0.00","0.00","454.58","397.89","NA","NA","NA"
"13","Chesapeake","SERC","NA",6379,38.89595,-76.53854,"NA",0,"9/22/2015",9,2015,145.98,"0","0","NA","0","24",0,"62.5","0","0","Distichlis spicata",87.5,"Iva frutescens",47.5,"Spartina patens",12.6,3,0,"NA","NA","NA","NA","NA","0.00","-297.00","-99.00","0.00","0.00","442.98","458.09","NA","NA","NA"
"11","Chesapeake","SERC","NA",7120,38.89865,-76.53131,"NA",0,"9/22/2015",9,2015,1288.01,"0","0","NA","0","48",28.5,"48","0","0","Phragmites australis",72.5,"Iva frutescens",14.1,"Kostyletzkya virginica",3.2,3,0,"NA","NA","NA","NA","NA","0.00","0.00","0.00","1059.57","1745.69","228.44","1668.71","NA","NA","NA"
"10","Chesapeake","SERC","NA",7120,38.89865,-76.53148,"NA",0,"9/22/2015",9,2015,1614.43,"0","0","NA","0","43",14.7,"48","0","0","Phragmites australis",77.5,"Iva frutescens",16.6,"Solidago sempervirens",11.2,3,0,"NA","NA","NA","NA","NA","0.00","0.00","0.00","1165.96","2050.72","448.47","1483.81","NA","NA","NA"
"9","Chesapeake","SERC","NA",7120,38.89875,-76.53142,"NA",0,"9/22/2015",9,2015,1492.64,"0","0","NA","0","43",28.5,"38","0","0","Phragmites australis",57.5,"Pluchia odorata",22.5,"Iva frutescens",15,3,0,"NA","NA","NA","NA","NA","0.00","0.00","0.00","1345.16","1595.09","147.48","534.92","NA","NA","NA"
"7","Chesapeake","SERC","NA",7191,38.89902,-76.53185,"NA",0,"9/22/2015",9,2015,1850,"0","0","NA","0","33",24.5,"24","0","0","Phragmites australis",67.5,"Iva frutescens",22.6,"Pluchia odorata",6.6,3,0,"NA","NA","NA","NA","NA","0.00","0.00","0.00","1437.68","1356.21","412.31","966.14","NA","NA","NA"
"8","Chesapeake","SERC","NA",7191,38.89891,-76.53178,"NA",0,"9/22/2015",9,2015,1685.7,"0","0","NA","0","38",43,"38","0","0","Phragmites australis",82.5,"Iva frutescens",25.6,"Pluchia odorata",1.3,3,0,"NA","NA","NA","NA","NA","0.00","0.00","0.00","1404.56","1527.64","281.13","1493.12","NA","NA","NA"
"21","Chesapeake","SERC","NA",7191,38.89906,-76.53171,"NA",0,"9/22/2015",9,2015,1405.73,"0","0","NA","0","47.5",38.5,"47.5","0","0","Phragmites australis",77.5,"Pluchia odorata",11.1,"Distichlis spicata",3.1,3,0,"NA","NA","NA","NA","NA","0.00","0.00","0.00","1405.73","1535.76","0.00","0.00","NA","NA","NA"
"3","Chesapeake","SERC","NA",7261,38.89917,-76.53246,"NA",0,"9/18/2015",9,2015,456.56,"0","0","NA","0","7.800000191",38.5,"24","0","0","Phragmites australis",43,"Pluchia odorata",33.5,"Spartina alterniflora",28.5,3,0,"NA","NA","NA","NA","NA","0.00","152.13","61.09","304.43","194.61","0.00","0.00","NA","NA","NA"
"1","Chesapeake","SERC","NA",7261,38.89927,-76.53254,"NA",0,"9/18/2015",9,2015,533.03,"0","0","NA","0","19.5",35.6,"24","0","0","Phragmites australis",57.5,"Iva frutescens",13.5,"Spartina alterniflora",10.6,3,0,"NA","NA","NA","NA","NA","0.00","52.96","51.52","389.27","313.83","90.80","144.94","NA","NA","NA"
"2","Chesapeake","SERC","NA",7261,38.89927,-76.53239,"NA",0,"9/18/2015",9,2015,520.54,"0","0","NA","0","42.5",57.5,"24.5","0","0","Phragmites australis",72.5,"Amaranthus cannibinus",.6,"Pluchia odorata",.1,3,0,"NA","NA","NA","NA","NA","0.00","0.00","0.00","520.54","698.02","0.00","0.00","NA","NA","NA"
"6","Chesapeake","SERC","NA",7262,38.89928,-76.53214,"NA",0,"9/18/2015",9,2015,1299.54,"0","0","NA","0","28.5",3.8,"82.5","0","0","Phragmites australis",87.5,"Amaranthus cannibinus",0,"Amaranthus cannibinus",0,3,0,"NA","NA","NA","NA","NA","0.00","0.00","0.00","1299.54","1322.41","0.00","0.00","NA","NA","NA"
"4","Chesapeake","SERC","NA",7262,38.89917,-76.5322,"NA",0,"9/18/2015",9,2015,970.89,"0","0","NA","0","52.5",.6,"82.5","0","0","Phragmites australis",77.5,"Schoenoplectus robustus",1.3,"Amaranthus cannibinus",0,3,0,"NA","NA","NA","NA","NA","0.00","0.00","0.00","970.89","1754.50","0.00","0.00","NA","NA","NA"
"5","Chesapeake","SERC","NA",7262,38.89917,-76.53205,"NA",0,"9/18/2015",9,2015,1054.73,"0","0","NA","0","52.5",3.3,"72.5","0","0","Phragmites australis",82.5,"Pluchia odorata",3,"Amaranthus cannibinus",0,3,0,"NA","NA","NA","NA","NA","0.00","0.13","0.00","1054.61","1992.18","0.00","0.00","NA","NA","NA"
"6SS2","Everglades","Everglades","NA",143161,25.20812,-80.6607,"NA",0,"10/1/2015",10,2015,174.17,"0","0","NA","0","0",0,"NA","0","0","Cladium jamaicense",0,"NA",0,"NA",0,1,0,"NA","NA","NA","NA","NA","NA","NA","NA","NA","NA","NA","NA","17.20","23.33","4.62"
"6SS2","Everglades","Everglades","NA",143161,25.20812,-80.6607,"NA",0,"10/1/2014",10,2014,159.38,"0","0","NA","0","0",0,"NA","0","0","Cladium jamaicense",0,"NA",0,"NA",0,1,0,"NA","NA","NA","NA","NA","NA","NA","NA","NA","NA","NA","NA","175.33","13.33","12.50"
"TS_Ph6b","Everglades","Everglades","NA",194175,25.21609,-80.65102,"NA",0,"1/1/2005",1,2005,98.61,"0","0","NA","0","0",0,"NA","0","0","Cladium jamaicense",0,"NA",0,"NA",0,1,0,"NA","NA","NA","NA","NA","NA","NA","NA","NA","NA","NA","NA","17.94","38.00","3.00"
"TS_Ph6b","Everglades","Everglades","NA",194175,25.21609,-80.65102,"NA",0,"11/1/2004",11,2004,144.11,"0","0","NA","0","0",0,"NA","0","0","Cladium jamaicense",0,"NA",0,"NA",0,1,0,"NA","NA","NA","NA","NA","NA","NA","NA","NA","NA","NA","NA","39.07","48.33","13.58"
"TS_Ph6b","Everglades","Everglades","NA",194175,25.21609,-80.65102,"NA",0,"11/1/2000",11,2000,400.78,"0","0","NA","0","0",0,"NA","0","0","Cladium jamaicense",0,"NA",0,"NA",0,1,0,"NA","NA","NA","NA","NA","NA","NA","NA","NA","NA","NA","NA","101.85","61.67","5.77"
"TS_Ph6b","Everglades","Everglades","NA",194175,25.21609,-80.65102,"NA",0,"11/1/2011",11,2011,253.16,"0","0","NA","0","0",0,"NA","0","0","Cladium jamaicense",0,"NA",0,"NA",0,1,0,"NA","NA","NA","NA","NA","NA","NA","NA","NA","NA","NA","NA","42.71","58.33","6.51"
"TS_Ph6b","Everglades","Everglades","NA",194175,25.21609,-80.65102,"NA",0,"11/1/2001",11,2001,203.63,"0","0","NA","0","0",0,"NA","0","0","Cladium jamaicense",0,"NA",0,"NA",0,1,0,"NA","NA","NA","NA","NA","NA","NA","NA","NA","NA","NA","NA","40.12","59.00","7.94"
"TS_Ph6b","Everglades","Everglades","NA",194175,25.21609,-80.65102,"NA",0,"11/1/2008",11,2008,190.03,"0","0","NA","0","0",0,"NA","0","0","Cladium jamaicense",0,"NA",0,"NA",0,1,0,"NA","NA","NA","NA","NA","NA","NA","NA","NA","NA","NA","NA","16.11","41.33","4.16"
"TS_Ph6b","Everglades","Everglades","NA",194175,25.21609,-80.65102,"NA",0,"11/1/2009",11,2009,235.62,"0","0","NA","0","0",0,"NA","0","0","Cladium jamaicense",0,"NA",0,"NA",0,1,0,"NA","NA","NA","NA","NA","NA","NA","NA","NA","NA","NA","NA","26.73","38.67","3.21"
"TS_Ph6b","Everglades","Everglades","NA",194175,25.21609,-80.65102,"NA",0,"11/1/2010",11,2010,310.83,"0","0","NA","0","0",0,"NA","0","0","Cladium jamaicense",0,"NA",0,"NA",0,1,0,"NA","NA","NA","NA","NA","NA","NA","NA","NA","NA","NA","NA","122.93","61.67","19.50"
"TS_Ph6b","Everglades","Everglades","NA",194175,25.21609,-80.65102,"NA",0,"11/1/1999",11,1999,294.02,"0","0","NA","0","0",0,"NA","0","0","Cladium jamaicense",0,"NA",0,"NA",0,1,0,"NA","NA","NA","NA","NA","NA","NA","NA","NA","NA","NA","NA","41.83","44.00","4.00"
"TS_Ph6b","Everglades","Everglades","NA",194175,25.21609,-80.65102,"NA",0,"11/1/2005",11,2005,118.67,"0","0","NA","0","0",0,"NA","0","0","Cladium jamaicense",0,"NA",0,"NA",0,1,0,"NA","NA","NA","NA","NA","NA","NA","NA","NA","NA","NA","NA","36.74","28.33","12.86"
"TS_Ph6b","Everglades","Everglades","NA",194175,25.21609,-80.65102,"NA",0,"1/1/2003",1,2003,120.75,"0","0","NA","0","0",0,"NA","0","0","Cladium jamaicense",0,"NA",0,"NA",0,1,0,"NA","NA","NA","NA","NA","NA","NA","NA","NA","NA","NA","NA","36.79","51.00","13.11"
"TS_Ph6b","Everglades","Everglades","NA",194175,25.21609,-80.65102,"NA",0,"1/1/2000",1,2000,166.51,"0","0","NA","0","0",0,"NA","0","0","Cladium jamaicense",0,"NA",0,"NA",0,1,0,"NA","NA","NA","NA","NA","NA","NA","NA","NA","NA","NA","NA","52.02","52.33","12.22"
"TS_Ph6b","Everglades","Everglades","NA",194175,25.21609,-80.65102,"NA",0,"3/1/2002",3,2002,199.13,"0","0","NA","0","0",0,"NA","0","0","Cladium jamaicense",0,"NA",0,"NA",0,1,0,"NA","NA","NA","NA","NA","NA","NA","NA","NA","NA","NA","NA","37.71","65.33","17.10"
"TS_Ph6b","Everglades","Everglades","NA",194175,25.21609,-80.65102,"NA",0,"3/1/2003",3,2003,158.36,"0","0","NA","0","0",0,"NA","0","0","Cladium jamaicense",0,"NA",0,"NA",0,1,0,"NA","NA","NA","NA","NA","NA","NA","NA","NA","NA","NA","NA","44.55","60.00","22.27"
"TS_Ph6b","Everglades","Everglades","NA",194175,25.21609,-80.65102,"NA",0,"3/1/2009",3,2009,155.03,"0","0","NA","0","0",0,"NA","0","0","Cladium jamaicense",0,"NA",0,"NA",0,1,0,"NA","NA","NA","NA","NA","NA","NA","NA","NA","NA","NA","NA","12.72","37.67","10.79"
"TS_Ph6b","Everglades","Everglades","NA",194175,25.21609,-80.65102,"NA",0,"3/1/2006",3,2006,99.75,"0","0","NA","0","0",0,"NA","0","0","Cladium jamaicense",0,"NA",0,"NA",0,1,0,"NA","NA","NA","NA","NA","NA","NA","NA","NA","NA","NA","NA","32.56","34.00","13.89"
"TS_Ph6b","Everglades","Everglades","NA",194175,25.21609,-80.65102,"NA",0,"5/1/2008",5,2008,136.51,"0","0","NA","0","0",0,"NA","0","0","Cladium jamaicense",0,"NA",0,"NA",0,1,0,"NA","NA","NA","NA","NA","NA","NA","NA","NA","NA","NA","NA","28.89","44.67","7.02"
"TS_Ph6b","Everglades","Everglades","NA",194175,25.21609,-80.65102,"NA",0,"5/1/2009",5,2009,145.67,"0","0","NA","0","0",0,"NA","0","0","Cladium jamaicense",0,"NA",0,"NA",0,1,0,"NA","NA","NA","NA","NA","NA","NA","NA","NA","NA","NA","NA","29.16","37.33","5.13"
"TS_Ph6b","Everglades","Everglades","NA",194175,25.21609,-80.65102,"NA",0,"5/1/2010",5,2010,203.18,"0","0","NA","0","0",0,"NA","0","0","Cladium jamaicense",0,"NA",0,"NA",0,1,0,"NA","NA","NA","NA","NA","NA","NA","NA","NA","NA","NA","NA","8.72","53.00","4.58"
"TS_Ph6b","Everglades","Everglades","NA",194175,25.21609,-80.65102,"NA",0,"5/1/2006",5,2006,95.49,"0","0","NA","0","0",0,"NA","0","0","Cladium jamaicense",0,"NA",0,"NA",0,1,0,"NA","NA","NA","NA","NA","NA","NA","NA","NA","NA","NA","NA","27.98","32.00","8.00"
"TS_Ph6b","Everglades","Everglades","NA",194175,25.21609,-80.65102,"NA",0,"5/1/2001",5,2001,209.43,"0","0","NA","0","0",0,"NA","0","0","Cladium jamaicense",0,"NA",0,"NA",0,1,0,"NA","NA","NA","NA","NA","NA","NA","NA","NA","NA","NA","NA","33.33","51.00","3.00"
"TS_Ph6b","Everglades","Everglades","NA",194175,25.21609,-80.65102,"NA",0,"7/1/2006",7,2006,130.47,"0","0","NA","0","0",0,"NA","0","0","Cladium jamaicense",0,"NA",0,"NA",0,1,0,"NA","NA","NA","NA","NA","NA","NA","NA","NA","NA","NA","NA","26.47","36.00","8.72"
"TS_Ph6b","Everglades","Everglades","NA",194175,25.21609,-80.65102,"NA",0,"7/1/2007",7,2007,164.83,"0","0","NA","0","0",0,"NA","0","0","Cladium jamaicense",0,"NA",0,"NA",0,1,0,"NA","NA","NA","NA","NA","NA","NA","NA","NA","NA","NA","NA","7.66","43.67","10.02"
"TS_Ph6b","Everglades","Everglades","NA",194175,25.21609,-80.65102,"NA",0,"7/1/2004",7,2004,108.01,"0","0","NA","0","0",0,"NA","0","0","Cladium jamaicense",0,"NA",0,"NA",0,1,0,"NA","NA","NA","NA","NA","NA","NA","NA","NA","NA","NA","NA","29.40","45.67","9.07"
"TS_Ph6b","Everglades","Everglades","NA",194175,25.21609,-80.65102,"NA",0,"7/1/2010",7,2010,219.67,"0","0","NA","0","0",0,"NA","0","0","Cladium jamaicense",0,"NA",0,"NA",0,1,0,"NA","NA","NA","NA","NA","NA","NA","NA","NA","NA","NA","NA","59.01","51.67","12.90"
"TS_Ph6b","Everglades","Everglades","NA",194175,25.21609,-80.65102,"NA",0,"7/1/2005",7,2005,107.56,"0","0","NA","0","0",0,"NA","0","0","Cladium jamaicense",0,"NA",0,"NA",0,1,0,"NA","NA","NA","NA","NA","NA","NA","NA","NA","NA","NA","NA","43.99","32.00","7.55"
"TS_Ph6b","Everglades","Everglades","NA",194175,25.21609,-80.65102,"NA",0,"9/1/2000",9,2000,347.65,"0","0","NA","0","0",0,"NA","0","0","Cladium jamaicense",0,"NA",0,"NA",0,1,0,"NA","NA","NA","NA","NA","NA","NA","NA","NA","NA","NA","NA","46.26","56.00","2.65"
"TS_Ph6b","Everglades","Everglades","NA",194175,25.21609,-80.65102,"NA",0,"9/1/2007",9,2007,143.27,"0","0","NA","0","0",0,"NA","0","0","Cladium jamaicense",0,"NA",0,"NA",0,1,0,"NA","NA","NA","NA","NA","NA","NA","NA","NA","NA","NA","NA","11.52","38.00","9.54"
"TS_Ph6b","Everglades","Everglades","NA",194175,25.21609,-80.65102,"NA",0,"9/1/2002",9,2002,121.55,"0","0","NA","0","0",0,"NA","0","0","Cladium jamaicense",0,"NA",0,"NA",0,1,0,"NA","NA","NA","NA","NA","NA","NA","NA","NA","NA","NA","NA","23.63","38.00","2.65"
"TS_Ph6b","Everglades","Everglades","NA",194175,25.21609,-80.65102,"NA",0,"9/1/2003",9,2003,204.57,"0","0","NA","0","0",0,"NA","0","0","Cladium jamaicense",0,"NA",0,"NA",0,1,0,"NA","NA","NA","NA","NA","NA","NA","NA","NA","NA","NA","NA","63.67","50.33","8.62"
"TS_Ph6b","Everglades","Everglades","NA",194175,25.21609,-80.65102,"NA",0,"9/1/2009",9,2009,212.87,"0","0","NA","0","0",0,"NA","0","0","Cladium jamaicense",0,"NA",0,"NA",0,1,0,"NA","NA","NA","NA","NA","NA","NA","NA","NA","NA","NA","NA","43.52","41.33","11.85"
"TS_Ph6b","Everglades","Everglades","NA",194175,25.21609,-80.65102,"NA",0,"9/1/2006",9,2006,127.5,"0","0","NA","0","0",0,"NA","0","0","Cladium jamaicense",0,"NA",0,"NA",0,1,0,"NA","NA","NA","NA","NA","NA","NA","NA","NA","NA","NA","NA","26.86","34.33","6.66"
"TS_Ph6b","Everglades","Everglades","NA",194175,25.21609,-80.65102,"NA",0,"1/1/2014",1,2014,149.11,"0","0","NA","0","0",0,"NA","0","0","Cladium jamaicense",0,"NA",0,"NA",0,1,0,"NA","NA","NA","NA","NA","NA","NA","NA","NA","NA","NA","NA","40.42","47.00","5.00"
"TS_Ph6b","Everglades","Everglades","NA",194175,25.21609,-80.65102,"NA",0,"1/1/2006",1,2006,105.4,"0","0","NA","0","0",0,"NA","0","0","Cladium jamaicense",0,"NA",0,"NA",0,1,0,"NA","NA","NA","NA","NA","NA","NA","NA","NA","NA","NA","NA","24.62","29.67","10.02"
"TS_Ph6b","Everglades","Everglades","NA",194175,25.21609,-80.65102,"NA",0,"1/1/2012",1,2012,215.58,"0","0","NA","0","0",0,"NA","0","0","Cladium jamaicense",0,"NA",0,"NA",0,1,0,"NA","NA","NA","NA","NA","NA","NA","NA","NA","NA","NA","NA","17.24","69.33","11.93"
"TS_Ph6b","Everglades","Everglades","NA",194175,25.21609,-80.65102,"NA",0,"1/1/2002",1,2002,101.06,"0","0","NA","0","0",0,"NA","0","0","Cladium jamaicense",0,"NA",0,"NA",0,1,0,"NA","NA","NA","NA","NA","NA","NA","NA","NA","NA","NA","NA","40.56","65.67","18.88"
"TS_Ph6b","Everglades","Everglades","NA",194175,25.21609,-80.65102,"NA",0,"11/1/2006",11,2006,182.29,"0","0","NA","0","0",0,"NA","0","0","Cladium jamaicense",0,"NA",0,"NA",0,1,0,"NA","NA","NA","NA","NA","NA","NA","NA","NA","NA","NA","NA","76.40","39.33","12.06"
"TS_Ph6b","Everglades","Everglades","NA",194175,25.21609,-80.65102,"NA",0,"11/1/2003",11,2003,234.89,"0","0","NA","0","0",0,"NA","0","0","Cladium jamaicense",0,"NA",0,"NA",0,1,0,"NA","NA","NA","NA","NA","NA","NA","NA","NA","NA","NA","NA","80.79","62.00","16.00"
"TS_Ph6b","Everglades","Everglades","NA",194175,25.21609,-80.65102,"NA",0,"11/1/2012",11,2012,163.1,"0","0","NA","0","0",0,"NA","0","0","Cladium jamaicense",0,"NA",0,"NA",0,1,0,"NA","NA","NA","NA","NA","NA","NA","NA","NA","NA","NA","NA","38.27","58.67","1.53"
"TS_Ph6b","Everglades","Everglades","NA",194175,25.21609,-80.65102,"NA",0,"11/1/2007",11,2007,144.9,"0","0","NA","0","0",0,"NA","0","0","Cladium jamaicense",0,"NA",0,"NA",0,1,0,"NA","NA","NA","NA","NA","NA","NA","NA","NA","NA","NA","NA","14.04","35.33","8.08"
"TS_Ph6b","Everglades","Everglades","NA",194175,25.21609,-80.65102,"NA",0,"11/1/2002",11,2002,86.66,"0","0","NA","0","0",0,"NA","0","0","Cladium jamaicense",0,"NA",0,"NA",0,1,0,"NA","NA","NA","NA","NA","NA","NA","NA","NA","NA","NA","NA","19.58","52.67","11.72"
"TS_Ph6b","Everglades","Everglades","NA",194175,25.21609,-80.65102,"NA",0,"1/1/2011",1,2011,110.93,"0","0","NA","0","0",0,"NA","0","0","Cladium jamaicense",0,"NA",0,"NA",0,1,0,"NA","NA","NA","NA","NA","NA","NA","NA","NA","NA","NA","NA","20.50","35.33","11.85"
"TS_Ph6b","Everglades","Everglades","NA",194175,25.21609,-80.65102,"NA",0,"1/1/2013",1,2013,94.2,"0","0","NA","0","0",0,"NA","0","0","Cladium jamaicense",0,"NA",0,"NA",0,1,0,"NA","NA","NA","NA","NA","NA","NA","NA","NA","NA","NA","NA","21.61","32.00","6.93"
"TS_Ph6b","Everglades","Everglades","NA",194175,25.21609,-80.65102,"NA",0,"1/1/2004",1,2004,104.87,"0","0","NA","0","0",0,"NA","0","0","Cladium jamaicense",0,"NA",0,"NA",0,1,0,"NA","NA","NA","NA","NA","NA","NA","NA","NA","NA","NA","NA","45.04","47.33","9.45"
"TS_Ph6b","Everglades","Everglades","NA",194175,25.21609,-80.65102,"NA",0,"3/1/2000",3,2000,220.37,"0","0","NA","0","0",0,"NA","0","0","Cladium jamaicense",0,"NA",0,"NA",0,1,0,"NA","NA","NA","NA","NA","NA","NA","NA","NA","NA","NA","NA","34.21","57.33","3.06"
"TS_Ph6b","Everglades","Everglades","NA",194175,25.21609,-80.65102,"NA",0,"3/1/2001",3,2001,278.09,"0","0","NA","0","0",0,"NA","0","0","Cladium jamaicense",0,"NA",0,"NA",0,1,0,"NA","NA","NA","NA","NA","NA","NA","NA","NA","NA","NA","NA","1.29","58.67","2.31"
"TS_Ph6b","Everglades","Everglades","NA",194175,25.21609,-80.65102,"NA",0,"3/1/2007",3,2007,112.86,"0","0","NA","0","0",0,"NA","0","0","Cladium jamaicense",0,"NA",0,"NA",0,1,0,"NA","NA","NA","NA","NA","NA","NA","NA","NA","NA","NA","NA","24.67","37.33","6.51"
"TS_Ph6b","Everglades","Everglades","NA",194175,25.21609,-80.65102,"NA",0,"3/1/2014",3,2014,231.24,"0","0","NA","0","0",0,"NA","0","0","Cladium jamaicense",0,"NA",0,"NA",0,1,0,"NA","NA","NA","NA","NA","NA","NA","NA","NA","NA","NA","NA","53.41","60.00","5.00"
"TS_Ph6b","Everglades","Everglades","NA",194175,25.21609,-80.65102,"NA",0,"3/1/2010",3,2010,203.52,"0","0","NA","0","0",0,"NA","0","0","Cladium jamaicense",0,"NA",0,"NA",0,1,0,"NA","NA","NA","NA","NA","NA","NA","NA","NA","NA","NA","NA","39.53","59.33","9.61"
"TS_Ph6b","Everglades","Everglades","NA",194175,25.21609,-80.65102,"NA",0,"3/1/2005",3,2005,108.16,"0","0","NA","0","0",0,"NA","0","0","Cladium jamaicense",0,"NA",0,"NA",0,1,0,"NA","NA","NA","NA","NA","NA","NA","NA","NA","NA","NA","NA","28.85","38.00","10.00"
"TS_Ph6b","Everglades","Everglades","NA",194175,25.21609,-80.65102,"NA",0,"3/1/2011",3,2011,211.1,"0","0","NA","0","0",0,"NA","0","0","Cladium jamaicense",0,"NA",0,"NA",0,1,0,"NA","NA","NA","NA","NA","NA","NA","NA","NA","NA","NA","NA","38.36","56.33","10.26"
"TS_Ph6b","Everglades","Everglades","NA",194175,25.21609,-80.65102,"NA",0,"5/1/2004",5,2004,122.55,"0","0","NA","0","0",0,"NA","0","0","Cladium jamaicense",0,"NA",0,"NA",0,1,0,"NA","NA","NA","NA","NA","NA","NA","NA","NA","NA","NA","NA","26.95","42.00","9.85"
"TS_Ph6b","Everglades","Everglades","NA",194175,25.21609,-80.65102,"NA",0,"5/1/2000",5,2000,321.61,"0","0","NA","0","0",0,"NA","0","0","Cladium jamaicense",0,"NA",0,"NA",0,1,0,"NA","NA","NA","NA","NA","NA","NA","NA","NA","NA","NA","NA","29.92","56.33","3.06"
"TS_Ph6b","Everglades","Everglades","NA",194175,25.21609,-80.65102,"NA",0,"5/1/2007",5,2007,118.86,"0","0","NA","0","0",0,"NA","0","0","Cladium jamaicense",0,"NA",0,"NA",0,1,0,"NA","NA","NA","NA","NA","NA","NA","NA","NA","NA","NA","NA","29.14","38.67","5.86"
"TS_Ph6b","Everglades","Everglades","NA",194175,25.21609,-80.65102,"NA",0,"5/1/2003",5,2003,155.3,"0","0","NA","0","0",0,"NA","0","0","Cladium jamaicense",0,"NA",0,"NA",0,1,0,"NA","NA","NA","NA","NA","NA","NA","NA","NA","NA","NA","NA","74.98","52.33","13.58"
"TS_Ph6b","Everglades","Everglades","NA",194175,25.21609,-80.65102,"NA",0,"5/1/2005",5,2005,90.08,"0","0","NA","0","0",0,"NA","0","0","Cladium jamaicense",0,"NA",0,"NA",0,1,0,"NA","NA","NA","NA","NA","NA","NA","NA","NA","NA","NA","NA","30.68","34.33","9.29"
"TS_Ph6b","Everglades","Everglades","NA",194175,25.21609,-80.65102,"NA",0,"7/1/2013",7,2013,165.84,"0","0","NA","0","0",0,"NA","0","0","Cladium jamaicense",0,"NA",0,"NA",0,1,0,"NA","NA","NA","NA","NA","NA","NA","NA","NA","NA","NA","NA","35.79","46.00","11.27"
"TS_Ph6b","Everglades","Everglades","NA",194175,25.21609,-80.65102,"NA",0,"7/1/2001",7,2001,187.79,"0","0","NA","0","0",0,"NA","0","0","Cladium jamaicense",0,"NA",0,"NA",0,1,0,"NA","NA","NA","NA","NA","NA","NA","NA","NA","NA","NA","NA","55.43","53.67","14.01"
"TS_Ph6b","Everglades","Everglades","NA",194175,25.21609,-80.65102,"NA",0,"7/1/2011",7,2011,205.87,"0","0","NA","0","0",0,"NA","0","0","Cladium jamaicense",0,"NA",0,"NA",0,1,0,"NA","NA","NA","NA","NA","NA","NA","NA","NA","NA","NA","NA","54.45","63.67","13.43"
"TS_Ph6b","Everglades","Everglades","NA",194175,25.21609,-80.65102,"NA",0,"9/1/2001",9,2001,285.49,"0","0","NA","0","0",0,"NA","0","0","Cladium jamaicense",0,"NA",0,"NA",0,1,0,"NA","NA","NA","NA","NA","NA","NA","NA","NA","NA","NA","NA","99.43","61.33","13.28"
"TS_Ph6b","Everglades","Everglades","NA",194175,25.21609,-80.65102,"NA",0,"9/1/2013",9,2013,188.56,"0","0","NA","0","0",0,"NA","0","0","Cladium jamaicense",0,"NA",0,"NA",0,1,0,"NA","NA","NA","NA","NA","NA","NA","NA","NA","NA","NA","NA","80.16","41.67","9.71"
"TS_Ph6b","Everglades","Everglades","NA",194175,25.21609,-80.65102,"NA",0,"9/1/2010",9,2010,251.2,"0","0","NA","0","0",0,"NA","0","0","Cladium jamaicense",0,"NA",0,"NA",0,1,0,"NA","NA","NA","NA","NA","NA","NA","NA","NA","NA","NA","NA","47.64","49.67","13.28"
"TS_Ph6b","Everglades","Everglades","NA",194175,25.21609,-80.65102,"NA",0,"9/1/2011",9,2011,303.3,"0","0","NA","0","0",0,"NA","0","0","Cladium jamaicense",0,"NA",0,"NA",0,1,0,"NA","NA","NA","NA","NA","NA","NA","NA","NA","NA","NA","NA","152.01","64.00","12.12"
"TS_Ph6b","Everglades","Everglades","NA",194175,25.21609,-80.65102,"NA",0,"9/1/2012",9,2012,171.97,"0","0","NA","0","0",0,"NA","0","0","Cladium jamaicense",0,"NA",0,"NA",0,1,0,"NA","NA","NA","NA","NA","NA","NA","NA","NA","NA","NA","NA","50.43","57.67","5.86"
"TS_Ph6b","Everglades","Everglades","NA",194175,25.21609,-80.65102,"NA",0,"11/1/2013",11,2013,165.12,"0","0","NA","0","0",0,"NA","0","0","Cladium jamaicense",0,"NA",0,"NA",0,1,0,"NA","NA","NA","NA","NA","NA","NA","NA","NA","NA","NA","NA","20.22","48.33","4.04"
"TS_Ph6b","Everglades","Everglades","NA",194175,25.21609,-80.65102,"NA",0,"5/1/2013",5,2013,146.7,"0","0","NA","0","0",0,"NA","0","0","Cladium jamaicense",0,"NA",0,"NA",0,1,0,"NA","NA","NA","NA","NA","NA","NA","NA","NA","NA","NA","NA","23.59","47.67","14.29"
"TS_Ph6b","Everglades","Everglades","NA",194175,25.21609,-80.65102,"NA",0,"5/1/2014",5,2014,205.77,"0","0","NA","0","0",0,"NA","0","0","Cladium jamaicense",0,"NA",0,"NA",0,1,0,"NA","NA","NA","NA","NA","NA","NA","NA","NA","NA","NA","NA","24.24","59.67","10.97"
"TS_Ph6b","Everglades","Everglades","NA",194175,25.21609,-80.65102,"NA",0,"7/1/2002",7,2002,192.15,"0","0","NA","0","0",0,"NA","0","0","Cladium jamaicense",0,"NA",0,"NA",0,21,0,"NA","NA","NA","NA","NA","NA","NA","NA","NA","NA","NA","NA","104.93","46.67","12.50"
"TS_Ph6b","Everglades","Everglades","NA",194175,25.21609,-80.65102,"NA",0,"1/1/2008",1,2008,134.93,"0","0","NA","0","0",0,"NA","0","0","Cladium jamaicense",0,"NA",0,"NA",0,21,0,"NA","NA","NA","NA","NA","NA","NA","NA","NA","NA","NA","NA","8.70","34.33","7.09"
"TS_Ph6b","Everglades","Everglades","NA",194175,25.21609,-80.65102,"NA",0,"1/1/2009",1,2009,227.79,"0","0","NA","0","0",0,"NA","0","0","Cladium jamaicense",0,"NA",0,"NA",0,21,0,"NA","NA","NA","NA","NA","NA","NA","NA","NA","NA","NA","NA","8.10","47.33","5.69"
"TS_Ph6b","Everglades","Everglades","NA",194175,25.21609,-80.65102,"NA",0,"1/1/2001",1,2001,330.83,"0","0","NA","0","0",0,"NA","0","0","Cladium jamaicense",0,"NA",0,"NA",0,21,0,"NA","NA","NA","NA","NA","NA","NA","NA","NA","NA","NA","NA","63.04","62.67","5.77"
"TS_Ph6b","Everglades","Everglades","NA",194175,25.21609,-80.65102,"NA",0,"9/1/2005",9,2005,110.89,"0","0","NA","0","0",0,"NA","0","0","Cladium jamaicense",0,"NA",0,"NA",0,21,0,"NA","NA","NA","NA","NA","NA","NA","NA","NA","NA","NA","NA","28.19","29.67","10.02"
"TS_Ph6b","Everglades","Everglades","NA",194175,25.21609,-80.65102,"NA",0,"5/1/2002",5,2002,151.51,"0","0","NA","0","0",0,"NA","0","0","Cladium jamaicense",0,"NA",0,"NA",0,21,0,"NA","NA","NA","NA","NA","NA","NA","NA","NA","NA","NA","NA","40.84","45.67","10.69"
"TS_Ph6b","Everglades","Everglades","NA",194175,25.21609,-80.65102,"NA",0,"3/1/2008",3,2008,137.44,"0","0","NA","0","0",0,"NA","0","0","Cladium jamaicense",0,"NA",0,"NA",0,21,0,"NA","NA","NA","NA","NA","NA","NA","NA","NA","NA","NA","NA","11.73","41.33","10.69"
"TS_Ph6b","Everglades","Everglades","NA",194175,25.21609,-80.65102,"NA",0,"9/1/2008",9,2008,158.34,"0","0","NA","0","0",0,"NA","0","0","Cladium jamaicense",0,"NA",0,"NA",0,21,0,"NA","NA","NA","NA","NA","NA","NA","NA","NA","NA","NA","NA","1.22","38.00","5.00"
"TS_Ph6b","Everglades","Everglades","NA",194175,25.21609,-80.65102,"NA",0,"7/1/2012",7,2012,221.93,"0","0","NA","0","0",0,"NA","0","0","Cladium jamaicense",0,"NA",0,"NA",0,21,0,"NA","NA","NA","NA","NA","NA","NA","NA","NA","NA","NA","NA","35.31","61.33","13.58"
"TS_Ph6b","Everglades","Everglades","NA",194175,25.21609,-80.65102,"NA",0,"3/1/2013",3,2013,146.98,"0","0","NA","0","0",0,"NA","0","0","Cladium jamaicense",0,"NA",0,"NA",0,21,0,"NA","NA","NA","NA","NA","NA","NA","NA","NA","NA","NA","NA","51.55","54.33","8.50"
"TS_Ph6b","Everglades","Everglades","NA",194175,25.21609,-80.65102,"NA",0,"7/1/2008",7,2008,152.48,"0","0","NA","0","0",0,"NA","0","0","Cladium jamaicense",0,"NA",0,"NA",0,21,0,"NA","NA","NA","NA","NA","NA","NA","NA","NA","NA","NA","NA","24.87","43.00","7.81"
"TS_Ph6b","Everglades","Everglades","NA",194175,25.21609,-80.65102,"NA",0,"1/1/2007",1,2007,145.4,"0","0","NA","0","0",0,"NA","0","0","Cladium jamaicense",0,"NA",0,"NA",0,21,0,"NA","NA","NA","NA","NA","NA","NA","NA","NA","NA","NA","NA","39.17","36.33","9.02"
"TS_Ph6b","Everglades","Everglades","NA",194175,25.21609,-80.65102,"NA",0,"5/1/2011",5,2011,157.74,"0","0","NA","0","0",0,"NA","0","0","Cladium jamaicense",0,"NA",0,"NA",0,21,0,"NA","NA","NA","NA","NA","NA","NA","NA","NA","NA","NA","NA","49.96","45.00","14.42"
"TS_Ph6b","Everglades","Everglades","NA",194175,25.21609,-80.65102,"NA",0,"1/1/2010",1,2010,187.19,"0","0","NA","0","0",0,"NA","0","0","Cladium jamaicense",0,"NA",0,"NA",0,21,0,"NA","NA","NA","NA","NA","NA","NA","NA","NA","NA","NA","NA","24.31","32.33","4.73"
"TS_Ph6b","Everglades","Everglades","NA",194175,25.21609,-80.65102,"NA",0,"7/1/2000",7,2000,253.1,"0","0","NA","0","0",0,"NA","0","0","Cladium jamaicense",0,"NA",0,"NA",0,21,0,"NA","NA","NA","NA","NA","NA","NA","NA","NA","NA","NA","NA","49.87","40.33","5.77"
"TS_Ph6b","Everglades","Everglades","NA",194175,25.21609,-80.65102,"NA",0,"3/1/2004",3,2004,157.22,"0","0","NA","0","0",0,"NA","0","0","Cladium jamaicense",0,"NA",0,"NA",0,21,0,"NA","NA","NA","NA","NA","NA","NA","NA","NA","NA","NA","NA","38.35","47.00","11.53"
"TS_Ph6b","Everglades","Everglades","NA",194175,25.21609,-80.65102,"NA",0,"7/1/2009",7,2009,175.27,"0","0","NA","0","0",0,"NA","0","0","Cladium jamaicense",0,"NA",0,"NA",0,21,0,"NA","NA","NA","NA","NA","NA","NA","NA","NA","NA","NA","NA","24.19","37.33","5.13"
"TS_Ph6b","Everglades","Everglades","NA",194175,25.21609,-80.65102,"NA",0,"9/1/2004",9,2004,166.01,"0","0","NA","0","0",0,"NA","0","0","Cladium jamaicense",0,"NA",0,"NA",0,21,0,"NA","NA","NA","NA","NA","NA","NA","NA","NA","NA","NA","NA","1.79","48.33","9.24"
"TS_Ph6b","Everglades","Everglades","NA",194175,25.21609,-80.65102,"NA",0,"7/1/2003",7,2003,212.61,"0","0","NA","0","0",0,"NA","0","0","Cladium jamaicense",0,"NA",0,"NA",0,21,0,"NA","NA","NA","NA","NA","NA","NA","NA","NA","NA","NA","NA","78.56","51.33","9.61"
"TS_Ph6b","Everglades","Everglades","NA",194175,25.21609,-80.65102,"NA",0,"5/1/2012",5,2012,206.6,"0","0","NA","0","0",0,"NA","0","0","Cladium jamaicense",0,"NA",0,"NA",0,21,0,"NA","NA","NA","NA","NA","NA","NA","NA","NA","NA","NA","NA","7.72","69.00","9.54"
"TS_Ph6b","Everglades","Everglades","NA",194175,25.21609,-80.65102,"NA",0,"3/1/2012",3,2012,255.48,"0","0","NA","0","0",0,"NA","0","0","Cladium jamaicense",0,"NA",0,"NA",0,21,0,"NA","NA","NA","NA","NA","NA","NA","NA","NA","NA","NA","NA","44.46","79.67","7.64"
"6SS1","Everglades","Everglades","NA",211713,25.21875,-80.66361,"NA",0,"10/1/2015",10,2015,0,"0","0","NA","0","0",0,"NA","0","0","Cladium jamaicense",0,"NA",0,"NA",0,1,0,"NA","NA","NA","NA","NA","NA","NA","NA","NA","NA","NA","NA","0.00","0.00","0.00"
"6SS1","Everglades","Everglades","NA",211713,25.21875,-80.66361,"NA",0,"10/1/2014",10,2014,0,"0","0","NA","0","0",0,"NA","0","0","Cladium jamaicense",0,"NA",0,"NA",0,1,0,"NA","NA","NA","NA","NA","NA","NA","NA","NA","NA","NA","NA","0.00","0.00","0.00"
"1SS2","Everglades","Everglades","NA",281725,25.22992,-80.75526,"NA",0,"10/1/2014",10,2014,137.04,"0","0","NA","0","0",0,"NA","0","0","Cladium jamaicense",0,"NA",0,"NA",0,1,0,"NA","NA","NA","NA","NA","NA","NA","NA","NA","NA","NA","NA","63.33","19.33","8.33"
"1SS2","Everglades","Everglades","NA",281725,25.22992,-80.75526,"NA",0,"10/1/2015",10,2015,99.1,"0","0","NA","0","0",0,"NA","0","0","Cladium jamaicense",0,"NA",0,"NA",0,1,0,"NA","NA","NA","NA","NA","NA","NA","NA","NA","NA","NA","NA","25.44","14.33","2.08"
"2SS1","Everglades","Everglades","NA",291026,25.23095,-80.60323,"NA",0,"10/1/2014",10,2014,0,"0","0","NA","0","0",0,"NA","0","0","Cladium jamaicense",0,"NA",0,"NA",0,1,0,"NA","NA","NA","NA","NA","NA","NA","NA","NA","NA","NA","NA","0.00","0.00","0.00"
"2SS1","Everglades","Everglades","NA",291026,25.23095,-80.60323,"NA",0,"10/1/2015",10,2015,17.94,"0","0","NA","0","0",0,"NA","0","0","Cladium jamaicense",0,"NA",0,"NA",0,1,0,"NA","NA","NA","NA","NA","NA","NA","NA","NA","NA","NA","NA","31.08","2.67","4.62"
"6S","Everglades","Everglades","NA",292578,25.2312,-80.66447,"NA",0,"10/1/2015",10,2015,6.73,"0","0","NA","0","0",0,"NA","0","0","Cladium jamaicense",0,"NA",0,"NA",0,1,0,"NA","NA","NA","NA","NA","NA","NA","NA","NA","NA","NA","NA","9.64","1.00","1.00"
"6S","Everglades","Everglades","NA",292578,25.2312,-80.66447,"NA",0,"10/1/2014",10,2014,17.06,"0","0","NA","0","0",0,"NA","0","0","Cladium jamaicense",0,"NA",0,"NA",0,1,0,"NA","NA","NA","NA","NA","NA","NA","NA","NA","NA","NA","NA","15.16","2.00","2.00"
"1SS1","Everglades","Everglades","NA",346786,25.23978,-80.75078,"NA",0,"10/1/2014",10,2014,59.97,"0","0","NA","0","0",0,"NA","0","0","Cladium jamaicense",0,"NA",0,"NA",0,1,0,"NA","NA","NA","NA","NA","NA","NA","NA","NA","NA","NA","NA","73.35","8.00","10.44"
"1SS1","Everglades","Everglades","NA",346786,25.23978,-80.75078,"NA",0,"10/1/2015",10,2015,111.49,"0","0","NA","0","0",0,"NA","0","0","Cladium jamaicense",0,"NA",0,"NA",0,1,0,"NA","NA","NA","NA","NA","NA","NA","NA","NA","NA","NA","NA","90.33","17.67","14.01"
"2S","Everglades","Everglades","NA",356069,25.241,-80.60406,"NA",0,"10/1/2014",10,2014,0,"0","0","NA","0","0",0,"NA","0","0","Cladium jamaicense",0,"NA",0,"NA",0,1,0,"NA","NA","NA","NA","NA","NA","NA","NA","NA","NA","NA","NA","0.00","0.00","0.00"
"2S","Everglades","Everglades","NA",356069,25.241,-80.60406,"NA",0,"10/1/2015",10,2015,4.6,"0","0","NA","0","0",0,"NA","0","0","Cladium jamaicense",0,"NA",0,"NA",0,1,0,"NA","NA","NA","NA","NA","NA","NA","NA","NA","NA","NA","NA","7.97","1.33","2.31"
"4S","Everglades","Everglades","NA",393446,25.24611,-80.46731,"NA",0,"10/1/2015",10,2015,0,"0","0","NA","0","0",0,"NA","0","0","Cladium jamaicense",0,"NA",0,"NA",0,1,0,"NA","NA","NA","NA","NA","NA","NA","NA","NA","NA","NA","NA","0.00","0.00","0.00"
"4S","Everglades","Everglades","NA",393446,25.24611,-80.46731,"NA",0,"10/1/2014",10,2014,0,"0","0","NA","0","0",0,"NA","0","0","Cladium jamaicense",0,"NA",0,"NA",0,1,0,"NA","NA","NA","NA","NA","NA","NA","NA","NA","NA","NA","NA","0.00","0.00","0.00"
"1S","Everglades","Everglades","NA",425909,25.25206,-80.74712,"NA",0,"10/1/2015",10,2015,0,"0","0","NA","0","0",0,"NA","0","0","Cladium jamaicense",0,"NA",0,"NA",0,1,0,"NA","NA","NA","NA","NA","NA","NA","NA","NA","NA","NA","NA","0.00","0.00","0.00"
"1S","Everglades","Everglades","NA",425909,25.25206,-80.74712,"NA",0,"10/1/2014",10,2014,0,"0","0","NA","0","0",0,"NA","0","0","Cladium jamaicense",0,"NA",0,"NA",0,1,0,"NA","NA","NA","NA","NA","NA","NA","NA","NA","NA","NA","NA","0.00","0.00","0.00"
"6N","Everglades","Everglades","NA",426174,25.25189,-80.66795,"NA",0,"10/1/2015",10,2015,48.03,"0","0","NA","0","0",0,"NA","0","0","Cladium jamaicense",0,"NA",0,"NA",0,1,0,"NA","NA","NA","NA","NA","NA","NA","NA","NA","NA","NA","NA","28.77","13.00","5.57"
"6N","Everglades","Everglades","NA",426174,25.25189,-80.66795,"NA",0,"10/1/2014",10,2014,19.45,"0","0","NA","0","0",0,"NA","0","0","Cladium jamaicense",0,"NA",0,"NA",0,1,0,"NA","NA","NA","NA","NA","NA","NA","NA","NA","NA","NA","NA","20.24","5.00","4.00"
"TS_Ph3","Everglades","Everglades","NA",429708,25.25241,-80.66272,"NA",0,"1/1/2004",1,2004,187.05,"0","0","NA","0","0",0,"NA","0","0","Cladium jamaicense",0,"NA",0,"NA",0,1,0,"NA","NA","NA","NA","NA","NA","NA","NA","NA","NA","NA","NA","46.31","60.00","8.66"
"TS_Ph3","Everglades","Everglades","NA",429708,25.25241,-80.66272,"NA",0,"1/1/2005",1,2005,208.14,"0","0","NA","0","0",0,"NA","0","0","Cladium jamaicense",0,"NA",0,"NA",0,1,0,"NA","NA","NA","NA","NA","NA","NA","NA","NA","NA","NA","NA","17.26","53.33","8.33"
"TS_Ph3","Everglades","Everglades","NA",429708,25.25241,-80.66272,"NA",0,"11/1/2003",11,2003,172.01,"0","0","NA","0","0",0,"NA","0","0","Cladium jamaicense",0,"NA",0,"NA",0,1,0,"NA","NA","NA","NA","NA","NA","NA","NA","NA","NA","NA","NA","28.09","55.33","7.37"
"TS_Ph3","Everglades","Everglades","NA",429708,25.25241,-80.66272,"NA",0,"11/1/2009",11,2009,114.82,"0","0","NA","0","0",0,"NA","0","0","Cladium jamaicense",0,"NA",0,"NA",0,1,0,"NA","NA","NA","NA","NA","NA","NA","NA","NA","NA","NA","NA","12.21","37.33","7.09"
"TS_Ph3","Everglades","Everglades","NA",429708,25.25241,-80.66272,"NA",0,"11/1/2011",11,2011,90.89,"0","0","NA","0","0",0,"NA","0","0","Cladium jamaicense",0,"NA",0,"NA",0,1,0,"NA","NA","NA","NA","NA","NA","NA","NA","NA","NA","NA","NA","16.97","33.00","7.55"
"TS_Ph3","Everglades","Everglades","NA",429708,25.25241,-80.66272,"NA",0,"11/1/2000",11,2000,398.09,"0","0","NA","0","0",0,"NA","0","0","Cladium jamaicense",0,"NA",0,"NA",0,1,0,"NA","NA","NA","NA","NA","NA","NA","NA","NA","NA","NA","NA","33.15","88.00","8.72"
"TS_Ph3","Everglades","Everglades","NA",429708,25.25241,-80.66272,"NA",0,"11/1/2008",11,2008,156.88,"0","0","NA","0","0",0,"NA","0","0","Cladium jamaicense",0,"NA",0,"NA",0,1,0,"NA","NA","NA","NA","NA","NA","NA","NA","NA","NA","NA","NA","15.32","50.67","5.13"
"TS_Ph3","Everglades","Everglades","NA",429708,25.25241,-80.66272,"NA",0,"11/1/2010",11,2010,117.16,"0","0","NA","0","0",0,"NA","0","0","Cladium jamaicense",0,"NA",0,"NA",0,1,0,"NA","NA","NA","NA","NA","NA","NA","NA","NA","NA","NA","NA","18.19","40.00","5.29"
"TS_Ph3","Everglades","Everglades","NA",429708,25.25241,-80.66272,"NA",0,"11/1/1999",11,1999,263.61,"0","0","NA","0","0",0,"NA","0","0","Cladium jamaicense",0,"NA",0,"NA",0,1,0,"NA","NA","NA","NA","NA","NA","NA","NA","NA","NA","NA","NA","22.97","80.33","9.29"
"TS_Ph3","Everglades","Everglades","NA",429708,25.25241,-80.66272,"NA",0,"11/1/2005",11,2005,183.29,"0","0","NA","0","0",0,"NA","0","0","Cladium jamaicense",0,"NA",0,"NA",0,1,0,"NA","NA","NA","NA","NA","NA","NA","NA","NA","NA","NA","NA","44.98","59.67","10.79"
"TS_Ph3","Everglades","Everglades","NA",429708,25.25241,-80.66272,"NA",0,"1/1/2003",1,2003,168.96,"0","0","NA","0","0",0,"NA","0","0","Cladium jamaicense",0,"NA",0,"NA",0,1,0,"NA","NA","NA","NA","NA","NA","NA","NA","NA","NA","NA","NA","50.53","69.00","11.14"
"TS_Ph3","Everglades","Everglades","NA",429708,25.25241,-80.66272,"NA",0,"1/1/2011",1,2011,126.69,"0","0","NA","0","0",0,"NA","0","0","Cladium jamaicense",0,"NA",0,"NA",0,1,0,"NA","NA","NA","NA","NA","NA","NA","NA","NA","NA","NA","NA","22.19","43.33","8.74"
"TS_Ph3","Everglades","Everglades","NA",429708,25.25241,-80.66272,"NA",0,"1/1/2000",1,2000,216.2,"0","0","NA","0","0",0,"NA","0","0","Cladium jamaicense",0,"NA",0,"NA",0,1,0,"NA","NA","NA","NA","NA","NA","NA","NA","NA","NA","NA","NA","7.75","82.33","12.86"
"TS_Ph3","Everglades","Everglades","NA",429708,25.25241,-80.66272,"NA",0,"3/1/2002",3,2002,231.51,"0","0","NA","0","0",0,"NA","0","0","Cladium jamaicense",0,"NA",0,"NA",0,1,0,"NA","NA","NA","NA","NA","NA","NA","NA","NA","NA","NA","NA","12.00","83.33","4.93"
"TS_Ph3","Everglades","Everglades","NA",429708,25.25241,-80.66272,"NA",0,"3/1/2006",3,2006,165.6,"0","0","NA","0","0",0,"NA","0","0","Cladium jamaicense",0,"NA",0,"NA",0,1,0,"NA","NA","NA","NA","NA","NA","NA","NA","NA","NA","NA","NA","16.99","54.00","6.08"
"TS_Ph3","Everglades","Everglades","NA",429708,25.25241,-80.66272,"NA",0,"3/1/2001",3,2001,350.37,"0","0","NA","0","0",0,"NA","0","0","Cladium jamaicense",0,"NA",0,"NA",0,1,0,"NA","NA","NA","NA","NA","NA","NA","NA","NA","NA","NA","NA","27.47","108.00","2.00"
"TS_Ph3","Everglades","Everglades","NA",429708,25.25241,-80.66272,"NA",0,"5/1/2000",5,2000,288.04,"0","0","NA","0","0",0,"NA","0","0","Cladium jamaicense",0,"NA",0,"NA",0,1,0,"NA","NA","NA","NA","NA","NA","NA","NA","NA","NA","NA","NA","75.61","91.67","19.66"
"TS_Ph3","Everglades","Everglades","NA",429708,25.25241,-80.66272,"NA",0,"5/1/2007",5,2007,121.2,"0","0","NA","0","0",0,"NA","0","0","Cladium jamaicense",0,"NA",0,"NA",0,1,0,"NA","NA","NA","NA","NA","NA","NA","NA","NA","NA","NA","NA","6.52","50.67","3.21"
"TS_Ph3","Everglades","Everglades","NA",429708,25.25241,-80.66272,"NA",0,"5/1/2008",5,2008,110.93,"0","0","NA","0","0",0,"NA","0","0","Cladium jamaicense",0,"NA",0,"NA",0,1,0,"NA","NA","NA","NA","NA","NA","NA","NA","NA","NA","NA","NA","10.16","45.00","6.56"
"TS_Ph3","Everglades","Everglades","NA",429708,25.25241,-80.66272,"NA",0,"5/1/2009",5,2009,129.13,"0","0","NA","0","0",0,"NA","0","0","Cladium jamaicense",0,"NA",0,"NA",0,1,0,"NA","NA","NA","NA","NA","NA","NA","NA","NA","NA","NA","NA","20.18","54.67","4.51"
"TS_Ph3","Everglades","Everglades","NA",429708,25.25241,-80.66272,"NA",0,"5/1/2004",5,2004,239.79,"0","0","NA","0","0",0,"NA","0","0","Cladium jamaicense",0,"NA",0,"NA",0,1,0,"NA","NA","NA","NA","NA","NA","NA","NA","NA","NA","NA","NA","67.72","66.33","14.05"
"TS_Ph3","Everglades","Everglades","NA",429708,25.25241,-80.66272,"NA",0,"5/1/2011",5,2011,122.68,"0","0","NA","0","0",0,"NA","0","0","Cladium jamaicense",0,"NA",0,"NA",0,1,0,"NA","NA","NA","NA","NA","NA","NA","NA","NA","NA","NA","NA","15.15","59.67","5.03"
"TS_Ph3","Everglades","Everglades","NA",429708,25.25241,-80.66272,"NA",0,"5/1/2006",5,2006,189.53,"0","0","NA","0","0",0,"NA","0","0","Cladium jamaicense",0,"NA",0,"NA",0,1,0,"NA","NA","NA","NA","NA","NA","NA","NA","NA","NA","NA","NA","9.95","57.00","7.21"
"TS_Ph3","Everglades","Everglades","NA",429708,25.25241,-80.66272,"NA",0,"5/1/2001",5,2001,316.59,"0","0","NA","0","0",0,"NA","0","0","Cladium jamaicense",0,"NA",0,"NA",0,1,0,"NA","NA","NA","NA","NA","NA","NA","NA","NA","NA","NA","NA","37.91","110.00","4.36"
"TS_Ph3","Everglades","Everglades","NA",429708,25.25241,-80.66272,"NA",0,"7/1/2000",7,2000,379.74,"0","0","NA","0","0",0,"NA","0","0","Cladium jamaicense",0,"NA",0,"NA",0,1,0,"NA","NA","NA","NA","NA","NA","NA","NA","NA","NA","NA","NA","66.10","96.67","17.90"
"TS_Ph3","Everglades","Everglades","NA",429708,25.25241,-80.66272,"NA",0,"7/1/2007",7,2007,160.14,"0","0","NA","0","0",0,"NA","0","0","Cladium jamaicense",0,"NA",0,"NA",0,1,0,"NA","NA","NA","NA","NA","NA","NA","NA","NA","NA","NA","NA","12.49","60.00","5.29"
"TS_Ph3","Everglades","Everglades","NA",429708,25.25241,-80.66272,"NA",0,"7/1/2009",7,2009,137.33,"0","0","NA","0","0",0,"NA","0","0","Cladium jamaicense",0,"NA",0,"NA",0,1,0,"NA","NA","NA","NA","NA","NA","NA","NA","NA","NA","NA","NA","7.67","53.67","2.08"
"TS_Ph3","Everglades","Everglades","NA",429708,25.25241,-80.66272,"NA",0,"7/1/2005",7,2005,158.06,"0","0","NA","0","0",0,"NA","0","0","Cladium jamaicense",0,"NA",0,"NA",0,1,0,"NA","NA","NA","NA","NA","NA","NA","NA","NA","NA","NA","NA","32.00","50.67","8.08"
"TS_Ph3","Everglades","Everglades","NA",429708,25.25241,-80.66272,"NA",0,"7/1/2011",7,2011,113.6,"0","0","NA","0","0",0,"NA","0","0","Cladium jamaicense",0,"NA",0,"NA",0,1,0,"NA","NA","NA","NA","NA","NA","NA","NA","NA","NA","NA","NA","14.52","51.67","5.51"
"TS_Ph3","Everglades","Everglades","NA",429708,25.25241,-80.66272,"NA",0,"9/1/2000",9,2000,385.79,"0","0","NA","0","0",0,"NA","0","0","Cladium jamaicense",0,"NA",0,"NA",0,1,0,"NA","NA","NA","NA","NA","NA","NA","NA","NA","NA","NA","NA","45.19","92.33","13.65"
"TS_Ph3","Everglades","Everglades","NA",429708,25.25241,-80.66272,"NA",0,"9/1/2007",9,2007,147.51,"0","0","NA","0","0",0,"NA","0","0","Cladium jamaicense",0,"NA",0,"NA",0,1,0,"NA","NA","NA","NA","NA","NA","NA","NA","NA","NA","NA","NA","13.01","47.67","5.51"
"TS_Ph3","Everglades","Everglades","NA",429708,25.25241,-80.66272,"NA",0,"9/1/2003",9,2003,189.04,"0","0","NA","0","0",0,"NA","0","0","Cladium jamaicense",0,"NA",0,"NA",0,1,0,"NA","NA","NA","NA","NA","NA","NA","NA","NA","NA","NA","NA","37.75","62.00","10.15"
"TS_Ph3","Everglades","Everglades","NA",429708,25.25241,-80.66272,"NA",0,"9/1/2004",9,2004,190.23,"0","0","NA","0","0",0,"NA","0","0","Cladium jamaicense",0,"NA",0,"NA",0,1,0,"NA","NA","NA","NA","NA","NA","NA","NA","NA","NA","NA","NA","31.05","45.67","5.51"
"TS_Ph3","Everglades","Everglades","NA",429708,25.25241,-80.66272,"NA",0,"1/1/2008",1,2008,146.34,"0","0","NA","0","0",0,"NA","0","0","Cladium jamaicense",0,"NA",0,"NA",0,1,0,"NA","NA","NA","NA","NA","NA","NA","NA","NA","NA","NA","NA","12.75","44.33","2.52"
"TS_Ph3","Everglades","Everglades","NA",429708,25.25241,-80.66272,"NA",0,"1/1/2006",1,2006,192.85,"0","0","NA","0","0",0,"NA","0","0","Cladium jamaicense",0,"NA",0,"NA",0,1,0,"NA","NA","NA","NA","NA","NA","NA","NA","NA","NA","NA","NA","47.66","52.33","5.77"
"TS_Ph3","Everglades","Everglades","NA",429708,25.25241,-80.66272,"NA",0,"1/1/2012",1,2012,95.74,"0","0","NA","0","0",0,"NA","0","0","Cladium jamaicense",0,"NA",0,"NA",0,1,0,"NA","NA","NA","NA","NA","NA","NA","NA","NA","NA","NA","NA","7.37","45.00","1.73"
"TS_Ph3","Everglades","Everglades","NA",429708,25.25241,-80.66272,"NA",0,"1/1/2002",1,2002,311.79,"0","0","NA","0","0",0,"NA","0","0","Cladium jamaicense",0,"NA",0,"NA",0,1,0,"NA","NA","NA","NA","NA","NA","NA","NA","NA","NA","NA","NA","27.67","93.67","7.51"
"TS_Ph3","Everglades","Everglades","NA",429708,25.25241,-80.66272,"NA",0,"11/1/2006",11,2006,181.6,"0","0","NA","0","0",0,"NA","0","0","Cladium jamaicense",0,"NA",0,"NA",0,1,0,"NA","NA","NA","NA","NA","NA","NA","NA","NA","NA","NA","NA","16.54","45.33","2.89"
"TS_Ph3","Everglades","Everglades","NA",429708,25.25241,-80.66272,"NA",0,"11/1/2012",11,2012,73.62,"0","0","NA","0","0",0,"NA","0","0","Cladium jamaicense",0,"NA",0,"NA",0,1,0,"NA","NA","NA","NA","NA","NA","NA","NA","NA","NA","NA","NA","4.84","27.33","1.53"
"TS_Ph3","Everglades","Everglades","NA",429708,25.25241,-80.66272,"NA",0,"11/1/2001",11,2001,298.63,"0","0","NA","0","0",0,"NA","0","0","Cladium jamaicense",0,"NA",0,"NA",0,1,0,"NA","NA","NA","NA","NA","NA","NA","NA","NA","NA","NA","NA","30.61","86.33","6.11"
"TS_Ph3","Everglades","Everglades","NA",429708,25.25241,-80.66272,"NA",0,"11/1/2007",11,2007,162.3,"0","0","NA","0","0",0,"NA","0","0","Cladium jamaicense",0,"NA",0,"NA",0,1,0,"NA","NA","NA","NA","NA","NA","NA","NA","NA","NA","NA","NA","15.98","48.33","4.16"
"TS_Ph3","Everglades","Everglades","NA",429708,25.25241,-80.66272,"NA",0,"11/1/2002",11,2002,225.86,"0","0","NA","0","0",0,"NA","0","0","Cladium jamaicense",0,"NA",0,"NA",0,1,0,"NA","NA","NA","NA","NA","NA","NA","NA","NA","NA","NA","NA","37.86","70.67","8.62"
"TS_Ph3","Everglades","Everglades","NA",429708,25.25241,-80.66272,"NA",0,"1/1/2013",1,2013,68.45,"0","0","NA","0","0",0,"NA","0","0","Cladium jamaicense",0,"NA",0,"NA",0,1,0,"NA","NA","NA","NA","NA","NA","NA","NA","NA","NA","NA","NA","9.04","27.00","3.46"
"TS_Ph3","Everglades","Everglades","NA",429708,25.25241,-80.66272,"NA",0,"1/1/2010",1,2010,102.16,"0","0","NA","0","0",0,"NA","0","0","Cladium jamaicense",0,"NA",0,"NA",0,1,0,"NA","NA","NA","NA","NA","NA","NA","NA","NA","NA","NA","NA","13.12","31.00","5.29"
"TS_Ph3","Everglades","Everglades","NA",429708,25.25241,-80.66272,"NA",0,"3/1/2007",3,2007,132.08,"0","0","NA","0","0",0,"NA","0","0","Cladium jamaicense",0,"NA",0,"NA",0,1,0,"NA","NA","NA","NA","NA","NA","NA","NA","NA","NA","NA","NA","19.48","62.00","5.20"
"TS_Ph3","Everglades","Everglades","NA",429708,25.25241,-80.66272,"NA",0,"3/1/2014",3,2014,57.4,"0","0","NA","0","0",0,"NA","0","0","Cladium jamaicense",0,"NA",0,"NA",0,1,0,"NA","NA","NA","NA","NA","NA","NA","NA","NA","NA","NA","NA","17.72","25.33","6.11"
"TS_Ph3","Everglades","Everglades","NA",429708,25.25241,-80.66272,"NA",0,"3/1/2003",3,2003,161.92,"0","0","NA","0","0",0,"NA","0","0","Cladium jamaicense",0,"NA",0,"NA",0,1,0,"NA","NA","NA","NA","NA","NA","NA","NA","NA","NA","NA","NA","32.61","73.33","7.57"
"TS_Ph3","Everglades","Everglades","NA",429708,25.25241,-80.66272,"NA",0,"3/1/2010",3,2010,96.39,"0","0","NA","0","0",0,"NA","0","0","Cladium jamaicense",0,"NA",0,"NA",0,1,0,"NA","NA","NA","NA","NA","NA","NA","NA","NA","NA","NA","NA","9.95","37.00","4.36"
"TS_Ph3","Everglades","Everglades","NA",429708,25.25241,-80.66272,"NA",0,"3/1/2005",3,2005,163.62,"0","0","NA","0","0",0,"NA","0","0","Cladium jamaicense",0,"NA",0,"NA",0,1,0,"NA","NA","NA","NA","NA","NA","NA","NA","NA","NA","NA","NA","26.82","70.00","5.20"
"TS_Ph3","Everglades","Everglades","NA",429708,25.25241,-80.66272,"NA",0,"3/1/2011",3,2011,123.09,"0","0","NA","0","0",0,"NA","0","0","Cladium jamaicense",0,"NA",0,"NA",0,1,0,"NA","NA","NA","NA","NA","NA","NA","NA","NA","NA","NA","NA","9.83","43.00","3.61"
"TS_Ph3","Everglades","Everglades","NA",429708,25.25241,-80.66272,"NA",0,"3/1/2000",3,2000,252.61,"0","0","NA","0","0",0,"NA","0","0","Cladium jamaicense",0,"NA",0,"NA",0,1,0,"NA","NA","NA","NA","NA","NA","NA","NA","NA","NA","NA","NA","37.73","113.67","8.74"
"TS_Ph3","Everglades","Everglades","NA",429708,25.25241,-80.66272,"NA",0,"5/1/2012",5,2012,74.25,"0","0","NA","0","0",0,"NA","0","0","Cladium jamaicense",0,"NA",0,"NA",0,1,0,"NA","NA","NA","NA","NA","NA","NA","NA","NA","NA","NA","NA","21.30","37.67","5.13"
"TS_Ph3","Everglades","Everglades","NA",429708,25.25241,-80.66272,"NA",0,"5/1/2003",5,2003,183.84,"0","0","NA","0","0",0,"NA","0","0","Cladium jamaicense",0,"NA",0,"NA",0,1,0,"NA","NA","NA","NA","NA","NA","NA","NA","NA","NA","NA","NA","18.37","69.33","11.50"
"TS_Ph3","Everglades","Everglades","NA",429708,25.25241,-80.66272,"NA",0,"5/1/2005",5,2005,164.67,"0","0","NA","0","0",0,"NA","0","0","Cladium jamaicense",0,"NA",0,"NA",0,1,0,"NA","NA","NA","NA","NA","NA","NA","NA","NA","NA","NA","NA","25.98","61.00","4.00"
"TS_Ph3","Everglades","Everglades","NA",429708,25.25241,-80.66272,"NA",0,"7/1/2010",7,2010,135.72,"0","0","NA","0","0",0,"NA","0","0","Cladium jamaicense",0,"NA",0,"NA",0,1,0,"NA","NA","NA","NA","NA","NA","NA","NA","NA","NA","NA","NA","21.86","50.33","1.15"
"TS_Ph3","Everglades","Everglades","NA",429708,25.25241,-80.66272,"NA",0,"7/1/2012",7,2012,58.02,"0","0","NA","0","0",0,"NA","0","0","Cladium jamaicense",0,"NA",0,"NA",0,1,0,"NA","NA","NA","NA","NA","NA","NA","NA","NA","NA","NA","NA","5.90","28.67","2.31"
"TS_Ph3","Everglades","Everglades","NA",429708,25.25241,-80.66272,"NA",0,"7/1/2001",7,2001,409.16,"0","0","NA","0","0",0,"NA","0","0","Cladium jamaicense",0,"NA",0,"NA",0,1,0,"NA","NA","NA","NA","NA","NA","NA","NA","NA","NA","NA","NA","50.00","112.67","16.56"
"TS_Ph3","Everglades","Everglades","NA",429708,25.25241,-80.66272,"NA",0,"8/1/1999",8,1999,363.06,"0","0","NA","0","0",0,"NA","0","0","Cladium jamaicense",0,"NA",0,"NA",0,1,0,"NA","NA","NA","NA","NA","NA","NA","NA","NA","NA","NA","NA","55.85","81.33","12.74"
"TS_Ph3","Everglades","Everglades","NA",429708,25.25241,-80.66272,"NA",0,"9/1/2013",9,2013,78.94,"0","0","NA","0","0",0,"NA","0","0","Cladium jamaicense",0,"NA",0,"NA",0,1,0,"NA","NA","NA","NA","NA","NA","NA","NA","NA","NA","NA","NA","15.29","24.67","2.52"
"TS_Ph3","Everglades","Everglades","NA",429708,25.25241,-80.66272,"NA",0,"9/1/2010",9,2010,131.97,"0","0","NA","0","0",0,"NA","0","0","Cladium jamaicense",0,"NA",0,"NA",0,1,0,"NA","NA","NA","NA","NA","NA","NA","NA","NA","NA","NA","NA","18.87","45.67","1.53"
"TS_Ph3","Everglades","Everglades","NA",429708,25.25241,-80.66272,"NA",0,"9/1/2011",9,2011,119.61,"0","0","NA","0","0",0,"NA","0","0","Cladium jamaicense",0,"NA",0,"NA",0,1,0,"NA","NA","NA","NA","NA","NA","NA","NA","NA","NA","NA","NA","5.23","46.33","4.62"
"TS_Ph3","Everglades","Everglades","NA",429708,25.25241,-80.66272,"NA",0,"9/1/2012",9,2012,71.23,"0","0","NA","0","0",0,"NA","0","0","Cladium jamaicense",0,"NA",0,"NA",0,1,0,"NA","NA","NA","NA","NA","NA","NA","NA","NA","NA","NA","NA","6.59","29.67","3.21"
"TS_Ph3","Everglades","Everglades","NA",429708,25.25241,-80.66272,"NA",0,"9/1/2009",9,2009,118.91,"0","0","NA","0","0",0,"NA","0","0","Cladium jamaicense",0,"NA",0,"NA",0,1,0,"NA","NA","NA","NA","NA","NA","NA","NA","NA","NA","NA","NA","31.17","43.00","12.17"
"TS_Ph3","Everglades","Everglades","NA",429708,25.25241,-80.66272,"NA",0,"1/1/2014",1,2014,53.27,"0","0","NA","0","0",0,"NA","0","0","Cladium jamaicense",0,"NA",0,"NA",0,1,0,"NA","NA","NA","NA","NA","NA","NA","NA","NA","NA","NA","NA","12.58","20.00","3.46"
"TS_Ph3","Everglades","Everglades","NA",429708,25.25241,-80.66272,"NA",0,"11/1/2013",11,2013,63.49,"0","0","NA","0","0",0,"NA","0","0","Cladium jamaicense",0,"NA",0,"NA",0,1,0,"NA","NA","NA","NA","NA","NA","NA","NA","NA","NA","NA","NA","9.22","24.33","2.52"
"TS_Ph3","Everglades","Everglades","NA",429708,25.25241,-80.66272,"NA",0,"5/1/2014",5,2014,53.21,"0","0","NA","0","0",0,"NA","0","0","Cladium jamaicense",0,"NA",0,"NA",0,1,0,"NA","NA","NA","NA","NA","NA","NA","NA","NA","NA","NA","NA","19.22","25.00","9.54"
"TS_Ph3","Everglades","Everglades","NA",429708,25.25241,-80.66272,"NA",0,"7/1/2013",7,2013,59.91,"0","0","NA","0","0",0,"NA","0","0","Cladium jamaicense",0,"NA",0,"NA",0,1,0,"NA","NA","NA","NA","NA","NA","NA","NA","NA","NA","NA","NA","10.69","27.33","4.04"
"TS_Ph3","Everglades","Everglades","NA",429708,25.25241,-80.66272,"NA",0,"3/1/2009",3,2009,147.72,"0","0","NA","0","0",0,"NA","0","0","Cladium jamaicense",0,"NA",0,"NA",0,23,0,"NA","NA","NA","NA","NA","NA","NA","NA","NA","NA","NA","NA","28.35","72.33","10.26"
"TS_Ph3","Everglades","Everglades","NA",429708,25.25241,-80.66272,"NA",0,"9/1/2008",9,2008,147.33,"0","0","NA","0","0",0,"NA","0","0","Cladium jamaicense",0,"NA",0,"NA",0,23,0,"NA","NA","NA","NA","NA","NA","NA","NA","NA","NA","NA","NA","36.06","42.00","10.15"
"TS_Ph3","Everglades","Everglades","NA",429708,25.25241,-80.66272,"NA",0,"5/1/2010",5,2010,96.22,"0","0","NA","0","0",0,"NA","0","0","Cladium jamaicense",0,"NA",0,"NA",0,23,0,"NA","NA","NA","NA","NA","NA","NA","NA","NA","NA","NA","NA","22.36","42.67","3.06"
"TS_Ph3","Everglades","Everglades","NA",429708,25.25241,-80.66272,"NA",0,"7/1/2008",7,2008,276.77,"0","0","NA","0","0",0,"NA","0","0","Cladium jamaicense",0,"NA",0,"NA",0,23,0,"NA","NA","NA","NA","NA","NA","NA","NA","NA","NA","NA","NA","89.52","69.00","16.46"
"TS_Ph3","Everglades","Everglades","NA",429708,25.25241,-80.66272,"NA",0,"5/1/2013",5,2013,46.3,"0","0","NA","0","0",0,"NA","0","0","Cladium jamaicense",0,"NA",0,"NA",0,23,0,"NA","NA","NA","NA","NA","NA","NA","NA","NA","NA","NA","NA","5.39","27.33","2.31"
"TS_Ph3","Everglades","Everglades","NA",429708,25.25241,-80.66272,"NA",0,"3/1/2008",3,2008,144.84,"0","0","NA","0","0",0,"NA","0","0","Cladium jamaicense",0,"NA",0,"NA",0,23,0,"NA","NA","NA","NA","NA","NA","NA","NA","NA","NA","NA","NA","17.78","55.67","7.51"
"TS_Ph3","Everglades","Everglades","NA",429708,25.25241,-80.66272,"NA",0,"3/1/2012",3,2012,61.1,"0","0","NA","0","0",0,"NA","0","0","Cladium jamaicense",0,"NA",0,"NA",0,23,0,"NA","NA","NA","NA","NA","NA","NA","NA","NA","NA","NA","NA","33.01","31.00","17.09"
"TS_Ph3","Everglades","Everglades","NA",429708,25.25241,-80.66272,"NA",0,"1/1/2001",1,2001,367.33,"0","0","NA","0","0",0,"NA","0","0","Cladium jamaicense",0,"NA",0,"NA",0,23,0,"NA","NA","NA","NA","NA","NA","NA","NA","NA","NA","NA","NA","29.19","92.33","2.52"
"TS_Ph3","Everglades","Everglades","NA",429708,25.25241,-80.66272,"NA",0,"11/1/2004",11,2004,196.83,"0","0","NA","0","0",0,"NA","0","0","Cladium jamaicense",0,"NA",0,"NA",0,23,0,"NA","NA","NA","NA","NA","NA","NA","NA","NA","NA","NA","NA","23.34","52.67","3.21"
"TS_Ph3","Everglades","Everglades","NA",429708,25.25241,-80.66272,"NA",0,"9/1/2006",9,2006,194.41,"0","0","NA","0","0",0,"NA","0","0","Cladium jamaicense",0,"NA",0,"NA",0,23,0,"NA","NA","NA","NA","NA","NA","NA","NA","NA","NA","NA","NA","22.67","58.00","5.00"
"TS_Ph3","Everglades","Everglades","NA",429708,25.25241,-80.66272,"NA",0,"9/1/2002",9,2002,153.15,"0","0","NA","0","0",0,"NA","0","0","Cladium jamaicense",0,"NA",0,"NA",0,23,0,"NA","NA","NA","NA","NA","NA","NA","NA","NA","NA","NA","NA","0.49","56.33","4.04"
"TS_Ph3","Everglades","Everglades","NA",429708,25.25241,-80.66272,"NA",0,"9/1/2001",9,2001,324.79,"0","0","NA","0","0",0,"NA","0","0","Cladium jamaicense",0,"NA",0,"NA",0,23,0,"NA","NA","NA","NA","NA","NA","NA","NA","NA","NA","NA","NA","40.33","94.00","6.00"
"TS_Ph3","Everglades","Everglades","NA",429708,25.25241,-80.66272,"NA",0,"1/1/2007",1,2007,187.5,"0","0","NA","0","0",0,"NA","0","0","Cladium jamaicense",0,"NA",0,"NA",0,23,0,"NA","NA","NA","NA","NA","NA","NA","NA","NA","NA","NA","NA","21.85","45.67","4.93"
"TS_Ph3","Everglades","Everglades","NA",429708,25.25241,-80.66272,"NA",0,"9/1/1999",9,1999,326.72,"0","0","NA","0","0",0,"NA","0","0","Cladium jamaicense",0,"NA",0,"NA",0,23,0,"NA","NA","NA","NA","NA","NA","NA","NA","NA","NA","NA","NA","9.69","69.33","4.16"
"TS_Ph3","Everglades","Everglades","NA",429708,25.25241,-80.66272,"NA",0,"7/1/2002",7,2002,254.22,"0","0","NA","0","0",0,"NA","0","0","Cladium jamaicense",0,"NA",0,"NA",0,23,0,"NA","NA","NA","NA","NA","NA","NA","NA","NA","NA","NA","NA","34.17","95.67","10.21"
"TS_Ph3","Everglades","Everglades","NA",429708,25.25241,-80.66272,"NA",0,"7/1/2006",7,2006,162.17,"0","0","NA","0","0",0,"NA","0","0","Cladium jamaicense",0,"NA",0,"NA",0,23,0,"NA","NA","NA","NA","NA","NA","NA","NA","NA","NA","NA","NA","6.35","54.00","0.00"
"TS_Ph3","Everglades","Everglades","NA",429708,25.25241,-80.66272,"NA",0,"7/1/2004",7,2004,260.38,"0","0","NA","0","0",0,"NA","0","0","Cladium jamaicense",0,"NA",0,"NA",0,23,0,"NA","NA","NA","NA","NA","NA","NA","NA","NA","NA","NA","NA","35.64","72.33","7.09"
"TS_Ph3","Everglades","Everglades","NA",429708,25.25241,-80.66272,"NA",0,"9/1/2005",9,2005,178.2,"0","0","NA","0","0",0,"NA","0","0","Cladium jamaicense",0,"NA",0,"NA",0,23,0,"NA","NA","NA","NA","NA","NA","NA","NA","NA","NA","NA","NA","24.28","53.67","7.09"
"TS_Ph3","Everglades","Everglades","NA",429708,25.25241,-80.66272,"NA",0,"7/1/2003",7,2003,153.33,"0","0","NA","0","0",0,"NA","0","0","Cladium jamaicense",0,"NA",0,"NA",0,23,0,"NA","NA","NA","NA","NA","NA","NA","NA","NA","NA","NA","NA","40.23","52.00","7.81"
"TS_Ph3","Everglades","Everglades","NA",429708,25.25241,-80.66272,"NA",0,"3/1/2013",3,2013,59.33,"0","0","NA","0","0",0,"NA","0","0","Cladium jamaicense",0,"NA",0,"NA",0,23,0,"NA","NA","NA","NA","NA","NA","NA","NA","NA","NA","NA","NA","7.48","37.33","1.15"
"TS_Ph3","Everglades","Everglades","NA",429708,25.25241,-80.66272,"NA",0,"3/1/2004",3,2004,191.32,"0","0","NA","0","0",0,"NA","0","0","Cladium jamaicense",0,"NA",0,"NA",0,23,0,"NA","NA","NA","NA","NA","NA","NA","NA","NA","NA","NA","NA","6.65","53.67","5.03"
"TS_Ph3","Everglades","Everglades","NA",429708,25.25241,-80.66272,"NA",0,"1/1/2009",1,2009,171.37,"0","0","NA","0","0",0,"NA","0","0","Cladium jamaicense",0,"NA",0,"NA",0,23,0,"NA","NA","NA","NA","NA","NA","NA","NA","NA","NA","NA","NA","25.07","52.00","9.54"
"TS_Ph3","Everglades","Everglades","NA",429708,25.25241,-80.66272,"NA",0,"5/1/2002",5,2002,189.84,"0","0","NA","0","0",0,"NA","0","0","Cladium jamaicense",0,"NA",0,"NA",0,23,0,"NA","NA","NA","NA","NA","NA","NA","NA","NA","NA","NA","NA","37.13","78.33","9.07"
"2C","Everglades","Everglades","NA",431648,25.25259,-80.60853,"NA",0,"10/1/2014",10,2014,0,"0","0","NA","0","0",0,"NA","0","0","Cladium jamaicense",0,"NA",0,"NA",0,1,0,"NA","NA","NA","NA","NA","NA","NA","NA","NA","NA","NA","NA","0.00","0.00","0.00"
"2C","Everglades","Everglades","NA",431648,25.25259,-80.60853,"NA",0,"10/1/2015",10,2015,0,"0","0","NA","0","0",0,"NA","0","0","Cladium jamaicense",0,"NA",0,"NA",0,1,0,"NA","NA","NA","NA","NA","NA","NA","NA","NA","NA","NA","NA","0.00","0.00","0.00"
"4C","Everglades","Everglades","NA",435628,25.25273,-80.47009,"NA",0,"10/1/2014",10,2014,14.78,"0","0","NA","0","0",0,"NA","0","0","Cladium jamaicense",0,"NA",0,"NA",0,1,0,"NA","NA","NA","NA","NA","NA","NA","NA","NA","NA","NA","NA","25.60","4.33","7.51"
"4C","Everglades","Everglades","NA",435628,25.25273,-80.47009,"NA",0,"10/1/2015",10,2015,0,"0","0","NA","0","0",0,"NA","0","0","Cladium jamaicense",0,"NA",0,"NA",0,1,0,"NA","NA","NA","NA","NA","NA","NA","NA","NA","NA","NA","NA","0.00","0.00","0.00"
"3S","Everglades","Everglades","NA",451169,25.25548,-80.55389,"NA",0,"10/1/2015",10,2015,0,"0","0","NA","0","0",0,"NA","0","0","Cladium jamaicense",0,"NA",0,"NA",0,1,0,"NA","NA","NA","NA","NA","NA","NA","NA","NA","NA","NA","NA","0.00","0.00","0.00"
"3S","Everglades","Everglades","NA",451169,25.25548,-80.55389,"NA",0,"10/1/2014",10,2014,0,"0","0","NA","0","0",0,"NA","0","0","Cladium jamaicense",0,"NA",0,"NA",0,1,0,"NA","NA","NA","NA","NA","NA","NA","NA","NA","NA","NA","NA","0.00","0.00","0.00"
"1C","Everglades","Everglades","NA",494478,25.26273,-80.74483,"NA",0,"10/1/2015",10,2015,17.86,"0","0","NA","0","0",0,"NA","0","0","Cladium jamaicense",0,"NA",0,"NA",0,1,0,"NA","NA","NA","NA","NA","NA","NA","NA","NA","NA","NA","NA","22.11","2.67","3.06"
"1C","Everglades","Everglades","NA",494478,25.26273,-80.74483,"NA",0,"10/1/2014",10,2014,1.54,"0","0","NA","0","0",0,"NA","0","0","Cladium jamaicense",0,"NA",0,"NA",0,1,0,"NA","NA","NA","NA","NA","NA","NA","NA","NA","NA","NA","NA","2.67","0.33","0.58"
"2N","Everglades","Everglades","NA",498440,25.26298,-80.61198,"NA",0,"10/1/2015",10,2015,188.24,"0","0","NA","0","0",0,"NA","0","0","Cladium jamaicense",0,"NA",0,"NA",0,1,0,"NA","NA","NA","NA","NA","NA","NA","NA","NA","NA","NA","NA","55.10","27.33","6.35"
"2N","Everglades","Everglades","NA",498440,25.26298,-80.61198,"NA",0,"10/1/2014",10,2014,266.63,"0","0","NA","0","0",0,"NA","0","0","Cladium jamaicense",0,"NA",0,"NA",0,1,0,"NA","NA","NA","NA","NA","NA","NA","NA","NA","NA","NA","NA","161.00","48.33","24.11"
"3C","Everglades","Everglades","NA",524998,25.26678,-80.55595,"NA",0,"10/1/2015",10,2015,0,"0","0","NA","0","0",0,"NA","0","0","Cladium jamaicense",0,"NA",0,"NA",0,1,0,"NA","NA","NA","NA","NA","NA","NA","NA","NA","NA","NA","NA","0.00","0.00","0.00"
"3C","Everglades","Everglades","NA",524998,25.26678,-80.55595,"NA",0,"10/1/2014",10,2014,0,"0","0","NA","0","0",0,"NA","0","0","Cladium jamaicense",0,"NA",0,"NA",0,1,0,"NA","NA","NA","NA","NA","NA","NA","NA","NA","NA","NA","NA","0.00","0.00","0.00"
"1N","Everglades","Everglades","NA",563047,25.27325,-80.74265,"NA",0,"10/1/2015",10,2015,0,"0","0","NA","0","0",0,"NA","0","0","Cladium jamaicense",0,"NA",0,"NA",0,1,0,"NA","NA","NA","NA","NA","NA","NA","NA","NA","NA","NA","NA","0.00","0.00","0.00"
"1N","Everglades","Everglades","NA",563047,25.27325,-80.74265,"NA",0,"10/1/2014",10,2014,0,"0","0","NA","0","0",0,"NA","0","0","Cladium jamaicense",0,"NA",0,"NA",0,1,0,"NA","NA","NA","NA","NA","NA","NA","NA","NA","NA","NA","NA","0.00","0.00","0.00"
"4N","Everglades","Everglades","NA",569225,25.27328,-80.47347,"NA",0,"10/1/2015",10,2015,160.55,"0","0","NA","0","0",0,"NA","0","0","Cladium jamaicense",0,"NA",0,"NA",0,1,0,"NA","NA","NA","NA","NA","NA","NA","NA","NA","NA","NA","NA","55.75","40.00","9.17"
"4N","Everglades","Everglades","NA",569225,25.27328,-80.47347,"NA",0,"10/1/2014",10,2014,54.55,"0","0","NA","0","0",0,"NA","0","0","Cladium jamaicense",0,"NA",0,"NA",0,1,0,"NA","NA","NA","NA","NA","NA","NA","NA","NA","NA","NA","NA","67.30","49.67","7.51"
"3N","Everglades","Everglades","NA",597077,25.27775,-80.55569,"NA",0,"10/1/2015",10,2015,160.86,"0","0","NA","0","0",0,"NA","0","0","Cladium jamaicense",0,"NA",0,"NA",0,1,0,"NA","NA","NA","NA","NA","NA","NA","NA","NA","NA","NA","NA","59.93","29.00","9.64"
"3N","Everglades","Everglades","NA",597077,25.27775,-80.55569,"NA",0,"10/1/2014",10,2014,164.76,"0","0","NA","0","0",0,"NA","0","0","Cladium jamaicense",0,"NA",0,"NA",0,1,0,"NA","NA","NA","NA","NA","NA","NA","NA","NA","NA","NA","NA","31.10","39.00","6.24"
"TS_Ph5","Everglades","Everglades","NA",707950,25.29478,-80.52024,"NA",0,"2/1/1998",2,1998,333.9,"0","0","NA","0","0",0,"NA","0","0","Cladium jamaicense",0,"NA",0,"NA",0,1,0,"NA","NA","NA","NA","NA","NA","NA","NA","NA","NA","NA","NA","33.93","80.00","5.57"
"TS_Ph5","Everglades","Everglades","NA",707950,25.29478,-80.52024,"NA",0,"2/1/1999",2,1999,328.48,"0","0","NA","0","0",0,"NA","0","0","Cladium jamaicense",0,"NA",0,"NA",0,1,0,"NA","NA","NA","NA","NA","NA","NA","NA","NA","NA","NA","NA","49.12","90.00","14.73"
"TS_Ph5","Everglades","Everglades","NA",707950,25.29478,-80.52024,"NA",0,"2/1/2005",2,2005,127.09,"0","0","NA","0","0",0,"NA","0","0","Cladium jamaicense",0,"NA",0,"NA",0,1,0,"NA","NA","NA","NA","NA","NA","NA","NA","NA","NA","NA","NA","11.68","41.67","1.53"
"TS_Ph5","Everglades","Everglades","NA",707950,25.29478,-80.52024,"NA",0,"10/1/2006",10,2006,148.58,"0","0","NA","0","0",0,"NA","0","0","Cladium jamaicense",0,"NA",0,"NA",0,1,0,"NA","NA","NA","NA","NA","NA","NA","NA","NA","NA","NA","NA","16.37","40.67","3.21"
"TS_Ph5","Everglades","Everglades","NA",707950,25.29478,-80.52024,"NA",0,"12/1/2006",12,2006,132.59,"0","0","NA","0","0",0,"NA","0","0","Cladium jamaicense",0,"NA",0,"NA",0,1,0,"NA","NA","NA","NA","NA","NA","NA","NA","NA","NA","NA","NA","33.17","35.33","4.04"
"TS_Ph5","Everglades","Everglades","NA",707950,25.29478,-80.52024,"NA",0,"12/1/2002",12,2002,158.03,"0","0","NA","0","0",0,"NA","0","0","Cladium jamaicense",0,"NA",0,"NA",0,1,0,"NA","NA","NA","NA","NA","NA","NA","NA","NA","NA","NA","NA","22.63","59.67","2.08"
"TS_Ph5","Everglades","Everglades","NA",707950,25.29478,-80.52024,"NA",0,"12/1/2003",12,2003,124.7,"0","0","NA","0","0",0,"NA","0","0","Cladium jamaicense",0,"NA",0,"NA",0,1,0,"NA","NA","NA","NA","NA","NA","NA","NA","NA","NA","NA","NA","16.02","41.67","7.23"
"TS_Ph5","Everglades","Everglades","NA",707950,25.29478,-80.52024,"NA",0,"12/1/1998",12,1998,294.93,"0","0","NA","0","0",0,"NA","0","0","Cladium jamaicense",0,"NA",0,"NA",0,1,0,"NA","NA","NA","NA","NA","NA","NA","NA","NA","NA","NA","NA","15.23","71.33","6.66"
"TS_Ph5","Everglades","Everglades","NA",707950,25.29478,-80.52024,"NA",0,"2/1/2000",2,2000,271.27,"0","0","NA","0","0",0,"NA","0","0","Cladium jamaicense",0,"NA",0,"NA",0,1,0,"NA","NA","NA","NA","NA","NA","NA","NA","NA","NA","NA","NA","42.60","83.33","8.62"
"TS_Ph5","Everglades","Everglades","NA",707950,25.29478,-80.52024,"NA",0,"2/1/2004",2,2004,165.01,"0","0","NA","0","0",0,"NA","0","0","Cladium jamaicense",0,"NA",0,"NA",0,1,0,"NA","NA","NA","NA","NA","NA","NA","NA","NA","NA","NA","NA","13.65","45.00","3.00"
"TS_Ph5","Everglades","Everglades","NA",707950,25.29478,-80.52024,"NA",0,"4/1/2003",4,2003,131.71,"0","0","NA","0","0",0,"NA","0","0","Cladium jamaicense",0,"NA",0,"NA",0,1,0,"NA","NA","NA","NA","NA","NA","NA","NA","NA","NA","NA","NA","19.81","75.33","9.07"
"TS_Ph5","Everglades","Everglades","NA",707950,25.29478,-80.52024,"NA",0,"4/1/2005",4,2005,145.69,"0","0","NA","0","0",0,"NA","0","0","Cladium jamaicense",0,"NA",0,"NA",0,1,0,"NA","NA","NA","NA","NA","NA","NA","NA","NA","NA","NA","NA","17.56","47.67","4.04"
"TS_Ph5","Everglades","Everglades","NA",707950,25.29478,-80.52024,"NA",0,"4/1/1998",4,1998,258.64,"0","0","NA","0","0",0,"NA","0","0","Cladium jamaicense",0,"NA",0,"NA",0,1,0,"NA","NA","NA","NA","NA","NA","NA","NA","NA","NA","NA","NA","56.54","84.00","9.00"
"TS_Ph5","Everglades","Everglades","NA",707950,25.29478,-80.52024,"NA",0,"4/1/2000",4,2000,277.38,"0","0","NA","0","0",0,"NA","0","0","Cladium jamaicense",0,"NA",0,"NA",0,1,0,"NA","NA","NA","NA","NA","NA","NA","NA","NA","NA","NA","NA","39.59","107.33","10.26"
"TS_Ph5","Everglades","Everglades","NA",707950,25.29478,-80.52024,"NA",0,"4/1/2001",4,2001,254.18,"0","0","NA","0","0",0,"NA","0","0","Cladium jamaicense",0,"NA",0,"NA",0,1,0,"NA","NA","NA","NA","NA","NA","NA","NA","NA","NA","NA","NA","61.89","100.33","11.55"
"TS_Ph5","Everglades","Everglades","NA",707950,25.29478,-80.52024,"NA",0,"6/1/1999",6,1999,460.29,"0","0","NA","0","0",0,"NA","0","0","Cladium jamaicense",0,"NA",0,"NA",0,1,0,"NA","NA","NA","NA","NA","NA","NA","NA","NA","NA","NA","NA","175.63","108.33","10.26"
"TS_Ph5","Everglades","Everglades","NA",707950,25.29478,-80.52024,"NA",0,"6/1/2006",6,2006,153.02,"0","0","NA","0","0",0,"NA","0","0","Cladium jamaicense",0,"NA",0,"NA",0,1,0,"NA","NA","NA","NA","NA","NA","NA","NA","NA","NA","NA","NA","32.10","47.33","4.51"
"TS_Ph5","Everglades","Everglades","NA",707950,25.29478,-80.52024,"NA",0,"6/1/1998",6,1998,342.37,"0","0","NA","0","0",0,"NA","0","0","Cladium jamaicense",0,"NA",0,"NA",0,1,0,"NA","NA","NA","NA","NA","NA","NA","NA","NA","NA","NA","NA","15.13","99.67","14.19"
"TS_Ph5","Everglades","Everglades","NA",707950,25.29478,-80.52024,"NA",0,"8/1/2006",8,2006,159.6,"0","0","NA","0","0",0,"NA","0","0","Cladium jamaicense",0,"NA",0,"NA",0,1,0,"NA","NA","NA","NA","NA","NA","NA","NA","NA","NA","NA","NA","13.21","47.00","4.36"
"TS_Ph5","Everglades","Everglades","NA",707950,25.29478,-80.52024,"NA",0,"10/1/2004",10,2004,153.7,"0","0","NA","0","0",0,"NA","0","0","Cladium jamaicense",0,"NA",0,"NA",0,1,0,"NA","NA","NA","NA","NA","NA","NA","NA","NA","NA","NA","NA","12.85","49.33","3.06"
"TS_Ph5","Everglades","Everglades","NA",707950,25.29478,-80.52024,"NA",0,"10/1/1999",10,1999,304.92,"0","0","NA","0","0",0,"NA","0","0","Cladium jamaicense",0,"NA",0,"NA",0,1,0,"NA","NA","NA","NA","NA","NA","NA","NA","NA","NA","NA","NA","39.60","69.67","3.79"
"TS_Ph5","Everglades","Everglades","NA",707950,25.29478,-80.52024,"NA",0,"10/1/2002",10,2002,210.05,"0","0","NA","0","0",0,"NA","0","0","Cladium jamaicense",0,"NA",0,"NA",0,1,0,"NA","NA","NA","NA","NA","NA","NA","NA","NA","NA","NA","NA","37.34","67.67","9.81"
"TS_Ph5","Everglades","Everglades","NA",707950,25.29478,-80.52024,"NA",0,"12/1/2005",12,2005,118.15,"0","0","NA","0","0",0,"NA","0","0","Cladium jamaicense",0,"NA",0,"NA",0,1,0,"NA","NA","NA","NA","NA","NA","NA","NA","NA","NA","NA","NA","23.27","35.00","5.57"
"TS_Ph5","Everglades","Everglades","NA",707950,25.29478,-80.52024,"NA",0,"12/1/2000",12,2000,280.46,"0","0","NA","0","0",0,"NA","0","0","Cladium jamaicense",0,"NA",0,"NA",0,1,0,"NA","NA","NA","NA","NA","NA","NA","NA","NA","NA","NA","NA","43.81","71.67","10.97"
"TS_Ph5","Everglades","Everglades","NA",707950,25.29478,-80.52024,"NA",0,"2/1/2003",2,2003,87.39,"0","0","NA","0","0",0,"NA","0","0","Cladium jamaicense",0,"NA",0,"NA",0,1,0,"NA","NA","NA","NA","NA","NA","NA","NA","NA","NA","NA","NA","20.23","56.33","5.03"
"TS_Ph5","Everglades","Everglades","NA",707950,25.29478,-80.52024,"NA",0,"2/1/2006",2,2006,108.08,"0","0","NA","0","0",0,"NA","0","0","Cladium jamaicense",0,"NA",0,"NA",0,1,0,"NA","NA","NA","NA","NA","NA","NA","NA","NA","NA","NA","NA","5.49","34.67","1.15"
"TS_Ph5","Everglades","Everglades","NA",707950,25.29478,-80.52024,"NA",0,"4/1/2004",4,2004,180.89,"0","0","NA","0","0",0,"NA","0","0","Cladium jamaicense",0,"NA",0,"NA",0,1,0,"NA","NA","NA","NA","NA","NA","NA","NA","NA","NA","NA","NA","27.93","59.33","11.37"
"TS_Ph5","Everglades","Everglades","NA",707950,25.29478,-80.52024,"NA",0,"4/1/2006",4,2006,125,"0","0","NA","0","0",0,"NA","0","0","Cladium jamaicense",0,"NA",0,"NA",0,1,0,"NA","NA","NA","NA","NA","NA","NA","NA","NA","NA","NA","NA","19.14","44.33","2.52"
"TS_Ph5","Everglades","Everglades","NA",707950,25.29478,-80.52024,"NA",0,"6/1/2003",6,2003,151.78,"0","0","NA","0","0",0,"NA","0","0","Cladium jamaicense",0,"NA",0,"NA",0,1,0,"NA","NA","NA","NA","NA","NA","NA","NA","NA","NA","NA","NA","13.15","67.00","9.00"
"TS_Ph5","Everglades","Everglades","NA",707950,25.29478,-80.52024,"NA",0,"6/1/2000",6,2000,380.07,"0","0","NA","0","0",0,"NA","0","0","Cladium jamaicense",0,"NA",0,"NA",0,1,0,"NA","NA","NA","NA","NA","NA","NA","NA","NA","NA","NA","NA","62.18","103.67","1.53"
"TS_Ph5","Everglades","Everglades","NA",707950,25.29478,-80.52024,"NA",0,"8/1/1999",8,1999,480.21,"0","0","NA","0","0",0,"NA","0","0","Cladium jamaicense",0,"NA",0,"NA",0,1,0,"NA","NA","NA","NA","NA","NA","NA","NA","NA","NA","NA","NA","50.46","115.67","5.03"
"TS_Ph5","Everglades","Everglades","NA",707950,25.29478,-80.52024,"NA",0,"8/1/2005",8,2005,129.95,"0","0","NA","0","0",0,"NA","0","0","Cladium jamaicense",0,"NA",0,"NA",0,1,0,"NA","NA","NA","NA","NA","NA","NA","NA","NA","NA","NA","NA","26.47","41.00","2.65"
"TS_Ph5","Everglades","Everglades","NA",707950,25.29478,-80.52024,"NA",0,"10/1/2005",10,2005,141.32,"0","0","NA","0","0",0,"NA","0","0","Cladium jamaicense",0,"NA",0,"NA",0,1,0,"NA","NA","NA","NA","NA","NA","NA","NA","NA","NA","NA","NA","34.25","43.33","6.03"
"TS_Ph5","Everglades","Everglades","NA",707950,25.29478,-80.52024,"NA",0,"8/1/2000",8,2000,349.71,"0","0","NA","0","0",0,"NA","0","0","Cladium jamaicense",0,"NA",0,"NA",0,23,0,"NA","NA","NA","NA","NA","NA","NA","NA","NA","NA","NA","NA","51.13","95.00","8.19"
"TS_Ph5","Everglades","Everglades","NA",707950,25.29478,-80.52024,"NA",0,"6/1/2002",6,2002,154.54,"0","0","NA","0","0",0,"NA","0","0","Cladium jamaicense",0,"NA",0,"NA",0,23,0,"NA","NA","NA","NA","NA","NA","NA","NA","NA","NA","NA","NA","25.61","66.67","2.08"
"TS_Ph5","Everglades","Everglades","NA",707950,25.29478,-80.52024,"NA",0,"2/1/2002",2,2002,174.71,"0","0","NA","0","0",0,"NA","0","0","Cladium jamaicense",0,"NA",0,"NA",0,23,0,"NA","NA","NA","NA","NA","NA","NA","NA","NA","NA","NA","NA","17.31","61.33","3.79"
"TS_Ph5","Everglades","Everglades","NA",707950,25.29478,-80.52024,"NA",0,"8/1/2002",8,2002,148.12,"0","0","NA","0","0",0,"NA","0","0","Cladium jamaicense",0,"NA",0,"NA",0,23,0,"NA","NA","NA","NA","NA","NA","NA","NA","NA","NA","NA","NA","30.64","58.33","8.50"
"TS_Ph5","Everglades","Everglades","NA",707950,25.29478,-80.52024,"NA",0,"10/1/2001",10,2001,209.1,"0","0","NA","0","0",0,"NA","0","0","Cladium jamaicense",0,"NA",0,"NA",0,23,0,"NA","NA","NA","NA","NA","NA","NA","NA","NA","NA","NA","NA","58.19","68.67","13.87"
"TS_Ph5","Everglades","Everglades","NA",707950,25.29478,-80.52024,"NA",0,"10/1/2003",10,2003,131.42,"0","0","NA","0","0",0,"NA","0","0","Cladium jamaicense",0,"NA",0,"NA",0,23,0,"NA","NA","NA","NA","NA","NA","NA","NA","NA","NA","NA","NA","10.69","46.67","2.31"
"TS_Ph5","Everglades","Everglades","NA",707950,25.29478,-80.52024,"NA",0,"8/1/2003",8,2003,127.65,"0","0","NA","0","0",0,"NA","0","0","Cladium jamaicense",0,"NA",0,"NA",0,23,0,"NA","NA","NA","NA","NA","NA","NA","NA","NA","NA","NA","NA","4.64","52.00","2.65"
"TS_Ph5","Everglades","Everglades","NA",707950,25.29478,-80.52024,"NA",0,"2/1/2001",2,2001,174.05,"0","0","NA","0","0",0,"NA","0","0","Cladium jamaicense",0,"NA",0,"NA",0,23,0,"NA","NA","NA","NA","NA","NA","NA","NA","NA","NA","NA","NA","22.01","60.67","2.08"
"TS_Ph5","Everglades","Everglades","NA",707950,25.29478,-80.52024,"NA",0,"4/1/1999",4,1999,297.12,"0","0","NA","0","0",0,"NA","0","0","Cladium jamaicense",0,"NA",0,"NA",0,23,0,"NA","NA","NA","NA","NA","NA","NA","NA","NA","NA","NA","NA","39.64","90.33","20.79"
"TS_Ph5","Everglades","Everglades","NA",707950,25.29478,-80.52024,"NA",0,"6/1/2004",6,2004,163.28,"0","0","NA","0","0",0,"NA","0","0","Cladium jamaicense",0,"NA",0,"NA",0,23,0,"NA","NA","NA","NA","NA","NA","NA","NA","NA","NA","NA","NA","27.05","52.00","5.57"
"TS_Ph5","Everglades","Everglades","NA",707950,25.29478,-80.52024,"NA",0,"12/1/2004",12,2004,173.45,"0","0","NA","0","0",0,"NA","0","0","Cladium jamaicense",0,"NA",0,"NA",0,23,0,"NA","NA","NA","NA","NA","NA","NA","NA","NA","NA","NA","NA","26.82","50.00","0.00"
"TS_Ph5","Everglades","Everglades","NA",707950,25.29478,-80.52024,"NA",0,"6/1/2001",6,2001,281.88,"0","0","NA","0","0",0,"NA","0","0","Cladium jamaicense",0,"NA",0,"NA",0,23,0,"NA","NA","NA","NA","NA","NA","NA","NA","NA","NA","NA","NA","63.11","87.67","19.60"
"TS_Ph5","Everglades","Everglades","NA",707950,25.29478,-80.52024,"NA",0,"12/1/1999",12,1999,336.72,"0","0","NA","0","0",0,"NA","0","0","Cladium jamaicense",0,"NA",0,"NA",0,23,0,"NA","NA","NA","NA","NA","NA","NA","NA","NA","NA","NA","NA","40.39","97.33","11.93"
"TS_Ph5","Everglades","Everglades","NA",707950,25.29478,-80.52024,"NA",0,"6/1/2005",6,2005,124.11,"0","0","NA","0","0",0,"NA","0","0","Cladium jamaicense",0,"NA",0,"NA",0,23,0,"NA","NA","NA","NA","NA","NA","NA","NA","NA","NA","NA","NA","11.90","44.67","5.51"
"TS_Ph5","Everglades","Everglades","NA",707950,25.29478,-80.52024,"NA",0,"12/1/1997",12,1997,282.65,"0","0","NA","0","0",0,"NA","0","0","Cladium jamaicense",0,"NA",0,"NA",0,23,0,"NA","NA","NA","NA","NA","NA","NA","NA","NA","NA","NA","NA","26.33","58.33","11.24"
"TS_Ph5","Everglades","Everglades","NA",707950,25.29478,-80.52024,"NA",0,"8/1/1998",8,1998,356.81,"0","0","NA","0","0",0,"NA","0","0","Cladium jamaicense",0,"NA",0,"NA",0,23,0,"NA","NA","NA","NA","NA","NA","NA","NA","NA","NA","NA","NA","23.07","89.67","7.51"
"TS_Ph5","Everglades","Everglades","NA",707950,25.29478,-80.52024,"NA",0,"10/1/1997",10,1997,295.97,"0","0","NA","0","0",0,"NA","0","0","Cladium jamaicense",0,"NA",0,"NA",0,23,0,"NA","NA","NA","NA","NA","NA","NA","NA","NA","NA","NA","NA","21.98","65.67","2.52"
"TS_Ph5","Everglades","Everglades","NA",707950,25.29478,-80.52024,"NA",0,"8/1/2001",8,2001,320.67,"0","0","NA","0","0",0,"NA","0","0","Cladium jamaicense",0,"NA",0,"NA",0,23,0,"NA","NA","NA","NA","NA","NA","NA","NA","NA","NA","NA","NA","9.62","82.67","15.95"
"TS_Ph5","Everglades","Everglades","NA",707950,25.29478,-80.52024,"NA",0,"4/1/2002",4,2002,211.78,"0","0","NA","0","0",0,"NA","0","0","Cladium jamaicense",0,"NA",0,"NA",0,23,0,"NA","NA","NA","NA","NA","NA","NA","NA","NA","NA","NA","NA","5.95","84.33","2.52"
"TS_Ph5","Everglades","Everglades","NA",707950,25.29478,-80.52024,"NA",0,"12/1/2001",12,2001,242.69,"0","0","NA","0","0",0,"NA","0","0","Cladium jamaicense",0,"NA",0,"NA",0,23,0,"NA","NA","NA","NA","NA","NA","NA","NA","NA","NA","NA","NA","45.52","68.00","11.36"
"TS_Ph5","Everglades","Everglades","NA",707950,25.29478,-80.52024,"NA",0,"10/1/1998",10,1998,312.91,"0","0","NA","0","0",0,"NA","0","0","Cladium jamaicense",0,"NA",0,"NA",0,23,0,"NA","NA","NA","NA","NA","NA","NA","NA","NA","NA","NA","NA","48.77","67.00","12.29"
"TS_Ph5","Everglades","Everglades","NA",707950,25.29478,-80.52024,"NA",0,"10/1/2000",10,2000,294.8,"0","0","NA","0","0",0,"NA","0","0","Cladium jamaicense",0,"NA",0,"NA",0,23,0,"NA","NA","NA","NA","NA","NA","NA","NA","NA","NA","NA","NA","49.68","74.00","16.09"
"TS_Ph5","Everglades","Everglades","NA",707950,25.29478,-80.52024,"NA",0,"8/1/2004",8,2004,199.94,"0","0","NA","0","0",0,"NA","0","0","Cladium jamaicense",0,"NA",0,"NA",0,23,0,"NA","NA","NA","NA","NA","NA","NA","NA","NA","NA","NA","NA","21.01","63.00","9.00"
"5S","Everglades","Everglades","NA",785696,25.30623,-80.40253,"NA",0,"10/1/2015",10,2015,0,"0","0","NA","0","0",0,"NA","0","0","Cladium jamaicense",0,"NA",0,"NA",0,1,0,"NA","NA","NA","NA","NA","NA","NA","NA","NA","NA","NA","NA","0.00","0.00","0.00"
"5S","Everglades","Everglades","NA",785696,25.30623,-80.40253,"NA",0,"10/1/2014",10,2014,0,"0","0","NA","0","0",0,"NA","0","0","Cladium jamaicense",0,"NA",0,"NA",0,1,0,"NA","NA","NA","NA","NA","NA","NA","NA","NA","NA","NA","NA","0.00","0.00","0.00"
"5C","Everglades","Everglades","NA",819103,25.31142,-80.40125,"NA",0,"10/1/2015",10,2015,0,"0","0","NA","0","0",0,"NA","0","0","Cladium jamaicense",0,"NA",0,"NA",0,1,0,"NA","NA","NA","NA","NA","NA","NA","NA","NA","NA","NA","NA","0.00","0.00","0.00"
"5C","Everglades","Everglades","NA",819103,25.31142,-80.40125,"NA",0,"10/1/2014",10,2014,0,"0","0","NA","0","0",0,"NA","0","0","Cladium jamaicense",0,"NA",0,"NA",0,1,0,"NA","NA","NA","NA","NA","NA","NA","NA","NA","NA","NA","NA","0.00","0.00","0.00"
"TS_Ph4","Everglades","Everglades","NA",836277,25.31472,-80.52209,"NA",0,"2/1/2004",2,2004,144.2,"0","0","NA","0","0",0,"NA","0","0","Cladium jamaicense",0,"NA",0,"NA",0,1,0,"NA","NA","NA","NA","NA","NA","NA","NA","NA","NA","NA","NA","40.91","34.67","6.81"
"TS_Ph4","Everglades","Everglades","NA",836277,25.31472,-80.52209,"NA",0,"2/1/1999",2,1999,346.53,"0","0","NA","0","0",0,"NA","0","0","Cladium jamaicense",0,"NA",0,"NA",0,1,0,"NA","NA","NA","NA","NA","NA","NA","NA","NA","NA","NA","NA","32.57","65.00","1.00"
"TS_Ph4","Everglades","Everglades","NA",836277,25.31472,-80.52209,"NA",0,"2/1/2005",2,2005,155.94,"0","0","NA","0","0",0,"NA","0","0","Cladium jamaicense",0,"NA",0,"NA",0,1,0,"NA","NA","NA","NA","NA","NA","NA","NA","NA","NA","NA","NA","66.79","41.00","13.89"
"TS_Ph4","Everglades","Everglades","NA",836277,25.31472,-80.52209,"NA",0,"2/1/2000",2,2000,192.04,"0","0","NA","0","0",0,"NA","0","0","Cladium jamaicense",0,"NA",0,"NA",0,1,0,"NA","NA","NA","NA","NA","NA","NA","NA","NA","NA","NA","NA","77.33","52.33","13.80"
"TS_Ph4","Everglades","Everglades","NA",836277,25.31472,-80.52209,"NA",0,"12/1/2006",12,2006,158.45,"0","0","NA","0","0",0,"NA","0","0","Cladium jamaicense",0,"NA",0,"NA",0,1,0,"NA","NA","NA","NA","NA","NA","NA","NA","NA","NA","NA","NA","41.16","34.67","7.23"
"TS_Ph4","Everglades","Everglades","NA",836277,25.31472,-80.52209,"NA",0,"12/1/2001",12,2001,164.75,"0","0","NA","0","0",0,"NA","0","0","Cladium jamaicense",0,"NA",0,"NA",0,1,0,"NA","NA","NA","NA","NA","NA","NA","NA","NA","NA","NA","NA","48.33","38.67","7.57"
"TS_Ph4","Everglades","Everglades","NA",836277,25.31472,-80.52209,"NA",0,"12/1/2002",12,2002,161.21,"0","0","NA","0","0",0,"NA","0","0","Cladium jamaicense",0,"NA",0,"NA",0,1,0,"NA","NA","NA","NA","NA","NA","NA","NA","NA","NA","NA","NA","46.34","53.00","11.53"
"TS_Ph4","Everglades","Everglades","NA",836277,25.31472,-80.52209,"NA",0,"12/1/1997",12,1997,190.29,"0","0","NA","0","0",0,"NA","0","0","Cladium jamaicense",0,"NA",0,"NA",0,1,0,"NA","NA","NA","NA","NA","NA","NA","NA","NA","NA","NA","NA","30.02","40.00","1.73"
"TS_Ph4","Everglades","Everglades","NA",836277,25.31472,-80.52209,"NA",0,"12/1/2003",12,2003,108.58,"0","0","NA","0","0",0,"NA","0","0","Cladium jamaicense",0,"NA",0,"NA",0,1,0,"NA","NA","NA","NA","NA","NA","NA","NA","NA","NA","NA","NA","50.72","31.00","11.27"
"TS_Ph4","Everglades","Everglades","NA",836277,25.31472,-80.52209,"NA",0,"4/1/2005",4,2005,99.04,"0","0","NA","0","0",0,"NA","0","0","Cladium jamaicense",0,"NA",0,"NA",0,1,0,"NA","NA","NA","NA","NA","NA","NA","NA","NA","NA","NA","NA","18.53","28.33","2.89"
"TS_Ph4","Everglades","Everglades","NA",836277,25.31472,-80.52209,"NA",0,"4/1/2000",4,2000,196.74,"0","0","NA","0","0",0,"NA","0","0","Cladium jamaicense",0,"NA",0,"NA",0,1,0,"NA","NA","NA","NA","NA","NA","NA","NA","NA","NA","NA","NA","29.80","63.67","13.87"
"TS_Ph4","Everglades","Everglades","NA",836277,25.31472,-80.52209,"NA",0,"4/1/2001",4,2001,156.56,"0","0","NA","0","0",0,"NA","0","0","Cladium jamaicense",0,"NA",0,"NA",0,1,0,"NA","NA","NA","NA","NA","NA","NA","NA","NA","NA","NA","NA","35.72","56.67","10.02"
"TS_Ph4","Everglades","Everglades","NA",836277,25.31472,-80.52209,"NA",0,"6/1/1999",6,1999,356.28,"0","0","NA","0","0",0,"NA","0","0","Cladium jamaicense",0,"NA",0,"NA",0,1,0,"NA","NA","NA","NA","NA","NA","NA","NA","NA","NA","NA","NA","80.53","74.33","9.71"
"TS_Ph4","Everglades","Everglades","NA",836277,25.31472,-80.52209,"NA",0,"6/1/2004",6,2004,139.2,"0","0","NA","0","0",0,"NA","0","0","Cladium jamaicense",0,"NA",0,"NA",0,1,0,"NA","NA","NA","NA","NA","NA","NA","NA","NA","NA","NA","NA","32.49","36.67","10.50"
"TS_Ph4","Everglades","Everglades","NA",836277,25.31472,-80.52209,"NA",0,"6/1/2003",6,2003,161.38,"0","0","NA","0","0",0,"NA","0","0","Cladium jamaicense",0,"NA",0,"NA",0,1,0,"NA","NA","NA","NA","NA","NA","NA","NA","NA","NA","NA","NA","58.12","58.67","17.10"
"TS_Ph4","Everglades","Everglades","NA",836277,25.31472,-80.52209,"NA",0,"8/1/2006",8,2006,135.46,"0","0","NA","0","0",0,"NA","0","0","Cladium jamaicense",0,"NA",0,"NA",0,1,0,"NA","NA","NA","NA","NA","NA","NA","NA","NA","NA","NA","NA","29.94","37.00","11.14"
"TS_Ph4","Everglades","Everglades","NA",836277,25.31472,-80.52209,"NA",0,"10/1/2003",10,2003,131.06,"0","0","NA","0","0",0,"NA","0","0","Cladium jamaicense",0,"NA",0,"NA",0,1,0,"NA","NA","NA","NA","NA","NA","NA","NA","NA","NA","NA","NA","42.58","37.00","9.54"
"TS_Ph4","Everglades","Everglades","NA",836277,25.31472,-80.52209,"NA",0,"10/1/2006",10,2006,156.07,"0","0","NA","0","0",0,"NA","0","0","Cladium jamaicense",0,"NA",0,"NA",0,1,0,"NA","NA","NA","NA","NA","NA","NA","NA","NA","NA","NA","NA","58.05","34.67","8.14"
"TS_Ph4","Everglades","Everglades","NA",836277,25.31472,-80.52209,"NA",0,"10/1/2002",10,2002,129.39,"0","0","NA","0","0",0,"NA","0","0","Cladium jamaicense",0,"NA",0,"NA",0,1,0,"NA","NA","NA","NA","NA","NA","NA","NA","NA","NA","NA","NA","37.18","38.33","8.08"
"TS_Ph4","Everglades","Everglades","NA",836277,25.31472,-80.52209,"NA",0,"12/1/2005",12,2005,114.88,"0","0","NA","0","0",0,"NA","0","0","Cladium jamaicense",0,"NA",0,"NA",0,1,0,"NA","NA","NA","NA","NA","NA","NA","NA","NA","NA","NA","NA","22.91","31.00","5.00"
"TS_Ph4","Everglades","Everglades","NA",836277,25.31472,-80.52209,"NA",0,"12/1/2000",12,2000,157.93,"0","0","NA","0","0",0,"NA","0","0","Cladium jamaicense",0,"NA",0,"NA",0,1,0,"NA","NA","NA","NA","NA","NA","NA","NA","NA","NA","NA","NA","44.54","37.00","10.58"
"TS_Ph4","Everglades","Everglades","NA",836277,25.31472,-80.52209,"NA",0,"2/1/2003",2,2003,79.15,"0","0","NA","0","0",0,"NA","0","0","Cladium jamaicense",0,"NA",0,"NA",0,1,0,"NA","NA","NA","NA","NA","NA","NA","NA","NA","NA","NA","NA","11.30","48.67","7.64"
"TS_Ph4","Everglades","Everglades","NA",836277,25.31472,-80.52209,"NA",0,"2/1/2006",2,2006,108.91,"0","0","NA","0","0",0,"NA","0","0","Cladium jamaicense",0,"NA",0,"NA",0,1,0,"NA","NA","NA","NA","NA","NA","NA","NA","NA","NA","NA","NA","16.51","29.67","5.13"
"TS_Ph4","Everglades","Everglades","NA",836277,25.31472,-80.52209,"NA",0,"4/1/2004",4,2004,122.86,"0","0","NA","0","0",0,"NA","0","0","Cladium jamaicense",0,"NA",0,"NA",0,1,0,"NA","NA","NA","NA","NA","NA","NA","NA","NA","NA","NA","NA","19.86","34.00","4.00"
"TS_Ph4","Everglades","Everglades","NA",836277,25.31472,-80.52209,"NA",0,"4/1/2006",4,2006,137.79,"0","0","NA","0","0",0,"NA","0","0","Cladium jamaicense",0,"NA",0,"NA",0,1,0,"NA","NA","NA","NA","NA","NA","NA","NA","NA","NA","NA","NA","34.37","39.67","7.02"
"TS_Ph4","Everglades","Everglades","NA",836277,25.31472,-80.52209,"NA",0,"4/1/2003",4,2003,144.03,"0","0","NA","0","0",0,"NA","0","0","Cladium jamaicense",0,"NA",0,"NA",0,1,0,"NA","NA","NA","NA","NA","NA","NA","NA","NA","NA","NA","NA","37.16","53.67","3.79"
"TS_Ph4","Everglades","Everglades","NA",836277,25.31472,-80.52209,"NA",0,"8/1/2005",8,2005,117.82,"0","0","NA","0","0",0,"NA","0","0","Cladium jamaicense",0,"NA",0,"NA",0,1,0,"NA","NA","NA","NA","NA","NA","NA","NA","NA","NA","NA","NA","38.74","32.33","9.71"
"TS_Ph4","Everglades","Everglades","NA",836277,25.31472,-80.52209,"NA",0,"8/1/2004",8,2004,145.57,"0","0","NA","0","0",0,"NA","0","0","Cladium jamaicense",0,"NA",0,"NA",0,1,0,"NA","NA","NA","NA","NA","NA","NA","NA","NA","NA","NA","NA","52.53","41.00","10.54"
"TS_Ph4","Everglades","Everglades","NA",836277,25.31472,-80.52209,"NA",0,"10/1/2004",10,2004,126.63,"0","0","NA","0","0",0,"NA","0","0","Cladium jamaicense",0,"NA",0,"NA",0,1,0,"NA","NA","NA","NA","NA","NA","NA","NA","NA","NA","NA","NA","20.63","33.33","2.31"
"TS_Ph4","Everglades","Everglades","NA",836277,25.31472,-80.52209,"NA",0,"10/1/2005",10,2005,122.4,"0","0","NA","0","0",0,"NA","0","0","Cladium jamaicense",0,"NA",0,"NA",0,1,0,"NA","NA","NA","NA","NA","NA","NA","NA","NA","NA","NA","NA","15.40","31.33","2.08"
"TS_Ph4","Everglades","Everglades","NA",836277,25.31472,-80.52209,"NA",0,"6/1/2000",6,2000,209.92,"0","0","NA","0","0",0,"NA","0","0","Cladium jamaicense",0,"NA",0,"NA",0,26,0,"NA","NA","NA","NA","NA","NA","NA","NA","NA","NA","NA","NA","46.58","57.00","14.73"
"TS_Ph4","Everglades","Everglades","NA",836277,25.31472,-80.52209,"NA",0,"4/1/1999",4,1999,360.94,"0","0","NA","0","0",0,"NA","0","0","Cladium jamaicense",0,"NA",0,"NA",0,26,0,"NA","NA","NA","NA","NA","NA","NA","NA","NA","NA","NA","NA","116.86","77.67","23.01"
"TS_Ph4","Everglades","Everglades","NA",836277,25.31472,-80.52209,"NA",0,"8/1/2002",8,2002,142.34,"0","0","NA","0","0",0,"NA","0","0","Cladium jamaicense",0,"NA",0,"NA",0,26,0,"NA","NA","NA","NA","NA","NA","NA","NA","NA","NA","NA","NA","13.29","44.67","8.02"
"TS_Ph4","Everglades","Everglades","NA",836277,25.31472,-80.52209,"NA",0,"8/1/2003",8,2003,130.77,"0","0","NA","0","0",0,"NA","0","0","Cladium jamaicense",0,"NA",0,"NA",0,26,0,"NA","NA","NA","NA","NA","NA","NA","NA","NA","NA","NA","NA","37.76","43.00","13.86"
"TS_Ph4","Everglades","Everglades","NA",836277,25.31472,-80.52209,"NA",0,"8/1/2000",8,2000,171.41,"0","0","NA","0","0",0,"NA","0","0","Cladium jamaicense",0,"NA",0,"NA",0,26,0,"NA","NA","NA","NA","NA","NA","NA","NA","NA","NA","NA","NA","38.52","46.00","8.19"
"TS_Ph4","Everglades","Everglades","NA",836277,25.31472,-80.52209,"NA",0,"4/1/2002",4,2002,188.54,"0","0","NA","0","0",0,"NA","0","0","Cladium jamaicense",0,"NA",0,"NA",0,26,0,"NA","NA","NA","NA","NA","NA","NA","NA","NA","NA","NA","NA","62.95","52.67","10.69"
"TS_Ph4","Everglades","Everglades","NA",836277,25.31472,-80.52209,"NA",0,"10/1/2000",10,2000,199.87,"0","0","NA","0","0",0,"NA","0","0","Cladium jamaicense",0,"NA",0,"NA",0,26,0,"NA","NA","NA","NA","NA","NA","NA","NA","NA","NA","NA","NA","70.90","41.00","14.80"
"TS_Ph4","Everglades","Everglades","NA",836277,25.31472,-80.52209,"NA",0,"2/1/2001",2,2001,132.23,"0","0","NA","0","0",0,"NA","0","0","Cladium jamaicense",0,"NA",0,"NA",0,26,0,"NA","NA","NA","NA","NA","NA","NA","NA","NA","NA","NA","NA","52.55","35.00","10.54"
"TS_Ph4","Everglades","Everglades","NA",836277,25.31472,-80.52209,"NA",0,"8/1/2001",8,2001,156.71,"0","0","NA","0","0",0,"NA","0","0","Cladium jamaicense",0,"NA",0,"NA",0,26,0,"NA","NA","NA","NA","NA","NA","NA","NA","NA","NA","NA","NA","48.46","48.33","11.50"
"TS_Ph4","Everglades","Everglades","NA",836277,25.31472,-80.52209,"NA",0,"4/1/1998",4,1998,178.62,"0","0","NA","0","0",0,"NA","0","0","Cladium jamaicense",0,"NA",0,"NA",0,26,0,"NA","NA","NA","NA","NA","NA","NA","NA","NA","NA","NA","NA","30.93","44.00","1.73"
"TS_Ph4","Everglades","Everglades","NA",836277,25.31472,-80.52209,"NA",0,"2/1/1998",2,1998,164.55,"0","0","NA","0","0",0,"NA","0","0","Cladium jamaicense",0,"NA",0,"NA",0,26,0,"NA","NA","NA","NA","NA","NA","NA","NA","NA","NA","NA","NA","20.10","43.00","3.61"
"TS_Ph4","Everglades","Everglades","NA",836277,25.31472,-80.52209,"NA",0,"10/1/1999",10,1999,242.86,"0","0","NA","0","0",0,"NA","0","0","Cladium jamaicense",0,"NA",0,"NA",0,26,0,"NA","NA","NA","NA","NA","NA","NA","NA","NA","NA","NA","NA","86.82","56.67","15.57"
"TS_Ph4","Everglades","Everglades","NA",836277,25.31472,-80.52209,"NA",0,"2/1/2002",2,2002,125.26,"0","0","NA","0","0",0,"NA","0","0","Cladium jamaicense",0,"NA",0,"NA",0,26,0,"NA","NA","NA","NA","NA","NA","NA","NA","NA","NA","NA","NA","36.86","38.33","10.02"
"TS_Ph4","Everglades","Everglades","NA",836277,25.31472,-80.52209,"NA",0,"10/1/2001",10,2001,150.38,"0","0","NA","0","0",0,"NA","0","0","Cladium jamaicense",0,"NA",0,"NA",0,26,0,"NA","NA","NA","NA","NA","NA","NA","NA","NA","NA","NA","NA","59.16","45.33","20.03"
"TS_Ph4","Everglades","Everglades","NA",836277,25.31472,-80.52209,"NA",0,"10/1/1998",10,1998,262.07,"0","0","NA","0","0",0,"NA","0","0","Cladium jamaicense",0,"NA",0,"NA",0,26,0,"NA","NA","NA","NA","NA","NA","NA","NA","NA","NA","NA","NA","32.92","47.00","6.24"
"TS_Ph4","Everglades","Everglades","NA",836277,25.31472,-80.52209,"NA",0,"12/1/2004",12,2004,140.95,"0","0","NA","0","0",0,"NA","0","0","Cladium jamaicense",0,"NA",0,"NA",0,26,0,"NA","NA","NA","NA","NA","NA","NA","NA","NA","NA","NA","NA","27.17","34.67","4.04"
"TS_Ph4","Everglades","Everglades","NA",836277,25.31472,-80.52209,"NA",0,"8/1/1998",8,1998,276.69,"0","0","NA","0","0",0,"NA","0","0","Cladium jamaicense",0,"NA",0,"NA",0,26,0,"NA","NA","NA","NA","NA","NA","NA","NA","NA","NA","NA","NA","13.02","61.67","14.19"
"TS_Ph4","Everglades","Everglades","NA",836277,25.31472,-80.52209,"NA",0,"6/1/2001",6,2001,186.84,"0","0","NA","0","0",0,"NA","0","0","Cladium jamaicense",0,"NA",0,"NA",0,26,0,"NA","NA","NA","NA","NA","NA","NA","NA","NA","NA","NA","NA","117.85","47.00","28.58"
"TS_Ph4","Everglades","Everglades","NA",836277,25.31472,-80.52209,"NA",0,"6/1/2005",6,2005,109.81,"0","0","NA","0","0",0,"NA","0","0","Cladium jamaicense",0,"NA",0,"NA",0,26,0,"NA","NA","NA","NA","NA","NA","NA","NA","NA","NA","NA","NA","22.12","39.00","12.53"
"TS_Ph4","Everglades","Everglades","NA",836277,25.31472,-80.52209,"NA",0,"10/1/1997",10,1997,182.42,"0","0","NA","0","0",0,"NA","0","0","Cladium jamaicense",0,"NA",0,"NA",0,26,0,"NA","NA","NA","NA","NA","NA","NA","NA","NA","NA","NA","NA","43.16","35.33","4.62"
"TS_Ph4","Everglades","Everglades","NA",836277,25.31472,-80.52209,"NA",0,"6/1/2006",6,2006,139.22,"0","0","NA","0","0",0,"NA","0","0","Cladium jamaicense",0,"NA",0,"NA",0,26,0,"NA","NA","NA","NA","NA","NA","NA","NA","NA","NA","NA","NA","14.75","37.33","6.66"
"TS_Ph4","Everglades","Everglades","NA",836277,25.31472,-80.52209,"NA",0,"12/1/1999",12,1999,157.05,"0","0","NA","0","0",0,"NA","0","0","Cladium jamaicense",0,"NA",0,"NA",0,26,0,"NA","NA","NA","NA","NA","NA","NA","NA","NA","NA","NA","NA","68.69","38.00","13.86"
"TS_Ph4","Everglades","Everglades","NA",836277,25.31472,-80.52209,"NA",0,"12/1/1998",12,1998,301.44,"0","0","NA","0","0",0,"NA","0","0","Cladium jamaicense",0,"NA",0,"NA",0,26,0,"NA","NA","NA","NA","NA","NA","NA","NA","NA","NA","NA","NA","47.57","47.67","4.73"
"TS_Ph4","Everglades","Everglades","NA",836277,25.31472,-80.52209,"NA",0,"6/1/1998",6,1998,192.62,"0","0","NA","0","0",0,"NA","0","0","Cladium jamaicense",0,"NA",0,"NA",0,26,0,"NA","NA","NA","NA","NA","NA","NA","NA","NA","NA","NA","NA","26.11","54.00","9.00"
"TS_Ph4","Everglades","Everglades","NA",836277,25.31472,-80.52209,"NA",0,"8/1/1999",8,1999,338.83,"0","0","NA","0","0",0,"NA","0","0","Cladium jamaicense",0,"NA",0,"NA",0,26,0,"NA","NA","NA","NA","NA","NA","NA","NA","NA","NA","NA","NA","21.10","72.33","12.01"
"TS_Ph4","Everglades","Everglades","NA",836277,25.31472,-80.52209,"NA",0,"6/1/2002",6,2002,134.63,"0","0","NA","0","0",0,"NA","0","0","Cladium jamaicense",0,"NA",0,"NA",0,26,0,"NA","NA","NA","NA","NA","NA","NA","NA","NA","NA","NA","NA","20.93","44.00","3.00"
"5N","Everglades","Everglades","NA",854249,25.31678,-80.40525,"NA",0,"10/1/2015",10,2015,0,"0","0","NA","0","0",0,"NA","0","0","Cladium jamaicense",0,"NA",0,"NA",0,1,0,"NA","NA","NA","NA","NA","NA","NA","NA","NA","NA","NA","NA","0.00","0.00","0.00"
"5N","Everglades","Everglades","NA",854249,25.31678,-80.40525,"NA",0,"10/1/2014",10,2014,0,"0","0","NA","0","0",0,"NA","0","0","Cladium jamaicense",0,"NA",0,"NA",0,1,0,"NA","NA","NA","NA","NA","NA","NA","NA","NA","NA","NA","NA","0.00","0.00","0.00"
"5W","Everglades","Everglades","NA",940326,25.33012,-80.42461,"NA",0,"10/1/2015",10,2015,31.39,"0","0","NA","0","0",0,"NA","0","0","Cladium jamaicense",0,"NA",0,"NA",0,1,0,"NA","NA","NA","NA","NA","NA","NA","NA","NA","NA","NA","NA","4.85","17.33","2.52"
"5W","Everglades","Everglades","NA",940326,25.33012,-80.42461,"NA",0,"10/1/2014",10,2014,17.95,"0","0","NA","0","0",0,"NA","0","0","Cladium jamaicense",0,"NA",0,"NA",0,1,0,"NA","NA","NA","NA","NA","NA","NA","NA","NA","NA","NA","NA","0.87","8.33","0.58"
"TS_Ph2","Everglades","Everglades","NA",1410858,25.40357,-80.6069,"NA",0,"1/1/2004",1,2004,116.22,"0","0","NA","0","0",0,"NA","0","0","Cladium jamaicense",0,"NA",0,"NA",0,1,0,"NA","NA","NA","NA","NA","NA","NA","NA","NA","NA","NA","NA","42.21","24.00","6.24"
"TS_Ph2","Everglades","Everglades","NA",1410858,25.40357,-80.6069,"NA",0,"11/1/2009",11,2009,59.93,"0","0","NA","0","0",0,"NA","0","0","Cladium jamaicense",0,"NA",0,"NA",0,1,0,"NA","NA","NA","NA","NA","NA","NA","NA","NA","NA","NA","NA","53.43","11.33","10.12"
"TS_Ph2","Everglades","Everglades","NA",1410858,25.40357,-80.6069,"NA",0,"11/1/1999",11,1999,125.01,"0","0","NA","0","0",0,"NA","0","0","Cladium jamaicense",0,"NA",0,"NA",0,1,0,"NA","NA","NA","NA","NA","NA","NA","NA","NA","NA","NA","NA","19.14","23.67","3.79"
"TS_Ph2","Everglades","Everglades","NA",1410858,25.40357,-80.6069,"NA",0,"11/1/2011",11,2011,104.07,"0","0","NA","0","0",0,"NA","0","0","Cladium jamaicense",0,"NA",0,"NA",0,1,0,"NA","NA","NA","NA","NA","NA","NA","NA","NA","NA","NA","NA","86.57","17.33","14.47"
"TS_Ph2","Everglades","Everglades","NA",1410858,25.40357,-80.6069,"NA",0,"11/1/2006",11,2006,89.65,"0","0","NA","0","0",0,"NA","0","0","Cladium jamaicense",0,"NA",0,"NA",0,1,0,"NA","NA","NA","NA","NA","NA","NA","NA","NA","NA","NA","NA","91.84","14.33","13.05"
"TS_Ph2","Everglades","Everglades","NA",1410858,25.40357,-80.6069,"NA",0,"11/1/2008",11,2008,64.48,"0","0","NA","0","0",0,"NA","0","0","Cladium jamaicense",0,"NA",0,"NA",0,1,0,"NA","NA","NA","NA","NA","NA","NA","NA","NA","NA","NA","NA","55.41","11.33","7.77"
"TS_Ph2","Everglades","Everglades","NA",1410858,25.40357,-80.6069,"NA",0,"11/1/2010",11,2010,75.63,"0","0","NA","0","0",0,"NA","0","0","Cladium jamaicense",0,"NA",0,"NA",0,1,0,"NA","NA","NA","NA","NA","NA","NA","NA","NA","NA","NA","NA","59.45","12.00","9.64"
"TS_Ph2","Everglades","Everglades","NA",1410858,25.40357,-80.6069,"NA",0,"11/1/2005",11,2005,77.35,"0","0","NA","0","0",0,"NA","0","0","Cladium jamaicense",0,"NA",0,"NA",0,1,0,"NA","NA","NA","NA","NA","NA","NA","NA","NA","NA","NA","NA","57.68","13.67","10.07"
"TS_Ph2","Everglades","Everglades","NA",1410858,25.40357,-80.6069,"NA",0,"1/1/2011",1,2011,81.07,"0","0","NA","0","0",0,"NA","0","0","Cladium jamaicense",0,"NA",0,"NA",0,1,0,"NA","NA","NA","NA","NA","NA","NA","NA","NA","NA","NA","NA","76.92","17.00","15.72"
"TS_Ph2","Everglades","Everglades","NA",1410858,25.40357,-80.6069,"NA",0,"3/1/2002",3,2002,143.72,"0","0","NA","0","0",0,"NA","0","0","Cladium jamaicense",0,"NA",0,"NA",0,1,0,"NA","NA","NA","NA","NA","NA","NA","NA","NA","NA","NA","NA","26.49","36.33","4.51"
"TS_Ph2","Everglades","Everglades","NA",1410858,25.40357,-80.6069,"NA",0,"3/1/2009",3,2009,102.43,"0","0","NA","0","0",0,"NA","0","0","Cladium jamaicense",0,"NA",0,"NA",0,1,0,"NA","NA","NA","NA","NA","NA","NA","NA","NA","NA","NA","NA","118.63","21.00","19.47"
"TS_Ph2","Everglades","Everglades","NA",1410858,25.40357,-80.6069,"NA",0,"3/1/2000",3,2000,110.56,"0","0","NA","0","0",0,"NA","0","0","Cladium jamaicense",0,"NA",0,"NA",0,1,0,"NA","NA","NA","NA","NA","NA","NA","NA","NA","NA","NA","NA","29.83","22.33","2.89"
"TS_Ph2","Everglades","Everglades","NA",1410858,25.40357,-80.6069,"NA",0,"3/1/2006",3,2006,81.42,"0","0","NA","0","0",0,"NA","0","0","Cladium jamaicense",0,"NA",0,"NA",0,1,0,"NA","NA","NA","NA","NA","NA","NA","NA","NA","NA","NA","NA","63.89","21.33","19.01"
"TS_Ph2","Everglades","Everglades","NA",1410858,25.40357,-80.6069,"NA",0,"3/1/2004",3,2004,186.99,"0","0","NA","0","0",0,"NA","0","0","Cladium jamaicense",0,"NA",0,"NA",0,1,0,"NA","NA","NA","NA","NA","NA","NA","NA","NA","NA","NA","NA","49.88","32.00","13.00"
"TS_Ph2","Everglades","Everglades","NA",1410858,25.40357,-80.6069,"NA",0,"5/1/2000",5,2000,143.04,"0","0","NA","0","0",0,"NA","0","0","Cladium jamaicense",0,"NA",0,"NA",0,1,0,"NA","NA","NA","NA","NA","NA","NA","NA","NA","NA","NA","NA","13.34","25.33","4.04"
"TS_Ph2","Everglades","Everglades","NA",1410858,25.40357,-80.6069,"NA",0,"5/1/2008",5,2008,80.57,"0","0","NA","0","0",0,"NA","0","0","Cladium jamaicense",0,"NA",0,"NA",0,1,0,"NA","NA","NA","NA","NA","NA","NA","NA","NA","NA","NA","NA","74.60","15.00","12.53"
"TS_Ph2","Everglades","Everglades","NA",1410858,25.40357,-80.6069,"NA",0,"5/1/2011",5,2011,139.87,"0","0","NA","0","0",0,"NA","0","0","Cladium jamaicense",0,"NA",0,"NA",0,1,0,"NA","NA","NA","NA","NA","NA","NA","NA","NA","NA","NA","NA","117.69","24.33","21.36"
"TS_Ph2","Everglades","Everglades","NA",1410858,25.40357,-80.6069,"NA",0,"5/1/2006",5,2006,94.58,"0","0","NA","0","0",0,"NA","0","0","Cladium jamaicense",0,"NA",0,"NA",0,1,0,"NA","NA","NA","NA","NA","NA","NA","NA","NA","NA","NA","NA","65.10","16.67","13.65"
"TS_Ph2","Everglades","Everglades","NA",1410858,25.40357,-80.6069,"NA",0,"7/1/2009",7,2009,66.23,"0","0","NA","0","0",0,"NA","0","0","Cladium jamaicense",0,"NA",0,"NA",0,1,0,"NA","NA","NA","NA","NA","NA","NA","NA","NA","NA","NA","NA","64.05","13.33","11.85"
"TS_Ph2","Everglades","Everglades","NA",1410858,25.40357,-80.6069,"NA",0,"1/1/2003",1,2003,134.83,"0","0","NA","0","0",0,"NA","0","0","Cladium jamaicense",0,"NA",0,"NA",0,1,0,"NA","NA","NA","NA","NA","NA","NA","NA","NA","NA","NA","NA","29.82","36.00","9.54"
"TS_Ph2","Everglades","Everglades","NA",1410858,25.40357,-80.6069,"NA",0,"1/1/2005",1,2005,99.38,"0","0","NA","0","0",0,"NA","0","0","Cladium jamaicense",0,"NA",0,"NA",0,1,0,"NA","NA","NA","NA","NA","NA","NA","NA","NA","NA","NA","NA","86.56","22.67","11.24"
"TS_Ph2","Everglades","Everglades","NA",1410858,25.40357,-80.6069,"NA",0,"1/1/2006",1,2006,98.25,"0","0","NA","0","0",0,"NA","0","0","Cladium jamaicense",0,"NA",0,"NA",0,1,0,"NA","NA","NA","NA","NA","NA","NA","NA","NA","NA","NA","NA","83.82","15.33","14.50"
"TS_Ph2","Everglades","Everglades","NA",1410858,25.40357,-80.6069,"NA",0,"1/1/2012",1,2012,106.35,"0","0","NA","0","0",0,"NA","0","0","Cladium jamaicense",0,"NA",0,"NA",0,1,0,"NA","NA","NA","NA","NA","NA","NA","NA","NA","NA","NA","NA","106.90","20.00","19.05"
"TS_Ph2","Everglades","Everglades","NA",1410858,25.40357,-80.6069,"NA",0,"1/1/2002",1,2002,152.73,"0","0","NA","0","0",0,"NA","0","0","Cladium jamaicense",0,"NA",0,"NA",0,1,0,"NA","NA","NA","NA","NA","NA","NA","NA","NA","NA","NA","NA","30.05","22.00","2.65"
"TS_Ph2","Everglades","Everglades","NA",1410858,25.40357,-80.6069,"NA",0,"11/1/2007",11,2007,83.75,"0","0","NA","0","0",0,"NA","0","0","Cladium jamaicense",0,"NA",0,"NA",0,1,0,"NA","NA","NA","NA","NA","NA","NA","NA","NA","NA","NA","NA","110.39","13.00","12.77"
"TS_Ph2","Everglades","Everglades","NA",1410858,25.40357,-80.6069,"NA",0,"11/1/2002",11,2002,170.61,"0","0","NA","0","0",0,"NA","0","0","Cladium jamaicense",0,"NA",0,"NA",0,1,0,"NA","NA","NA","NA","NA","NA","NA","NA","NA","NA","NA","NA","28.14","27.00","5.29"
"TS_Ph2","Everglades","Everglades","NA",1410858,25.40357,-80.6069,"NA",0,"1/1/2013",1,2013,75.73,"0","0","NA","0","0",0,"NA","0","0","Cladium jamaicense",0,"NA",0,"NA",0,1,0,"NA","NA","NA","NA","NA","NA","NA","NA","NA","NA","NA","NA","31.27","14.00","7.00"
"TS_Ph2","Everglades","Everglades","NA",1410858,25.40357,-80.6069,"NA",0,"3/1/2001",3,2001,209.65,"0","0","NA","0","0",0,"NA","0","0","Cladium jamaicense",0,"NA",0,"NA",0,1,0,"NA","NA","NA","NA","NA","NA","NA","NA","NA","NA","NA","NA","74.72","34.33","5.03"
"TS_Ph2","Everglades","Everglades","NA",1410858,25.40357,-80.6069,"NA",0,"3/1/2013",3,2013,77.58,"0","0","NA","0","0",0,"NA","0","0","Cladium jamaicense",0,"NA",0,"NA",0,1,0,"NA","NA","NA","NA","NA","NA","NA","NA","NA","NA","NA","NA","44.15","18.33","8.39"
"TS_Ph2","Everglades","Everglades","NA",1410858,25.40357,-80.6069,"NA",0,"3/1/2007",3,2007,65.7,"0","0","NA","0","0",0,"NA","0","0","Cladium jamaicense",0,"NA",0,"NA",0,1,0,"NA","NA","NA","NA","NA","NA","NA","NA","NA","NA","NA","NA","68.16","16.33","15.01"
"TS_Ph2","Everglades","Everglades","NA",1410858,25.40357,-80.6069,"NA",0,"3/1/2014",3,2014,70.35,"0","0","NA","0","0",0,"NA","0","0","Cladium jamaicense",0,"NA",0,"NA",0,1,0,"NA","NA","NA","NA","NA","NA","NA","NA","NA","NA","NA","NA","24.02","17.67","9.29"
"TS_Ph2","Everglades","Everglades","NA",1410858,25.40357,-80.6069,"NA",0,"3/1/2003",3,2003,152.2,"0","0","NA","0","0",0,"NA","0","0","Cladium jamaicense",0,"NA",0,"NA",0,1,0,"NA","NA","NA","NA","NA","NA","NA","NA","NA","NA","NA","NA","57.69","39.00","11.00"
"TS_Ph2","Everglades","Everglades","NA",1410858,25.40357,-80.6069,"NA",0,"3/1/2010",3,2010,57.11,"0","0","NA","0","0",0,"NA","0","0","Cladium jamaicense",0,"NA",0,"NA",0,1,0,"NA","NA","NA","NA","NA","NA","NA","NA","NA","NA","NA","NA","56.72","18.67","15.53"
"TS_Ph2","Everglades","Everglades","NA",1410858,25.40357,-80.6069,"NA",0,"3/1/2005",3,2005,113.79,"0","0","NA","0","0",0,"NA","0","0","Cladium jamaicense",0,"NA",0,"NA",0,1,0,"NA","NA","NA","NA","NA","NA","NA","NA","NA","NA","NA","NA","60.06","30.00","16.00"
"TS_Ph2","Everglades","Everglades","NA",1410858,25.40357,-80.6069,"NA",0,"3/1/2011",3,2011,107.86,"0","0","NA","0","0",0,"NA","0","0","Cladium jamaicense",0,"NA",0,"NA",0,1,0,"NA","NA","NA","NA","NA","NA","NA","NA","NA","NA","NA","NA","91.20","21.33","16.20"
"TS_Ph2","Everglades","Everglades","NA",1410858,25.40357,-80.6069,"NA",0,"5/1/2009",5,2009,50.66,"0","0","NA","0","0",0,"NA","0","0","Cladium jamaicense",0,"NA",0,"NA",0,1,0,"NA","NA","NA","NA","NA","NA","NA","NA","NA","NA","NA","NA","33.08","10.67","6.43"
"TS_Ph2","Everglades","Everglades","NA",1410858,25.40357,-80.6069,"NA",0,"5/1/2012",5,2012,84.98,"0","0","NA","0","0",0,"NA","0","0","Cladium jamaicense",0,"NA",0,"NA",0,1,0,"NA","NA","NA","NA","NA","NA","NA","NA","NA","NA","NA","NA","66.28","22.67","15.01"
"TS_Ph2","Everglades","Everglades","NA",1410858,25.40357,-80.6069,"NA",0,"5/1/2007",5,2007,67.37,"0","0","NA","0","0",0,"NA","0","0","Cladium jamaicense",0,"NA",0,"NA",0,1,0,"NA","NA","NA","NA","NA","NA","NA","NA","NA","NA","NA","NA","61.51","15.67","14.01"
"TS_Ph2","Everglades","Everglades","NA",1410858,25.40357,-80.6069,"NA",0,"5/1/2002",5,2002,199.88,"0","0","NA","0","0",0,"NA","0","0","Cladium jamaicense",0,"NA",0,"NA",0,1,0,"NA","NA","NA","NA","NA","NA","NA","NA","NA","NA","NA","NA","38.27","34.67","6.43"
"TS_Ph2","Everglades","Everglades","NA",1410858,25.40357,-80.6069,"NA",0,"5/1/2010",5,2010,73.93,"0","0","NA","0","0",0,"NA","0","0","Cladium jamaicense",0,"NA",0,"NA",0,1,0,"NA","NA","NA","NA","NA","NA","NA","NA","NA","NA","NA","NA","52.54","14.33","10.69"
"TS_Ph2","Everglades","Everglades","NA",1410858,25.40357,-80.6069,"NA",0,"5/1/2005",5,2005,167.94,"0","0","NA","0","0",0,"NA","0","0","Cladium jamaicense",0,"NA",0,"NA",0,1,0,"NA","NA","NA","NA","NA","NA","NA","NA","NA","NA","NA","NA","95.30","29.33","16.50"
"TS_Ph2","Everglades","Everglades","NA",1410858,25.40357,-80.6069,"NA",0,"7/1/2007",7,2007,62.52,"0","0","NA","0","0",0,"NA","0","0","Cladium jamaicense",0,"NA",0,"NA",0,1,0,"NA","NA","NA","NA","NA","NA","NA","NA","NA","NA","NA","NA","71.14","13.00","14.42"
"TS_Ph2","Everglades","Everglades","NA",1410858,25.40357,-80.6069,"NA",0,"7/1/2004",7,2004,176.88,"0","0","NA","0","0",0,"NA","0","0","Cladium jamaicense",0,"NA",0,"NA",0,1,0,"NA","NA","NA","NA","NA","NA","NA","NA","NA","NA","NA","NA","68.32","25.33","9.71"
"TS_Ph2","Everglades","Everglades","NA",1410858,25.40357,-80.6069,"NA",0,"9/1/2007",9,2007,91.46,"0","0","NA","0","0",0,"NA","0","0","Cladium jamaicense",0,"NA",0,"NA",0,1,0,"NA","NA","NA","NA","NA","NA","NA","NA","NA","NA","NA","NA","124.49","15.33","14.05"
"TS_Ph2","Everglades","Everglades","NA",1410858,25.40357,-80.6069,"NA",0,"9/1/2011",9,2011,110.61,"0","0","NA","0","0",0,"NA","0","0","Cladium jamaicense",0,"NA",0,"NA",0,1,0,"NA","NA","NA","NA","NA","NA","NA","NA","NA","NA","NA","NA","79.47","15.67","11.55"
"TS_Ph2","Everglades","Everglades","NA",1410858,25.40357,-80.6069,"NA",0,"9/1/2012",9,2012,89.79,"0","0","NA","0","0",0,"NA","0","0","Cladium jamaicense",0,"NA",0,"NA",0,1,0,"NA","NA","NA","NA","NA","NA","NA","NA","NA","NA","NA","NA","62.61","18.67","13.32"
"TS_Ph2","Everglades","Everglades","NA",1410858,25.40357,-80.6069,"NA",0,"5/1/2013",5,2013,83.33,"0","0","NA","0","0",0,"NA","0","0","Cladium jamaicense",0,"NA",0,"NA",0,1,0,"NA","NA","NA","NA","NA","NA","NA","NA","NA","NA","NA","NA","27.69","15.33","9.29"
"TS_Ph2","Everglades","Everglades","NA",1410858,25.40357,-80.6069,"NA",0,"5/1/2014",5,2014,75.6,"0","0","NA","0","0",0,"NA","0","0","Cladium jamaicense",0,"NA",0,"NA",0,1,0,"NA","NA","NA","NA","NA","NA","NA","NA","NA","NA","NA","NA","29.35","15.00","8.72"
"TS_Ph2","Everglades","Everglades","NA",1410858,25.40357,-80.6069,"NA",0,"9/1/2000",9,2000,153.73,"0","0","NA","0","0",0,"NA","0","0","Cladium jamaicense",0,"NA",0,"NA",0,42,0,"NA","NA","NA","NA","NA","NA","NA","NA","NA","NA","NA","NA","46.25","18.00","3.46"
"TS_Ph2","Everglades","Everglades","NA",1410858,25.40357,-80.6069,"NA",0,"9/1/2009",9,2009,65.21,"0","0","NA","0","0",0,"NA","0","0","Cladium jamaicense",0,"NA",0,"NA",0,42,0,"NA","NA","NA","NA","NA","NA","NA","NA","NA","NA","NA","NA","64.56","12.33","11.02"
"TS_Ph2","Everglades","Everglades","NA",1410858,25.40357,-80.6069,"NA",0,"5/1/2003",5,2003,165.13,"0","0","NA","0","0",0,"NA","0","0","Cladium jamaicense",0,"NA",0,"NA",0,42,0,"NA","NA","NA","NA","NA","NA","NA","NA","NA","NA","NA","NA","14.72","37.00","4.36"
"TS_Ph2","Everglades","Everglades","NA",1410858,25.40357,-80.6069,"NA",0,"1/1/2007",1,2007,69.24,"0","0","NA","0","0",0,"NA","0","0","Cladium jamaicense",0,"NA",0,"NA",0,42,0,"NA","NA","NA","NA","NA","NA","NA","NA","NA","NA","NA","NA","73.75","18.67","17.79"
"TS_Ph2","Everglades","Everglades","NA",1410858,25.40357,-80.6069,"NA",0,"1/1/2001",1,2001,120.28,"0","0","NA","0","0",0,"NA","0","0","Cladium jamaicense",0,"NA",0,"NA",0,42,0,"NA","NA","NA","NA","NA","NA","NA","NA","NA","NA","NA","NA","46.03","20.33","2.52"
"TS_Ph2","Everglades","Everglades","NA",1410858,25.40357,-80.6069,"NA",0,"7/1/2012",7,2012,87.27,"0","0","NA","0","0",0,"NA","0","0","Cladium jamaicense",0,"NA",0,"NA",0,42,0,"NA","NA","NA","NA","NA","NA","NA","NA","NA","NA","NA","NA","56.08","20.00","13.89"
"TS_Ph2","Everglades","Everglades","NA",1410858,25.40357,-80.6069,"NA",0,"11/1/2001",11,2001,193.61,"0","0","NA","0","0",0,"NA","0","0","Cladium jamaicense",0,"NA",0,"NA",0,42,0,"NA","NA","NA","NA","NA","NA","NA","NA","NA","NA","NA","NA","52.08","26.00","4.58"
"TS_Ph2","Everglades","Everglades","NA",1410858,25.40357,-80.6069,"NA",0,"1/1/2010",1,2010,53.48,"0","0","NA","0","0",0,"NA","0","0","Cladium jamaicense",0,"NA",0,"NA",0,42,0,"NA","NA","NA","NA","NA","NA","NA","NA","NA","NA","NA","NA","45.93","10.67","9.87"
"TS_Ph2","Everglades","Everglades","NA",1410858,25.40357,-80.6069,"NA",0,"7/1/2011",7,2011,166.9,"0","0","NA","0","0",0,"NA","0","0","Cladium jamaicense",0,"NA",0,"NA",0,42,0,"NA","NA","NA","NA","NA","NA","NA","NA","NA","NA","NA","NA","131.82","23.00","21.66"
"TS_Ph2","Everglades","Everglades","NA",1410858,25.40357,-80.6069,"NA",0,"9/1/2002",9,2002,152.97,"0","0","NA","0","0",0,"NA","0","0","Cladium jamaicense",0,"NA",0,"NA",0,42,0,"NA","NA","NA","NA","NA","NA","NA","NA","NA","NA","NA","NA","55.58","23.00","7.94"
"TS_Ph2","Everglades","Everglades","NA",1410858,25.40357,-80.6069,"NA",0,"11/1/2013",11,2013,61.98,"0","0","NA","0","0",0,"NA","0","0","Cladium jamaicense",0,"NA",0,"NA",0,42,0,"NA","NA","NA","NA","NA","NA","NA","NA","NA","NA","NA","NA","20.50","11.00","4.36"
"TS_Ph2","Everglades","Everglades","NA",1410858,25.40357,-80.6069,"NA",0,"9/1/2008",9,2008,84.51,"0","0","NA","0","0",0,"NA","0","0","Cladium jamaicense",0,"NA",0,"NA",0,42,0,"NA","NA","NA","NA","NA","NA","NA","NA","NA","NA","NA","NA","75.69","14.67","12.66"
"TS_Ph2","Everglades","Everglades","NA",1410858,25.40357,-80.6069,"NA",0,"9/1/2006",9,2006,93.66,"0","0","NA","0","0",0,"NA","0","0","Cladium jamaicense",0,"NA",0,"NA",0,42,0,"NA","NA","NA","NA","NA","NA","NA","NA","NA","NA","NA","NA","83.33","12.67","10.50"
"TS_Ph2","Everglades","Everglades","NA",1410858,25.40357,-80.6069,"NA",0,"9/1/2004",9,2004,169.35,"0","0","NA","0","0",0,"NA","0","0","Cladium jamaicense",0,"NA",0,"NA",0,42,0,"NA","NA","NA","NA","NA","NA","NA","NA","NA","NA","NA","NA","123.93","23.33","14.98"
"TS_Ph2","Everglades","Everglades","NA",1410858,25.40357,-80.6069,"NA",0,"7/1/2000",7,2000,176.46,"0","0","NA","0","0",0,"NA","0","0","Cladium jamaicense",0,"NA",0,"NA",0,42,0,"NA","NA","NA","NA","NA","NA","NA","NA","NA","NA","NA","NA","51.11","20.00","2.65"
"TS_Ph2","Everglades","Everglades","NA",1410858,25.40357,-80.6069,"NA",0,"8/1/1999",8,1999,221.5,"0","0","NA","0","0",0,"NA","0","0","Cladium jamaicense",0,"NA",0,"NA",0,42,0,"NA","NA","NA","NA","NA","NA","NA","NA","NA","NA","NA","NA","70.92","27.00","4.58"
"TS_Ph2","Everglades","Everglades","NA",1410858,25.40357,-80.6069,"NA",0,"7/1/2001",7,2001,269.59,"0","0","NA","0","0",0,"NA","0","0","Cladium jamaicense",0,"NA",0,"NA",0,42,0,"NA","NA","NA","NA","NA","NA","NA","NA","NA","NA","NA","NA","75.35","33.00","5.29"
"TS_Ph2","Everglades","Everglades","NA",1410858,25.40357,-80.6069,"NA",0,"7/1/2006",7,2006,102.85,"0","0","NA","0","0",0,"NA","0","0","Cladium jamaicense",0,"NA",0,"NA",0,42,0,"NA","NA","NA","NA","NA","NA","NA","NA","NA","NA","NA","NA","87.76","18.33","16.50"
"TS_Ph2","Everglades","Everglades","NA",1410858,25.40357,-80.6069,"NA",0,"11/1/2012",11,2012,73.48,"0","0","NA","0","0",0,"NA","0","0","Cladium jamaicense",0,"NA",0,"NA",0,42,0,"NA","NA","NA","NA","NA","NA","NA","NA","NA","NA","NA","NA","28.50","15.00","6.08"
"TS_Ph2","Everglades","Everglades","NA",1410858,25.40357,-80.6069,"NA",0,"7/1/2013",7,2013,57.87,"0","0","NA","0","0",0,"NA","0","0","Cladium jamaicense",0,"NA",0,"NA",0,42,0,"NA","NA","NA","NA","NA","NA","NA","NA","NA","NA","NA","NA","17.96","11.33","5.13"
"TS_Ph2","Everglades","Everglades","NA",1410858,25.40357,-80.6069,"NA",0,"1/1/2008",1,2008,72.06,"0","0","NA","0","0",0,"NA","0","0","Cladium jamaicense",0,"NA",0,"NA",0,42,0,"NA","NA","NA","NA","NA","NA","NA","NA","NA","NA","NA","NA","92.50","17.00","16.82"
"TS_Ph2","Everglades","Everglades","NA",1410858,25.40357,-80.6069,"NA",0,"5/1/2001",5,2001,213.47,"0","0","NA","0","0",0,"NA","0","0","Cladium jamaicense",0,"NA",0,"NA",0,42,0,"NA","NA","NA","NA","NA","NA","NA","NA","NA","NA","NA","NA","74.63","35.67","10.69"
"TS_Ph2","Everglades","Everglades","NA",1410858,25.40357,-80.6069,"NA",0,"7/1/2008",7,2008,84.2,"0","0","NA","0","0",0,"NA","0","0","Cladium jamaicense",0,"NA",0,"NA",0,42,0,"NA","NA","NA","NA","NA","NA","NA","NA","NA","NA","NA","NA","96.69","15.33","16.20"
"TS_Ph2","Everglades","Everglades","NA",1410858,25.40357,-80.6069,"NA",0,"3/1/2008",3,2008,60.49,"0","0","NA","0","0",0,"NA","0","0","Cladium jamaicense",0,"NA",0,"NA",0,42,0,"NA","NA","NA","NA","NA","NA","NA","NA","NA","NA","NA","NA","62.21","16.67","15.18"
"TS_Ph2","Everglades","Everglades","NA",1410858,25.40357,-80.6069,"NA",0,"11/1/2004",11,2004,137.36,"0","0","NA","0","0",0,"NA","0","0","Cladium jamaicense",0,"NA",0,"NA",0,42,0,"NA","NA","NA","NA","NA","NA","NA","NA","NA","NA","NA","NA","113.98","20.33","14.74"
"TS_Ph2","Everglades","Everglades","NA",1410858,25.40357,-80.6069,"NA",0,"9/1/2001",9,2001,217.93,"0","0","NA","0","0",0,"NA","0","0","Cladium jamaicense",0,"NA",0,"NA",0,42,0,"NA","NA","NA","NA","NA","NA","NA","NA","NA","NA","NA","NA","64.14","25.00","5.29"
"TS_Ph2","Everglades","Everglades","NA",1410858,25.40357,-80.6069,"NA",0,"9/1/2013",9,2013,64.76,"0","0","NA","0","0",0,"NA","0","0","Cladium jamaicense",0,"NA",0,"NA",0,42,0,"NA","NA","NA","NA","NA","NA","NA","NA","NA","NA","NA","NA","34.64","12.67","6.66"
"TS_Ph2","Everglades","Everglades","NA",1410858,25.40357,-80.6069,"NA",0,"7/1/2003",7,2003,160.13,"0","0","NA","0","0",0,"NA","0","0","Cladium jamaicense",0,"NA",0,"NA",0,42,0,"NA","NA","NA","NA","NA","NA","NA","NA","NA","NA","NA","NA","11.20","28.00","4.58"
"TS_Ph2","Everglades","Everglades","NA",1410858,25.40357,-80.6069,"NA",0,"11/1/2003",11,2003,134.61,"0","0","NA","0","0",0,"NA","0","0","Cladium jamaicense",0,"NA",0,"NA",0,42,0,"NA","NA","NA","NA","NA","NA","NA","NA","NA","NA","NA","NA","70.04","24.00","9.17"
"TS_Ph2","Everglades","Everglades","NA",1410858,25.40357,-80.6069,"NA",0,"9/1/1999",9,1999,177.31,"0","0","NA","0","0",0,"NA","0","0","Cladium jamaicense",0,"NA",0,"NA",0,42,0,"NA","NA","NA","NA","NA","NA","NA","NA","NA","NA","NA","NA","41.81","24.33","5.51"
"TS_Ph2","Everglades","Everglades","NA",1410858,25.40357,-80.6069,"NA",0,"9/1/2005",9,2005,88.48,"0","0","NA","0","0",0,"NA","0","0","Cladium jamaicense",0,"NA",0,"NA",0,42,0,"NA","NA","NA","NA","NA","NA","NA","NA","NA","NA","NA","NA","77.18","14.00","10.54"
"TS_Ph2","Everglades","Everglades","NA",1410858,25.40357,-80.6069,"NA",0,"5/1/2004",5,2004,180.16,"0","0","NA","0","0",0,"NA","0","0","Cladium jamaicense",0,"NA",0,"NA",0,42,0,"NA","NA","NA","NA","NA","NA","NA","NA","NA","NA","NA","NA","52.48","28.33","11.93"
"TS_Ph2","Everglades","Everglades","NA",1410858,25.40357,-80.6069,"NA",0,"1/1/2000",1,2000,104,"0","0","NA","0","0",0,"NA","0","0","Cladium jamaicense",0,"NA",0,"NA",0,42,0,"NA","NA","NA","NA","NA","NA","NA","NA","NA","NA","NA","NA","27.45","17.33","2.08"
"TS_Ph2","Everglades","Everglades","NA",1410858,25.40357,-80.6069,"NA",0,"1/1/2014",1,2014,51.54,"0","0","NA","0","0",0,"NA","0","0","Cladium jamaicense",0,"NA",0,"NA",0,42,0,"NA","NA","NA","NA","NA","NA","NA","NA","NA","NA","NA","NA","17.60","10.00","5.29"
"TS_Ph2","Everglades","Everglades","NA",1410858,25.40357,-80.6069,"NA",0,"9/1/2003",9,2003,126.69,"0","0","NA","0","0",0,"NA","0","0","Cladium jamaicense",0,"NA",0,"NA",0,42,0,"NA","NA","NA","NA","NA","NA","NA","NA","NA","NA","NA","NA","61.52","22.00","11.14"
"TS_Ph2","Everglades","Everglades","NA",1410858,25.40357,-80.6069,"NA",0,"7/1/2005",7,2005,123.07,"0","0","NA","0","0",0,"NA","0","0","Cladium jamaicense",0,"NA",0,"NA",0,42,0,"NA","NA","NA","NA","NA","NA","NA","NA","NA","NA","NA","NA","76.61","22.33","13.01"
"TS_Ph2","Everglades","Everglades","NA",1410858,25.40357,-80.6069,"NA",0,"9/1/2010",9,2010,84.44,"0","0","NA","0","0",0,"NA","0","0","Cladium jamaicense",0,"NA",0,"NA",0,42,0,"NA","NA","NA","NA","NA","NA","NA","NA","NA","NA","NA","NA","85.39","13.33","11.93"
"TS_Ph2","Everglades","Everglades","NA",1410858,25.40357,-80.6069,"NA",0,"7/1/2002",7,2002,183.53,"0","0","NA","0","0",0,"NA","0","0","Cladium jamaicense",0,"NA",0,"NA",0,42,0,"NA","NA","NA","NA","NA","NA","NA","NA","NA","NA","NA","NA","71.38","26.00","6.56"
"TS_Ph2","Everglades","Everglades","NA",1410858,25.40357,-80.6069,"NA",0,"3/1/2012",3,2012,90.47,"0","0","NA","0","0",0,"NA","0","0","Cladium jamaicense",0,"NA",0,"NA",0,42,0,"NA","NA","NA","NA","NA","NA","NA","NA","NA","NA","NA","NA","83.96","35.00","29.46"
"TS_Ph2","Everglades","Everglades","NA",1410858,25.40357,-80.6069,"NA",0,"1/1/2009",1,2009,77.4,"0","0","NA","0","0",0,"NA","0","0","Cladium jamaicense",0,"NA",0,"NA",0,42,0,"NA","NA","NA","NA","NA","NA","NA","NA","NA","NA","NA","NA","67.16","13.33","10.69"
"TS_Ph2","Everglades","Everglades","NA",1410858,25.40357,-80.6069,"NA",0,"11/1/2000",11,2000,160.15,"0","0","NA","0","0",0,"NA","0","0","Cladium jamaicense",0,"NA",0,"NA",0,42,0,"NA","NA","NA","NA","NA","NA","NA","NA","NA","NA","NA","NA","63.99","19.33","3.06"
"TS_Ph2","Everglades","Everglades","NA",1410858,25.40357,-80.6069,"NA",0,"7/1/2010",7,2010,72.21,"0","0","NA","0","0",0,"NA","0","0","Cladium jamaicense",0,"NA",0,"NA",0,42,0,"NA","NA","NA","NA","NA","NA","NA","NA","NA","NA","NA","NA","66.75","13.33","10.69"
"TS_Ph1b","Everglades","Everglades","NA",1639453,25.43858,-80.59027,"NA",0,"1/1/2004",1,2004,88.68,"0","0","NA","0","0",0,"NA","0","0","Cladium jamaicense",0,"NA",0,"NA",0,1,0,"NA","NA","NA","NA","NA","NA","NA","NA","NA","NA","NA","NA","37.76","27.33","11.85"
"TS_Ph1b","Everglades","Everglades","NA",1639453,25.43858,-80.59027,"NA",0,"11/1/2010",11,2010,174.19,"0","0","NA","0","0",0,"NA","0","0","Cladium jamaicense",0,"NA",0,"NA",0,1,0,"NA","NA","NA","NA","NA","NA","NA","NA","NA","NA","NA","NA","43.97","38.00","7.21"
"TS_Ph1b","Everglades","Everglades","NA",1639453,25.43858,-80.59027,"NA",0,"11/1/2000",11,2000,109.29,"0","0","NA","0","0",0,"NA","0","0","Cladium jamaicense",0,"NA",0,"NA",0,1,0,"NA","NA","NA","NA","NA","NA","NA","NA","NA","NA","NA","NA","18.34","24.33","3.51"
"TS_Ph1b","Everglades","Everglades","NA",1639453,25.43858,-80.59027,"NA",0,"11/1/2011",11,2011,161.19,"0","0","NA","0","0",0,"NA","0","0","Cladium jamaicense",0,"NA",0,"NA",0,1,0,"NA","NA","NA","NA","NA","NA","NA","NA","NA","NA","NA","NA","31.30","40.00","7.81"
"TS_Ph1b","Everglades","Everglades","NA",1639453,25.43858,-80.59027,"NA",0,"11/1/2006",11,2006,231.02,"0","0","NA","0","0",0,"NA","0","0","Cladium jamaicense",0,"NA",0,"NA",0,1,0,"NA","NA","NA","NA","NA","NA","NA","NA","NA","NA","NA","NA","190.02","48.33","30.89"
"TS_Ph1b","Everglades","Everglades","NA",1639453,25.43858,-80.59027,"NA",0,"11/1/2008",11,2008,194.65,"0","0","NA","0","0",0,"NA","0","0","Cladium jamaicense",0,"NA",0,"NA",0,1,0,"NA","NA","NA","NA","NA","NA","NA","NA","NA","NA","NA","NA","130.79","36.33","18.61"
"TS_Ph1b","Everglades","Everglades","NA",1639453,25.43858,-80.59027,"NA",0,"11/1/2009",11,2009,131.62,"0","0","NA","0","0",0,"NA","0","0","Cladium jamaicense",0,"NA",0,"NA",0,1,0,"NA","NA","NA","NA","NA","NA","NA","NA","NA","NA","NA","NA","32.62","27.33","5.69"
"TS_Ph1b","Everglades","Everglades","NA",1639453,25.43858,-80.59027,"NA",0,"11/1/2005",11,2005,155.11,"0","0","NA","0","0",0,"NA","0","0","Cladium jamaicense",0,"NA",0,"NA",0,1,0,"NA","NA","NA","NA","NA","NA","NA","NA","NA","NA","NA","NA","136.80","36.67","21.96"
"TS_Ph1b","Everglades","Everglades","NA",1639453,25.43858,-80.59027,"NA",0,"1/1/2011",1,2011,147.69,"0","0","NA","0","0",0,"NA","0","0","Cladium jamaicense",0,"NA",0,"NA",0,1,0,"NA","NA","NA","NA","NA","NA","NA","NA","NA","NA","NA","NA","46.86","38.67","9.07"
"TS_Ph1b","Everglades","Everglades","NA",1639453,25.43858,-80.59027,"NA",0,"1/1/2000",1,2000,313.96,"0","0","NA","0","0",0,"NA","0","0","Cladium jamaicense",0,"NA",0,"NA",0,1,0,"NA","NA","NA","NA","NA","NA","NA","NA","NA","NA","NA","NA","111.10","45.67","3.79"
"TS_Ph1b","Everglades","Everglades","NA",1639453,25.43858,-80.59027,"NA",0,"3/1/2002",3,2002,120.18,"0","0","NA","0","0",0,"NA","0","0","Cladium jamaicense",0,"NA",0,"NA",0,1,0,"NA","NA","NA","NA","NA","NA","NA","NA","NA","NA","NA","NA","42.78","34.33","8.50"
"TS_Ph1b","Everglades","Everglades","NA",1639453,25.43858,-80.59027,"NA",0,"3/1/2003",3,2003,118.17,"0","0","NA","0","0",0,"NA","0","0","Cladium jamaicense",0,"NA",0,"NA",0,1,0,"NA","NA","NA","NA","NA","NA","NA","NA","NA","NA","NA","NA","31.75","47.67","10.60"
"TS_Ph1b","Everglades","Everglades","NA",1639453,25.43858,-80.59027,"NA",0,"3/1/2006",3,2006,154.91,"0","0","NA","0","0",0,"NA","0","0","Cladium jamaicense",0,"NA",0,"NA",0,1,0,"NA","NA","NA","NA","NA","NA","NA","NA","NA","NA","NA","NA","118.34","37.67","16.77"
"TS_Ph1b","Everglades","Everglades","NA",1639453,25.43858,-80.59027,"NA",0,"3/1/2004",3,2004,119.93,"0","0","NA","0","0",0,"NA","0","0","Cladium jamaicense",0,"NA",0,"NA",0,1,0,"NA","NA","NA","NA","NA","NA","NA","NA","NA","NA","NA","NA","27.64","36.67","6.51"
"TS_Ph1b","Everglades","Everglades","NA",1639453,25.43858,-80.59027,"NA",0,"5/1/2000",5,2000,219.03,"0","0","NA","0","0",0,"NA","0","0","Cladium jamaicense",0,"NA",0,"NA",0,1,0,"NA","NA","NA","NA","NA","NA","NA","NA","NA","NA","NA","NA","90.49","40.67","6.66"
"TS_Ph1b","Everglades","Everglades","NA",1639453,25.43858,-80.59027,"NA",0,"5/1/2007",5,2007,206.92,"0","0","NA","0","0",0,"NA","0","0","Cladium jamaicense",0,"NA",0,"NA",0,1,0,"NA","NA","NA","NA","NA","NA","NA","NA","NA","NA","NA","NA","170.45","52.33","31.09"
"TS_Ph1b","Everglades","Everglades","NA",1639453,25.43858,-80.59027,"NA",0,"5/1/2008",5,2008,154.47,"0","0","NA","0","0",0,"NA","0","0","Cladium jamaicense",0,"NA",0,"NA",0,1,0,"NA","NA","NA","NA","NA","NA","NA","NA","NA","NA","NA","NA","81.66","38.67","9.24"
"TS_Ph1b","Everglades","Everglades","NA",1639453,25.43858,-80.59027,"NA",0,"5/1/2009",5,2009,178.93,"0","0","NA","0","0",0,"NA","0","0","Cladium jamaicense",0,"NA",0,"NA",0,1,0,"NA","NA","NA","NA","NA","NA","NA","NA","NA","NA","NA","NA","87.27","40.67","15.57"
"TS_Ph1b","Everglades","Everglades","NA",1639453,25.43858,-80.59027,"NA",0,"5/1/2006",5,2006,158.18,"0","0","NA","0","0",0,"NA","0","0","Cladium jamaicense",0,"NA",0,"NA",0,1,0,"NA","NA","NA","NA","NA","NA","NA","NA","NA","NA","NA","NA","118.39","35.33","17.04"
"TS_Ph1b","Everglades","Everglades","NA",1639453,25.43858,-80.59027,"NA",0,"7/1/2005",7,2005,203.05,"0","0","NA","0","0",0,"NA","0","0","Cladium jamaicense",0,"NA",0,"NA",0,1,0,"NA","NA","NA","NA","NA","NA","NA","NA","NA","NA","NA","NA","144.50","50.00","18.19"
"TS_Ph1b","Everglades","Everglades","NA",1639453,25.43858,-80.59027,"NA",0,"9/1/2002",9,2002,132.26,"0","0","NA","0","0",0,"NA","0","0","Cladium jamaicense",0,"NA",0,"NA",0,1,0,"NA","NA","NA","NA","NA","NA","NA","NA","NA","NA","NA","NA","43.55","38.00","8.19"
"TS_Ph1b","Everglades","Everglades","NA",1639453,25.43858,-80.59027,"NA",0,"9/1/2011",9,2011,152.88,"0","0","NA","0","0",0,"NA","0","0","Cladium jamaicense",0,"NA",0,"NA",0,1,0,"NA","NA","NA","NA","NA","NA","NA","NA","NA","NA","NA","NA","63.91","31.67","10.97"
"TS_Ph1b","Everglades","Everglades","NA",1639453,25.43858,-80.59027,"NA",0,"1/1/2003",1,2003,117.65,"0","0","NA","0","0",0,"NA","0","0","Cladium jamaicense",0,"NA",0,"NA",0,1,0,"NA","NA","NA","NA","NA","NA","NA","NA","NA","NA","NA","NA","47.38","45.33","10.79"
"TS_Ph1b","Everglades","Everglades","NA",1639453,25.43858,-80.59027,"NA",0,"1/1/2005",1,2005,175.88,"0","0","NA","0","0",0,"NA","0","0","Cladium jamaicense",0,"NA",0,"NA",0,1,0,"NA","NA","NA","NA","NA","NA","NA","NA","NA","NA","NA","NA","83.35","39.33","5.86"
"TS_Ph1b","Everglades","Everglades","NA",1639453,25.43858,-80.59027,"NA",0,"1/1/2006",1,2006,152.31,"0","0","NA","0","0",0,"NA","0","0","Cladium jamaicense",0,"NA",0,"NA",0,1,0,"NA","NA","NA","NA","NA","NA","NA","NA","NA","NA","NA","NA","131.24","32.33","18.82"
"TS_Ph1b","Everglades","Everglades","NA",1639453,25.43858,-80.59027,"NA",0,"1/1/2012",1,2012,159.83,"0","0","NA","0","0",0,"NA","0","0","Cladium jamaicense",0,"NA",0,"NA",0,1,0,"NA","NA","NA","NA","NA","NA","NA","NA","NA","NA","NA","NA","23.25","40.00","5.57"
"TS_Ph1b","Everglades","Everglades","NA",1639453,25.43858,-80.59027,"NA",0,"1/1/2007",1,2007,228.22,"0","0","NA","0","0",0,"NA","0","0","Cladium jamaicense",0,"NA",0,"NA",0,1,0,"NA","NA","NA","NA","NA","NA","NA","NA","NA","NA","NA","NA","176.40","49.33","23.97"
"TS_Ph1b","Everglades","Everglades","NA",1639453,25.43858,-80.59027,"NA",0,"1/1/2013",1,2013,52.99,"0","0","NA","0","0",0,"NA","0","0","Cladium jamaicense",0,"NA",0,"NA",0,1,0,"NA","NA","NA","NA","NA","NA","NA","NA","NA","NA","NA","NA","27.33","14.67","4.16"
"TS_Ph1b","Everglades","Everglades","NA",1639453,25.43858,-80.59027,"NA",0,"1/1/2002",1,2002,193.65,"0","0","NA","0","0",0,"NA","0","0","Cladium jamaicense",0,"NA",0,"NA",0,1,0,"NA","NA","NA","NA","NA","NA","NA","NA","NA","NA","NA","NA","26.06","38.33","1.15"
"TS_Ph1b","Everglades","Everglades","NA",1639453,25.43858,-80.59027,"NA",0,"11/1/2003",11,2003,102.28,"0","0","NA","0","0",0,"NA","0","0","Cladium jamaicense",0,"NA",0,"NA",0,1,0,"NA","NA","NA","NA","NA","NA","NA","NA","NA","NA","NA","NA","40.38","26.67","7.64"
"TS_Ph1b","Everglades","Everglades","NA",1639453,25.43858,-80.59027,"NA",0,"11/1/2001",11,2001,154.55,"0","0","NA","0","0",0,"NA","0","0","Cladium jamaicense",0,"NA",0,"NA",0,1,0,"NA","NA","NA","NA","NA","NA","NA","NA","NA","NA","NA","NA","52.11","39.00","9.17"
"TS_Ph1b","Everglades","Everglades","NA",1639453,25.43858,-80.59027,"NA",0,"11/1/2007",11,2007,293.65,"0","0","NA","0","0",0,"NA","0","0","Cladium jamaicense",0,"NA",0,"NA",0,1,0,"NA","NA","NA","NA","NA","NA","NA","NA","NA","NA","NA","NA","242.27","51.67","33.31"
"TS_Ph1b","Everglades","Everglades","NA",1639453,25.43858,-80.59027,"NA",0,"11/1/2002",11,2002,151.24,"0","0","NA","0","0",0,"NA","0","0","Cladium jamaicense",0,"NA",0,"NA",0,1,0,"NA","NA","NA","NA","NA","NA","NA","NA","NA","NA","NA","NA","39.95","53.67","10.07"
"TS_Ph1b","Everglades","Everglades","NA",1639453,25.43858,-80.59027,"NA",0,"3/1/2005",3,2005,178.93,"0","0","NA","0","0",0,"NA","0","0","Cladium jamaicense",0,"NA",0,"NA",0,1,0,"NA","NA","NA","NA","NA","NA","NA","NA","NA","NA","NA","NA","84.52","53.33","11.93"
"TS_Ph1b","Everglades","Everglades","NA",1639453,25.43858,-80.59027,"NA",0,"3/1/2000",3,2000,228.41,"0","0","NA","0","0",0,"NA","0","0","Cladium jamaicense",0,"NA",0,"NA",0,1,0,"NA","NA","NA","NA","NA","NA","NA","NA","NA","NA","NA","NA","70.27","43.67","7.09"
"TS_Ph1b","Everglades","Everglades","NA",1639453,25.43858,-80.59027,"NA",0,"3/1/2001",3,2001,126.83,"0","0","NA","0","0",0,"NA","0","0","Cladium jamaicense",0,"NA",0,"NA",0,1,0,"NA","NA","NA","NA","NA","NA","NA","NA","NA","NA","NA","NA","28.03","42.33","9.07"
"TS_Ph1b","Everglades","Everglades","NA",1639453,25.43858,-80.59027,"NA",0,"3/1/2007",3,2007,208.81,"0","0","NA","0","0",0,"NA","0","0","Cladium jamaicense",0,"NA",0,"NA",0,1,0,"NA","NA","NA","NA","NA","NA","NA","NA","NA","NA","NA","NA","179.48","46.00","24.27"
"TS_Ph1b","Everglades","Everglades","NA",1639453,25.43858,-80.59027,"NA",0,"3/1/2013",3,2013,46.7,"0","0","NA","0","0",0,"NA","0","0","Cladium jamaicense",0,"NA",0,"NA",0,1,0,"NA","NA","NA","NA","NA","NA","NA","NA","NA","NA","NA","NA","27.57","18.67","7.23"
"TS_Ph1b","Everglades","Everglades","NA",1639453,25.43858,-80.59027,"NA",0,"3/1/2014",3,2014,51.87,"0","0","NA","0","0",0,"NA","0","0","Cladium jamaicense",0,"NA",0,"NA",0,1,0,"NA","NA","NA","NA","NA","NA","NA","NA","NA","NA","NA","NA","18.24","18.33","8.50"
"TS_Ph1b","Everglades","Everglades","NA",1639453,25.43858,-80.59027,"NA",0,"3/1/2010",3,2010,167.98,"0","0","NA","0","0",0,"NA","0","0","Cladium jamaicense",0,"NA",0,"NA",0,1,0,"NA","NA","NA","NA","NA","NA","NA","NA","NA","NA","NA","NA","64.29","53.33","10.69"
"TS_Ph1b","Everglades","Everglades","NA",1639453,25.43858,-80.59027,"NA",0,"3/1/2011",3,2011,174.49,"0","0","NA","0","0",0,"NA","0","0","Cladium jamaicense",0,"NA",0,"NA",0,1,0,"NA","NA","NA","NA","NA","NA","NA","NA","NA","NA","NA","NA","67.40","39.33","12.10"
"TS_Ph1b","Everglades","Everglades","NA",1639453,25.43858,-80.59027,"NA",0,"5/1/2003",5,2003,115.96,"0","0","NA","0","0",0,"NA","0","0","Cladium jamaicense",0,"NA",0,"NA",0,1,0,"NA","NA","NA","NA","NA","NA","NA","NA","NA","NA","NA","NA","20.08","39.00","4.36"
"TS_Ph1b","Everglades","Everglades","NA",1639453,25.43858,-80.59027,"NA",0,"5/1/2004",5,2004,141.91,"0","0","NA","0","0",0,"NA","0","0","Cladium jamaicense",0,"NA",0,"NA",0,1,0,"NA","NA","NA","NA","NA","NA","NA","NA","NA","NA","NA","NA","83.61","35.00","13.23"
"TS_Ph1b","Everglades","Everglades","NA",1639453,25.43858,-80.59027,"NA",0,"5/1/2012",5,2012,96.25,"0","0","NA","0","0",0,"NA","0","0","Cladium jamaicense",0,"NA",0,"NA",0,1,0,"NA","NA","NA","NA","NA","NA","NA","NA","NA","NA","NA","NA","18.82","33.67","6.11"
"TS_Ph1b","Everglades","Everglades","NA",1639453,25.43858,-80.59027,"NA",0,"5/1/2002",5,2002,130.33,"0","0","NA","0","0",0,"NA","0","0","Cladium jamaicense",0,"NA",0,"NA",0,1,0,"NA","NA","NA","NA","NA","NA","NA","NA","NA","NA","NA","NA","44.41","39.67","12.58"
"TS_Ph1b","Everglades","Everglades","NA",1639453,25.43858,-80.59027,"NA",0,"5/1/2011",5,2011,127.4,"0","0","NA","0","0",0,"NA","0","0","Cladium jamaicense",0,"NA",0,"NA",0,1,0,"NA","NA","NA","NA","NA","NA","NA","NA","NA","NA","NA","NA","34.46","33.33","6.35"
"TS_Ph1b","Everglades","Everglades","NA",1639453,25.43858,-80.59027,"NA",0,"5/1/2010",5,2010,195.72,"0","0","NA","0","0",0,"NA","0","0","Cladium jamaicense",0,"NA",0,"NA",0,1,0,"NA","NA","NA","NA","NA","NA","NA","NA","NA","NA","NA","NA","46.72","52.33","6.51"
"TS_Ph1b","Everglades","Everglades","NA",1639453,25.43858,-80.59027,"NA",0,"5/1/2005",5,2005,203.94,"0","0","NA","0","0",0,"NA","0","0","Cladium jamaicense",0,"NA",0,"NA",0,1,0,"NA","NA","NA","NA","NA","NA","NA","NA","NA","NA","NA","NA","108.67","57.33","15.57"
"TS_Ph1b","Everglades","Everglades","NA",1639453,25.43858,-80.59027,"NA",0,"7/1/2012",7,2012,105.39,"0","0","NA","0","0",0,"NA","0","0","Cladium jamaicense",0,"NA",0,"NA",0,1,0,"NA","NA","NA","NA","NA","NA","NA","NA","NA","NA","NA","NA","4.82","32.33","5.13"
"TS_Ph1b","Everglades","Everglades","NA",1639453,25.43858,-80.59027,"NA",0,"7/1/2007",7,2007,226.78,"0","0","NA","0","0",0,"NA","0","0","Cladium jamaicense",0,"NA",0,"NA",0,1,0,"NA","NA","NA","NA","NA","NA","NA","NA","NA","NA","NA","NA","189.59","46.00","26.15"
"TS_Ph1b","Everglades","Everglades","NA",1639453,25.43858,-80.59027,"NA",0,"7/1/2004",7,2004,180.79,"0","0","NA","0","0",0,"NA","0","0","Cladium jamaicense",0,"NA",0,"NA",0,1,0,"NA","NA","NA","NA","NA","NA","NA","NA","NA","NA","NA","NA","86.29","42.67","10.26"
"TS_Ph1b","Everglades","Everglades","NA",1639453,25.43858,-80.59027,"NA",0,"9/1/2001",9,2001,178.17,"0","0","NA","0","0",0,"NA","0","0","Cladium jamaicense",0,"NA",0,"NA",0,1,0,"NA","NA","NA","NA","NA","NA","NA","NA","NA","NA","NA","NA","38.42","38.33","5.13"
"TS_Ph1b","Everglades","Everglades","NA",1639453,25.43858,-80.59027,"NA",0,"9/1/2013",9,2013,52.45,"0","0","NA","0","0",0,"NA","0","0","Cladium jamaicense",0,"NA",0,"NA",0,1,0,"NA","NA","NA","NA","NA","NA","NA","NA","NA","NA","NA","NA","24.99","15.67","5.69"
"TS_Ph1b","Everglades","Everglades","NA",1639453,25.43858,-80.59027,"NA",0,"1/1/2014",1,2014,42.77,"0","0","NA","0","0",0,"NA","0","0","Cladium jamaicense",0,"NA",0,"NA",0,1,0,"NA","NA","NA","NA","NA","NA","NA","NA","NA","NA","NA","NA","22.80","11.00","6.24"
"TS_Ph1b","Everglades","Everglades","NA",1639453,25.43858,-80.59027,"NA",0,"11/1/2013",11,2013,54.51,"0","0","NA","0","0",0,"NA","0","0","Cladium jamaicense",0,"NA",0,"NA",0,1,0,"NA","NA","NA","NA","NA","NA","NA","NA","NA","NA","NA","NA","26.89","13.67","4.73"
"TS_Ph1b","Everglades","Everglades","NA",1639453,25.43858,-80.59027,"NA",0,"5/1/2014",5,2014,52.74,"0","0","NA","0","0",0,"NA","0","0","Cladium jamaicense",0,"NA",0,"NA",0,1,0,"NA","NA","NA","NA","NA","NA","NA","NA","NA","NA","NA","NA","32.42","15.00","8.72"
"TS_Ph1b","Everglades","Everglades","NA",1639453,25.43858,-80.59027,"NA",0,"9/1/2009",9,2009,190.47,"0","0","NA","0","0",0,"NA","0","0","Cladium jamaicense",0,"NA",0,"NA",0,31,0,"NA","NA","NA","NA","NA","NA","NA","NA","NA","NA","NA","NA","110.52","39.33","15.63"
"TS_Ph1b","Everglades","Everglades","NA",1639453,25.43858,-80.59027,"NA",0,"7/1/2010",7,2010,236.54,"0","0","NA","0","0",0,"NA","0","0","Cladium jamaicense",0,"NA",0,"NA",0,31,0,"NA","NA","NA","NA","NA","NA","NA","NA","NA","NA","NA","NA","84.76","56.33","15.01"
"TS_Ph1b","Everglades","Everglades","NA",1639453,25.43858,-80.59027,"NA",0,"7/1/2003",7,2003,153.05,"0","0","NA","0","0",0,"NA","0","0","Cladium jamaicense",0,"NA",0,"NA",0,31,0,"NA","NA","NA","NA","NA","NA","NA","NA","NA","NA","NA","NA","61.31","41.67","9.07"
"TS_Ph1b","Everglades","Everglades","NA",1639453,25.43858,-80.59027,"NA",0,"9/1/2012",9,2012,121.45,"0","0","NA","0","0",0,"NA","0","0","Cladium jamaicense",0,"NA",0,"NA",0,31,0,"NA","NA","NA","NA","NA","NA","NA","NA","NA","NA","NA","NA","39.12","38.00","13.08"
"TS_Ph1b","Everglades","Everglades","NA",1639453,25.43858,-80.59027,"NA",0,"1/1/2008",1,2008,263.72,"0","0","NA","0","0",0,"NA","0","0","Cladium jamaicense",0,"NA",0,"NA",0,31,0,"NA","NA","NA","NA","NA","NA","NA","NA","NA","NA","NA","NA","203.51","56.00","34.87"
"TS_Ph1b","Everglades","Everglades","NA",1639453,25.43858,-80.59027,"NA",0,"9/1/2006",9,2006,168.49,"0","0","NA","0","0",0,"NA","0","0","Cladium jamaicense",0,"NA",0,"NA",0,31,0,"NA","NA","NA","NA","NA","NA","NA","NA","NA","NA","NA","NA","118.17","36.00","16.64"
"TS_Ph1b","Everglades","Everglades","NA",1639453,25.43858,-80.59027,"NA",0,"11/1/2012",11,2012,55.07,"0","0","NA","0","0",0,"NA","0","0","Cladium jamaicense",0,"NA",0,"NA",0,31,0,"NA","NA","NA","NA","NA","NA","NA","NA","NA","NA","NA","NA","16.13","16.33","5.51"
"TS_Ph1b","Everglades","Everglades","NA",1639453,25.43858,-80.59027,"NA",0,"7/1/2011",7,2011,173.69,"0","0","NA","0","0",0,"NA","0","0","Cladium jamaicense",0,"NA",0,"NA",0,31,0,"NA","NA","NA","NA","NA","NA","NA","NA","NA","NA","NA","NA","68.17","45.33","10.12"
"TS_Ph1b","Everglades","Everglades","NA",1639453,25.43858,-80.59027,"NA",0,"7/1/2001",7,2001,193.81,"0","0","NA","0","0",0,"NA","0","0","Cladium jamaicense",0,"NA",0,"NA",0,31,0,"NA","NA","NA","NA","NA","NA","NA","NA","NA","NA","NA","NA","33.15","48.33","7.02"
"TS_Ph1b","Everglades","Everglades","NA",1639453,25.43858,-80.59027,"NA",0,"7/1/2002",7,2002,184.4,"0","0","NA","0","0",0,"NA","0","0","Cladium jamaicense",0,"NA",0,"NA",0,31,0,"NA","NA","NA","NA","NA","NA","NA","NA","NA","NA","NA","NA","29.04","44.67","6.03"
"TS_Ph1b","Everglades","Everglades","NA",1639453,25.43858,-80.59027,"NA",0,"9/1/2003",9,2003,160.56,"0","0","NA","0","0",0,"NA","0","0","Cladium jamaicense",0,"NA",0,"NA",0,31,0,"NA","NA","NA","NA","NA","NA","NA","NA","NA","NA","NA","NA","26.20","42.00","7.81"
"TS_Ph1b","Everglades","Everglades","NA",1639453,25.43858,-80.59027,"NA",0,"1/1/2009",1,2009,181.06,"0","0","NA","0","0",0,"NA","0","0","Cladium jamaicense",0,"NA",0,"NA",0,31,0,"NA","NA","NA","NA","NA","NA","NA","NA","NA","NA","NA","NA","104.71","34.67","15.63"
"TS_Ph1b","Everglades","Everglades","NA",1639453,25.43858,-80.59027,"NA",0,"9/1/2008",9,2008,246.39,"0","0","NA","0","0",0,"NA","0","0","Cladium jamaicense",0,"NA",0,"NA",0,31,0,"NA","NA","NA","NA","NA","NA","NA","NA","NA","NA","NA","NA","177.76","47.67","22.55"
"TS_Ph1b","Everglades","Everglades","NA",1639453,25.43858,-80.59027,"NA",0,"9/1/2000",9,2000,221.52,"0","0","NA","0","0",0,"NA","0","0","Cladium jamaicense",0,"NA",0,"NA",0,31,0,"NA","NA","NA","NA","NA","NA","NA","NA","NA","NA","NA","NA","48.16","41.67","3.79"
"TS_Ph1b","Everglades","Everglades","NA",1639453,25.43858,-80.59027,"NA",0,"1/1/2001",1,2001,97.52,"0","0","NA","0","0",0,"NA","0","0","Cladium jamaicense",0,"NA",0,"NA",0,31,0,"NA","NA","NA","NA","NA","NA","NA","NA","NA","NA","NA","NA","62.40","27.00","11.27"
"TS_Ph1b","Everglades","Everglades","NA",1639453,25.43858,-80.59027,"NA",0,"7/1/2009",7,2009,209.07,"0","0","NA","0","0",0,"NA","0","0","Cladium jamaicense",0,"NA",0,"NA",0,31,0,"NA","NA","NA","NA","NA","NA","NA","NA","NA","NA","NA","NA","108.14","46.67","19.55"
"TS_Ph1b","Everglades","Everglades","NA",1639453,25.43858,-80.59027,"NA",0,"1/1/2010",1,2010,161.74,"0","0","NA","0","0",0,"NA","0","0","Cladium jamaicense",0,"NA",0,"NA",0,31,0,"NA","NA","NA","NA","NA","NA","NA","NA","NA","NA","NA","NA","46.44","35.67","6.81"
"TS_Ph1b","Everglades","Everglades","NA",1639453,25.43858,-80.59027,"NA",0,"9/1/2010",9,2010,258.92,"0","0","NA","0","0",0,"NA","0","0","Cladium jamaicense",0,"NA",0,"NA",0,31,0,"NA","NA","NA","NA","NA","NA","NA","NA","NA","NA","NA","NA","82.52","54.00","12.12"
"TS_Ph1b","Everglades","Everglades","NA",1639453,25.43858,-80.59027,"NA",0,"9/1/2004",9,2004,166.05,"0","0","NA","0","0",0,"NA","0","0","Cladium jamaicense",0,"NA",0,"NA",0,31,0,"NA","NA","NA","NA","NA","NA","NA","NA","NA","NA","NA","NA","107.95","39.00","16.37"
"TS_Ph1b","Everglades","Everglades","NA",1639453,25.43858,-80.59027,"NA",0,"3/1/2008",3,2008,168.43,"0","0","NA","0","0",0,"NA","0","0","Cladium jamaicense",0,"NA",0,"NA",0,31,0,"NA","NA","NA","NA","NA","NA","NA","NA","NA","NA","NA","NA","97.99","36.67","14.57"
"TS_Ph1b","Everglades","Everglades","NA",1639453,25.43858,-80.59027,"NA",0,"11/1/2004",11,2004,206.42,"0","0","NA","0","0",0,"NA","0","0","Cladium jamaicense",0,"NA",0,"NA",0,31,0,"NA","NA","NA","NA","NA","NA","NA","NA","NA","NA","NA","NA","134.44","49.67","18.50"
"TS_Ph1b","Everglades","Everglades","NA",1639453,25.43858,-80.59027,"NA",0,"5/1/2013",5,2013,61.58,"0","0","NA","0","0",0,"NA","0","0","Cladium jamaicense",0,"NA",0,"NA",0,31,0,"NA","NA","NA","NA","NA","NA","NA","NA","NA","NA","NA","NA","31.43","21.33","7.64"
"TS_Ph1b","Everglades","Everglades","NA",1639453,25.43858,-80.59027,"NA",0,"7/1/2013",7,2013,48.12,"0","0","NA","0","0",0,"NA","0","0","Cladium jamaicense",0,"NA",0,"NA",0,31,0,"NA","NA","NA","NA","NA","NA","NA","NA","NA","NA","NA","NA","23.69","15.00","6.08"
"TS_Ph1b","Everglades","Everglades","NA",1639453,25.43858,-80.59027,"NA",0,"5/1/2001",5,2001,116.52,"0","0","NA","0","0",0,"NA","0","0","Cladium jamaicense",0,"NA",0,"NA",0,31,0,"NA","NA","NA","NA","NA","NA","NA","NA","NA","NA","NA","NA","21.24","32.67","8.96"
"TS_Ph1b","Everglades","Everglades","NA",1639453,25.43858,-80.59027,"NA",0,"3/1/2009",3,2009,198.79,"0","0","NA","0","0",0,"NA","0","0","Cladium jamaicense",0,"NA",0,"NA",0,31,0,"NA","NA","NA","NA","NA","NA","NA","NA","NA","NA","NA","NA","95.19","43.33","16.26"
"TS_Ph1b","Everglades","Everglades","NA",1639453,25.43858,-80.59027,"NA",0,"9/1/2005",9,2005,117.5,"0","0","NA","0","0",0,"NA","0","0","Cladium jamaicense",0,"NA",0,"NA",0,31,0,"NA","NA","NA","NA","NA","NA","NA","NA","NA","NA","NA","NA","70.79","28.00","11.53"
"TS_Ph1b","Everglades","Everglades","NA",1639453,25.43858,-80.59027,"NA",0,"9/1/2007",9,2007,181.25,"0","0","NA","0","0",0,"NA","0","0","Cladium jamaicense",0,"NA",0,"NA",0,31,0,"NA","NA","NA","NA","NA","NA","NA","NA","NA","NA","NA","NA","98.23","39.33","14.74"
"TS_Ph1b","Everglades","Everglades","NA",1639453,25.43858,-80.59027,"NA",0,"3/1/2012",3,2012,136.75,"0","0","NA","0","0",0,"NA","0","0","Cladium jamaicense",0,"NA",0,"NA",0,31,0,"NA","NA","NA","NA","NA","NA","NA","NA","NA","NA","NA","NA","23.19","35.67","11.24"
"TS_Ph1b","Everglades","Everglades","NA",1639453,25.43858,-80.59027,"NA",0,"7/1/2000",7,2000,253.96,"0","0","NA","0","0",0,"NA","0","0","Cladium jamaicense",0,"NA",0,"NA",0,31,0,"NA","NA","NA","NA","NA","NA","NA","NA","NA","NA","NA","NA","96.10","43.67","6.03"
"TS_Ph1b","Everglades","Everglades","NA",1639453,25.43858,-80.59027,"NA",0,"7/1/2008",7,2008,237.69,"0","0","NA","0","0",0,"NA","0","0","Cladium jamaicense",0,"NA",0,"NA",0,31,0,"NA","NA","NA","NA","NA","NA","NA","NA","NA","NA","NA","NA","162.85","55.00","31.00"
"TS_Ph1b","Everglades","Everglades","NA",1639453,25.43858,-80.59027,"NA",0,"7/1/2006",7,2006,182.71,"0","0","NA","0","0",0,"NA","0","0","Cladium jamaicense",0,"NA",0,"NA",0,31,0,"NA","NA","NA","NA","NA","NA","NA","NA","NA","NA","NA","NA","133.86","46.67","21.96"
"SRS3","Everglades","Everglades","NA",1826677,25.46821,-80.85328,"NA",0,"1/1/2002",1,2002,380.95,"0","0","NA","0","0",0,"NA","0","0","Cladium jamaicense",0,"NA",0,"NA",0,1,0,"NA","NA","NA","NA","NA","NA","NA","NA","NA","NA","NA","NA","144.76","29.67","5.03"
"SRS3","Everglades","Everglades","NA",1826677,25.46821,-80.85328,"NA",0,"1/1/2004",1,2004,401.49,"0","0","NA","0","0",0,"NA","0","0","Cladium jamaicense",0,"NA",0,"NA",0,1,0,"NA","NA","NA","NA","NA","NA","NA","NA","NA","NA","NA","NA","148.24","31.67","3.79"
"SRS3","Everglades","Everglades","NA",1826677,25.46821,-80.85328,"NA",0,"1/1/2005",1,2005,370.87,"0","0","NA","0","0",0,"NA","0","0","Cladium jamaicense",0,"NA",0,"NA",0,1,0,"NA","NA","NA","NA","NA","NA","NA","NA","NA","NA","NA","NA","111.23","37.00","2.65"
"SRS3","Everglades","Everglades","NA",1826677,25.46821,-80.85328,"NA",0,"11/1/2008",11,2008,284.57,"0","0","NA","0","0",0,"NA","0","0","Cladium jamaicense",0,"NA",0,"NA",0,1,0,"NA","NA","NA","NA","NA","NA","NA","NA","NA","NA","NA","NA","118.02","30.33","10.69"
"SRS3","Everglades","Everglades","NA",1826677,25.46821,-80.85328,"NA",0,"11/1/2009",11,2009,189.78,"0","0","NA","0","0",0,"NA","0","0","Cladium jamaicense",0,"NA",0,"NA",0,1,0,"NA","NA","NA","NA","NA","NA","NA","NA","NA","NA","NA","NA","106.35","22.33","10.41"
"SRS3","Everglades","Everglades","NA",1826677,25.46821,-80.85328,"NA",0,"11/1/2004",11,2004,402.22,"0","0","NA","0","0",0,"NA","0","0","Cladium jamaicense",0,"NA",0,"NA",0,1,0,"NA","NA","NA","NA","NA","NA","NA","NA","NA","NA","NA","NA","112.45","40.00","6.24"
"SRS3","Everglades","Everglades","NA",1826677,25.46821,-80.85328,"NA",0,"11/1/2010",11,2010,357.27,"0","0","NA","0","0",0,"NA","0","0","Cladium jamaicense",0,"NA",0,"NA",0,1,0,"NA","NA","NA","NA","NA","NA","NA","NA","NA","NA","NA","NA","173.50","32.33","11.50"
"SRS3","Everglades","Everglades","NA",1826677,25.46821,-80.85328,"NA",0,"11/1/2005",11,2005,234.33,"0","0","NA","0","0",0,"NA","0","0","Cladium jamaicense",0,"NA",0,"NA",0,1,0,"NA","NA","NA","NA","NA","NA","NA","NA","NA","NA","NA","NA","75.67","29.67","3.79"
"SRS3","Everglades","Everglades","NA",1826677,25.46821,-80.85328,"NA",0,"1/1/2011",1,2011,256.8,"0","0","NA","0","0",0,"NA","0","0","Cladium jamaicense",0,"NA",0,"NA",0,1,0,"NA","NA","NA","NA","NA","NA","NA","NA","NA","NA","NA","NA","107.83","31.67","8.33"
"SRS3","Everglades","Everglades","NA",1826677,25.46821,-80.85328,"NA",0,"1/1/2001",1,2001,656.84,"0","0","NA","0","0",0,"NA","0","0","Cladium jamaicense",0,"NA",0,"NA",0,1,0,"NA","NA","NA","NA","NA","NA","NA","NA","NA","NA","NA","NA","43.12","47.67","5.13"
"SRS3","Everglades","Everglades","NA",1826677,25.46821,-80.85328,"NA",0,"3/1/2002",3,2002,377.36,"0","0","NA","0","0",0,"NA","0","0","Cladium jamaicense",0,"NA",0,"NA",0,1,0,"NA","NA","NA","NA","NA","NA","NA","NA","NA","NA","NA","NA","94.91","39.67","7.02"
"SRS3","Everglades","Everglades","NA",1826677,25.46821,-80.85328,"NA",0,"3/1/2009",3,2009,181.46,"0","0","NA","0","0",0,"NA","0","0","Cladium jamaicense",0,"NA",0,"NA",0,1,0,"NA","NA","NA","NA","NA","NA","NA","NA","NA","NA","NA","NA","77.61","32.00","14.93"
"SRS3","Everglades","Everglades","NA",1826677,25.46821,-80.85328,"NA",0,"3/1/2006",3,2006,271.54,"0","0","NA","0","0",0,"NA","0","0","Cladium jamaicense",0,"NA",0,"NA",0,1,0,"NA","NA","NA","NA","NA","NA","NA","NA","NA","NA","NA","NA","68.90","34.00","3.46"
"SRS3","Everglades","Everglades","NA",1826677,25.46821,-80.85328,"NA",0,"3/1/2004",3,2004,554.88,"0","0","NA","0","0",0,"NA","0","0","Cladium jamaicense",0,"NA",0,"NA",0,1,0,"NA","NA","NA","NA","NA","NA","NA","NA","NA","NA","NA","NA","92.10","39.67","2.08"
"SRS3","Everglades","Everglades","NA",1826677,25.46821,-80.85328,"NA",0,"3/1/2001",3,2001,503.76,"0","0","NA","0","0",0,"NA","0","0","Cladium jamaicense",0,"NA",0,"NA",0,1,0,"NA","NA","NA","NA","NA","NA","NA","NA","NA","NA","NA","NA","210.40","53.00","6.24"
"SRS3","Everglades","Everglades","NA",1826677,25.46821,-80.85328,"NA",0,"3/1/2003",3,2003,376.83,"0","0","NA","0","0",0,"NA","0","0","Cladium jamaicense",0,"NA",0,"NA",0,1,0,"NA","NA","NA","NA","NA","NA","NA","NA","NA","NA","NA","NA","108.93","42.00","5.29"
"SRS3","Everglades","Everglades","NA",1826677,25.46821,-80.85328,"NA",0,"5/1/2007",5,2007,263.01,"0","0","NA","0","0",0,"NA","0","0","Cladium jamaicense",0,"NA",0,"NA",0,1,0,"NA","NA","NA","NA","NA","NA","NA","NA","NA","NA","NA","NA","55.06","38.33","3.06"
"SRS3","Everglades","Everglades","NA",1826677,25.46821,-80.85328,"NA",0,"5/1/2008",5,2008,211.82,"0","0","NA","0","0",0,"NA","0","0","Cladium jamaicense",0,"NA",0,"NA",0,1,0,"NA","NA","NA","NA","NA","NA","NA","NA","NA","NA","NA","NA","59.73","34.67","5.86"
"SRS3","Everglades","Everglades","NA",1826677,25.46821,-80.85328,"NA",0,"5/1/2009",5,2009,211.37,"0","0","NA","0","0",0,"NA","0","0","Cladium jamaicense",0,"NA",0,"NA",0,1,0,"NA","NA","NA","NA","NA","NA","NA","NA","NA","NA","NA","NA","122.15","33.67","13.87"
"SRS3","Everglades","Everglades","NA",1826677,25.46821,-80.85328,"NA",0,"5/1/2006",5,2006,310.48,"0","0","NA","0","0",0,"NA","0","0","Cladium jamaicense",0,"NA",0,"NA",0,1,0,"NA","NA","NA","NA","NA","NA","NA","NA","NA","NA","NA","NA","62.11","36.33","2.31"
"SRS3","Everglades","Everglades","NA",1826677,25.46821,-80.85328,"NA",0,"5/1/2001",5,2001,436.3,"0","0","NA","0","0",0,"NA","0","0","Cladium jamaicense",0,"NA",0,"NA",0,1,0,"NA","NA","NA","NA","NA","NA","NA","NA","NA","NA","NA","NA","82.10","55.33","1.53"
"SRS3","Everglades","Everglades","NA",1826677,25.46821,-80.85328,"NA",0,"7/1/2010",7,2010,182.84,"0","0","NA","0","0",0,"NA","0","0","Cladium jamaicense",0,"NA",0,"NA",0,1,0,"NA","NA","NA","NA","NA","NA","NA","NA","NA","NA","NA","NA","22.98","26.00","3.00"
"SRS3","Everglades","Everglades","NA",1826677,25.46821,-80.85328,"NA",0,"7/1/2002",7,2002,303.76,"0","0","NA","0","0",0,"NA","0","0","Cladium jamaicense",0,"NA",0,"NA",0,1,0,"NA","NA","NA","NA","NA","NA","NA","NA","NA","NA","NA","NA","88.02","34.33","2.31"
"SRS3","Everglades","Everglades","NA",1826677,25.46821,-80.85328,"NA",0,"7/1/2007",7,2007,342.32,"0","0","NA","0","0",0,"NA","0","0","Cladium jamaicense",0,"NA",0,"NA",0,1,0,"NA","NA","NA","NA","NA","NA","NA","NA","NA","NA","NA","NA","48.98","43.33","3.79"
"SRS3","Everglades","Everglades","NA",1826677,25.46821,-80.85328,"NA",0,"7/1/2009",7,2009,193.65,"0","0","NA","0","0",0,"NA","0","0","Cladium jamaicense",0,"NA",0,"NA",0,1,0,"NA","NA","NA","NA","NA","NA","NA","NA","NA","NA","NA","NA","122.60","27.00","13.45"
"SRS3","Everglades","Everglades","NA",1826677,25.46821,-80.85328,"NA",0,"7/1/2005",7,2005,205.34,"0","0","NA","0","0",0,"NA","0","0","Cladium jamaicense",0,"NA",0,"NA",0,1,0,"NA","NA","NA","NA","NA","NA","NA","NA","NA","NA","NA","NA","44.59","29.67","0.58"
"SRS3","Everglades","Everglades","NA",1826677,25.46821,-80.85328,"NA",0,"9/1/2010",9,2010,317.68,"0","0","NA","0","0",0,"NA","0","0","Cladium jamaicense",0,"NA",0,"NA",0,1,0,"NA","NA","NA","NA","NA","NA","NA","NA","NA","NA","NA","NA","24.86","29.00","6.56"
"SRS3","Everglades","Everglades","NA",1826677,25.46821,-80.85328,"NA",0,"9/1/2002",9,2002,322.86,"0","0","NA","0","0",0,"NA","0","0","Cladium jamaicense",0,"NA",0,"NA",0,1,0,"NA","NA","NA","NA","NA","NA","NA","NA","NA","NA","NA","NA","116.10","30.33","6.51"
"SRS3","Everglades","Everglades","NA",1826677,25.46821,-80.85328,"NA",0,"9/1/2009",9,2009,153.66,"0","0","NA","0","0",0,"NA","0","0","Cladium jamaicense",0,"NA",0,"NA",0,1,0,"NA","NA","NA","NA","NA","NA","NA","NA","NA","NA","NA","NA","55.61","19.33","4.93"
"SRS3","Everglades","Everglades","NA",1826677,25.46821,-80.85328,"NA",0,"1/1/2008",1,2008,355.18,"0","0","NA","0","0",0,"NA","0","0","Cladium jamaicense",0,"NA",0,"NA",0,1,0,"NA","NA","NA","NA","NA","NA","NA","NA","NA","NA","NA","NA","26.46","38.67","3.06"
"SRS3","Everglades","Everglades","NA",1826677,25.46821,-80.85328,"NA",0,"1/1/2003",1,2003,341.72,"0","0","NA","0","0",0,"NA","0","0","Cladium jamaicense",0,"NA",0,"NA",0,1,0,"NA","NA","NA","NA","NA","NA","NA","NA","NA","NA","NA","NA","100.98","35.00","6.24"
"SRS3","Everglades","Everglades","NA",1826677,25.46821,-80.85328,"NA",0,"1/1/2006",1,2006,220.55,"0","0","NA","0","0",0,"NA","0","0","Cladium jamaicense",0,"NA",0,"NA",0,1,0,"NA","NA","NA","NA","NA","NA","NA","NA","NA","NA","NA","NA","36.94","23.67","3.51"
"SRS3","Everglades","Everglades","NA",1826677,25.46821,-80.85328,"NA",0,"11/1/2003",11,2003,421.78,"0","0","NA","0","0",0,"NA","0","0","Cladium jamaicense",0,"NA",0,"NA",0,1,0,"NA","NA","NA","NA","NA","NA","NA","NA","NA","NA","NA","NA","166.91","34.33","1.15"
"SRS3","Everglades","Everglades","NA",1826677,25.46821,-80.85328,"NA",0,"11/1/2001",11,2001,415.56,"0","0","NA","0","0",0,"NA","0","0","Cladium jamaicense",0,"NA",0,"NA",0,1,0,"NA","NA","NA","NA","NA","NA","NA","NA","NA","NA","NA","NA","165.44","38.00","6.56"
"SRS3","Everglades","Everglades","NA",1826677,25.46821,-80.85328,"NA",0,"11/1/2007",11,2007,389.68,"0","0","NA","0","0",0,"NA","0","0","Cladium jamaicense",0,"NA",0,"NA",0,1,0,"NA","NA","NA","NA","NA","NA","NA","NA","NA","NA","NA","NA","54.05","38.67","5.77"
"SRS3","Everglades","Everglades","NA",1826677,25.46821,-80.85328,"NA",0,"11/1/2002",11,2002,352.18,"0","0","NA","0","0",0,"NA","0","0","Cladium jamaicense",0,"NA",0,"NA",0,1,0,"NA","NA","NA","NA","NA","NA","NA","NA","NA","NA","NA","NA","136.78","34.00","2.65"
"SRS3","Everglades","Everglades","NA",1826677,25.46821,-80.85328,"NA",0,"1/1/2010",1,2010,186.14,"0","0","NA","0","0",0,"NA","0","0","Cladium jamaicense",0,"NA",0,"NA",0,1,0,"NA","NA","NA","NA","NA","NA","NA","NA","NA","NA","NA","NA","68.61","21.33","5.51"
"SRS3","Everglades","Everglades","NA",1826677,25.46821,-80.85328,"NA",0,"3/1/2005",3,2005,360.38,"0","0","NA","0","0",0,"NA","0","0","Cladium jamaicense",0,"NA",0,"NA",0,1,0,"NA","NA","NA","NA","NA","NA","NA","NA","NA","NA","NA","NA","97.89","48.33","4.16"
"SRS3","Everglades","Everglades","NA",1826677,25.46821,-80.85328,"NA",0,"3/1/2007",3,2007,321.33,"0","0","NA","0","0",0,"NA","0","0","Cladium jamaicense",0,"NA",0,"NA",0,1,0,"NA","NA","NA","NA","NA","NA","NA","NA","NA","NA","NA","NA","67.06","46.67","4.93"
"SRS3","Everglades","Everglades","NA",1826677,25.46821,-80.85328,"NA",0,"3/1/2010",3,2010,255.8,"0","0","NA","0","0",0,"NA","0","0","Cladium jamaicense",0,"NA",0,"NA",0,1,0,"NA","NA","NA","NA","NA","NA","NA","NA","NA","NA","NA","NA","93.68","31.67","10.02"
"SRS3","Everglades","Everglades","NA",1826677,25.46821,-80.85328,"NA",0,"5/1/2004",5,2004,386.62,"0","0","NA","0","0",0,"NA","0","0","Cladium jamaicense",0,"NA",0,"NA",0,1,0,"NA","NA","NA","NA","NA","NA","NA","NA","NA","NA","NA","NA","113.83","40.67","4.51"
"SRS3","Everglades","Everglades","NA",1826677,25.46821,-80.85328,"NA",0,"5/1/2005",5,2005,236.09,"0","0","NA","0","0",0,"NA","0","0","Cladium jamaicense",0,"NA",0,"NA",0,1,0,"NA","NA","NA","NA","NA","NA","NA","NA","NA","NA","NA","NA","32.43","35.33","9.61"
"SRS3","Everglades","Everglades","NA",1826677,25.46821,-80.85328,"NA",0,"7/1/2006",7,2006,316.45,"0","0","NA","0","0",0,"NA","0","0","Cladium jamaicense",0,"NA",0,"NA",0,1,0,"NA","NA","NA","NA","NA","NA","NA","NA","NA","NA","NA","NA","20.71","30.67","1.15"
"SRS3","Everglades","Everglades","NA",1826677,25.46821,-80.85328,"NA",0,"9/1/2003",9,2003,401.45,"0","0","NA","0","0",0,"NA","0","0","Cladium jamaicense",0,"NA",0,"NA",0,1,0,"NA","NA","NA","NA","NA","NA","NA","NA","NA","NA","NA","NA","91.93","35.33","2.52"
"SRS3","Everglades","Everglades","NA",1826677,25.46821,-80.85328,"NA",0,"9/1/2005",9,2005,283.21,"0","0","NA","0","0",0,"NA","0","0","Cladium jamaicense",0,"NA",0,"NA",0,1,0,"NA","NA","NA","NA","NA","NA","NA","NA","NA","NA","NA","NA","101.86","32.33","4.73"
"SRS3","Everglades","Everglades","NA",1826677,25.46821,-80.85328,"NA",0,"9/1/2008",9,2008,235.32,"0","0","NA","0","0",0,"NA","0","0","Cladium jamaicense",0,"NA",0,"NA",0,16,0,"NA","NA","NA","NA","NA","NA","NA","NA","NA","NA","NA","NA","61.64","31.00","12.29"
"SRS3","Everglades","Everglades","NA",1826677,25.46821,-80.85328,"NA",0,"9/1/2007",9,2007,308.91,"0","0","NA","0","0",0,"NA","0","0","Cladium jamaicense",0,"NA",0,"NA",0,16,0,"NA","NA","NA","NA","NA","NA","NA","NA","NA","NA","NA","NA","97.20","36.00","12.00"
"SRS3","Everglades","Everglades","NA",1826677,25.46821,-80.85328,"NA",0,"9/1/2004",9,2004,345.83,"0","0","NA","0","0",0,"NA","0","0","Cladium jamaicense",0,"NA",0,"NA",0,16,0,"NA","NA","NA","NA","NA","NA","NA","NA","NA","NA","NA","NA","24.56","40.67","3.51"
"SRS3","Everglades","Everglades","NA",1826677,25.46821,-80.85328,"NA",0,"3/1/2008",3,2008,253.6,"0","0","NA","0","0",0,"NA","0","0","Cladium jamaicense",0,"NA",0,"NA",0,16,0,"NA","NA","NA","NA","NA","NA","NA","NA","NA","NA","NA","NA","73.61","40.67","9.29"
"SRS3","Everglades","Everglades","NA",1826677,25.46821,-80.85328,"NA",0,"9/1/2001",9,2001,536.5,"0","0","NA","0","0",0,"NA","0","0","Cladium jamaicense",0,"NA",0,"NA",0,16,0,"NA","NA","NA","NA","NA","NA","NA","NA","NA","NA","NA","NA","187.74","52.67","11.02"
"SRS3","Everglades","Everglades","NA",1826677,25.46821,-80.85328,"NA",0,"9/1/2006",9,2006,398.41,"0","0","NA","0","0",0,"NA","0","0","Cladium jamaicense",0,"NA",0,"NA",0,16,0,"NA","NA","NA","NA","NA","NA","NA","NA","NA","NA","NA","NA","104.58","37.00","5.29"
"SRS3","Everglades","Everglades","NA",1826677,25.46821,-80.85328,"NA",0,"7/1/2008",7,2008,307.04,"0","0","NA","0","0",0,"NA","0","0","Cladium jamaicense",0,"NA",0,"NA",0,16,0,"NA","NA","NA","NA","NA","NA","NA","NA","NA","NA","NA","NA","120.89","41.00","15.13"
"SRS3","Everglades","Everglades","NA",1826677,25.46821,-80.85328,"NA",0,"7/1/2003",7,2003,333.79,"0","0","NA","0","0",0,"NA","0","0","Cladium jamaicense",0,"NA",0,"NA",0,16,0,"NA","NA","NA","NA","NA","NA","NA","NA","NA","NA","NA","NA","116.40","41.33","10.12"
"SRS3","Everglades","Everglades","NA",1826677,25.46821,-80.85328,"NA",0,"7/1/2004",7,2004,351.37,"0","0","NA","0","0",0,"NA","0","0","Cladium jamaicense",0,"NA",0,"NA",0,16,0,"NA","NA","NA","NA","NA","NA","NA","NA","NA","NA","NA","NA","40.26","47.00","1.00"
"SRS3","Everglades","Everglades","NA",1826677,25.46821,-80.85328,"NA",0,"7/1/2001",7,2001,548.99,"0","0","NA","0","0",0,"NA","0","0","Cladium jamaicense",0,"NA",0,"NA",0,16,0,"NA","NA","NA","NA","NA","NA","NA","NA","NA","NA","NA","NA","99.76","62.67","3.79"
"SRS3","Everglades","Everglades","NA",1826677,25.46821,-80.85328,"NA",0,"5/1/2003",5,2003,247.09,"0","0","NA","0","0",0,"NA","0","0","Cladium jamaicense",0,"NA",0,"NA",0,16,0,"NA","NA","NA","NA","NA","NA","NA","NA","NA","NA","NA","NA","73.20","40.67","7.37"
"SRS3","Everglades","Everglades","NA",1826677,25.46821,-80.85328,"NA",0,"5/1/2002",5,2002,455.81,"0","0","NA","0","0",0,"NA","0","0","Cladium jamaicense",0,"NA",0,"NA",0,16,0,"NA","NA","NA","NA","NA","NA","NA","NA","NA","NA","NA","NA","122.48","41.33","0.58"
"SRS3","Everglades","Everglades","NA",1826677,25.46821,-80.85328,"NA",0,"1/1/2009",1,2009,204.86,"0","0","NA","0","0",0,"NA","0","0","Cladium jamaicense",0,"NA",0,"NA",0,16,0,"NA","NA","NA","NA","NA","NA","NA","NA","NA","NA","NA","NA","51.60","23.67","5.51"
"SRS3","Everglades","Everglades","NA",1826677,25.46821,-80.85328,"NA",0,"5/1/2010",5,2010,199.33,"0","0","NA","0","0",0,"NA","0","0","Cladium jamaicense",0,"NA",0,"NA",0,16,0,"NA","NA","NA","NA","NA","NA","NA","NA","NA","NA","NA","NA","75.50","33.33","9.61"
"SRS3","Everglades","Everglades","NA",1826677,25.46821,-80.85328,"NA",0,"11/1/2006",11,2006,382.71,"0","0","NA","0","0",0,"NA","0","0","Cladium jamaicense",0,"NA",0,"NA",0,16,0,"NA","NA","NA","NA","NA","NA","NA","NA","NA","NA","NA","NA","123.03","32.67","1.53"
"SRS3","Everglades","Everglades","NA",1826677,25.46821,-80.85328,"NA",0,"1/1/2007",1,2007,459.58,"0","0","NA","0","0",0,"NA","0","0","Cladium jamaicense",0,"NA",0,"NA",0,16,0,"NA","NA","NA","NA","NA","NA","NA","NA","NA","NA","NA","NA","160.14","40.33","4.93"
"SRS2","Everglades","Everglades","NA",2357821,25.54973,-80.78521,"NA",0,"1/1/2002",1,2002,371.84,"0","0","NA","0","0",0,"NA","0","0","Cladium jamaicense",0,"NA",0,"NA",0,1,0,"NA","NA","NA","NA","NA","NA","NA","NA","NA","NA","NA","NA","28.29","43.00","8.89"
"SRS2","Everglades","Everglades","NA",2357821,25.54973,-80.78521,"NA",0,"1/1/2004",1,2004,312.3,"0","0","NA","0","0",0,"NA","0","0","Cladium jamaicense",0,"NA",0,"NA",0,1,0,"NA","NA","NA","NA","NA","NA","NA","NA","NA","NA","NA","NA","146.15","40.67","16.62"
"SRS2","Everglades","Everglades","NA",2357821,25.54973,-80.78521,"NA",0,"1/1/2005",1,2005,387.52,"0","0","NA","0","0",0,"NA","0","0","Cladium jamaicense",0,"NA",0,"NA",0,1,0,"NA","NA","NA","NA","NA","NA","NA","NA","NA","NA","NA","NA","158.12","42.00","16.46"
"SRS2","Everglades","Everglades","NA",2357821,25.54973,-80.78521,"NA",0,"11/1/2009",11,2009,300.3,"0","0","NA","0","0",0,"NA","0","0","Cladium jamaicense",0,"NA",0,"NA",0,1,0,"NA","NA","NA","NA","NA","NA","NA","NA","NA","NA","NA","NA","86.90","33.67","6.35"
"SRS2","Everglades","Everglades","NA",2357821,25.54973,-80.78521,"NA",0,"11/1/2000",11,2000,404.98,"0","0","NA","0","0",0,"NA","0","0","Cladium jamaicense",0,"NA",0,"NA",0,1,0,"NA","NA","NA","NA","NA","NA","NA","NA","NA","NA","NA","NA","18.45","42.00","7.94"
"SRS2","Everglades","Everglades","NA",2357821,25.54973,-80.78521,"NA",0,"11/1/2008",11,2008,345.1,"0","0","NA","0","0",0,"NA","0","0","Cladium jamaicense",0,"NA",0,"NA",0,1,0,"NA","NA","NA","NA","NA","NA","NA","NA","NA","NA","NA","NA","73.44","41.67","7.51"
"SRS2","Everglades","Everglades","NA",2357821,25.54973,-80.78521,"NA",0,"11/1/2010",11,2010,362.31,"0","0","NA","0","0",0,"NA","0","0","Cladium jamaicense",0,"NA",0,"NA",0,1,0,"NA","NA","NA","NA","NA","NA","NA","NA","NA","NA","NA","NA","67.58","39.00","2.00"
"SRS2","Everglades","Everglades","NA",2357821,25.54973,-80.78521,"NA",0,"11/1/2005",11,2005,264.37,"0","0","NA","0","0",0,"NA","0","0","Cladium jamaicense",0,"NA",0,"NA",0,1,0,"NA","NA","NA","NA","NA","NA","NA","NA","NA","NA","NA","NA","107.21","35.67","11.50"
"SRS2","Everglades","Everglades","NA",2357821,25.54973,-80.78521,"NA",0,"1/1/2011",1,2011,326.28,"0","0","NA","0","0",0,"NA","0","0","Cladium jamaicense",0,"NA",0,"NA",0,1,0,"NA","NA","NA","NA","NA","NA","NA","NA","NA","NA","NA","NA","57.92","38.00","3.61"
"SRS2","Everglades","Everglades","NA",2357821,25.54973,-80.78521,"NA",0,"3/1/2002",3,2002,373.7,"0","0","NA","0","0",0,"NA","0","0","Cladium jamaicense",0,"NA",0,"NA",0,1,0,"NA","NA","NA","NA","NA","NA","NA","NA","NA","NA","NA","NA","96.65","58.67","12.22"
"SRS2","Everglades","Everglades","NA",2357821,25.54973,-80.78521,"NA",0,"3/1/2009",3,2009,436.13,"0","0","NA","0","0",0,"NA","0","0","Cladium jamaicense",0,"NA",0,"NA",0,1,0,"NA","NA","NA","NA","NA","NA","NA","NA","NA","NA","NA","NA","76.66","39.67","5.13"
"SRS2","Everglades","Everglades","NA",2357821,25.54973,-80.78521,"NA",0,"3/1/2006",3,2006,424.82,"0","0","NA","0","0",0,"NA","0","0","Cladium jamaicense",0,"NA",0,"NA",0,1,0,"NA","NA","NA","NA","NA","NA","NA","NA","NA","NA","NA","NA","159.92","36.67","9.87"
"SRS2","Everglades","Everglades","NA",2357821,25.54973,-80.78521,"NA",0,"3/1/2004",3,2004,611.63,"0","0","NA","0","0",0,"NA","0","0","Cladium jamaicense",0,"NA",0,"NA",0,1,0,"NA","NA","NA","NA","NA","NA","NA","NA","NA","NA","NA","NA","264.83","48.00","20.42"
"SRS2","Everglades","Everglades","NA",2357821,25.54973,-80.78521,"NA",0,"3/1/2001",3,2001,240.14,"0","0","NA","0","0",0,"NA","0","0","Cladium jamaicense",0,"NA",0,"NA",0,1,0,"NA","NA","NA","NA","NA","NA","NA","NA","NA","NA","NA","NA","51.65","53.33","9.07"
"SRS2","Everglades","Everglades","NA",2357821,25.54973,-80.78521,"NA",0,"5/1/2008",5,2008,225.44,"0","0","NA","0","0",0,"NA","0","0","Cladium jamaicense",0,"NA",0,"NA",0,1,0,"NA","NA","NA","NA","NA","NA","NA","NA","NA","NA","NA","NA","31.04","36.67","2.31"
"SRS2","Everglades","Everglades","NA",2357821,25.54973,-80.78521,"NA",0,"5/1/2009",5,2009,355.83,"0","0","NA","0","0",0,"NA","0","0","Cladium jamaicense",0,"NA",0,"NA",0,1,0,"NA","NA","NA","NA","NA","NA","NA","NA","NA","NA","NA","NA","106.99","43.67","6.03"
"SRS2","Everglades","Everglades","NA",2357821,25.54973,-80.78521,"NA",0,"5/1/2010",5,2010,338.73,"0","0","NA","0","0",0,"NA","0","0","Cladium jamaicense",0,"NA",0,"NA",0,1,0,"NA","NA","NA","NA","NA","NA","NA","NA","NA","NA","NA","NA","53.53","51.33","9.61"
"SRS2","Everglades","Everglades","NA",2357821,25.54973,-80.78521,"NA",0,"5/1/2006",5,2006,417.1,"0","0","NA","0","0",0,"NA","0","0","Cladium jamaicense",0,"NA",0,"NA",0,1,0,"NA","NA","NA","NA","NA","NA","NA","NA","NA","NA","NA","NA","171.86","41.00","15.62"
"SRS2","Everglades","Everglades","NA",2357821,25.54973,-80.78521,"NA",0,"5/1/2001",5,2001,279.45,"0","0","NA","0","0",0,"NA","0","0","Cladium jamaicense",0,"NA",0,"NA",0,1,0,"NA","NA","NA","NA","NA","NA","NA","NA","NA","NA","NA","NA","61.76","47.33","7.23"
"SRS2","Everglades","Everglades","NA",2357821,25.54973,-80.78521,"NA",0,"5/1/2007",5,2007,375.83,"0","0","NA","0","0",0,"NA","0","0","Cladium jamaicense",0,"NA",0,"NA",0,1,0,"NA","NA","NA","NA","NA","NA","NA","NA","NA","NA","NA","NA","179.81","57.00","23.52"
"SRS2","Everglades","Everglades","NA",2357821,25.54973,-80.78521,"NA",0,"7/1/2010",7,2010,253.28,"0","0","NA","0","0",0,"NA","0","0","Cladium jamaicense",0,"NA",0,"NA",0,1,0,"NA","NA","NA","NA","NA","NA","NA","NA","NA","NA","NA","NA","33.99","34.33","5.13"
"SRS2","Everglades","Everglades","NA",2357821,25.54973,-80.78521,"NA",0,"7/1/2002",7,2002,444.35,"0","0","NA","0","0",0,"NA","0","0","Cladium jamaicense",0,"NA",0,"NA",0,1,0,"NA","NA","NA","NA","NA","NA","NA","NA","NA","NA","NA","NA","94.15","62.33","9.45"
"SRS2","Everglades","Everglades","NA",2357821,25.54973,-80.78521,"NA",0,"7/1/2009",7,2009,370.81,"0","0","NA","0","0",0,"NA","0","0","Cladium jamaicense",0,"NA",0,"NA",0,1,0,"NA","NA","NA","NA","NA","NA","NA","NA","NA","NA","NA","NA","81.86","40.33","7.02"
"SRS2","Everglades","Everglades","NA",2357821,25.54973,-80.78521,"NA",0,"7/1/2005",7,2005,258.96,"0","0","NA","0","0",0,"NA","0","0","Cladium jamaicense",0,"NA",0,"NA",0,1,0,"NA","NA","NA","NA","NA","NA","NA","NA","NA","NA","NA","NA","103.45","37.00","12.49"
"SRS2","Everglades","Everglades","NA",2357821,25.54973,-80.78521,"NA",0,"9/1/2010",9,2010,305.19,"0","0","NA","0","0",0,"NA","0","0","Cladium jamaicense",0,"NA",0,"NA",0,1,0,"NA","NA","NA","NA","NA","NA","NA","NA","NA","NA","NA","NA","43.51","33.00","2.00"
"SRS2","Everglades","Everglades","NA",2357821,25.54973,-80.78521,"NA",0,"9/1/2008",9,2008,337.75,"0","0","NA","0","0",0,"NA","0","0","Cladium jamaicense",0,"NA",0,"NA",0,1,0,"NA","NA","NA","NA","NA","NA","NA","NA","NA","NA","NA","NA","54.08","44.33","6.03"
"SRS2","Everglades","Everglades","NA",2357821,25.54973,-80.78521,"NA",0,"9/1/2002",9,2002,242.69,"0","0","NA","0","0",0,"NA","0","0","Cladium jamaicense",0,"NA",0,"NA",0,1,0,"NA","NA","NA","NA","NA","NA","NA","NA","NA","NA","NA","NA","73.90","35.33","9.61"
"SRS2","Everglades","Everglades","NA",2357821,25.54973,-80.78521,"NA",0,"1/1/2006",1,2006,359.55,"0","0","NA","0","0",0,"NA","0","0","Cladium jamaicense",0,"NA",0,"NA",0,1,0,"NA","NA","NA","NA","NA","NA","NA","NA","NA","NA","NA","NA","65.06","36.67","9.29"
"SRS2","Everglades","Everglades","NA",2357821,25.54973,-80.78521,"NA",0,"1/1/2001",1,2001,263.71,"0","0","NA","0","0",0,"NA","0","0","Cladium jamaicense",0,"NA",0,"NA",0,1,0,"NA","NA","NA","NA","NA","NA","NA","NA","NA","NA","NA","NA","93.25","42.67","9.07"
"SRS2","Everglades","Everglades","NA",2357821,25.54973,-80.78521,"NA",0,"11/1/2006",11,2006,401.71,"0","0","NA","0","0",0,"NA","0","0","Cladium jamaicense",0,"NA",0,"NA",0,1,0,"NA","NA","NA","NA","NA","NA","NA","NA","NA","NA","NA","NA","228.43","48.67","22.85"
"SRS2","Everglades","Everglades","NA",2357821,25.54973,-80.78521,"NA",0,"11/1/2001",11,2001,390.78,"0","0","NA","0","0",0,"NA","0","0","Cladium jamaicense",0,"NA",0,"NA",0,1,0,"NA","NA","NA","NA","NA","NA","NA","NA","NA","NA","NA","NA","75.40","44.00","7.00"
"SRS2","Everglades","Everglades","NA",2357821,25.54973,-80.78521,"NA",0,"11/1/2007",11,2007,439.46,"0","0","NA","0","0",0,"NA","0","0","Cladium jamaicense",0,"NA",0,"NA",0,1,0,"NA","NA","NA","NA","NA","NA","NA","NA","NA","NA","NA","NA","170.82","48.33","19.66"
"SRS2","Everglades","Everglades","NA",2357821,25.54973,-80.78521,"NA",0,"11/1/2002",11,2002,338.88,"0","0","NA","0","0",0,"NA","0","0","Cladium jamaicense",0,"NA",0,"NA",0,1,0,"NA","NA","NA","NA","NA","NA","NA","NA","NA","NA","NA","NA","112.21","46.33","12.66"
"SRS2","Everglades","Everglades","NA",2357821,25.54973,-80.78521,"NA",0,"1/1/2003",1,2003,304.22,"0","0","NA","0","0",0,"NA","0","0","Cladium jamaicense",0,"NA",0,"NA",0,1,0,"NA","NA","NA","NA","NA","NA","NA","NA","NA","NA","NA","NA","45.65","44.67","2.52"
"SRS2","Everglades","Everglades","NA",2357821,25.54973,-80.78521,"NA",0,"1/1/2009",1,2009,406.74,"0","0","NA","0","0",0,"NA","0","0","Cladium jamaicense",0,"NA",0,"NA",0,1,0,"NA","NA","NA","NA","NA","NA","NA","NA","NA","NA","NA","NA","145.08","36.33","9.24"
"SRS2","Everglades","Everglades","NA",2357821,25.54973,-80.78521,"NA",0,"1/1/2010",1,2010,294.16,"0","0","NA","0","0",0,"NA","0","0","Cladium jamaicense",0,"NA",0,"NA",0,1,0,"NA","NA","NA","NA","NA","NA","NA","NA","NA","NA","NA","NA","10.90","36.67","4.04"
"SRS2","Everglades","Everglades","NA",2357821,25.54973,-80.78521,"NA",0,"3/1/2005",3,2005,430.52,"0","0","NA","0","0",0,"NA","0","0","Cladium jamaicense",0,"NA",0,"NA",0,1,0,"NA","NA","NA","NA","NA","NA","NA","NA","NA","NA","NA","NA","147.05","55.67","17.62"
"SRS2","Everglades","Everglades","NA",2357821,25.54973,-80.78521,"NA",0,"3/1/2010",3,2010,288.44,"0","0","NA","0","0",0,"NA","0","0","Cladium jamaicense",0,"NA",0,"NA",0,1,0,"NA","NA","NA","NA","NA","NA","NA","NA","NA","NA","NA","NA","24.06","47.33","9.02"
"SRS2","Everglades","Everglades","NA",2357821,25.54973,-80.78521,"NA",0,"5/1/2002",5,2002,407.88,"0","0","NA","0","0",0,"NA","0","0","Cladium jamaicense",0,"NA",0,"NA",0,1,0,"NA","NA","NA","NA","NA","NA","NA","NA","NA","NA","NA","NA","76.06","57.33","12.74"
"SRS2","Everglades","Everglades","NA",2357821,25.54973,-80.78521,"NA",0,"5/1/2005",5,2005,288.39,"0","0","NA","0","0",0,"NA","0","0","Cladium jamaicense",0,"NA",0,"NA",0,1,0,"NA","NA","NA","NA","NA","NA","NA","NA","NA","NA","NA","NA","106.63","42.67","15.50"
"SRS2","Everglades","Everglades","NA",2357821,25.54973,-80.78521,"NA",0,"7/1/2004",7,2004,370.35,"0","0","NA","0","0",0,"NA","0","0","Cladium jamaicense",0,"NA",0,"NA",0,1,0,"NA","NA","NA","NA","NA","NA","NA","NA","NA","NA","NA","NA","186.89","46.67","16.92"
"SRS2","Everglades","Everglades","NA",2357821,25.54973,-80.78521,"NA",0,"9/1/2001",9,2001,529.06,"0","0","NA","0","0",0,"NA","0","0","Cladium jamaicense",0,"NA",0,"NA",0,1,0,"NA","NA","NA","NA","NA","NA","NA","NA","NA","NA","NA","NA","134.13","48.67","7.51"
"SRS2","Everglades","Everglades","NA",2357821,25.54973,-80.78521,"NA",0,"9/1/2003",9,2003,255.73,"0","0","NA","0","0",0,"NA","0","0","Cladium jamaicense",0,"NA",0,"NA",0,1,0,"NA","NA","NA","NA","NA","NA","NA","NA","NA","NA","NA","NA","68.72","38.67","11.02"
"SRS2","Everglades","Everglades","NA",2357821,25.54973,-80.78521,"NA",0,"9/1/2004",9,2004,397.26,"0","0","NA","0","0",0,"NA","0","0","Cladium jamaicense",0,"NA",0,"NA",0,1,0,"NA","NA","NA","NA","NA","NA","NA","NA","NA","NA","NA","NA","171.66","40.67","17.04"
"SRS2","Everglades","Everglades","NA",2357821,25.54973,-80.78521,"NA",0,"9/1/2005",9,2005,274.69,"0","0","NA","0","0",0,"NA","0","0","Cladium jamaicense",0,"NA",0,"NA",0,1,0,"NA","NA","NA","NA","NA","NA","NA","NA","NA","NA","NA","NA","190.03","34.00","13.11"
"SRS2","Everglades","Everglades","NA",2357821,25.54973,-80.78521,"NA",0,"9/1/2009",9,2009,282.85,"0","0","NA","0","0",0,"NA","0","0","Cladium jamaicense",0,"NA",0,"NA",0,1,0,"NA","NA","NA","NA","NA","NA","NA","NA","NA","NA","NA","NA","87.00","33.00","8.66"
"SRS2","Everglades","Everglades","NA",2357821,25.54973,-80.78521,"NA",0,"9/1/2007",9,2007,264.47,"0","0","NA","0","0",0,"NA","0","0","Cladium jamaicense",0,"NA",0,"NA",0,16,0,"NA","NA","NA","NA","NA","NA","NA","NA","NA","NA","NA","NA","49.29","34.00","7.00"
"SRS2","Everglades","Everglades","NA",2357821,25.54973,-80.78521,"NA",0,"1/1/2008",1,2008,334.16,"0","0","NA","0","0",0,"NA","0","0","Cladium jamaicense",0,"NA",0,"NA",0,16,0,"NA","NA","NA","NA","NA","NA","NA","NA","NA","NA","NA","NA","71.66","42.00","7.94"
"SRS2","Everglades","Everglades","NA",2357821,25.54973,-80.78521,"NA",0,"11/1/2004",11,2004,409.65,"0","0","NA","0","0",0,"NA","0","0","Cladium jamaicense",0,"NA",0,"NA",0,16,0,"NA","NA","NA","NA","NA","NA","NA","NA","NA","NA","NA","NA","228.25","46.33","17.04"
"SRS2","Everglades","Everglades","NA",2357821,25.54973,-80.78521,"NA",0,"1/1/2007",1,2007,291.73,"0","0","NA","0","0",0,"NA","0","0","Cladium jamaicense",0,"NA",0,"NA",0,16,0,"NA","NA","NA","NA","NA","NA","NA","NA","NA","NA","NA","NA","116.25","54.33","13.80"
"SRS2","Everglades","Everglades","NA",2357821,25.54973,-80.78521,"NA",0,"7/1/2008",7,2008,270.08,"0","0","NA","0","0",0,"NA","0","0","Cladium jamaicense",0,"NA",0,"NA",0,16,0,"NA","NA","NA","NA","NA","NA","NA","NA","NA","NA","NA","NA","20.16","44.33","3.79"
"SRS2","Everglades","Everglades","NA",2357821,25.54973,-80.78521,"NA",0,"3/1/2008",3,2008,237.28,"0","0","NA","0","0",0,"NA","0","0","Cladium jamaicense",0,"NA",0,"NA",0,16,0,"NA","NA","NA","NA","NA","NA","NA","NA","NA","NA","NA","NA","161.97","40.00","15.72"
"SRS2","Everglades","Everglades","NA",2357821,25.54973,-80.78521,"NA",0,"5/1/2003",5,2003,302.05,"0","0","NA","0","0",0,"NA","0","0","Cladium jamaicense",0,"NA",0,"NA",0,16,0,"NA","NA","NA","NA","NA","NA","NA","NA","NA","NA","NA","NA","96.81","54.67","18.23"
"SRS2","Everglades","Everglades","NA",2357821,25.54973,-80.78521,"NA",0,"11/1/2003",11,2003,296.82,"0","0","NA","0","0",0,"NA","0","0","Cladium jamaicense",0,"NA",0,"NA",0,16,0,"NA","NA","NA","NA","NA","NA","NA","NA","NA","NA","NA","NA","136.95","41.33","15.53"
"SRS2","Everglades","Everglades","NA",2357821,25.54973,-80.78521,"NA",0,"9/1/2006",9,2006,432.37,"0","0","NA","0","0",0,"NA","0","0","Cladium jamaicense",0,"NA",0,"NA",0,16,0,"NA","NA","NA","NA","NA","NA","NA","NA","NA","NA","NA","NA","289.10","49.67","18.58"
"SRS2","Everglades","Everglades","NA",2357821,25.54973,-80.78521,"NA",0,"3/1/2007",3,2007,307,"0","0","NA","0","0",0,"NA","0","0","Cladium jamaicense",0,"NA",0,"NA",0,16,0,"NA","NA","NA","NA","NA","NA","NA","NA","NA","NA","NA","NA","191.76","54.00","20.22"
"SRS2","Everglades","Everglades","NA",2357821,25.54973,-80.78521,"NA",0,"7/1/2006",7,2006,336.91,"0","0","NA","0","0",0,"NA","0","0","Cladium jamaicense",0,"NA",0,"NA",0,16,0,"NA","NA","NA","NA","NA","NA","NA","NA","NA","NA","NA","NA","188.44","33.67","12.50"
"SRS2","Everglades","Everglades","NA",2357821,25.54973,-80.78521,"NA",0,"3/1/2003",3,2003,285.72,"0","0","NA","0","0",0,"NA","0","0","Cladium jamaicense",0,"NA",0,"NA",0,16,0,"NA","NA","NA","NA","NA","NA","NA","NA","NA","NA","NA","NA","100.04","54.00","16.52"
"SRS2","Everglades","Everglades","NA",2357821,25.54973,-80.78521,"NA",0,"5/1/2004",5,2004,396.51,"0","0","NA","0","0",0,"NA","0","0","Cladium jamaicense",0,"NA",0,"NA",0,16,0,"NA","NA","NA","NA","NA","NA","NA","NA","NA","NA","NA","NA","133.98","41.67","18.82"
"SRS2","Everglades","Everglades","NA",2357821,25.54973,-80.78521,"NA",0,"7/1/2001",7,2001,487.96,"0","0","NA","0","0",0,"NA","0","0","Cladium jamaicense",0,"NA",0,"NA",0,16,0,"NA","NA","NA","NA","NA","NA","NA","NA","NA","NA","NA","NA","142.50","51.00","12.29"
"SRS2","Everglades","Everglades","NA",2357821,25.54973,-80.78521,"NA",0,"7/1/2007",7,2007,229.44,"0","0","NA","0","0",0,"NA","0","0","Cladium jamaicense",0,"NA",0,"NA",0,16,0,"NA","NA","NA","NA","NA","NA","NA","NA","NA","NA","NA","NA","84.32","33.00","13.00"
"SRS2","Everglades","Everglades","NA",2357821,25.54973,-80.78521,"NA",0,"7/1/2003",7,2003,264.93,"0","0","NA","0","0",0,"NA","0","0","Cladium jamaicense",0,"NA",0,"NA",0,16,0,"NA","NA","NA","NA","NA","NA","NA","NA","NA","NA","NA","NA","105.04","43.67","17.56"
"SRS1d","Everglades","Everglades","NA",3634567,25.7463,-80.65369,"NA",0,"11/1/2009",11,2009,510.08,"0","0","NA","0","0",0,"NA","0","0","Cladium jamaicense",0,"NA",0,"NA",0,1,0,"NA","NA","NA","NA","NA","NA","NA","NA","NA","NA","NA","NA","133.85","40.33","10.02"
"SRS1d","Everglades","Everglades","NA",3634567,25.7463,-80.65369,"NA",0,"11/1/2008",11,2008,484.08,"0","0","NA","0","0",0,"NA","0","0","Cladium jamaicense",0,"NA",0,"NA",0,1,0,"NA","NA","NA","NA","NA","NA","NA","NA","NA","NA","NA","NA","91.51","41.00","12.77"
"SRS1d","Everglades","Everglades","NA",3634567,25.7463,-80.65369,"NA",0,"11/1/2010",11,2010,601.74,"0","0","NA","0","0",0,"NA","0","0","Cladium jamaicense",0,"NA",0,"NA",0,1,0,"NA","NA","NA","NA","NA","NA","NA","NA","NA","NA","NA","NA","99.65","44.67","1.53"
"SRS1d","Everglades","Everglades","NA",3634567,25.7463,-80.65369,"NA",0,"1/1/2011",1,2011,501.82,"0","0","NA","0","0",0,"NA","0","0","Cladium jamaicense",0,"NA",0,"NA",0,1,0,"NA","NA","NA","NA","NA","NA","NA","NA","NA","NA","NA","NA","173.38","45.00","4.36"
"SRS1d","Everglades","Everglades","NA",3634567,25.7463,-80.65369,"NA",0,"3/1/2009",3,2009,470.62,"0","0","NA","0","0",0,"NA","0","0","Cladium jamaicense",0,"NA",0,"NA",0,1,0,"NA","NA","NA","NA","NA","NA","NA","NA","NA","NA","NA","NA","130.21","47.67","16.26"
"SRS1d","Everglades","Everglades","NA",3634567,25.7463,-80.65369,"NA",0,"3/1/2010",3,2010,439.82,"0","0","NA","0","0",0,"NA","0","0","Cladium jamaicense",0,"NA",0,"NA",0,1,0,"NA","NA","NA","NA","NA","NA","NA","NA","NA","NA","NA","NA","80.43","43.33","5.51"
"SRS1d","Everglades","Everglades","NA",3634567,25.7463,-80.65369,"NA",0,"3/1/2006",3,2006,513.12,"0","0","NA","0","0",0,"NA","0","0","Cladium jamaicense",0,"NA",0,"NA",0,1,0,"NA","NA","NA","NA","NA","NA","NA","NA","NA","NA","NA","NA","154.13","35.00","11.53"
"SRS1d","Everglades","Everglades","NA",3634567,25.7463,-80.65369,"NA",0,"5/1/2008",5,2008,281.51,"0","0","NA","0","0",0,"NA","0","0","Cladium jamaicense",0,"NA",0,"NA",0,1,0,"NA","NA","NA","NA","NA","NA","NA","NA","NA","NA","NA","NA","61.36","32.33","9.45"
"SRS1d","Everglades","Everglades","NA",3634567,25.7463,-80.65369,"NA",0,"5/1/2009",5,2009,401.56,"0","0","NA","0","0",0,"NA","0","0","Cladium jamaicense",0,"NA",0,"NA",0,1,0,"NA","NA","NA","NA","NA","NA","NA","NA","NA","NA","NA","NA","152.29","45.33","10.79"
"SRS1d","Everglades","Everglades","NA",3634567,25.7463,-80.65369,"NA",0,"5/1/2006",5,2006,494.12,"0","0","NA","0","0",0,"NA","0","0","Cladium jamaicense",0,"NA",0,"NA",0,1,0,"NA","NA","NA","NA","NA","NA","NA","NA","NA","NA","NA","NA","43.57","31.67","1.53"
"SRS1d","Everglades","Everglades","NA",3634567,25.7463,-80.65369,"NA",0,"9/1/2007",9,2007,266.53,"0","0","NA","0","0",0,"NA","0","0","Cladium jamaicense",0,"NA",0,"NA",0,1,0,"NA","NA","NA","NA","NA","NA","NA","NA","NA","NA","NA","NA","42.08","29.33","3.51"
"SRS1d","Everglades","Everglades","NA",3634567,25.7463,-80.65369,"NA",0,"9/1/2010",9,2010,366.94,"0","0","NA","0","0",0,"NA","0","0","Cladium jamaicense",0,"NA",0,"NA",0,1,0,"NA","NA","NA","NA","NA","NA","NA","NA","NA","NA","NA","NA","59.56","28.33","2.89"
"SRS1d","Everglades","Everglades","NA",3634567,25.7463,-80.65369,"NA",0,"1/1/2009",1,2009,466.2,"0","0","NA","0","0",0,"NA","0","0","Cladium jamaicense",0,"NA",0,"NA",0,1,0,"NA","NA","NA","NA","NA","NA","NA","NA","NA","NA","NA","NA","127.33","42.33","11.06"
"SRS1d","Everglades","Everglades","NA",3634567,25.7463,-80.65369,"NA",0,"1/1/2006",1,2006,461.55,"0","0","NA","0","0",0,"NA","0","0","Cladium jamaicense",0,"NA",0,"NA",0,1,0,"NA","NA","NA","NA","NA","NA","NA","NA","NA","NA","NA","NA","118.59","30.00","9.54"
"SRS1d","Everglades","Everglades","NA",3634567,25.7463,-80.65369,"NA",0,"11/1/2007",11,2007,403.48,"0","0","NA","0","0",0,"NA","0","0","Cladium jamaicense",0,"NA",0,"NA",0,1,0,"NA","NA","NA","NA","NA","NA","NA","NA","NA","NA","NA","NA","109.61","37.67","10.69"
"SRS1d","Everglades","Everglades","NA",3634567,25.7463,-80.65369,"NA",0,"9/1/2006",9,2006,585.39,"0","0","NA","0","0",0,"NA","0","0","Cladium jamaicense",0,"NA",0,"NA",0,1,0,"NA","NA","NA","NA","NA","NA","NA","NA","NA","NA","NA","NA","169.69","37.00","9.64"
"SRS1d","Everglades","Everglades","NA",3634567,25.7463,-80.65369,"NA",0,"9/1/2008",9,2008,500.2,"0","0","NA","0","0",0,"NA","0","0","Cladium jamaicense",0,"NA",0,"NA",0,1,0,"NA","NA","NA","NA","NA","NA","NA","NA","NA","NA","NA","NA","153.07","45.00","13.53"
"SRS1d","Everglades","Everglades","NA",3634567,25.7463,-80.65369,"NA",0,"9/1/2009",9,2009,470.06,"0","0","NA","0","0",0,"NA","0","0","Cladium jamaicense",0,"NA",0,"NA",0,1,0,"NA","NA","NA","NA","NA","NA","NA","NA","NA","NA","NA","NA","150.86","39.67","9.29"
"SRS1d","Everglades","Everglades","NA",3634567,25.7463,-80.65369,"NA",0,"7/1/2009",7,2009,434.8,"0","0","NA","0","0",0,"NA","0","0","Cladium jamaicense",0,"NA",0,"NA",0,13,0,"NA","NA","NA","NA","NA","NA","NA","NA","NA","NA","NA","NA","111.25","38.00","10.58"
"SRS1d","Everglades","Everglades","NA",3634567,25.7463,-80.65369,"NA",0,"3/1/2007",3,2007,477.23,"0","0","NA","0","0",0,"NA","0","0","Cladium jamaicense",0,"NA",0,"NA",0,13,0,"NA","NA","NA","NA","NA","NA","NA","NA","NA","NA","NA","NA","159.55","50.00","15.52"
"SRS1d","Everglades","Everglades","NA",3634567,25.7463,-80.65369,"NA",0,"7/1/2006",7,2006,446.52,"0","0","NA","0","0",0,"NA","0","0","Cladium jamaicense",0,"NA",0,"NA",0,13,0,"NA","NA","NA","NA","NA","NA","NA","NA","NA","NA","NA","NA","75.56","38.67","5.86"
"SRS1d","Everglades","Everglades","NA",3634567,25.7463,-80.65369,"NA",0,"5/1/2010",5,2010,483.28,"0","0","NA","0","0",0,"NA","0","0","Cladium jamaicense",0,"NA",0,"NA",0,13,0,"NA","NA","NA","NA","NA","NA","NA","NA","NA","NA","NA","NA","75.35","45.00","2.65"
"SRS1d","Everglades","Everglades","NA",3634567,25.7463,-80.65369,"NA",0,"1/1/2007",1,2007,542.83,"0","0","NA","0","0",0,"NA","0","0","Cladium jamaicense",0,"NA",0,"NA",0,13,0,"NA","NA","NA","NA","NA","NA","NA","NA","NA","NA","NA","NA","143.50","40.67","10.69"
"SRS1d","Everglades","Everglades","NA",3634567,25.7463,-80.65369,"NA",0,"5/1/2007",5,2007,386.2,"0","0","NA","0","0",0,"NA","0","0","Cladium jamaicense",0,"NA",0,"NA",0,13,0,"NA","NA","NA","NA","NA","NA","NA","NA","NA","NA","NA","NA","72.29","37.67","8.08"
"SRS1d","Everglades","Everglades","NA",3634567,25.7463,-80.65369,"NA",0,"1/1/2010",1,2010,603.5,"0","0","NA","0","0",0,"NA","0","0","Cladium jamaicense",0,"NA",0,"NA",0,13,0,"NA","NA","NA","NA","NA","NA","NA","NA","NA","NA","NA","NA","46.34","45.33","6.35"
"SRS1d","Everglades","Everglades","NA",3634567,25.7463,-80.65369,"NA",0,"7/1/2008",7,2008,290.19,"0","0","NA","0","0",0,"NA","0","0","Cladium jamaicense",0,"NA",0,"NA",0,13,0,"NA","NA","NA","NA","NA","NA","NA","NA","NA","NA","NA","NA","49.91","34.00","6.56"
"SRS1d","Everglades","Everglades","NA",3634567,25.7463,-80.65369,"NA",0,"1/1/2008",1,2008,383.44,"0","0","NA","0","0",0,"NA","0","0","Cladium jamaicense",0,"NA",0,"NA",0,13,0,"NA","NA","NA","NA","NA","NA","NA","NA","NA","NA","NA","NA","116.82","38.33","10.21"
"SRS1d","Everglades","Everglades","NA",3634567,25.7463,-80.65369,"NA",0,"7/1/2010",7,2010,677.99,"0","0","NA","0","0",0,"NA","0","0","Cladium jamaicense",0,"NA",0,"NA",0,13,0,"NA","NA","NA","NA","NA","NA","NA","NA","NA","NA","NA","NA","289.50","39.00","1.73"
"SRS1d","Everglades","Everglades","NA",3634567,25.7463,-80.65369,"NA",0,"3/1/2008",3,2008,338.13,"0","0","NA","0","0",0,"NA","0","0","Cladium jamaicense",0,"NA",0,"NA",0,13,0,"NA","NA","NA","NA","NA","NA","NA","NA","NA","NA","NA","NA","24.91","39.67","11.24"
"SRS1d","Everglades","Everglades","NA",3634567,25.7463,-80.65369,"NA",0,"11/1/2006",11,2006,550.27,"0","0","NA","0","0",0,"NA","0","0","Cladium jamaicense",0,"NA",0,"NA",0,13,0,"NA","NA","NA","NA","NA","NA","NA","NA","NA","NA","NA","NA","167.03","35.33","9.61"
"SRS1d","Everglades","Everglades","NA",3634567,25.7463,-80.65369,"NA",0,"7/1/2007",7,2007,329.9,"0","0","NA","0","0",0,"NA","0","0","Cladium jamaicense",0,"NA",0,"NA",0,13,0,"NA","NA","NA","NA","NA","NA","NA","NA","NA","NA","NA","NA","77.74","28.00","3.00"
"SRS1c","Everglades","Everglades","NA",3694605,25.75523,-80.57426,"NA",0,"1/1/2005",1,2005,379.92,"0","0","NA","0","0",0,"NA","0","0","Cladium jamaicense",0,"NA",0,"NA",0,1,0,"NA","NA","NA","NA","NA","NA","NA","NA","NA","NA","NA","NA","39.54","21.67","2.08"
"SRS1c","Everglades","Everglades","NA",3694605,25.75523,-80.57426,"NA",0,"11/1/2005",11,2005,258.76,"0","0","NA","0","0",0,"NA","0","0","Cladium jamaicense",0,"NA",0,"NA",0,1,0,"NA","NA","NA","NA","NA","NA","NA","NA","NA","NA","NA","NA","47.42","20.00","2.65"
"SRS1c","Everglades","Everglades","NA",3694605,25.75523,-80.57426,"NA",0,"7/1/2005",7,2005,310.57,"0","0","NA","0","0",0,"NA","0","0","Cladium jamaicense",0,"NA",0,"NA",0,1,0,"NA","NA","NA","NA","NA","NA","NA","NA","NA","NA","NA","NA","136.88","21.33","9.29"
"SRS1c","Everglades","Everglades","NA",3694605,25.75523,-80.57426,"NA",0,"1/1/2006",1,2006,306.17,"0","0","NA","0","0",0,"NA","0","0","Cladium jamaicense",0,"NA",0,"NA",0,1,0,"NA","NA","NA","NA","NA","NA","NA","NA","NA","NA","NA","NA","51.54","20.67","2.08"
"SRS1c","Everglades","Everglades","NA",3694605,25.75523,-80.57426,"NA",0,"3/1/2005",3,2005,306.9,"0","0","NA","0","0",0,"NA","0","0","Cladium jamaicense",0,"NA",0,"NA",0,1,0,"NA","NA","NA","NA","NA","NA","NA","NA","NA","NA","NA","NA","33.76","20.33","3.21"
"SRS1c","Everglades","Everglades","NA",3694605,25.75523,-80.57426,"NA",0,"5/1/2005",5,2005,292.93,"0","0","NA","0","0",0,"NA","0","0","Cladium jamaicense",0,"NA",0,"NA",0,1,0,"NA","NA","NA","NA","NA","NA","NA","NA","NA","NA","NA","NA","26.78","19.67","2.08"
"SRS1c","Everglades","Everglades","NA",3694605,25.75523,-80.57426,"NA",0,"9/1/2005",9,2005,304.03,"0","0","NA","0","0",0,"NA","0","0","Cladium jamaicense",0,"NA",0,"NA",0,1,0,"NA","NA","NA","NA","NA","NA","NA","NA","NA","NA","NA","NA","72.16","22.00","6.00"
"SRS1b","Everglades","Everglades","NA",3708163,25.75777,-80.72559,"NA",0,"1/1/2004",1,2004,82.7,"0","0","NA","0","0",0,"NA","0","0","Cladium jamaicense",0,"NA",0,"NA",0,1,0,"NA","NA","NA","NA","NA","NA","NA","NA","NA","NA","NA","NA","25.64","13.00","3.00"
"SRS1b","Everglades","Everglades","NA",3708163,25.75777,-80.72559,"NA",0,"11/1/2000",11,2000,435.7,"0","0","NA","0","0",0,"NA","0","0","Cladium jamaicense",0,"NA",0,"NA",0,1,0,"NA","NA","NA","NA","NA","NA","NA","NA","NA","NA","NA","NA","88.76","32.33","7.02"
"SRS1b","Everglades","Everglades","NA",3708163,25.75777,-80.72559,"NA",0,"3/1/2002",3,2002,448.97,"0","0","NA","0","0",0,"NA","0","0","Cladium jamaicense",0,"NA",0,"NA",0,1,0,"NA","NA","NA","NA","NA","NA","NA","NA","NA","NA","NA","NA","160.64","63.67","18.93"
"SRS1b","Everglades","Everglades","NA",3708163,25.75777,-80.72559,"NA",0,"3/1/2004",3,2004,159.98,"0","0","NA","0","0",0,"NA","0","0","Cladium jamaicense",0,"NA",0,"NA",0,1,0,"NA","NA","NA","NA","NA","NA","NA","NA","NA","NA","NA","NA","50.81","22.67","5.03"
"SRS1b","Everglades","Everglades","NA",3708163,25.75777,-80.72559,"NA",0,"3/1/2003",3,2003,177.64,"0","0","NA","0","0",0,"NA","0","0","Cladium jamaicense",0,"NA",0,"NA",0,1,0,"NA","NA","NA","NA","NA","NA","NA","NA","NA","NA","NA","NA","56.14","32.00","11.27"
"SRS1b","Everglades","Everglades","NA",3708163,25.75777,-80.72559,"NA",0,"5/1/2001",5,2001,497.93,"0","0","NA","0","0",0,"NA","0","0","Cladium jamaicense",0,"NA",0,"NA",0,1,0,"NA","NA","NA","NA","NA","NA","NA","NA","NA","NA","NA","NA","133.33","73.00","10.58"
"SRS1b","Everglades","Everglades","NA",3708163,25.75777,-80.72559,"NA",0,"5/1/2002",5,2002,394.15,"0","0","NA","0","0",0,"NA","0","0","Cladium jamaicense",0,"NA",0,"NA",0,1,0,"NA","NA","NA","NA","NA","NA","NA","NA","NA","NA","NA","NA","89.02","59.33","16.17"
"SRS1b","Everglades","Everglades","NA",3708163,25.75777,-80.72559,"NA",0,"7/1/2001",7,2001,537.71,"0","0","NA","0","0",0,"NA","0","0","Cladium jamaicense",0,"NA",0,"NA",0,1,0,"NA","NA","NA","NA","NA","NA","NA","NA","NA","NA","NA","NA","40.10","72.33","8.96"
"SRS1b","Everglades","Everglades","NA",3708163,25.75777,-80.72559,"NA",0,"1/1/2003",1,2003,139.99,"0","0","NA","0","0",0,"NA","0","0","Cladium jamaicense",0,"NA",0,"NA",0,1,0,"NA","NA","NA","NA","NA","NA","NA","NA","NA","NA","NA","NA","51.95","29.33","13.80"
"SRS1b","Everglades","Everglades","NA",3708163,25.75777,-80.72559,"NA",0,"1/1/2005",1,2005,124.19,"0","0","NA","0","0",0,"NA","0","0","Cladium jamaicense",0,"NA",0,"NA",0,1,0,"NA","NA","NA","NA","NA","NA","NA","NA","NA","NA","NA","NA","39.41","16.33","4.51"
"SRS1b","Everglades","Everglades","NA",3708163,25.75777,-80.72559,"NA",0,"1/1/2001",1,2001,377.33,"0","0","NA","0","0",0,"NA","0","0","Cladium jamaicense",0,"NA",0,"NA",0,1,0,"NA","NA","NA","NA","NA","NA","NA","NA","NA","NA","NA","NA","153.76","36.33","11.15"
"SRS1b","Everglades","Everglades","NA",3708163,25.75777,-80.72559,"NA",0,"1/1/2002",1,2002,315.36,"0","0","NA","0","0",0,"NA","0","0","Cladium jamaicense",0,"NA",0,"NA",0,1,0,"NA","NA","NA","NA","NA","NA","NA","NA","NA","NA","NA","NA","84.57","42.00","9.54"
"SRS1b","Everglades","Everglades","NA",3708163,25.75777,-80.72559,"NA",0,"11/1/2001",11,2001,373.13,"0","0","NA","0","0",0,"NA","0","0","Cladium jamaicense",0,"NA",0,"NA",0,1,0,"NA","NA","NA","NA","NA","NA","NA","NA","NA","NA","NA","NA","69.08","48.33","4.93"
"SRS1b","Everglades","Everglades","NA",3708163,25.75777,-80.72559,"NA",0,"11/1/2002",11,2002,121.82,"0","0","NA","0","0",0,"NA","0","0","Cladium jamaicense",0,"NA",0,"NA",0,1,0,"NA","NA","NA","NA","NA","NA","NA","NA","NA","NA","NA","NA","66.24","18.67","7.23"
"SRS1b","Everglades","Everglades","NA",3708163,25.75777,-80.72559,"NA",0,"3/1/2001",3,2001,403.13,"0","0","NA","0","0",0,"NA","0","0","Cladium jamaicense",0,"NA",0,"NA",0,1,0,"NA","NA","NA","NA","NA","NA","NA","NA","NA","NA","NA","NA","78.97","51.00","5.29"
"SRS1b","Everglades","Everglades","NA",3708163,25.75777,-80.72559,"NA",0,"5/1/2003",5,2003,173.71,"0","0","NA","0","0",0,"NA","0","0","Cladium jamaicense",0,"NA",0,"NA",0,1,0,"NA","NA","NA","NA","NA","NA","NA","NA","NA","NA","NA","NA","44.53","31.33","7.77"
"SRS1b","Everglades","Everglades","NA",3708163,25.75777,-80.72559,"NA",0,"7/1/2002",7,2002,244.29,"0","0","NA","0","0",0,"NA","0","0","Cladium jamaicense",0,"NA",0,"NA",0,1,0,"NA","NA","NA","NA","NA","NA","NA","NA","NA","NA","NA","NA","85.45","33.00","14.14"
"SRS1b","Everglades","Everglades","NA",3708163,25.75777,-80.72559,"NA",0,"7/1/2004",7,2004,149.23,"0","0","NA","0","0",0,"NA","0","0","Cladium jamaicense",0,"NA",0,"NA",0,1,0,"NA","NA","NA","NA","NA","NA","NA","NA","NA","NA","NA","NA","20.67","23.00","1.00"
"SRS1b","Everglades","Everglades","NA",3708163,25.75777,-80.72559,"NA",0,"9/1/2001",9,2001,600.35,"0","0","NA","0","0",0,"NA","0","0","Cladium jamaicense",0,"NA",0,"NA",0,1,0,"NA","NA","NA","NA","NA","NA","NA","NA","NA","NA","NA","NA","107.89","63.67","12.42"
"SRS1b","Everglades","Everglades","NA",3708163,25.75777,-80.72559,"NA",0,"5/1/2004",5,2004,161,"0","0","NA","0","0",0,"NA","0","0","Cladium jamaicense",0,"NA",0,"NA",0,7,0,"NA","NA","NA","NA","NA","NA","NA","NA","NA","NA","NA","NA","40.01","23.67","8.14"
"SRS1b","Everglades","Everglades","NA",3708163,25.75777,-80.72559,"NA",0,"9/1/2004",9,2004,116.85,"0","0","NA","0","0",0,"NA","0","0","Cladium jamaicense",0,"NA",0,"NA",0,7,0,"NA","NA","NA","NA","NA","NA","NA","NA","NA","NA","NA","NA","21.56","19.00","1.73"
"SRS1b","Everglades","Everglades","NA",3708163,25.75777,-80.72559,"NA",0,"11/1/2003",11,2003,92.37,"0","0","NA","0","0",0,"NA","0","0","Cladium jamaicense",0,"NA",0,"NA",0,7,0,"NA","NA","NA","NA","NA","NA","NA","NA","NA","NA","NA","NA","16.65","14.00","2.00"
"SRS1b","Everglades","Everglades","NA",3708163,25.75777,-80.72559,"NA",0,"9/1/2002",9,2002,318.92,"0","0","NA","0","0",0,"NA","0","0","Cladium jamaicense",0,"NA",0,"NA",0,7,0,"NA","NA","NA","NA","NA","NA","NA","NA","NA","NA","NA","NA","116.26","41.00","11.14"
"SRS1b","Everglades","Everglades","NA",3708163,25.75777,-80.72559,"NA",0,"9/1/2003",9,2003,146.5,"0","0","NA","0","0",0,"NA","0","0","Cladium jamaicense",0,"NA",0,"NA",0,7,0,"NA","NA","NA","NA","NA","NA","NA","NA","NA","NA","NA","NA","54.10","19.00","3.61"
"SRS1b","Everglades","Everglades","NA",3708163,25.75777,-80.72559,"NA",0,"11/1/2004",11,2004,134.05,"0","0","NA","0","0",0,"NA","0","0","Cladium jamaicense",0,"NA",0,"NA",0,7,0,"NA","NA","NA","NA","NA","NA","NA","NA","NA","NA","NA","NA","36.52","19.33","2.08"
"SRS1b","Everglades","Everglades","NA",3708163,25.75777,-80.72559,"NA",0,"7/1/2003",7,2003,121.02,"0","0","NA","0","0",0,"NA","0","0","Cladium jamaicense",0,"NA",0,"NA",0,7,0,"NA","NA","NA","NA","NA","NA","NA","NA","NA","NA","NA","NA","30.52","19.00","5.20"
"CRMS0322_3B","Louisiana","NA","CRMS0322",422741,29.24714,-91.10311,"NA",0,"5/8/2015",5,2015,672.96,"14","0","NA","0","0",0,"NA","0","0","Spartina alterniflora",0,"Spartina patens",0,"NA",0,2,0,"NA","NA","NA","NA","NA","NA","NA","NA","NA","NA","NA","NA","NA","NA","NA"
"CRMS0322_3A","Louisiana","NA","CRMS0322",422741,29.24708,-91.10307,"NA",0,"5/8/2015",5,2015,444,"0","0","NA","0","0",0,"NA","0","0","Spartina alterniflora",0,"NA",0,"NA",0,2,0,"NA","NA","NA","NA","NA","NA","NA","NA","NA","NA","NA","NA","NA","NA","NA"
"CRMS0322_3B","Louisiana","NA","CRMS0322",422741,29.24713,-91.10315,"NA",0,"9/1/2015",9,2015,629.64,"1.5","0","NA","0","0",0,"NA","0","0","Spartina alterniflora",0,"NA",0,"NA",0,2,0,"NA","NA","NA","NA","NA","NA","NA","NA","NA","NA","NA","NA","NA","NA","NA"
"CRMS0322_3A","Louisiana","NA","CRMS0322",422741,29.24706,-91.10313,"NA",0,"9/1/2015",9,2015,929.84,"2","0","NA","0","0",0,"NA","0","0","Spartina alterniflora",0,"NA",0,"NA",0,2,0,"NA","NA","NA","NA","NA","NA","NA","NA","NA","NA","NA","NA","NA","NA","NA"
"CRMS0322_2B","Louisiana","NA","CRMS0322",425313,29.24735,-91.10268,"NA",0,"9/1/2015",9,2015,660.52,"3.099999905","0","NA","0","0",0,"NA","0","0","Spartina alterniflora",0,"NA",0,"NA",0,2,0,"NA","NA","NA","NA","NA","NA","NA","NA","NA","NA","NA","NA","NA","NA","NA"
"CRMS0322_2A","Louisiana","NA","CRMS0322",425313,29.24731,-91.10267,"NA",0,"9/1/2015",9,2015,618.16,"5","0","NA","0","0",0,"NA","0","0","Spartina alterniflora",0,"NA",0,"NA",0,2,0,"NA","NA","NA","NA","NA","NA","NA","NA","NA","NA","NA","NA","NA","NA","NA"
"CRMS0322_2A","Louisiana","NA","CRMS0322",425313,29.24724,-91.10258,"NA",0,"5/8/2015",5,2015,439.6,"0","0","NA","0","0",0,"NA","0","0","Spartina alterniflora",0,"NA",0,"NA",0,2,0,"NA","NA","NA","NA","NA","NA","NA","NA","NA","NA","NA","NA","NA","NA","NA"
"CRMS0322_2B","Louisiana","NA","CRMS0322",425313,29.2473,-91.10258,"NA",0,"5/8/2015",5,2015,424.1,"16","0","NA","0","0",0,"NA","0","0","Spartina alterniflora",0,"NA",0,"NA",0,2,0,"NA","NA","NA","NA","NA","NA","NA","NA","NA","NA","NA","NA","NA","NA","NA"
"CRMS0322_1A","Louisiana","NA","CRMS0322",427884,29.24751,-91.10219,"NA",0,"9/1/2015",9,2015,570.2,"5","0","NA","0","0",0,"NA","0","0","Spartina alterniflora",0,"NA",0,"NA",0,1,0,"NA","NA","NA","NA","NA","NA","NA","NA","NA","NA","NA","NA","NA","NA","NA"
"CRMS0322_1A","Louisiana","NA","CRMS0322",427884,29.24747,-91.1021,"NA",0,"5/8/2015",5,2015,146.5,"13","0","NA","0","0",0,"NA","0","0","Spartina alterniflora",0,"NA",0,"NA",0,1,0,"NA","NA","NA","NA","NA","NA","NA","NA","NA","NA","NA","NA","NA","NA","NA"
"CRMS0307_3A","Louisiana","NA","CRMS0307",539301,29.25505,-90.82208,"NA",0,"8/31/2015",8,2015,385.56,"5.5","0","NA","0","0",0,"NA","0","0","Spartina alterniflora",0,"Juncus roemarianus",0,"NA",0,1,0,"NA","NA","NA","NA","NA","NA","NA","NA","NA","NA","NA","NA","NA","NA","NA"
"CRMS0307_2A","Louisiana","NA","CRMS0307",539303,29.25504,-90.82159,"NA",0,"8/31/2015",8,2015,1014.12,"1.600000024","0","NA","0","0",0,"NA","0","0","Juncus roemarianus",0,"Spartina alterniflora",0,"NA",0,1,0,"NA","NA","NA","NA","NA","NA","NA","NA","NA","NA","NA","NA","NA","NA","NA"
"CRMS0307_1A","Louisiana","NA","CRMS0307",539304,29.25495,-90.82109,"NA",0,"8/31/2015",8,2015,927.08,"3.200000048","0","NA","0","0",0,"NA","0","0","Juncus roemarianus",0,"Spartina alterniflora",0,"NA",0,2,0,"NA","NA","NA","NA","NA","NA","NA","NA","NA","NA","NA","NA","NA","NA","NA"
"CRMS0307_1B","Louisiana","NA","CRMS0307",539304,29.25501,-90.82108,"NA",0,"8/31/2015",8,2015,1033.92,"0.600000024","0","NA","0","0",0,"NA","0","0","Juncus roemarianus",0,"Spartina alterniflora",0,"NA",0,2,0,"NA","NA","NA","NA","NA","NA","NA","NA","NA","NA","NA","NA","NA","NA","NA"
"CRMS0307_3B","Louisiana","NA","CRMS0307",541871,29.25511,-90.82207,"NA",0,"8/31/2015",8,2015,813.04,"4","0","NA","0","0",0,"NA","0","0","Spartina alterniflora",0,"Unknown C",0,"NA",0,1,0,"NA","NA","NA","NA","NA","NA","NA","NA","NA","NA","NA","NA","NA","NA","NA"
"CRMS0307_2B","Louisiana","NA","CRMS0307",541873,29.2551,-90.82162,"NA",0,"8/31/2015",8,2015,1317.2,"2.799999952","0","NA","0","0",0,"NA","0","0","Juncus roemarianus",0,"Spartina alterniflora",0,"NA",0,1,0,"NA","NA","NA","NA","NA","NA","NA","NA","NA","NA","NA","NA","NA","NA","NA"
"CRMS0434_3B","Louisiana","NA","CRMS0434",1184669,29.32145,-90.72863,"NA",0,"8/31/2015",8,2015,646.28,"0.5","0","NA","0","0",0,"NA","0","0","Spartina alterniflora",0,"NA",0,"NA",0,1,0,"NA","NA","NA","NA","NA","NA","NA","NA","NA","NA","NA","NA","NA","NA","NA"
"CRMS0434_3A","Louisiana","NA","CRMS0434",1187239,29.32158,-90.72869,"NA",0,"8/31/2015",8,2015,1153.52,"0.5","0","NA","0","0",0,"NA","0","0","Juncus roemarianus",0,"Spartina alterniflora",0,"NA",0,1,0,"NA","NA","NA","NA","NA","NA","NA","NA","NA","NA","NA","NA","NA","NA","NA"
"CRMS0434_2B","Louisiana","NA","CRMS0434",1187241,29.32171,-90.72815,"NA",0,"8/31/2015",8,2015,1038.64,"1.5","0","NA","0","0",0,"NA","0","0","Juncus roemarianus",0,"Spartina alterniflora",0,"NA",0,1,0,"NA","NA","NA","NA","NA","NA","NA","NA","NA","NA","NA","NA","NA","NA","NA"
"CRMS0434_2A","Louisiana","NA","CRMS0434",1189811,29.32176,-90.72818,"NA",0,"8/31/2015",8,2015,995.92,"1.5","0","NA","0","0",0,"NA","0","0","Juncus roemarianus",0,"Spartina alterniflora",0,"NA",0,1,0,"NA","NA","NA","NA","NA","NA","NA","NA","NA","NA","NA","NA","NA","NA","NA"
"CRMS0434_1B","Louisiana","NA","CRMS0434",1189812,29.32194,-90.7278,"NA",0,"8/31/2015",8,2015,1321.4,"2","0","NA","0","0",0,"NA","0","0","Juncus roemarianus",0,"Spartina alterniflora",0,"NA",0,1,0,"NA","NA","NA","NA","NA","NA","NA","NA","NA","NA","NA","NA","NA","NA","NA"
"CRMS0434_1A","Louisiana","NA","CRMS0434",1192382,29.32202,-90.72783,"NA",0,"8/31/2015",8,2015,930.64,"2","0","NA","0","0",0,"NA","0","0","Juncus roemarianus",0,"Spartina alterniflora",0,"NA",0,1,0,"NA","NA","NA","NA","NA","NA","NA","NA","NA","NA","NA","NA","NA","NA","NA"
"CRMS0294_2B","Louisiana","NA","CRMS0294",2060314,29.41734,-90.95078,"NA",0,"9/1/2015",9,2015,714,"0.699999988","0","NA","0","0",0,"NA","0","0","Typha domingensis",0,"Eleocharis montana",0,"NA",0,1,0,"NA","NA","NA","NA","NA","NA","NA","NA","NA","NA","NA","NA","NA","NA","NA"
"CRMS0294_3B","Louisiana","NA","CRMS0294",2060317,29.41716,-90.94989,"NA",0,"5/9/2015",5,2015,451.28,"18","0","NA","0","0",0,"NA","0","0","Sagittaria lancifolia",0,"Eleocharis cellulosa",0,"NA",0,2,0,"NA","NA","NA","NA","NA","NA","NA","NA","NA","NA","NA","NA","NA","NA","NA"
"CRMS0294_3A","Louisiana","NA","CRMS0294",2060317,29.41719,-90.94984,"NA",0,"5/9/2015",5,2015,338,"11","0","NA","0","0",0,"NA","0","0","Eleocharis sp.",0,"Sagittaria lancifolia",0,"NA",0,2,0,"NA","NA","NA","NA","NA","NA","NA","NA","NA","NA","NA","NA","NA","NA","NA"
"CRMS0294_1B","Louisiana","NA","CRMS0294",2062883,29.41756,-90.95106,"NA",0,"9/1/2015",9,2015,621.28,"0.699999988","0","NA","0","0",0,"NA","0","0","Eleocharis montana",0,"Typha domingensis",0,"NA",0,2,0,"NA","NA","NA","NA","NA","NA","NA","NA","NA","NA","NA","NA","NA","NA","NA"
"CRMS0294_1A","Louisiana","NA","CRMS0294",2062883,29.41759,-90.95103,"NA",0,"9/1/2015",9,2015,421.36,"0.899999976","0","NA","0","0",0,"NA","0","0","Eleocharis montana",0,"Sagittaria lancifolia",0,"NA",0,2,0,"NA","NA","NA","NA","NA","NA","NA","NA","NA","NA","NA","NA","NA","NA","NA"
"CRMS0294_2A","Louisiana","NA","CRMS0294",2062884,29.41738,-90.95078,"NA",0,"9/1/2015",9,2015,206.64,"5.5","0","NA","0","0",0,"NA","0","0","Sagittaria lancifolia",0,"Typha domingensis",0,"NA",0,1,0,"NA","NA","NA","NA","NA","NA","NA","NA","NA","NA","NA","NA","NA","NA","NA"
"CRMS0294_2B","Louisiana","NA","CRMS0294",2062886,29.41759,-90.9501,"NA",0,"5/9/2015",5,2015,908.76,"11","0","NA","0","0",0,"NA","0","0","Sagittaria lancifolia",0,"Thelypteris palustris",0,"NA",0,2,0,"NA","NA","NA","NA","NA","NA","NA","NA","NA","NA","NA","NA","NA","NA","NA"
"CRMS0294_2A","Louisiana","NA","CRMS0294",2062886,29.41762,-90.95002,"NA",0,"5/9/2015",5,2015,622.2,"19","0","NA","0","0",0,"NA","0","0","Sagittaria lancifolia",0,"Eleocharis sp.",0,"NA",0,2,0,"NA","NA","NA","NA","NA","NA","NA","NA","NA","NA","NA","NA","NA","NA","NA"
"CRMS0294_1B","Louisiana","NA","CRMS0294",2068025,29.41796,-90.95036,"NA",0,"5/9/2015",5,2015,292.6,"18","0","NA","0","0",0,"NA","0","0","Sagittaria lancifolia",0,"Eleocharis sp.",0,"NA",0,2,0,"NA","NA","NA","NA","NA","NA","NA","NA","NA","NA","NA","NA","NA","NA","NA"
"CRMS0294_1A","Louisiana","NA","CRMS0294",2068025,29.41796,-90.95033,"NA",0,"5/9/2015",5,2015,466.28,"18","0","NA","0","0",0,"NA","0","0","Typha latifolia",0,"Leersia hexandra",0,"NA",0,2,0,"NA","NA","NA","NA","NA","NA","NA","NA","NA","NA","NA","NA","NA","NA","NA"
"CRMS6304_1B","Louisiana","NA","CRMS6304",2090089,29.42521,-91.27989,"NA",0,"9/1/2015",9,2015,1961.84,"9.800000191","0","NA","0","0",0,"NA","0","0","Colocasia esculenta",0,"Ludwigia grandiflora",0,"NA",0,2,0,"NA","NA","NA","NA","NA","NA","NA","NA","NA","NA","NA","NA","NA","NA","NA"
"CRMS6304_1A","Louisiana","NA","CRMS6304",2090089,29.42526,-91.2799,"NA",0,"9/1/2015",9,2015,1704.44,"4","0","NA","0","0",0,"NA","0","0","Colocasia esculenta",0,"Ludwigia grandiflora",0,"NA",0,2,0,"NA","NA","NA","NA","NA","NA","NA","NA","NA","NA","NA","NA","NA","NA","NA"
"CRMS6304_1B","Louisiana","NA","CRMS6304",2090089,29.42521,-91.27973,"NA",0,"5/8/2015",5,2015,132.92,"0","0","NA","0","0",0,"NA","0","0","Alternanthera philoxeroides",0,"Ludwigia grandiflora",0,"NA",0,1,0,"NA","NA","NA","NA","NA","NA","NA","NA","NA","NA","NA","NA","NA","NA","NA"
"CRMS6304_2A","Louisiana","NA","CRMS6304",2090090,29.42523,-91.27945,"NA",0,"9/1/2015",9,2015,639,"9.800000191","0","NA","0","0",0,"NA","0","0","Typha sp.",0,"Colocasia esculenta",0,"NA",0,1,0,"NA","NA","NA","NA","NA","NA","NA","NA","NA","NA","NA","NA","NA","NA","NA"
"CRMS6304_2A","Louisiana","NA","CRMS6304",2090091,29.42525,-91.27923,"NA",0,"5/8/2015",5,2015,259.5,"0","0","NA","0","0",0,"NA","0","0","Ludwigia grandiflora",0,"Colocasia esculenta",0,"NA",0,1,0,"NA","NA","NA","NA","NA","NA","NA","NA","NA","NA","NA","NA","NA","NA","NA"
"CRMS6304_3B","Louisiana","NA","CRMS6304",2090092,29.42519,-91.27891,"NA",0,"9/1/2015",9,2015,722.2,"3.599999905","0","NA","0","0",0,"NA","0","0","Typha sp.",0,"Leersia hexandra",0,"NA",0,2,0,"NA","NA","NA","NA","NA","NA","NA","NA","NA","NA","NA","NA","NA","NA","NA"
"CRMS6304_3A","Louisiana","NA","CRMS6304",2090092,29.42525,-91.27887,"NA",0,"9/1/2015",9,2015,830.28,"2.799999952","0","NA","0","0",0,"NA","0","0","Ludwigia uruguayensis",0,"Typha sp.",0,"NA",0,2,0,"NA","NA","NA","NA","NA","NA","NA","NA","NA","NA","NA","NA","NA","NA","NA"
"CRMS6304_2B","Louisiana","NA","CRMS6304",2092660,29.42534,-91.27937,"NA",0,"9/1/2015",9,2015,237.04,"3.200000048","0","NA","0","0",0,"NA","0","0","Ludwigia grandiflora",0,"Typha sp.",0,"NA",0,1,0,"NA","NA","NA","NA","NA","NA","NA","NA","NA","NA","NA","NA","NA","NA","NA"
"CRMS6304_2B","Louisiana","NA","CRMS6304",2092661,29.42533,-91.27925,"NA",0,"5/8/2015",5,2015,299.2,"27.79999924","0","NA","0","0",0,"NA","0","0","Typha domingensis",0,"Ludwigia grandiflora",0,"NA",0,1,0,"NA","NA","NA","NA","NA","NA","NA","NA","NA","NA","NA","NA","NA","NA","NA"
"CRMS6304_3A","Louisiana","NA","CRMS6304",2092662,29.42527,-91.27888,"NA",0,"5/8/2015",5,2015,519.1,"0","0","NA","0","0",0,"NA","0","0","Typha domingensis",0,"Ludwigia grandiflora",0,"NA",0,1,0,"NA","NA","NA","NA","NA","NA","NA","NA","NA","NA","NA","NA","NA","NA","NA"
"CRMS6304_1A","Louisiana","NA","CRMS6304",2092682,29.42527,-91.2728,"NA",0,"5/8/2015",5,2015,244.44,"29.5","0","NA","0","0",0,"NA","0","0","Colocasia esculenta",0,"Ludwigia grandiflora",0,"NA",0,1,0,"NA","NA","NA","NA","NA","NA","NA","NA","NA","NA","NA","NA","NA","NA","NA"
"CRMS0322_1B","Louisiana","NA","CRMS0322",2584101,29.4748,-91.10216,"NA",0,"5/8/2015",5,2015,332.3,"0","0","NA","0","0",0,"NA","0","0","Spartina alterniflora",0,"Spartina patens",0,"NA",0,1,0,"NA","NA","NA","NA","NA","NA","NA","NA","NA","NA","NA","NA","NA","NA","NA"
"CRMS0322_1B","Louisiana","NA","CRMS0322",2591810,29.4755,-91.10222,"NA",0,"9/1/2015",9,2015,431.8,"1.5","0","NA","0","0",0,"NA","0","0","Spartina alterniflora",0,"NA",0,"NA",0,1,0,"NA","NA","NA","NA","NA","NA","NA","NA","NA","NA","NA","NA","NA","NA","NA"
"CRMS0411_3B","Louisiana","NA","CRMS0411",2864713,29.50196,-90.95233,"NA",0,"10/2/2015",10,2015,608.08,"6.300000191","0","NA","0","0",0,"NA","0","0","Sagittaria lancifolia",0,"Typha sp.",0,"NA",0,2,0,"NA","NA","NA","NA","NA","NA","NA","NA","NA","NA","NA","NA","NA","NA","NA"
"CRMS0411_3A","Louisiana","NA","CRMS0411",2864713,29.50197,-90.95233,"NA",0,"10/2/2015",10,2015,570.92,"6.599999905","0","NA","0","0",0,"NA","0","0","Sagittaria lancifolia",0,"Alternanthera philoxeroides",0,"NA",0,2,0,"NA","NA","NA","NA","NA","NA","NA","NA","NA","NA","NA","NA","NA","NA","NA"
"CRMS0301_1A","Louisiana","NA","CRMS0301",2866374,29.50637,-91.2336,"NA",0,"5/8/2015",5,2015,126,"22","0","NA","0","0",0,"NA","0","0","Saururus cernuus",0,"Ludwigia grandiflora",0,"NA",0,1,0,"NA","NA","NA","NA","NA","NA","NA","NA","NA","NA","NA","NA","NA","NA","NA"
"CRMS0301_1B","Louisiana","NA","CRMS0301",2866375,29.50633,-91.23327,"NA",0,"9/2/2015",9,2015,2185.96,"0","0","NA","0","0",0,"NA","0","0","Unknown A",0,"Vigna luteola",0,"NA",0,2,0,"NA","NA","NA","NA","NA","NA","NA","NA","NA","NA","NA","NA","NA","NA","NA"
"CRMS0301_1A","Louisiana","NA","CRMS0301",2866375,29.50628,-91.23337,"NA",0,"9/2/2015",9,2015,1216.28,"0","0","NA","0","0",0,"NA","0","0","Unknown A",0,"Unknown",0,"NA",0,2,0,"NA","NA","NA","NA","NA","NA","NA","NA","NA","NA","NA","NA","NA","NA","NA"
"CRMS0411_2A","Louisiana","NA","CRMS0411",2867282,29.5023,-90.95259,"NA",0,"10/2/2015",10,2015,664.32,"6.199999809","0","NA","0","0",0,"NA","0","0","Sagittaria lancifolia",0,"P. hemitomon",0,"NA",0,2,0,"NA","NA","NA","NA","NA","NA","NA","NA","NA","NA","NA","NA","NA","NA","NA"
"CRMS0411_2B","Louisiana","NA","CRMS0411",2867282,29.50231,-90.95258,"NA",0,"10/2/2015",10,2015,658.24,"4.800000191","0","NA","0","0",0,"NA","0","0","Typha sp.",0,"Uknown E",0,"NA",0,2,0,"NA","NA","NA","NA","NA","NA","NA","NA","NA","NA","NA","NA","NA","NA","NA"
"Mike Island_3B","Louisiana","NA","Mike Island",2868260,29.50927,-91.44504,"NA",0,"9/28/2015",9,2015,474.56,"18.20000076","0","NA","0","0",0,"NA","0","0","Colocasia esculenta",0,"Polygonum punctatum",0,"NA",0,2,0,"NA","NA","NA","NA","NA","NA","NA","NA","NA","NA","NA","NA","NA","NA","NA"
"Mike Island_3A","Louisiana","NA","Mike Island",2868260,29.50926,-91.44509,"NA",0,"9/28/2015",9,2015,326,"16.79999924","0","NA","0","0",0,"NA","0","0","Colocasia esculenta",0,"Polygonum punctatum",0,"NA",0,2,0,"NA","NA","NA","NA","NA","NA","NA","NA","NA","NA","NA","NA","NA","NA","NA"
"Mike Island_3B","Louisiana","NA","Mike Island",2868260,29.50923,-91.44511,"NA",0,"5/6/2015",5,2015,419,"0","0","NA","0","0",0,"NA","0","0","Colocasia esculenta",0,"Solidago sempervirens",0,"NA",0,2,0,"NA","NA","NA","NA","NA","NA","NA","NA","NA","NA","NA","NA","NA","NA","NA"
"Mike Island_3A","Louisiana","NA","Mike Island",2868260,29.50928,-91.44506,"NA",0,"5/6/2015",5,2015,390.32,"0","0","NA","0","0",0,"NA","0","0","Colocasia esculenta",0,"Solidago sempervirens",0,"NA",0,2,0,"NA","NA","NA","NA","NA","NA","NA","NA","NA","NA","NA","NA","NA","NA","NA"
"CRMS0411_1B","Louisiana","NA","CRMS0411",2869851,29.50265,-90.95296,"NA",0,"10/2/2015",10,2015,420.72,"1.200000048","0","NA","0","0",0,"NA","0","0","Eleocharis sp.",0,"Alternanthera philoxeroides",0,"NA",0,2,0,"NA","NA","NA","NA","NA","NA","NA","NA","NA","NA","NA","NA","NA","NA","NA"
"CRMS0411_1A","Louisiana","NA","CRMS0411",2869851,29.50263,-90.95297,"NA",0,"10/2/2015",10,2015,627,"1.600000024","0","NA","0","0",0,"NA","0","0","Typha sp.",0,"Eleocharis sp.",0,"NA",0,2,0,"NA","NA","NA","NA","NA","NA","NA","NA","NA","NA","NA","NA","NA","NA","NA"
"Mike Island_2B","Louisiana","NA","Mike Island",2870831,29.50948,-91.44485,"NA",0,"9/28/2015",9,2015,610.64,"7.599999905","0","NA","0","0",0,"NA","0","0","Polygonum punctatum",0,"Colocasia esculenta",0,"NA",0,2,0,"NA","NA","NA","NA","NA","NA","NA","NA","NA","NA","NA","NA","NA","NA","NA"
"Mike Island_2A","Louisiana","NA","Mike Island",2870831,29.50949,-91.44489,"NA",0,"9/28/2015",9,2015,436.52,"5.599999905","0","NA","0","0",0,"NA","0","0","Colocasia esculenta",0,"Leersia hexandra",0,"NA",0,2,0,"NA","NA","NA","NA","NA","NA","NA","NA","NA","NA","NA","NA","NA","NA","NA"
"Mike Island_2A","Louisiana","NA","Mike Island",2870831,29.50949,-91.44483,"NA",0,"5/6/2015",5,2015,347.04,"0","0","NA","0","0",0,"NA","0","0","Colocasia esculenta",0,"Solidago sempervirens",0,"NA",0,2,0,"NA","NA","NA","NA","NA","NA","NA","NA","NA","NA","NA","NA","NA","NA","NA"
"Mike Island_2B","Louisiana","NA","Mike Island",2870831,29.50945,-91.44485,"NA",0,"5/6/2015",5,2015,238.3,"0","0","NA","0","0",0,"NA","0","0","Colocasia esculenta",0,"Solidago sempervirens",0,"NA",0,2,0,"NA","NA","NA","NA","NA","NA","NA","NA","NA","NA","NA","NA","NA","NA","NA"
"Mike Island_1A","Louisiana","NA","Mike Island",2873400,29.50978,-91.44505,"NA",0,"5/6/2015",5,2015,387.8,"0","0","NA","0","0",0,"NA","0","0","Colocasia esculenta",0,"Solidago sempervirens",0,"NA",0,1,0,"NA","NA","NA","NA","NA","NA","NA","NA","NA","NA","NA","NA","NA","NA","NA"
"Mike Island_1B","Louisiana","NA","Mike Island",2873402,29.50975,-91.44466,"NA",0,"9/28/2015",9,2015,790,"6.800000191","0","NA","0","0",0,"NA","0","0","Colocasia esculenta",0,"Polygonum punctatum",0,"NA",0,2,0,"NA","NA","NA","NA","NA","NA","NA","NA","NA","NA","NA","NA","NA","NA","NA"
"Mike Island_1A","Louisiana","NA","Mike Island",2873402,29.50978,-91.44468,"NA",0,"9/28/2015",9,2015,1038.04,"10.80000019","0","NA","0","0",0,"NA","0","0","Colocasia esculenta",0,"Polygonum punctatum",0,"NA",0,2,0,"NA","NA","NA","NA","NA","NA","NA","NA","NA","NA","NA","NA","NA","NA","NA"
"Mike Island_1B","Louisiana","NA","Mike Island",2873402,29.50974,-91.44469,"NA",0,"5/6/2015",5,2015,300.5,"0","0","NA","0","0",0,"NA","0","0","Colocasia esculenta",0,"Solidago sempervirens",0,"NA",0,1,0,"NA","NA","NA","NA","NA","NA","NA","NA","NA","NA","NA","NA","NA","NA","NA"
"CRMS0465_1B","Louisiana","NA","CRMS0465",3156306,29.53886,-91.38101,"NA",0,"9/28/2015",9,2015,684.12,"20","0","NA","0","0",0,"NA","0","0","Polygonum punctatum",0,"Typha sp.",0,"NA",0,2,0,"NA","NA","NA","NA","NA","NA","NA","NA","NA","NA","NA","NA","NA","NA","NA"
"CRMS0465_1A","Louisiana","NA","CRMS0465",3156306,29.53881,-91.3811,"NA",0,"9/28/2015",9,2015,502.84,"13","0","NA","0","0",0,"NA","0","0","Typha sp.",0,"Thelypteris palustris",0,"NA",0,2,0,"NA","NA","NA","NA","NA","NA","NA","NA","NA","NA","NA","NA","NA","NA","NA"
"CRMS0465_1A","Louisiana","NA","CRMS0465",3158878,29.53893,-91.38042,"NA",0,"5/6/2015",5,2015,324.1,"0","0","NA","0","0",0,"NA","0","0","Sagittaria lancifolia",0,"Alternanthera philoxeroides",0,"NA",0,1,0,"NA","NA","NA","NA","NA","NA","NA","NA","NA","NA","NA","NA","NA","NA","NA"
"CRMS0465_2A","Louisiana","NA","CRMS0465",3161447,29.53922,-91.38063,"NA",0,"9/28/2015",9,2015,644.2,"14","0","NA","0","0",0,"NA","0","0","Typha sp.",0,"Eleocharis sp.",0,"NA",0,2,0,"NA","NA","NA","NA","NA","NA","NA","NA","NA","NA","NA","NA","NA","NA","NA"
"CRMS0465_2B","Louisiana","NA","CRMS0465",3161447,29.53919,-91.38058,"NA",0,"9/28/2015",9,2015,995.92,"13","0","NA","0","0",0,"NA","0","0","Typha sp.",0,"Alternanthera philoxeroides",0,"NA",0,2,0,"NA","NA","NA","NA","NA","NA","NA","NA","NA","NA","NA","NA","NA","NA","NA"
"CRMS0465_2A","Louisiana","NA","CRMS0465",3161447,29.53918,-91.38051,"NA",0,"5/6/2015",5,2015,279.44,"0","0","NA","0","0",0,"NA","0","0","Sagittaria lancifolia",0,"Leersia hexandra",0,"NA",0,1,0,"NA","NA","NA","NA","NA","NA","NA","NA","NA","NA","NA","NA","NA","NA","NA"
"CRMS0465_2B","Louisiana","NA","CRMS0465",3161448,29.5392,-91.38046,"NA",0,"5/6/2015",5,2015,523.6,"0","0","NA","0","0",0,"NA","0","0","Typha latifolia",0,"Sagittaria lancifolia",0,"NA",0,1,0,"NA","NA","NA","NA","NA","NA","NA","NA","NA","NA","NA","NA","NA","NA","NA"
"CRMS0465_3A","Louisiana","NA","CRMS0465",3164018,29.53943,-91.38044,"NA",0,"5/6/2015",5,2015,444.44,"0","0","NA","0","0",0,"NA","0","0","Sagittaria lancifolia",0,"Ludwigia grandiflora",0,"NA",0,1,0,"NA","NA","NA","NA","NA","NA","NA","NA","NA","NA","NA","NA","NA","NA","NA"
"CRMS0465_3A","Louisiana","NA","CRMS0465",3164020,29.53949,-91.3798,"NA",0,"9/28/2015",9,2015,508,"27.39999962","0","NA","0","0",0,"NA","0","0","Alternanthera philoxeroides",0,"Unknown D",0,"NA",0,2,0,"NA","NA","NA","NA","NA","NA","NA","NA","NA","NA","NA","NA","NA","NA","NA"
"CRMS0465_3B","Louisiana","NA","CRMS0465",3164020,29.53942,-91.37976,"NA",0,"9/28/2015",9,2015,760.52,"30.60000038","0","NA","0","0",0,"NA","0","0","Typha sp.",0,"Polygonum punctatum",0,"NA",0,2,0,"NA","NA","NA","NA","NA","NA","NA","NA","NA","NA","NA","NA","NA","NA","NA"
"U3HI-2","PugetSound","Nisqually","U3HI",830,47.07936,-122.7099,"NA",.125,"8/12/2015",8,2015,843.32,"0","0","none","100","0",0,"NA","0","0","Phalaris arundinacea",95,"Juncus balticus",2,"Salix sp.",3,3,0,"NA","NA","NA","NA","NA","NA","NA","NA","NA","NA","NA","NA","NA","NA","NA"
"U3HI-3","PugetSound","Nisqually","U3HI",830,47.07934,-122.7097,"NA",.125,"8/12/2015",8,2015,405.62,"0","0","none","90","10",0,"NA","0","0","Juncus effusus",85,"Ranunculus repens",10,"Phalaris arundinacea",5,3,0,"NA","NA","NA","NA","NA","NA","NA","NA","NA","NA","NA","NA","NA","NA","NA"
"U3HI-1","PugetSound","Nisqually","U3HI",830,47.07948,-122.7098,"NA",.125,"8/12/2015",8,2015,630.02,"1","0","none","100","0",0,"NA","0","0","Eleocharis acicularis",85,"Phalaris arundinacea",15,"NA",0,3,0,"NA","NA","NA","NA","NA","NA","NA","NA","NA","NA","NA","NA","NA","NA","NA"
"U3HI-5","PugetSound","Nisqually","U3HI",919,47.07971,-122.7097,"NA",.125,"8/12/2015",8,2015,99.55,"0","0","none","60","40",0,"NA","0","0","Eleocharis acicularis",80,"Deschampsia cespitosa",20,"NA",0,3,0,"NA","NA","NA","NA","NA","NA","NA","NA","NA","NA","NA","NA","NA","NA","NA"
"U3HI-6","PugetSound","Nisqually","U3HI",919,47.07962,-122.7098,"NA",.125,"8/12/2015",8,2015,516.68,"3.5","0","none","90","10",0,"NA","0","0","Juncus balticus",80,"Juncus acutus",20,"NA",0,3,0,"NA","NA","NA","NA","NA","NA","NA","NA","NA","NA","NA","NA","NA","NA","NA"
"U3HI-4","PugetSound","Nisqually","U3HI",919,47.07971,-122.7098,"NA",.125,"8/12/2015",8,2015,496.48,"0","0","none","80","10",10,"NA","0","0","Eleocharis acicularis",64,"Bolboschoenus maritimus",15,"Schoenoplectus acutus",1,3,0,"NA","NA","NA","NA","NA","NA","NA","NA","NA","NA","NA","NA","NA","NA","NA"
"U3HI-9","PugetSound","Nisqually","U3HI",920,47.0796,-122.7093,"NA",.125,"8/12/2015",8,2015,103.09,"0","0","none","100","0",0,"NA","0","0","Ranunculus repens",80,"Schoenoplectus acutus",10,"Phalaris arundinacea",10,3,0,"NA","NA","NA","NA","NA","NA","NA","NA","NA","NA","NA","NA","NA","NA","NA"
"U3HI-8","PugetSound","Nisqually","U3HI",920,47.07961,-122.7094,"NA",.125,"8/12/2015",8,2015,486.21,"0","0","none","100","0",0,"NA","0","0","Bolboschoenus maritimus",80,"Carex lyngbyei",15,"Ranunculus repens",5,3,0,"NA","NA","NA","NA","NA","NA","NA","NA","NA","NA","NA","NA","NA","NA","NA"
"U3HI-7","PugetSound","Nisqually","U3HI",920,47.07972,-122.7094,"NA",.125,"8/12/2015",8,2015,206.33,"0","0","none","95","5",0,"NA","0","0","Ranunculus repens",70,"Schoenoplectus acutus",20,"Phalaris arundinacea",10,3,0,"NA","NA","NA","NA","NA","NA","NA","NA","NA","NA","NA","NA","NA","NA","NA"
"P2A-10","PugetSound","Nisqually","P2A",1029,47.07992,-122.7015,"NA",.125,"8/10/2015",8,2015,791.48,"0","0","none","100","0",0,"NA","0","0","Distichlis spicata",70,"Grindelia integrifolia",20,"Salicornia pacifica",10,3,0,"NA","NA","NA","NA","NA","NA","NA","NA","NA","NA","NA","NA","NA","NA","NA"
"P2A-11","PugetSound","Nisqually","P2A",1029,47.08002,-122.7014,"NA",.125,"8/10/2015",8,2015,712.78,"0","0","none","100","0",0,"NA","0","0","Distichlis spicata",90,"Atriplex patula",10,"NA",0,3,0,"NA","NA","NA","NA","NA","NA","NA","NA","NA","NA","NA","NA","NA","NA","NA"
"P2A-12","PugetSound","Nisqually","P2A",1029,47.07983,-122.7014,"NA",.125,"8/10/2015",8,2015,509.92,"0","0","none","100","0",0,"NA","0","0","Distichlis spicata",80,"Grindelia integrifolia",12,"Triglochin maritima",8,3,0,"NA","NA","NA","NA","NA","NA","NA","NA","NA","NA","NA","NA","NA","NA","NA"
"P2A-13","PugetSound","Nisqually","P2A",1030,47.07988,-122.701,"NA",.125,"8/10/2015",8,2015,529.12,"0","0","none","100","0",0,"NA","0","0","Distichlis spicata",80,"Triglochin maritima",15,"Atriplex patula",5,3,0,"NA","NA","NA","NA","NA","NA","NA","NA","NA","NA","NA","NA","NA","NA","NA"
"P2A-15","PugetSound","Nisqually","P2A",1030,47.07988,-122.7012,"NA",.125,"8/10/2015",8,2015,495.38,"0","0","none","100","0",0,"NA","0","0","Distichlis spicata",90,"Triglochin maritima",7,"Atriplex patula",3,3,0,"NA","NA","NA","NA","NA","NA","NA","NA","NA","NA","NA","NA","NA","NA","NA"
"P2A-14","PugetSound","Nisqually","P2A",1030,47.08001,-122.7011,"NA",.125,"8/10/2015",8,2015,659.79,"0","0","none","100","0",0,"NA","0","0","Distichlis spicata",94,"Triglochin maritima",5,"Atriplex patula",1,3,0,"NA","NA","NA","NA","NA","NA","NA","NA","NA","NA","NA","NA","NA","NA","NA"
"P2A-16","PugetSound","Nisqually","P2A",1031,47.07999,-122.7008,"NA",.125,"8/10/2015",8,2015,435.64,"0","0","none","100","0",0,"NA","0","0","Distichlis spicata",80,"Triglochin maritima",15,"Atriplex patula",5,3,0,"NA","NA","NA","NA","NA","NA","NA","NA","NA","NA","NA","NA","NA","NA","NA"
"P2A-18","PugetSound","Nisqually","P2A",1031,47.07987,-122.7007,"NA",.125,"8/10/2015",8,2015,1137.51,"0","0","none","100","0",0,"NA","0","0","Distichlis spicata",90,"Triglochin maritima",3,"Atriplex patula",7,3,0,"NA","NA","NA","NA","NA","NA","NA","NA","NA","NA","NA","NA","NA","NA","NA"
"P2A-17","PugetSound","Nisqually","P2A",1031,47.07999,-122.7006,"NA",.125,"8/10/2015",8,2015,717.74,"0","0","none","100","0",0,"NA","0","0","Distichlis spicata",50,"Triglochin maritima",40,"Salicornia pacifica",10,3,0,"NA","NA","NA","NA","NA","NA","NA","NA","NA","NA","NA","NA","NA","NA","NA"
"P2D-19","PugetSound","Nisqually","P2D",1052,47.07984,-122.6923,"NA",.125,"8/13/2015",8,2015,328.21,"0","0","none","100","0",0,"NA","0","0","Carex lyngbyei",90,"Distichlis spicata",5,"Unknown",5,3,0,"NA","NA","NA","NA","NA","NA","NA","NA","NA","NA","NA","NA","NA","NA","NA"
"P2D-21","PugetSound","Nisqually","P2D",1052,47.07997,-122.6923,"NA",.125,"8/13/2015",8,2015,489.19,"0","0","none","100","0",0,"NA","0","0","Carex lyngbyei",70,"Distichlis spicata",20,"Triglochin maritima",10,3,0,"NA","NA","NA","NA","NA","NA","NA","NA","NA","NA","NA","NA","NA","NA","NA"
"P2D-20","PugetSound","Nisqually","P2D",1052,47.07988,-122.6925,"NA",.125,"8/13/2015",8,2015,430.93,"0","0","none","100","0",0,"NA","0","0","Carex lyngbyei",85,"Distichlis spicata",10,"Atriplex patula",5,3,0,"NA","NA","NA","NA","NA","NA","NA","NA","NA","NA","NA","NA","NA","NA","NA"
"P2D-23","PugetSound","Nisqually","P2D",1053,47.07995,-122.6919,"NA",.125,"8/13/2015",8,2015,588.03,"0","0","none","100","0",0,"NA","0","0","Distichlis spicata",6,"Atriplex patula",20,"Bolboschoenus maritimus",20,3,0,"NA","NA","NA","NA","NA","NA","NA","NA","NA","NA","NA","NA","NA","NA","NA"
"P2D-24","PugetSound","Nisqually","P2D",1053,47.07985,-122.692,"NA",.125,"8/13/2015",8,2015,964.21,"0","30","low","98","2",0,"NA","0","0","Bolboschoenus maritimus",80,"Distichlis spicata",14,"Triglochin maritima",4,3,0,"NA","NA","NA","NA","NA","NA","NA","NA","NA","NA","NA","NA","NA","NA","NA"
"P2D-22","PugetSound","Nisqually","P2D",1053,47.07996,-122.6921,"NA",.125,"8/13/2015",8,2015,237.16,"0","0","none","100","0",0,"NA","0","0","Carex lyngbyei",70,"Distichlis spicata",30,"NA",0,3,0,"NA","NA","NA","NA","NA","NA","NA","NA","NA","NA","NA","NA","NA","NA","NA"
"P2D-27","PugetSound","Nisqually","P2D",1054,47.07994,-122.6915,"NA",.125,"8/13/2015",8,2015,544.89,"0","0","none","100","0",0,"NA","0","0","Distichlis spicata",88,"Triglochin maritima",10,"Salicornia pacifica",2,3,0,"NA","NA","NA","NA","NA","NA","NA","NA","NA","NA","NA","NA","NA","NA","NA"
"P2D-25","PugetSound","Nisqually","P2D",1054,47.07982,-122.6916,"NA",.125,"8/13/2015",8,2015,361.19,"0","0","none","100","0",0,"NA","0","0","Distichlis spicata",80,"Atriplex patula",10,"Bolboschoenus maritimus",10,3,0,"NA","NA","NA","NA","NA","NA","NA","NA","NA","NA","NA","NA","NA","NA","NA"
"P2D-26","PugetSound","Nisqually","P2D",1054,47.07994,-122.6917,"NA",.125,"8/13/2015",8,2015,905.95,"0","0","none","100","0",0,"NA","0","0","Distichlis spicata",70,"Atriplex patula",20,"Triglochin maritima",10,3,0,"NA","NA","NA","NA","NA","NA","NA","NA","NA","NA","NA","NA","NA","NA","NA"
"U2HI -28","PugetSound","Nisqually","U2HI",1523,47.08163,-122.7174,"NA",.125,"8/4/2015",8,2015,558.2,"0","8","low","90","5",10,"NA","0","0","Salicornia pacifica",90,"NA",0,"NA",0,1,0,"NA","NA","NA","NA","NA","NA","NA","NA","NA","NA","NA","NA","NA","NA","NA"
"U2HI -29","PugetSound","Nisqually","U2HI",1523,47.08164,-122.7172,"NA",.125,"8/12/2015",8,2015,655.39,"0","0","none","95","0",5,"NA","0","0","Distichlis spicata",15,"Salicornia pacifica",80,"NA",0,2,0,"NA","NA","NA","NA","NA","NA","NA","NA","NA","NA","NA","NA","NA","NA","NA"
"U2HI -30","PugetSound","Nisqually","U2HI",1523,47.08155,-122.7173,"NA",.125,"8/12/2015",8,2015,694.12,"0","0","none","75","0",25,"NA","0","0","Salicornia pacifica",55,"Cotula coronopifolia",20,"NA",0,2,0,"NA","NA","NA","NA","NA","NA","NA","NA","NA","NA","NA","NA","NA","NA","NA"
"U2HI -33","PugetSound","Nisqually","U2HI",1612,47.08186,-122.7172,"NA",.125,"8/4/2015",8,2015,773.52,"0","0","none","100","0",0,"NA","0","0","Salicornia pacifica",99,"Bolboschoenus maritimus",1,"NA",0,2,0,"NA","NA","NA","NA","NA","NA","NA","NA","NA","NA","NA","NA","NA","NA","NA"
"U2HI -32","PugetSound","Nisqually","U2HI",1612,47.08179,-122.7173,"NA",.125,"8/4/2015",8,2015,178.61,"0","0","none","50","0",50,"NA","0","0","Salicornia pacifica",45,"Bolboschoenus maritimus",3,"Triglochin maritima",2,2,0,"NA","NA","NA","NA","NA","NA","NA","NA","NA","NA","NA","NA","NA","NA","NA"
"U2HI -31","PugetSound","Nisqually","U2HI",1612,47.08191,-122.7174,"NA",.125,"8/12/2015",8,2015,704.86,"0","0","none","100","0",0,"NA","0","0","Salicornia pacifica",95,"Distichlis spicata",5,"NA",0,1,0,"NA","NA","NA","NA","NA","NA","NA","NA","NA","NA","NA","NA","NA","NA","NA"
"U2HI -34","PugetSound","Nisqually","U2HI",1613,47.0818,-122.7169,"NA",.125,"8/4/2015",8,2015,291.54,"0","0","none","100","0",0,"NA","0","0","Atriplex patula",80,"Bolboschoenus maritimus",15,"Salicornia pacifica",5,3,0,"NA","NA","NA","NA","NA","NA","NA","NA","NA","NA","NA","NA","NA","NA","NA"
"U2HI -36","PugetSound","Nisqually","U2HI",1613,47.08188,-122.717,"NA",.125,"8/4/2015",8,2015,386.75,"0","0","none","100","0",0,"NA","0","0","Salicornia pacifica",95,"Plantago maritima",5,"NA",0,3,0,"NA","NA","NA","NA","NA","NA","NA","NA","NA","NA","NA","NA","NA","NA","NA"
"U2HI -35","PugetSound","Nisqually","U2HI",1613,47.08191,-122.7168,"NA",.125,"8/4/2015",8,2015,145.79,"0","0","none","90","0",10,"NA","0","0","Bolboschoenus robustus",60,"Atriplex patula",20,"Cotula coronopifolia",10,3,0,"NA","NA","NA","NA","NA","NA","NA","NA","NA","NA","NA","NA","NA","NA","NA"
"PIS -38","PugetSound","Nisqually","P1S",2447,47.0843,-122.7039,"NA",.125,"8/20/2015",8,2015,193.08,"0","0","none","100","0",0,"NA","80","0","Scirpus cernuus",80,"Cotula coronopifolia",20,"NA",0,3,0,"NA","NA","NA","NA","NA","NA","NA","NA","NA","NA","NA","NA","NA","NA","NA"
"PIS -39","PugetSound","Nisqually","P1S",2447,47.08419,-122.7038,"NA",.125,"8/20/2015",8,2015,1029.2,"0","0","none","100","0",0,"NA","75","0","Scirpus cernuus",75,"Cotula coronopifolia",10,"Lysimachia maritima",15,3,0,"NA","NA","NA","NA","NA","NA","NA","NA","NA","NA","NA","NA","NA","NA","NA"
"PIS -37","PugetSound","Nisqually","P1S",2447,47.0843,-122.7038,"NA",.125,"8/20/2015",8,2015,375.74,"0","0","none","90","0",10,"NA","85","0","Scirpus cernuus",85,"Cotula coronopifolia",5,"NA",0,3,0,"NA","NA","NA","NA","NA","NA","NA","NA","NA","NA","NA","NA","NA","NA","NA"
"PIS -41","PugetSound","Nisqually","P1S",2448,47.08431,-122.7034,"NA",.125,"8/20/2015",8,2015,56.3,"0","0","none","75","0",25,"NA","50","0","Scirpus cernuus",50,"Cotula coronopifolia",5,"Lysimachia maritima",20,3,0,"NA","NA","NA","NA","NA","NA","NA","NA","NA","NA","NA","NA","NA","NA","NA"
"PIS -42","PugetSound","Nisqually","P1S",2448,47.0842,-122.7034,"NA",.125,"8/20/2015",8,2015,95.24,"0","0","none","100","0",0,"NA","50","0","Scirpus cernuus",50,"Cotula coronopifolia",40,"Lysimachia maritima",10,3,0,"NA","NA","NA","NA","NA","NA","NA","NA","NA","NA","NA","NA","NA","NA","NA"
"PIS -40","PugetSound","Nisqually","P1S",2448,47.08432,-122.7035,"NA",.125,"8/20/2015",8,2015,133.66,"0","0","none","100","0",0,"NA","80","0","Scirpus cernuus",80,"Cotula coronopifolia",10,"Lysimachia maritima",10,3,0,"NA","NA","NA","NA","NA","NA","NA","NA","NA","NA","NA","NA","NA","NA","NA"
"PIS -45","PugetSound","Nisqually","P1S",2449,47.08419,-122.7031,"NA",.125,"8/20/2015",8,2015,68.47,"0","0","none","90","0",10,"NA","0","0","Lysimachia maritima",95,"Scirpus cernuus",5,"NA",0,3,0,"NA","NA","NA","NA","NA","NA","NA","NA","NA","NA","NA","NA","NA","NA","NA"
"PIS -44","PugetSound","Nisqually","P1S",2449,47.08419,-122.703,"NA",.125,"8/20/2015",8,2015,614.8,"0","0","none","80","20",0,"NA","0","0","Distichlis spicata",90,"Green algae",10,"NA",0,3,0,"NA","NA","NA","NA","NA","NA","NA","NA","NA","NA","NA","NA","NA","NA","NA"
"PIS -43","PugetSound","Nisqually","P1S",2449,47.08429,-122.703,"NA",.125,"8/20/2015",8,2015,702.16,"0","0","none","100","0",0,"NA","0","0","Distichlis spicata",98,"Bolboschoenus maritimus",2,"NA",0,3,0,"NA","NA","NA","NA","NA","NA","NA","NA","NA","NA","NA","NA","NA","NA","NA"
"PIN-46","PugetSound","Nisqually","P1N",2986,47.08591,-122.7019,"NA",.125,"8/20/2015",8,2015,649.68,"0","10","low","95","5",0,"NA","0","0","Distichlis spicata",95,"NA",0,"NA",0,3,0,"NA","NA","NA","NA","NA","NA","NA","NA","NA","NA","NA","NA","NA","NA","NA"
"PIN-48","PugetSound","Nisqually","P1N",2986,47.08579,-122.7018,"NA",.125,"8/20/2015",8,2015,198.23,"0","10","low","100","0",0,"NA","0","0","Distichlis spicata",100,"NA",0,"NA",0,3,0,"NA","NA","NA","NA","NA","NA","NA","NA","NA","NA","NA","NA","NA","NA","NA"
"PIN-47","PugetSound","Nisqually","P1N",2986,47.08593,-122.7017,"NA",.125,"8/20/2015",8,2015,323.13,"0","0","none","100","0",0,"NA","0","0","Distichlis spicata",98,"Hordeum brachyantherum",2,"NA",0,3,0,"NA","NA","NA","NA","NA","NA","NA","NA","NA","NA","NA","NA","NA","NA","NA"
"PIN-51","PugetSound","Nisqually","P1N",3075,47.0861,-122.7018,"NA",.125,"8/20/2015",8,2015,281.33,"0","0","none","100","0",0,"NA","0","0","Distichlis spicata",90,"Triglochin maritima",10,"NA",0,3,0,"NA","NA","NA","NA","NA","NA","NA","NA","NA","NA","NA","NA","NA","NA","NA"
"PIN-50","PugetSound","Nisqually","P1N",3075,47.08603,-122.702,"NA",.125,"8/20/2015",8,2015,363.76,"0","25","low","100","0",0,"NA","0","0","Distichlis spicata",60,"Triglochin maritima",40,"NA",0,3,0,"NA","NA","NA","NA","NA","NA","NA","NA","NA","NA","NA","NA","NA","NA","NA"
"PIN-49","PugetSound","Nisqually","P1N",3075,47.08617,-122.7019,"NA",.125,"8/20/2015",8,2015,583.84,"0","0","none","100","0",0,"NA","0","0","Distichlis spicata",98,"Triglochin maritima",2,"NA",0,3,0,"NA","NA","NA","NA","NA","NA","NA","NA","NA","NA","NA","NA","NA","NA","NA"
"P_E-54","PugetSound","Nisqually","P_E",3083,47.08607,-122.6985,"NA",.125,"8/10/2015",8,2015,437.67,"0","0","none","100","0",0,"NA","0","0","Distichlis spicata",80,"Jaumea carnosa",15,"Salicornia pacifica",5,3,0,"NA","NA","NA","NA","NA","NA","NA","NA","NA","NA","NA","NA","NA","NA","NA"
"P_E-52","PugetSound","Nisqually","P_E",3083,47.08615,-122.6986,"NA",.125,"8/10/2015",8,2015,298.15,"0","0","none","100","0",0,"NA","0","0","Distichlis spicata",50,"Salicornia pacifica",30,"Jaumea carnosa",20,3,0,"NA","NA","NA","NA","NA","NA","NA","NA","NA","NA","NA","NA","NA","NA","NA"
"P_E-53","PugetSound","Nisqually","P_E",3083,47.08622,-122.6987,"NA",.125,"8/10/2015",8,2015,516.65,"0","0","none","100","0",0,"NA","0","0","Distichlis spicata",80,"Triglochin maritima",15,"Salicornia pacifica",5,3,0,"NA","NA","NA","NA","NA","NA","NA","NA","NA","NA","NA","NA","NA","NA","NA"
"P_E-57","PugetSound","Nisqually","P_E",3084,47.08608,-122.6983,"NA",.125,"8/10/2015",8,2015,650.85,"0","0","none","95","0",5,"NA","0","0","Distichlis spicata",70,"Salicornia pacifica",20,"Triglochin maritima",5,3,0,"NA","NA","NA","NA","NA","NA","NA","NA","NA","NA","NA","NA","NA","NA","NA"
"P_E-55","PugetSound","Nisqually","P_E",3084,47.0862,-122.6984,"NA",.125,"8/10/2015",8,2015,579.52,"0","0","none","100","0",0,"NA","0","0","Distichlis spicata",60,"Triglochin maritima",25,"Salicornia pacifica",15,3,0,"NA","NA","NA","NA","NA","NA","NA","NA","NA","NA","NA","NA","NA","NA","NA"
"P_E-56","PugetSound","Nisqually","P_E",3084,47.08619,-122.6982,"NA",.125,"8/10/2015",8,2015,524.31,"0","0","none","98","0",2,"NA","0","0","Distichlis spicata",70,"Salicornia pacifica",18,"Triglochin maritima",10,3,0,"NA","NA","NA","NA","NA","NA","NA","NA","NA","NA","NA","NA","NA","NA","NA"
"PIN-60","PugetSound","Nisqually","P1N",3164,47.08648,-122.7019,"NA",.125,"8/20/2015",8,2015,391.52,"0","0","none","95","5",0,"NA","0","0","Distichlis spicata",98,"Atriplex patula",2,"NA",0,3,0,"NA","NA","NA","NA","NA","NA","NA","NA","NA","NA","NA","NA","NA","NA","NA"
"PIN-58","PugetSound","Nisqually","P1N",3164,47.08635,-122.702,"NA",.125,"8/20/2015",8,2015,565.61,"0","20","low","100","0",0,"NA","0","0","Distichlis spicata",100,"NA",0,"NA",0,3,0,"NA","NA","NA","NA","NA","NA","NA","NA","NA","NA","NA","NA","NA","NA","NA"
"PIN-59","PugetSound","Nisqually","P1N",3164,47.08635,-122.7017,"NA",.125,"8/20/2015",8,2015,592.67,"0","0","none","100","0",0,"NA","0","0","Distichlis spicata",93,"Grindelia integrifolia",2,"Salicornia pacifica",5,3,0,"NA","NA","NA","NA","NA","NA","NA","NA","NA","NA","NA","NA","NA","NA","NA"
"P_E-62","PugetSound","Nisqually","P_E",3172,47.08648,-122.6987,"NA",.125,"8/10/2015",8,2015,4.33,"0","0","none","15","0",85,"NA","15","0","Scirpus cernuus",15,"NA",0,"NA",0,3,0,"NA","NA","NA","NA","NA","NA","NA","NA","NA","NA","NA","NA","NA","NA","NA"
"P_E-61","PugetSound","Nisqually","P_E",3172,47.0864,-122.6987,"NA",.125,"8/10/2015",8,2015,847.83,"0","15.30000019","low","100","0",0,"NA","0","0","Distichlis spicata",70,"Triglochin maritima",25,"Salicornia pacifica",5,3,0,"NA","NA","NA","NA","NA","NA","NA","NA","NA","NA","NA","NA","NA","NA","NA"
"P_E-63","PugetSound","Nisqually","P_E",3172,47.08632,-122.6987,"NA",.125,"8/10/2015",8,2015,515.18,"0","24","low","100","0",0,"NA","0","0","Distichlis spicata",85,"Triglochin maritima",10,"Salicornia pacifica",5,3,0,"NA","NA","NA","NA","NA","NA","NA","NA","NA","NA","NA","NA","NA","NA","NA"
"U2M-64","PugetSound","Nisqually","U2M",3223,47.08667,-122.7138,"NA",.125,"8/12/2015",8,2015,583.03,"0","0","none","98","0",2,"NA","0","0","Salicornia pacifica",97,"Distichlis spicata",1,"NA",0,3,0,"NA","NA","NA","NA","NA","NA","NA","NA","NA","NA","NA","NA","NA","NA","NA"
"U2M-66","PugetSound","Nisqually","U2M",3223,47.08677,-122.7137,"NA",.125,"8/12/2015",8,2015,1063.54,"0","17.39999962","low","85","15",5,"NA","0","0","Salicornia pacifica",70,"Jaumea carnosa",15,"NA",0,3,0,"NA","NA","NA","NA","NA","NA","NA","NA","NA","NA","NA","NA","NA","NA","NA"
"U2M -65+","PugetSound","Nisqually","U2M",3223,47.08666,-122.7136,"NA",.125,"8/12/2015",8,2015,61.9,"0","17.5","low","85","0",15,"NA","0","0","Salicornia pacifica",60,"Distichlis spicata",25,"NA",0,3,0,"NA","NA","NA","NA","NA","NA","NA","NA","NA","NA","NA","NA","NA","NA","NA"
"U2M-67","PugetSound","Nisqually","U2M",3312,47.08703,-122.7137,"NA",.125,"8/12/2015",8,2015,327.97,"0","17.5","low","75","0",25,"NA","0","0","Salicornia pacifica",75,"NA",0,"NA",0,3,0,"NA","NA","NA","NA","NA","NA","NA","NA","NA","NA","NA","NA","NA","NA","NA"
"U2M-68","PugetSound","Nisqually","U2M",3312,47.08694,-122.7138,"NA",.125,"8/12/2015",8,2015,90.98,"0","16.10000038","low","50","0",50,"NA","0","0","Salicornia pacifica",40,"Lysimachia maritima",10,"NA",0,3,0,"NA","NA","NA","NA","NA","NA","NA","NA","NA","NA","NA","NA","NA","NA","NA"
"U2M-69","PugetSound","Nisqually","U2M",3312,47.08692,-122.7136,"NA",.125,"8/12/2015",8,2015,424.29,"0","10.80000019","low","75","0",25,"NA","0","0","Salicornia pacifica",100,"NA",0,"NA",0,3,0,"NA","NA","NA","NA","NA","NA","NA","NA","NA","NA","NA","NA","NA","NA","NA"
"U2M-71","PugetSound","Nisqually","U2M",3401,47.08718,-122.7136,"NA",.125,"8/12/2015",8,2015,315.6,"0","15","low","25","0",75,"NA","0","0","Salicornia pacifica",100,"NA",0,"NA",0,3,0,"NA","NA","NA","NA","NA","NA","NA","NA","NA","NA","NA","NA","NA","NA","NA"
"U2M-72","PugetSound","Nisqually","U2M",3401,47.08729,-122.7137,"NA",.125,"8/12/2015",8,2015,286.79,"0","14.5","low","80","0",20,"NA","0","0","Salicornia pacifica",70,"Lysimachia maritima",10,"NA",0,3,0,"NA","NA","NA","NA","NA","NA","NA","NA","NA","NA","NA","NA","NA","NA","NA"
"U2M-70","PugetSound","Nisqually","U2M",3401,47.08718,-122.7138,"NA",.125,"8/12/2015",8,2015,627.99,"0","9.5","low","35","0",65,"NA","0","0","Salicornia pacifica",20,"Lysimachia maritima",15,"NA",0,3,0,"NA","NA","NA","NA","NA","NA","NA","NA","NA","NA","NA","NA","NA","NA","NA"
"U3S-73+","PugetSound","Nisqually","U3S",3858,47.08863,-122.7091,"NA",.125,"8/24/2015",8,2015,97.4,"0","0","none","90","0",10,"NA","0","0","Scirpus cernuus",90,"NA",0,"NA",0,3,0,"NA","NA","NA","NA","NA","NA","NA","NA","NA","NA","NA","NA","NA","NA","NA"
"U3S-74+","PugetSound","Nisqually","U3S",3858,47.08864,-122.7089,"NA",.125,"8/24/2015",8,2015,303.11,"0","0","none","100","0",0,"NA","0","0","Scirpus cernuus",100,"NA",0,"NA",0,3,0,"NA","NA","NA","NA","NA","NA","NA","NA","NA","NA","NA","NA","NA","NA","NA"
"U3S-75+","PugetSound","Nisqually","U3S",3858,47.08852,-122.7089,"NA",.125,"8/24/2015",8,2015,138.68,"0","0","none","100","0",0,"NA","0","0","Scirpus cernuus",100,"NA",0,"NA",0,3,0,"NA","NA","NA","NA","NA","NA","NA","NA","NA","NA","NA","NA","NA","NA","NA"
"U3S-77","PugetSound","Nisqually","U3S",3945,47.08883,-122.7096,"NA",.125,"8/24/2015",8,2015,46.79,"0","0","none","30","0",70,"NA","0","0","Lysimachia maritima",29,"Green algae",1,"NA",0,3,0,"NA","NA","NA","NA","NA","NA","NA","NA","NA","NA","NA","NA","NA","NA","NA"
"U3S-78","PugetSound","Nisqually","U3S",3945,47.08893,-122.7097,"NA",.125,"8/24/2015",8,2015,99.29,"0","0","none","85","0",15,"NA","0","0","Lysimachia maritima",80,"Cotula coronopifolia",5,"NA",0,3,0,"NA","NA","NA","NA","NA","NA","NA","NA","NA","NA","NA","NA","NA","NA","NA"
"U3S-76","PugetSound","Nisqually","U3S",3945,47.08881,-122.7098,"NA",.125,"8/24/2015",8,2015,173.09,"0","0","none","70","0",30,"NA","0","0","Lysimachia maritima",70,"NA",0,"NA",0,3,0,"NA","NA","NA","NA","NA","NA","NA","NA","NA","NA","NA","NA","NA","NA","NA"
"U3S-81+","PugetSound","Nisqually","U3S",3946,47.08891,-122.7094,"NA",.125,"8/24/2015",8,2015,31.44,"0","5","low","25","0",75,"NA","0","0","Lysimachia maritima",25,"NA",0,"NA",0,3,0,"NA","NA","NA","NA","NA","NA","NA","NA","NA","NA","NA","NA","NA","NA","NA"
"U3S-79+","PugetSound","Nisqually","U3S",3946,47.08891,-122.7093,"NA",.125,"8/24/2015",8,2015,31.08,"0","2","low","30","0",79,"NA","0","0","Lysimachia maritima",27,"Green algae",3,"NA",0,3,0,"NA","NA","NA","NA","NA","NA","NA","NA","NA","NA","NA","NA","NA","NA","NA"
"U3S-80+","PugetSound","Nisqually","U3S",3946,47.08881,-122.7094,"NA",.125,"8/24/2015",8,2015,92.82,"0","0","none","85","0",15,"NA","0","0","Scirpus cernuus",85,"NA",0,"NA",0,3,0,"NA","NA","NA","NA","NA","NA","NA","NA","NA","NA","NA","NA","NA","NA","NA"
"REFC -83","PugetSound","Nisqually","REFC",4163,47.08942,-122.6938,"NA",.125,"8/5/2015",8,2015,564.75,"0","0","none","100","0",0,"NA","0","0","Distichlis spicata",60,"Triglochin maritima",30,"Salicornia pacifica",10,3,0,"NA","NA","NA","NA","NA","NA","NA","NA","NA","NA","NA","NA","NA","NA","NA"
"REFC -84","PugetSound","Nisqually","REFC",4163,47.08942,-122.694,"NA",.125,"8/5/2015",8,2015,500.56,"0","0","none","100","0",0,"NA","0","0","Distichlis spicata",90,"Triglochin maritima",7,"Jaumea carnosa",3,3,0,"NA","NA","NA","NA","NA","NA","NA","NA","NA","NA","NA","NA","NA","NA","NA"
"REFC -82","PugetSound","Nisqually","REFC",4163,47.08931,-122.6939,"NA",.125,"8/5/2015",8,2015,586.69,"0","0","none","95","0",5,"NA","0","0","Distichlis spicata",50,"Triglochin maritima",35,"Jaumea carnosa",15,3,0,"NA","NA","NA","NA","NA","NA","NA","NA","NA","NA","NA","NA","NA","NA","NA"
"REFC -87","PugetSound","Nisqually","REFC",4250,47.08957,-122.6947,"NA",.125,"8/5/2015",8,2015,537.61,"0","0","none","100","0",0,"NA","0","0","Distichlis spicata",95,"Jaumea carnosa",4,"Triglochin maritima",1,3,0,"NA","NA","NA","NA","NA","NA","NA","NA","NA","NA","NA","NA","NA","NA","NA"
"REFC -85","PugetSound","Nisqually","REFC",4250,47.08967,-122.6948,"NA",.125,"8/5/2015",8,2015,415.73,"0","0","none","98","0",0,"NA","0","0","Distichlis spicata",95,"Jaumea carnosa",3,"Triglochin maritima",2,3,0,"NA","NA","NA","NA","NA","NA","NA","NA","NA","NA","NA","NA","NA","NA","NA"
"REFC -86","PugetSound","Nisqually","REFC",4250,47.08967,-122.6946,"NA",.125,"8/5/2015",8,2015,1017.05,"0","0","none","100","0",0,"NA","0","0","Distichlis spicata",95,"Jaumea carnosa",4,"Grindelia integrifolia",1,3,0,"NA","NA","NA","NA","NA","NA","NA","NA","NA","NA","NA","NA","NA","NA","NA"
"REFC -90","PugetSound","Nisqually","REFC",4251,47.08968,-122.6943,"NA",.125,"8/5/2015",8,2015,677.9,"0","0","none","100","0",0,"NA","0","0","Distichlis spicata",93,"Jaumea carnosa",4,"Atriplex patula",3,3,0,"NA","NA","NA","NA","NA","NA","NA","NA","NA","NA","NA","NA","NA","NA","NA"
"REFC -88","PugetSound","Nisqually","REFC",4251,47.08955,-122.6943,"NA",.125,"8/5/2015",8,2015,642.34,"0","0","none","100","0",0,"NA","0","0","Distichlis spicata",95,"Jaumea carnosa",4,"Salicornia pacifica",1,3,0,"NA","NA","NA","NA","NA","NA","NA","NA","NA","NA","NA","NA","NA","NA","NA"
"REFC -89","PugetSound","Nisqually","REFC",4251,47.08963,-122.6944,"NA",.125,"8/5/2015",8,2015,304.38,"0","0","none","100","0",0,"NA","0","0","Distichlis spicata",99,"Jaumea carnosa",1,"NA",0,3,0,"NA","NA","NA","NA","NA","NA","NA","NA","NA","NA","NA","NA","NA","NA","NA"
"U3N -92","PugetSound","Nisqually","U3N",5108,47.09231,-122.7073,"NA",.125,"8/6/2015",8,2015,35.03,"6","0","none","20","0",80,"NA","0","0","Cotula coronopifolia",20,"NA",0,"NA",0,3,0,"NA","NA","NA","NA","NA","NA","NA","NA","NA","NA","NA","NA","NA","NA","NA"
"U3N-91","PugetSound","Nisqually","U3N",5108,47.09241,-122.7074,"NA",.125,"8/6/2015",8,2015,46.03,"0","0","none","25","0",75,"NA","0","0","Cotula coronopifolia",20,"Scirpus cernuus",5,"NA",0,3,0,"NA","NA","NA","NA","NA","NA","NA","NA","NA","NA","NA","NA","NA","NA","NA"
"U3N -93","PugetSound","Nisqually","U3N",5108,47.09231,-122.7075,"NA",.125,"8/6/2015",8,2015,72.14,"0","0","none","50","0",50,"NA","0","0","Cotula coronopifolia",50,"NA",0,"NA",0,3,0,"NA","NA","NA","NA","NA","NA","NA","NA","NA","NA","NA","NA","NA","NA","NA"
"U3N -96","PugetSound","Nisqually","U3N",5283,47.09285,-122.7085,"NA",.125,"8/6/2015",8,2015,42.46,"0","0","none","25","0",75,"NA","0","0","Cotula coronopifolia",15,"Scirpus cernuus",10,"NA",0,3,0,"NA","NA","NA","NA","NA","NA","NA","NA","NA","NA","NA","NA","NA","NA","NA"
"U3N -94","PugetSound","Nisqually","U3N",5283,47.09296,-122.7085,"NA",.125,"8/6/2015",8,2015,141.01,"0","0","none","30","0",70,"NA","0","0","Cotula coronopifolia",20,"Scirpus cernuus",10,"NA",0,3,0,"NA","NA","NA","NA","NA","NA","NA","NA","NA","NA","NA","NA","NA","NA","NA"
"U3N -95","PugetSound","Nisqually","U3N",5283,47.09285,-122.7086,"NA",.125,"8/6/2015",8,2015,80.69,"0","0","none","80","0",20,"NA","0","0","Cotula coronopifolia",60,"Scirpus cernuus",20,"NA",0,3,0,"NA","NA","NA","NA","NA","NA","NA","NA","NA","NA","NA","NA","NA","NA","NA"
"U3N -99","PugetSound","Nisqually","U3N",5284,47.09284,-122.7082,"NA",.125,"8/6/2015",8,2015,127.19,"0","0","none","75","0",25,"NA","0","0","Cotula coronopifolia",40,"Scirpus cernuus",35,"NA",0,3,0,"NA","NA","NA","NA","NA","NA","NA","NA","NA","NA","NA","NA","NA","NA","NA"
"U3N -98","PugetSound","Nisqually","U3N",5284,47.09297,-122.7083,"NA",.125,"8/6/2015",8,2015,179.1,"0","0","none","90","0",10,"NA","0","0","Cotula coronopifolia",50,"Scirpus cernuus",40,"NA",0,3,0,"NA","NA","NA","NA","NA","NA","NA","NA","NA","NA","NA","NA","NA","NA","NA"
"U3N -97","PugetSound","Nisqually","U3N",5284,47.09296,-122.7081,"NA",.125,"8/6/2015",8,2015,5.13,"4","0","none","15","0",85,"NA","0","0","Cotula coronopifolia",5,"Scirpus cernuus",10,"NA",0,3,0,"NA","NA","NA","NA","NA","NA","NA","NA","NA","NA","NA","NA","NA","NA","NA"
"REF B -101","PugetSound","Nisqually","REFB",5504,47.09341,-122.6915,"NA",.125,"8/27/2015",8,2015,791.23,"0","0","none","100","0",0,"NA","0","0","Distichlis spicata",85,"Triglochin maritima",10,"Eleocharis sp",5,3,0,"NA","NA","NA","NA","NA","NA","NA","NA","NA","NA","NA","NA","NA","NA","NA"
"REF B -102","PugetSound","Nisqually","REFB",5504,47.09332,-122.6916,"NA",.125,"8/27/2015",8,2015,911.43,"0","0","none","100","0",0,"NA","0","0","Distichlis spicata",88,"Lysimachia maritima",15,"Salicornia pacifica",2,3,0,"NA","NA","NA","NA","NA","NA","NA","NA","NA","NA","NA","NA","NA","NA","NA"
"REF B -100","PugetSound","Nisqually","REFB",5504,47.09349,-122.6916,"NA",.125,"8/27/2015",8,2015,305.66,"0","0","none","100","0",0,"NA","0","0","Distichlis spicata",75,"Triglochin maritima",15,"Carex lyngbyei",10,3,0,"NA","NA","NA","NA","NA","NA","NA","NA","NA","NA","NA","NA","NA","NA","NA"
"REF B -105","PugetSound","Nisqually","REFB",5593,47.0936,-122.6916,"NA",.125,"8/27/2015",8,2015,439.01,"0","0","none","100","0",0,"NA","0","0","Distichlis spicata",80,"Symphytrichum subspicatum",15,"Agrostis gigantea",5,3,0,"NA","NA","NA","NA","NA","NA","NA","NA","NA","NA","NA","NA","NA","NA","NA"
"REF B -104","PugetSound","Nisqually","REFB",5593,47.09375,-122.6916,"NA",.125,"8/27/2015",8,2015,1037.55,"0","0","none","100","0",0,"NA","0","0","Carex lyngbyei",100,"NA",0,"NA",0,3,0,"NA","NA","NA","NA","NA","NA","NA","NA","NA","NA","NA","NA","NA","NA","NA"
"REF B -103","PugetSound","Nisqually","REFB",5593,47.09362,-122.6914,"NA",.125,"8/27/2015",8,2015,1281.27,"0","0","none","100","0",0,"NA","0","0","Distichlis spicata",75,"Symphytrichum subspicatum",15,"Agrostis gigantea",10,3,0,"NA","NA","NA","NA","NA","NA","NA","NA","NA","NA","NA","NA","NA","NA","NA"
"REF B -108+","PugetSound","Nisqually","REFB",5682,47.09387,-122.6915,"NA",.125,"8/27/2015",8,2015,724.72,"0","0","none","100","0",0,"NA","0","0","Distichlis spicata",70,"Symphytrichum subspicatum",20,"Eleocharis sp",10,3,0,"NA","NA","NA","NA","NA","NA","NA","NA","NA","NA","NA","NA","NA","NA","NA"
"REF B -107+","PugetSound","Nisqually","REFB",5682,47.09387,-122.6916,"NA",.125,"8/27/2015",8,2015,731.34,"0","0","none","100","0",0,"NA","0","0","Symphytrichum subspicatum",50,"Distichlis spicata",30,"Agrostis gigantea",20,3,0,"NA","NA","NA","NA","NA","NA","NA","NA","NA","NA","NA","NA","NA","NA","NA"
"REF B -106+","PugetSound","Nisqually","REFB",5682,47.09399,-122.6916,"NA",.125,"8/27/2015",8,2015,649.14,"0","0","none","100","0",0,"NA","0","0","Agrostis stolonifera",80,"Triglochin maritima",15,"Eleocharis sp",5,3,0,"NA","NA","NA","NA","NA","NA","NA","NA","NA","NA","NA","NA","NA","NA","NA"
"Anim-110","PugetSound","Nisqually","Animal",6467,47.09644,-122.6978,"NA",.125,"8/19/2015",8,2015,295.98,"0","0","none","100","0",0,"NA","0","0","Distichlis spicata",80,"Triglochin maritima",15,"Eleocharis sp?",5,3,0,"NA","NA","NA","NA","NA","NA","NA","NA","NA","NA","NA","NA","NA","NA","NA"
"Anim-109","PugetSound","Nisqually","Animal",6467,47.09644,-122.6979,"NA",.125,"8/19/2015",8,2015,481.48,"0","0","none","100","0",0,"NA","0","0","Distichlis spicata",75,"Triglochin maritima",15,"Carex lyngbyei",10,3,0,"NA","NA","NA","NA","NA","NA","NA","NA","NA","NA","NA","NA","NA","NA","NA"
"Anim-111","PugetSound","Nisqually","Animal",6467,47.09633,-122.6978,"NA",.125,"8/19/2015",8,2015,300.96,"0","0","none","95","0",0,"NA","50","0","Distichlis spicata",57,"Triglochin maritima",19,"Potentilla anserina",19,3,0,"NA","NA","NA","NA","NA","NA","NA","NA","NA","NA","NA","NA","NA","NA","NA"
"Anim-112","PugetSound","Nisqually","Animal",6468,47.09633,-122.6975,"NA",.125,"8/19/2015",8,2015,814.03,"0","0","none","100","0",0,"NA","0","0","Symphytrichum subspicatum",50,"Distichlis spicata",25,"Triglochin maritima",25,3,0,"NA","NA","NA","NA","NA","NA","NA","NA","NA","NA","NA","NA","NA","NA","NA"
"Anim-113","PugetSound","Nisqually","Animal",6468,47.09632,-122.6974,"NA",.125,"8/19/2015",8,2015,458.82,"0","0","none","100","0",0,"NA","0","0","Symphytrichum subspicatum",50,"Carex lyngbyei",35,"Eleocharis acicularis",15,3,0,"NA","NA","NA","NA","NA","NA","NA","NA","NA","NA","NA","NA","NA","NA","NA"
"Anim-114","PugetSound","Nisqually","Animal",6468,47.09643,-122.6974,"NA",.125,"8/19/2015",8,2015,632.8,"0","0","none","100","0",0,"NA","0","0","Eleocharis acicularis",40,"Triglochin maritima",40,"Carex lyngbyei",20,3,0,"NA","NA","NA","NA","NA","NA","NA","NA","NA","NA","NA","NA","NA","NA","NA"
"Anim-115","PugetSound","Nisqually","Animal",6469,47.09643,-122.6971,"NA",.125,"8/19/2015",8,2015,126.14,"0","0","none","70","0",30,"NA","0","0","Triglochin maritima",55,"Distichlis spicata",12,"Green algae",3,3,0,"NA","NA","NA","NA","NA","NA","NA","NA","NA","NA","NA","NA","NA","NA","NA"
"Anim-117","PugetSound","Nisqually","Animal",6469,47.09631,-122.697,"NA",.125,"8/20/2015",8,2015,280.02,"0","0","none","100","0",0,"NA","0","0","Distichlis spicata",80,"Green algae",15,"Triglochin maritima",5,3,0,"NA","NA","NA","NA","NA","NA","NA","NA","NA","NA","NA","NA","NA","NA","NA"
"Anim-116","PugetSound","Nisqually","Animal",6469,47.09643,-122.697,"NA",.125,"8/19/2015",8,2015,275,"0","5","low","95","5",0,"NA","0","0","Triglochin maritima",47,"Distichlis spicata",39,"Eleocharis sp?",9,3,0,"NA","NA","NA","NA","NA","NA","NA","NA","NA","NA","NA","NA","NA","NA","NA"
"19-8","SFBay","Sand Mound Slough","19",139105,37.99866,-121.6238,"8",.0625,"8/5/2008",8,2008,800,"NA","NA","NA","NA","NA",0,"62.5","NA","NA","Sparganium eurycarpum ssp. eurycarpum",62.5,"Sparganium eurycarpum ssp. eurycarpum",62.5,"Sparganium eurycarpum ssp. eurycarpum",37.5,2,2,"NA","NA","333.50","0.00","4.00","NA","NA","NA","NA","NA","NA","NA","NA","NA","NA"
"19-8","SFBay","Sand Mound Slough","19",139105,37.99866,-121.6238,"8",.0625,"8/5/2008",8,2008,1048,"NA","NA","NA","NA","NA",0,"62.5","NA","NA","Sparganium eurycarpum ssp. eurycarpum",62.5,"Sparganium eurycarpum ssp. eurycarpum",62.5,"Sparganium eurycarpum ssp. eurycarpum",37.5,2,2,"NA","NA","258.30","0.00","5.00","NA","NA","NA","NA","NA","NA","NA","NA","NA","NA"
"19-3","SFBay","Sand Mound Slough","19",139106,37.99866,-121.6236,"3",.0625,"8/5/2008",8,2008,1206.4,"NA","NA","NA","NA","NA",0,"62.5","NA","NA","Schoenoplectus acutus",62.5,"NA",37.5,"NA",15,4,2,"NA","NA","285.00","0.00","5.39","NA","NA","NA","NA","NA","NA","NA","NA","NA","NA"
"19-3","SFBay","Sand Mound Slough","19",139106,37.99866,-121.6235,"3",.0625,"8/5/2008",8,2008,2688,"NA","NA","NA","NA","NA",0,"62.5","NA","NA","Schoenoplectus acutus",62.5,"NA",37.5,"NA",15,4,2,"NA","NA","374.60","0.00","2.00","NA","NA","NA","NA","NA","NA","NA","NA","NA","NA"
"19-6","SFBay","Sand Mound Slough","19",139106,37.99866,-121.6236,"6",.0625,"8/5/2008",8,2008,1208,"NA","NA","NA","NA","NA",0,"85","NA","NA","Helenium bigelovii",62.5,"Helenium bigelovii",62.5,"Sparganium eurycarpum ssp. eurycarpum",15,4,2,"NA","NA","231.50","0.00","2.00","NA","NA","NA","NA","NA","NA","NA","NA","NA","NA"
"19-1","SFBay","Sand Mound Slough","19",139106,37.99866,-121.6235,"1",.0625,"8/5/2008",8,2008,764.8,"NA","NA","NA","NA","NA",0,"62.5","NA","NA","Schoenoplectus americanus",85,"Schoenoplectus acutus",37.5,"Carex obnupta",15,4,2,"NA","NA","323.60","0.00","4.00","NA","NA","NA","NA","NA","NA","NA","NA","NA","NA"
"19-1","SFBay","Sand Mound Slough","19",139107,37.99866,-121.6234,"1",.0625,"8/5/2008",8,2008,1987.2,"NA","NA","NA","NA","NA",0,"62.5","NA","NA","Schoenoplectus americanus",85,"Schoenoplectus acutus",37.5,"Carex obnupta",15,1,2,"NA","NA","211.00","0.00","2.00","NA","NA","NA","NA","NA","NA","NA","NA","NA","NA"
"15-3","SFBay","Sand Mound Slough","15",160513,38.00083,-121.624,"3",.0625,"7/29/2008",7,2008,1051.68,"NA","NA","NA","NA","NA",0,"0","NA","NA","Rumex californicus",62.5,"NA",15,"NA",15,7,0,"NA","NA","65.73","0.00","4.12","NA","NA","NA","NA","NA","NA","NA","NA","NA","NA"
"15-3","SFBay","Sand Mound Slough","15",160513,38.00083,-121.6239,"3",.0625,"7/29/2008",7,2008,1691.36,"NA","NA","NA","NA","NA",0,"0","NA","NA","Rumex californicus",62.5,"NA",15,"NA",15,7,0,"NA","NA","384.84","0.00","5.66","NA","NA","NA","NA","NA","NA","NA","NA","NA","NA"
"15-3","SFBay","Sand Mound Slough","15",160513,38.00083,-121.6239,"3",.0625,"7/29/2008",7,2008,2799.04,"NA","NA","NA","NA","NA",0,"0","NA","NA","Rumex californicus",62.5,"NA",15,"NA",15,7,0,"NA","NA","270.05","0.00","5.00","NA","NA","NA","NA","NA","NA","NA","NA","NA","NA"
"15-1","SFBay","Sand Mound Slough","15",160513,38.00083,-121.6239,"1",.0625,"7/29/2008",7,2008,1376,"NA","NA","NA","NA","NA",0,"37.5","NA","NA","Helenium bigelovii",62.5,"Helenium bigelovii",37.5,"Rumex californicus",15,7,0,"NA","NA","342.96","0.00","7.21","NA","NA","NA","NA","NA","NA","NA","NA","NA","NA"
"15-1","SFBay","Sand Mound Slough","15",160513,38.00083,-121.6239,"1",.0625,"7/29/2008",7,2008,2616,"NA","NA","NA","NA","NA",0,"37.5","NA","NA","Helenium bigelovii",62.5,"Helenium bigelovii",37.5,"Rumex californicus",15,7,0,"NA","NA","281.40","0.00","6.32","NA","NA","NA","NA","NA","NA","NA","NA","NA","NA"
"15-3","SFBay","Sand Mound Slough","15",160513,38.00083,-121.624,"3",.0625,"7/29/2008",7,2008,1542.4,"NA","NA","NA","NA","NA",0,"0","NA","NA","Rumex californicus",62.5,"NA",15,"NA",15,7,0,"NA","NA","96.40","0.00","4.00","NA","NA","NA","NA","NA","NA","NA","NA","NA","NA"
"15-3","SFBay","Sand Mound Slough","15",160513,38.00083,-121.624,"3",.0625,"7/29/2008",7,2008,1308.8,"NA","NA","NA","NA","NA",0,"0","NA","NA","Rumex californicus",62.5,"NA",15,"NA",15,7,0,"NA","NA","105.80","0.00","4.47","NA","NA","NA","NA","NA","NA","NA","NA","NA","NA"
"22-8","SFBay","Sand Mound Slough","22",165865,38.00137,-121.6237,"8",.0625,"6/26/2008",6,2008,3419.2,"NA","NA","NA","NA","NA",0,"0","NA","NA","Schoenoplectus americanus",97.5,"Rumex californicus",85,"Cornus sericeus",3,1,3,"NA","NA","342.10","0.00","8.00","NA","NA","NA","NA","NA","NA","NA","NA","NA","NA"
"22-1","SFBay","Sand Mound Slough","22",165866,38.00136,-121.6234,"1",.0625,"6/26/2008",6,2008,2049.6,"NA","NA","NA","NA","NA",0,"62.5","NA","NA","Schoenoplectus acutus",85,"NA",15,"NA",0,5,3,"NA","NA","296.40","0.00","6.00","NA","NA","NA","NA","NA","NA","NA","NA","NA","NA"
"22-2","SFBay","Sand Mound Slough","22",165866,38.00136,-121.6235,"2",.0625,"6/26/2008",6,2008,2465.6,"NA","NA","NA","NA","NA",0,"37.5","NA","NA","Helenium bigelovii",62.5,"Helenium bigelovii",37.5,"Schoenoplectus americanus",37.5,5,3,"NA","NA","392.30","0.00","6.40","NA","NA","NA","NA","NA","NA","NA","NA","NA","NA"
"22-4","SFBay","Sand Mound Slough","22",165866,38.00136,-121.6235,"4",.0625,"6/26/2008",6,2008,376,"NA","NA","NA","NA","NA",0,"15","NA","NA","Helenium bigelovii",37.5,"Helenium bigelovii",37.5,"Persicaria amphibia",15,5,3,"NA","NA","23.50","0.00","3.16","NA","NA","NA","NA","NA","NA","NA","NA","NA","NA"
"22-6","SFBay","Sand Mound Slough","22",165866,38.00136,-121.6236,"6",.0625,"6/26/2008",6,2008,5113.6,"NA","NA","NA","NA","NA",0,"3","NA","NA","Helenium bigelovii",97.5,"Persicaria amphibia",62.5,"Persicaria amphibia",62.5,5,3,"NA","NA","425.40","0.00","2.00","NA","NA","NA","NA","NA","NA","NA","NA","NA","NA"
"22-6","SFBay","Sand Mound Slough","22",165866,38.00136,-121.6236,"6",.0625,"6/26/2008",6,2008,1472,"NA","NA","NA","NA","NA",0,"3","NA","NA","Helenium bigelovii",97.5,"Persicaria amphibia",62.5,"Persicaria amphibia",62.5,5,3,"NA","NA","257.60","0.00","2.83","NA","NA","NA","NA","NA","NA","NA","NA","NA","NA"
"18","SFBay","ChinaCamp","NA",179393,38.01003,-122.4877,"NA",.25,"7/12/2005",7,2005,1042.48,"0","0","NA","0","0",0,"NA","0","0","Salicornia pacifica",0,"NA",0,"NA",0,1,0,"NA","NA","260.62","NA","NA","NA","NA","NA","NA","NA","NA","NA","NA","NA","NA"
"10-7","SFBay","Sand Mound Slough","10",181918,38.003,-121.6248,"7",.0625,"6/30/2008",6,2008,8256,"NA","NA","NA","NA","NA",0,"0","NA","NA","Phragmites australis",85,"NA",62.5,"NA",15,3,5,"NA","NA","969.46","0.00","4.47","NA","NA","NA","NA","NA","NA","NA","NA","NA","NA"
"10-7","SFBay","Sand Mound Slough","10",181918,38.003,-121.6248,"7",.0625,"6/30/2008",6,2008,2334.4,"NA","NA","NA","NA","NA",0,"0","NA","NA","Phragmites australis",85,"NA",62.5,"NA",15,3,5,"NA","NA","335.30","0.00","2.83","NA","NA","NA","NA","NA","NA","NA","NA","NA","NA"
"10-7","SFBay","Sand Mound Slough","10",181918,38.003,-121.6248,"7",.0625,"6/30/2008",6,2008,2474.56,"NA","NA","NA","NA","NA",0,"0","NA","NA","Phragmites australis",85,"NA",62.5,"NA",15,3,5,"NA","NA","303.22","0.00","2.24","NA","NA","NA","NA","NA","NA","NA","NA","NA","NA"
"10-6","SFBay","Sand Mound Slough","10",181919,38.003,-121.6246,"6",.0625,"6/30/2008",6,2008,3273.6,"NA","NA","NA","NA","NA",0,"62.5","NA","NA","Phragmites australis",62.5,"NA",37.5,"NA",37.5,4,5,"NA","NA","467.80","0.00","1.00","NA","NA","NA","NA","NA","NA","NA","NA","NA","NA"
"10-3","SFBay","Sand Mound Slough","10",181919,38.00299,-121.6245,"3",.0625,"6/30/2008",6,2008,1267.2,"NA","NA","NA","NA","NA",0,"37.5","NA","NA","Phragmites australis",62.5,"NA",37.5,"NA",37.5,4,5,"NA","NA","318.40","0.00","4.12","NA","NA","NA","NA","NA","NA","NA","NA","NA","NA"
"10-6","SFBay","Sand Mound Slough","10",181919,38.003,-121.6247,"6",.0625,"6/30/2008",6,2008,2838.4,"NA","NA","NA","NA","NA",0,"62.5","NA","NA","Phragmites australis",62.5,"NA",37.5,"NA",37.5,4,5,"NA","NA","390.70","0.00","3.16","NA","NA","NA","NA","NA","NA","NA","NA","NA","NA"
"10-3","SFBay","Sand Mound Slough","10",181919,38.00299,-121.6245,"3",.0625,"6/30/2008",6,2008,1416,"NA","NA","NA","NA","NA",0,"37.5","NA","NA","Phragmites australis",62.5,"NA",37.5,"NA",37.5,4,5,"NA","NA","266.90","0.00","4.00","NA","NA","NA","NA","NA","NA","NA","NA","NA","NA"
"17","SFBay","ChinaCamp","NA",182068,38.01034,-122.4881,"NA",.25,"7/12/2005",7,2005,1099.88,"0","0","NA","0","0",0,"NA","0","0","Salicornia pacifica",0,"NA",0,"NA",0,1,0,"NA","NA","274.97","NA","NA","NA","NA","NA","NA","NA","NA","NA","NA","NA","NA"
"16","SFBay","ChinaCamp","NA",184743,38.01057,-122.4884,"NA",.25,"7/12/2005",7,2005,1378.56,"0","0","NA","0","0",0,"NA","0","0","Salicornia pacifica",0,"NA",0,"NA",0,1,0,"NA","NA","344.64","NA","NA","NA","NA","NA","NA","NA","NA","NA","NA","NA","NA"
"19","SFBay","ChinaCamp","NA",184745,38.01046,-122.4875,"NA",.25,"8/22/2005",8,2005,1329.56,"0","0","NA","0","0",0,"NA","0","0","Salicornia pacifica",0,"NA",0,"NA",0,1,0,"NA","NA","332.39","NA","NA","NA","NA","NA","NA","NA","NA","NA","NA","NA","NA"
"15","SFBay","ChinaCamp","NA",187418,38.01089,-122.4887,"NA",.25,"8/22/2005",8,2005,1145.96,"0","0","NA","0","0",0,"NA","0","0","Salicornia pacifica",0,"NA",0,"NA",0,1,0,"NA","NA","286.49","NA","NA","NA","NA","NA","NA","NA","NA","NA","NA","NA","NA"
"20","SFBay","ChinaCamp","NA",190095,38.01097,-122.4883,"NA",.25,"8/22/2005",8,2005,1180.92,"0","0","NA","0","0",0,"NA","0","0","Salicornia pacifica",0,"NA",0,"NA",0,1,0,"NA","NA","295.23","NA","NA","NA","NA","NA","NA","NA","NA","NA","NA","NA","NA"
"42-1","SFBay","Sand Mound Slough","42",192631,38.00404,-121.6216,"1",.0625,"6/30/2008",6,2008,3929.6,"NA","NA","NA","NA","NA",0,"15","NA","NA","Ludwigia peploides",62.5,"Ludwigia peploides",62.5,"Hydrocotyle umbellata",15,4,0,"NA","NA","434.60","0.00","4.24","NA","NA","NA","NA","NA","NA","NA","NA","NA","NA"
"42-1","SFBay","Sand Mound Slough","42",192631,38.00404,-121.6217,"1",.0625,"6/30/2008",6,2008,3211.2,"NA","NA","NA","NA","NA",0,"15","NA","NA","Ludwigia peploides",62.5,"Ludwigia peploides",62.5,"Hydrocotyle umbellata",15,4,0,"NA","NA","388.00","0.00","3.16","NA","NA","NA","NA","NA","NA","NA","NA","NA","NA"
"42-1","SFBay","Sand Mound Slough","42",192631,38.00404,-121.6216,"1",.0625,"6/30/2008",6,2008,1776,"NA","NA","NA","NA","NA",0,"15","NA","NA","Ludwigia peploides",62.5,"Ludwigia peploides",62.5,"Hydrocotyle umbellata",15,4,0,"NA","NA","239.30","0.00","3.00","NA","NA","NA","NA","NA","NA","NA","NA","NA","NA"
"42-1","SFBay","Sand Mound Slough","42",192631,38.00404,-121.6216,"1",.0625,"6/30/2008",6,2008,6377.6,"NA","NA","NA","NA","NA",0,"15","NA","NA","Ludwigia peploides",62.5,"Ludwigia peploides",62.5,"Hydrocotyle umbellata",15,4,0,"NA","NA","604.30","0.00","3.61","NA","NA","NA","NA","NA","NA","NA","NA","NA","NA"
"42-1","SFBay","Sand Mound Slough","42",192632,38.00404,-121.6216,"1",.0625,"6/30/2008",6,2008,9338.08,"NA","NA","NA","NA","NA",0,"15","NA","NA","Ludwigia peploides",62.5,"Ludwigia peploides",62.5,"Hydrocotyle umbellata",15,2,0,"NA","NA","716.33","0.00","7.62","NA","NA","NA","NA","NA","NA","NA","NA","NA","NA"
"42-1","SFBay","Sand Mound Slough","42",192632,38.00404,-121.6216,"1",.0625,"6/30/2008",6,2008,3345.6,"NA","NA","NA","NA","NA",0,"15","NA","NA","Ludwigia peploides",62.5,"Ludwigia peploides",62.5,"Hydrocotyle umbellata",15,2,0,"NA","NA","381.05","0.00","5.83","NA","NA","NA","NA","NA","NA","NA","NA","NA","NA"
"14","SFBay","ChinaCamp","NA",192767,38.01124,-122.4898,"NA",.25,"7/12/2005",7,2005,1061.12,"0","0","NA","0","0",0,"NA","0","0","Salicornia pacifica",0,"NA",0,"NA",0,1,0,"NA","NA","265.28","NA","NA","NA","NA","NA","NA","NA","NA","NA","NA","NA","NA"
"13","SFBay","ChinaCamp","NA",195442,38.01159,-122.4901,"NA",.25,"7/12/2005",7,2005,1442.84,"0","0","NA","0","0",0,"NA","0","0","Salicornia pacifica",0,"NA",0,"NA",0,1,0,"NA","NA","360.71","NA","NA","NA","NA","NA","NA","NA","NA","NA","NA","NA","NA"
"11","SFBay","ChinaCamp","NA",195444,38.0117,-122.4894,"NA",.25,"7/12/2005",7,2005,996.88,"0","0","NA","0","0",0,"NA","0","0","Salicornia pacifica",0,"NA",0,"NA",0,1,0,"NA","NA","249.22","NA","NA","NA","NA","NA","NA","NA","NA","NA","NA","NA","NA"
"12","SFBay","ChinaCamp","NA",200794,38.01209,-122.49,"NA",.25,"7/12/2005",7,2005,1223.6,"0","0","NA","0","0",0,"NA","0","0","Salicornia pacifica",0,"NA",0,"NA",0,1,0,"NA","NA","305.90","NA","NA","NA","NA","NA","NA","NA","NA","NA","NA","NA","NA"
"37-10","SFBay","Sand Mound Slough","37",206009,38.0055,-121.6226,"10",.0625,"6/30/2008",6,2008,1404.8,"NA","NA","NA","NA","NA",0,"62.5","NA","NA","Helenium bigelovii",62.5,"Schoenoplectus acutus",37.5,"Schoenoplectus acutus var. occidentalis",37.5,5,6,"NA","NA","417.90","0.00","3.16","NA","NA","NA","NA","NA","NA","NA","NA","NA","NA"
"37-1","SFBay","Sand Mound Slough","37",206009,38.00549,-121.6223,"1",.0625,"6/30/2008",6,2008,680,"NA","NA","NA","NA","NA",0,"85","NA","NA","Schoenoplectus acutus",62.5,"NA",37.5,"NA",0,5,6,"NA","NA","169.00","0.00","5.00","NA","NA","NA","NA","NA","NA","NA","NA","NA","NA"
"37-4","SFBay","Sand Mound Slough","37",206009,38.00549,-121.6224,"4",.0625,"6/30/2008",6,2008,1891.2,"NA","NA","NA","NA","NA",0,"62.5","NA","NA","Typha domingensis",62.5,"Schoenoplectus acutus",37.5,"NA",15,5,6,"NA","NA","260.50","0.00","1.41","NA","NA","NA","NA","NA","NA","NA","NA","NA","NA"
"37-2","SFBay","Sand Mound Slough","37",206009,38.00549,-121.6223,"2",.0625,"6/30/2008",6,2008,2702.4,"NA","NA","NA","NA","NA",0,"62.5","NA","NA","Helenium bigelovii",62.5,"Schoenoplectus acutus",37.5,"NA",.5,5,6,"NA","NA","258.10","0.00","2.83","NA","NA","NA","NA","NA","NA","NA","NA","NA","NA"
"37-6","SFBay","Sand Mound Slough","37",206009,38.0055,-121.6225,"6",.0625,"6/30/2008",6,2008,1051.2,"NA","NA","NA","NA","NA",0,"62.5","NA","NA","Typha domingensis",62.5,"Schoenoplectus acutus",37.5,"NA",15,5,6,"NA","NA","201.90","0.00","1.41","NA","NA","NA","NA","NA","NA","NA","NA","NA","NA"
"37-1","SFBay","Sand Mound Slough","37",206010,38.00549,-121.6222,"1",.0625,"6/30/2008",6,2008,3219.2,"NA","NA","NA","NA","NA",0,"85","NA","NA","Schoenoplectus acutus",62.5,"NA",37.5,"NA",0,2,6,"NA","NA","462.60","0.00","4.24","NA","NA","NA","NA","NA","NA","NA","NA","NA","NA"
"37-1","SFBay","Sand Mound Slough","37",206010,38.00549,-121.6221,"1",.0625,"6/30/2008",6,2008,2080,"NA","NA","NA","NA","NA",0,"85","NA","NA","Schoenoplectus acutus",62.5,"NA",37.5,"NA",0,2,6,"NA","NA","296.00","0.00","7.62","NA","NA","NA","NA","NA","NA","NA","NA","NA","NA"
"4","SFBay","ChinaCamp","NA",206155,38.01271,-122.4868,"NA",.25,"7/12/2005",7,2005,1512.16,"0","0","NA","0","0",0,"NA","0","0","Salicornia pacifica",0,"NA",0,"NA",0,2,0,"NA","NA","378.04","NA","NA","NA","NA","NA","NA","NA","NA","NA","NA","NA","NA"
"5","SFBay","ChinaCamp","NA",206155,38.01265,-122.4869,"NA",.25,"7/12/2005",7,2005,1857.24,"0","0","NA","0","0",0,"NA","0","0","Salicornia pacifica",0,"NA",0,"NA",0,2,0,"NA","NA","464.31","NA","NA","NA","NA","NA","NA","NA","NA","NA","NA","NA","NA"
"25-8","SFBay","Sand Mound Slough","25",208681,38.00569,-121.6237,"8",.0625,"6/26/2008",6,2008,1520.48,"NA","NA","NA","NA","NA",0,"62.5","NA","NA","Schoenoplectus americanus",85,"Schoenoplectus acutus",37.5,"Schoenoplectus acutus var. occidentalis",37.5,3,0,"NA","NA","259.69","0.00","0.00","NA","NA","NA","NA","NA","NA","NA","NA","NA","NA"
"25-10","SFBay","Sand Mound Slough","25",208681,38.00569,-121.6237,"10",.0625,"6/26/2008",6,2008,1404.8,"NA","NA","NA","NA","NA",0,"62.5","NA","NA","Schoenoplectus americanus",85,"Schoenoplectus acutus",37.5,"NA",0,3,0,"NA","NA","87.80","0.00","2.24","NA","NA","NA","NA","NA","NA","NA","NA","NA","NA"
"25-7","SFBay","Sand Mound Slough","25",208681,38.00569,-121.6237,"7",.0625,"6/26/2008",6,2008,1212.8,"NA","NA","NA","NA","NA",0,"62.5","NA","NA","Helenium bigelovii",85,"Schoenoplectus acutus",15,"Schoenoplectus acutus var. occidentalis",15,3,0,"NA","NA","142.50","0.00","1.41","NA","NA","NA","NA","NA","NA","NA","NA","NA","NA"
"25-5","SFBay","Sand Mound Slough","25",208682,38.00569,-121.6235,"5",.0625,"6/26/2008",6,2008,4416.96,"NA","NA","NA","NA","NA",0,"62.5","NA","NA","Helenium bigelovii",85,"Helenium bigelovii",37.5,"Sagittaria latifolia",15,2,0,"NA","NA","522.61","0.00","2.24","NA","NA","NA","NA","NA","NA","NA","NA","NA","NA"
"25-6","SFBay","Sand Mound Slough","25",208682,38.00569,-121.6236,"6",.0625,"6/26/2008",6,2008,2067.36,"NA","NA","NA","NA","NA",0,"62.5","NA","NA","Schoenoplectus americanus",85,"Schoenoplectus acutus",15,"Sagittaria latifolia",3,2,0,"NA","NA","324.46","0.00","2.83","NA","NA","NA","NA","NA","NA","NA","NA","NA","NA"
"25-1","SFBay","Sand Mound Slough","25",208683,38.00568,-121.6233,"1",.0625,"6/26/2008",6,2008,1065.6,"NA","NA","NA","NA","NA",0,"62.5","NA","NA","Rumex californicus",62.5,"NA",37.5,"NA",15,2,0,"NA","NA","146.15","0.00","5.39","NA","NA","NA","NA","NA","NA","NA","NA","NA","NA"
"25-1","SFBay","Sand Mound Slough","25",208683,38.00568,-121.6233,"1",.0625,"6/26/2008",6,2008,1776,"NA","NA","NA","NA","NA",0,"62.5","NA","NA","Rumex californicus",62.5,"NA",37.5,"NA",15,2,0,"NA","NA","433.70","0.00","3.61","NA","NA","NA","NA","NA","NA","NA","NA","NA","NA"
"3","SFBay","ChinaCamp","NA",208831,38.01286,-122.487,"NA",.25,"7/12/2005",7,2005,2675.04,"0","0","NA","0","0",0,"NA","0","0","Salicornia pacifica",0,"NA",0,"NA",0,1,0,"NA","NA","668.76","NA","NA","NA","NA","NA","NA","NA","NA","NA","NA","NA","NA"
"1","SFBay","ChinaCamp","NA",211505,38.01326,-122.4875,"NA",.25,"8/22/2005",8,2005,2194.96,"0","0","NA","0","0",0,"NA","0","0","Salicornia pacifica",0,"NA",0,"NA",0,1,0,"NA","NA","548.74","NA","NA","NA","NA","NA","NA","NA","NA","NA","NA","NA","NA"
"2","SFBay","ChinaCamp","NA",211506,38.01315,-122.4872,"NA",.25,"8/22/2005",8,2005,1063.08,"0","0","NA","0","0",0,"NA","0","0","Salicornia pacifica",0,"NA",0,"NA",0,1,0,"NA","NA","265.77","NA","NA","NA","NA","NA","NA","NA","NA","NA","NA","NA","NA"
"6","SFBay","ChinaCamp","NA",214181,38.01347,-122.4877,"NA",.25,"7/12/2005",7,2005,1523.76,"0","0","NA","0","0",0,"NA","0","0","Salicornia pacifica",0,"NA",0,"NA",0,1,0,"NA","NA","380.94","NA","NA","NA","NA","NA","NA","NA","NA","NA","NA","NA","NA"
"9","SFBay","ChinaCamp","NA",216853,38.0139,-122.489,"NA",.25,"7/12/2005",7,2005,2027.44,"0","0","NA","0","0",0,"NA","0","0","Salicornia pacifica",0,"NA",0,"NA",0,1,0,"NA","NA","506.86","NA","NA","NA","NA","NA","NA","NA","NA","NA","NA","NA","NA"
"8","SFBay","ChinaCamp","NA",216854,38.01389,-122.4886,"NA",.25,"7/12/2005",7,2005,2944.6,"0","0","NA","0","0",0,"NA","0","0","Salicornia pacifica",0,"NA",0,"NA",0,1,0,"NA","NA","736.15","NA","NA","NA","NA","NA","NA","NA","NA","NA","NA","NA","NA"
"7","SFBay","ChinaCamp","NA",216855,38.01375,-122.4882,"NA",.25,"8/22/2005",8,2005,2582.2,"0","0","NA","0","0",0,"NA","0","0","Salicornia pacifica",0,"NA",0,"NA",0,1,0,"NA","NA","645.55","NA","NA","NA","NA","NA","NA","NA","NA","NA","NA","NA","NA"
"10","SFBay","ChinaCamp","NA",222203,38.01424,-122.4895,"NA",.25,"8/22/2005",8,2005,997.88,"0","0","NA","0","0",0,"NA","0","0","Salicornia pacifica",0,"NA",0,"NA",0,1,0,"NA","NA","249.47","NA","NA","NA","NA","NA","NA","NA","NA","NA","NA","NA","NA"
"16-1","SFBay","Sand Mound Slough","16",235441,38.00858,-121.6238,"1",.0625,"6/30/2008",6,2008,2279.04,"NA","NA","NA","NA","NA",0,"37.5","NA","NA","Schoenoplectus acutus",62.5,"Calystegia sepium",37.5,"Calystegia sepium",15,7,0,"NA","NA","568.28","0.00","5.10","NA","NA","NA","NA","NA","NA","NA","NA","NA","NA"
"16-3","SFBay","Sand Mound Slough","16",235441,38.00858,-121.6238,"3",.0625,"6/30/2008",6,2008,2780.8,"NA","NA","NA","NA","NA",0,"62.5","NA","NA","Schoenoplectus acutus",37.5,"Rumex californicus",15,"Rumex californicus",15,7,0,"NA","NA","501.55","0.00","6.00","NA","NA","NA","NA","NA","NA","NA","NA","NA","NA"
"16-2","SFBay","Sand Mound Slough","16",235441,38.00858,-121.6238,"2",.0625,"6/30/2008",6,2008,3314.24,"NA","NA","NA","NA","NA",0,"37.5","NA","NA","Schoenoplectus americanus",62.5,"Schoenoplectus americanus",62.5,"Schoenoplectus acutus var. occidentalis",37.5,7,0,"NA","NA","434.91","0.00","6.32","NA","NA","NA","NA","NA","NA","NA","NA","NA","NA"
"16-1","SFBay","Sand Mound Slough","16",235441,38.00858,-121.6238,"1",.0625,"6/30/2008",6,2008,2341.76,"NA","NA","NA","NA","NA",0,"37.5","NA","NA","Schoenoplectus acutus",62.5,"Calystegia sepium",37.5,"Calystegia sepium",15,7,0,"NA","NA","479.92","0.00","5.00","NA","NA","NA","NA","NA","NA","NA","NA","NA","NA"
"16-2","SFBay","Sand Mound Slough","16",235441,38.00858,-121.6238,"2",.0625,"6/30/2008",6,2008,259.2,"NA","NA","NA","NA","NA",0,"37.5","NA","NA","Schoenoplectus americanus",62.5,"Schoenoplectus americanus",62.5,"Schoenoplectus acutus var. occidentalis",37.5,7,0,"NA","NA","133.32","0.00","6.71","NA","NA","NA","NA","NA","NA","NA","NA","NA","NA"
"16-1","SFBay","Sand Mound Slough","16",235441,38.00858,-121.6238,"1",.0625,"6/30/2008",6,2008,5787.68,"NA","NA","NA","NA","NA",0,"37.5","NA","NA","Schoenoplectus acutus",62.5,"Calystegia sepium",37.5,"Calystegia sepium",15,7,0,"NA","NA","500.67","0.00","5.39","NA","NA","NA","NA","NA","NA","NA","NA","NA","NA"
"16-1","SFBay","Sand Mound Slough","16",235441,38.00858,-121.6238,"1",.0625,"6/30/2008",6,2008,2859.2,"NA","NA","NA","NA","NA",0,"37.5","NA","NA","Schoenoplectus acutus",62.5,"Calystegia sepium",37.5,"Calystegia sepium",15,7,0,"NA","NA","362.08","0.00","5.83","NA","NA","NA","NA","NA","NA","NA","NA","NA","NA"
"39-7","SFBay","Sand Mound Slough","39",240797,38.0091,-121.6224,"7",.0625,"10/26/2007",10,2007,4208,"NA","NA","NA","NA","NA",0,"15","NA","NA","Schoenoplectus acutus",62.5,"Schoenoplectus acutus",62.5,"Phragmites australis",37.5,4,5,"NA","NA","269.20","0.00","1.41","NA","NA","NA","NA","NA","NA","NA","NA","NA","NA"
"39-4","SFBay","Sand Mound Slough","39",240797,38.0091,-121.6223,"4",.0625,"10/26/2007",10,2007,3252.8,"NA","NA","NA","NA","NA",0,"0","NA","NA","Typha angustifolia",62.5,"Typha angustifolia",37.5,"Typha angustifolia",37.5,4,5,"NA","NA","463.00","0.00","3.16","NA","NA","NA","NA","NA","NA","NA","NA","NA","NA"
"39-7","SFBay","Sand Mound Slough","39",240797,38.0091,-121.6223,"7",.0625,"10/26/2007",10,2007,2624,"NA","NA","NA","NA","NA",0,"15","NA","NA","Schoenoplectus acutus",62.5,"Schoenoplectus acutus",62.5,"Phragmites australis",37.5,4,5,"NA","NA","461.90","0.00","5.10","NA","NA","NA","NA","NA","NA","NA","NA","NA","NA"
"39-4","SFBay","Sand Mound Slough","39",240797,38.0091,-121.6223,"4",.0625,"10/26/2007",10,2007,5304,"NA","NA","NA","NA","NA",0,"0","NA","NA","Typha angustifolia",62.5,"Typha angustifolia",37.5,"Typha angustifolia",37.5,4,5,"NA","NA","331.50","0.00","3.16","NA","NA","NA","NA","NA","NA","NA","NA","NA","NA"
"39-2","SFBay","Sand Mound Slough","39",240798,38.00909,-121.6221,"2",.0625,"10/26/2007",10,2007,984,"NA","NA","NA","NA","NA",0,"15","NA","NA","Typha angustifolia",62.5,"Typha angustifolia",37.5,"Persicaria maculosa",15,3,5,"NA","NA","252.60","0.00","2.00","NA","NA","NA","NA","NA","NA","NA","NA","NA","NA"
"39-2","SFBay","Sand Mound Slough","39",240798,38.00909,-121.6221,"2",.0625,"10/26/2007",10,2007,726.4,"NA","NA","NA","NA","NA",0,"15","NA","NA","Typha angustifolia",62.5,"Typha angustifolia",37.5,"Persicaria maculosa",15,3,5,"NA","NA","331.00","0.00","1.00","NA","NA","NA","NA","NA","NA","NA","NA","NA","NA"
"39-2","SFBay","Sand Mound Slough","39",240798,38.00909,-121.6221,"2",.0625,"10/26/2007",10,2007,1636.8,"NA","NA","NA","NA","NA",0,"15","NA","NA","Typha angustifolia",62.5,"Typha angustifolia",37.5,"Persicaria maculosa",15,3,5,"NA","NA","236.80","0.00","3.00","NA","NA","NA","NA","NA","NA","NA","NA","NA","NA"
"34-9","SFBay","Sand Mound Slough","34",256851,38.01055,-121.623,"9",.0625,"10/26/2007",10,2007,2356.8,"NA","NA","NA","NA","NA",97.5,"0","NA","NA","NA",0,"NA",0,"NA",0,2,4,"NA","NA","223.89","0.00","5.66","NA","NA","NA","NA","NA","NA","NA","NA","NA","NA"
"34-7","SFBay","Sand Mound Slough","34",256851,38.01055,-121.623,"7",.0625,"10/26/2007",10,2007,1772.16,"NA","NA","NA","NA","NA",0,"0","NA","NA","Helenium bigelovii",62.5,"Helenium bigelovii",37.5,"Helenium bigelovii",15,2,4,"NA","NA","224.98","0.00","7.28","NA","NA","NA","NA","NA","NA","NA","NA","NA","NA"
"34-5","SFBay","Sand Mound Slough","34",256852,38.01054,-121.6227,"5",.0625,"10/26/2007",10,2007,1643.84,"NA","NA","NA","NA","NA",0,"0","NA","NA","Persicaria maculosa",85,"Calystegia sepium",62.5,"Calystegia sepium",62.5,5,4,"NA","NA","251.74","0.00","3.00","NA","NA","NA","NA","NA","NA","NA","NA","NA","NA"
"34-6","SFBay","Sand Mound Slough","34",256852,38.01055,-121.6228,"6",.0625,"10/26/2007",10,2007,2669.6,"NA","NA","NA","NA","NA",0,"0","NA","NA","Helenium bigelovii",85,"Persicaria maculosa",62.5,"Persicaria maculosa",62.5,5,4,"NA","NA","247.55","0.00","10.00","NA","NA","NA","NA","NA","NA","NA","NA","NA","NA"
"34-1","SFBay","Sand Mound Slough","34",256852,38.01054,-121.6226,"1",.0625,"10/26/2007",10,2007,1979.2,"NA","NA","NA","NA","NA",0,"62.5","NA","NA","Helenium bigelovii",85,"Persicaria maculosa",15,"Persicaria maculosa",15,5,4,"NA","NA","260.68","0.00","2.24","NA","NA","NA","NA","NA","NA","NA","NA","NA","NA"
"34-5","SFBay","Sand Mound Slough","34",256852,38.01055,-121.6228,"5",.0625,"10/26/2007",10,2007,2926.4,"NA","NA","NA","NA","NA",0,"0","NA","NA","Persicaria maculosa",85,"Calystegia sepium",62.5,"Calystegia sepium",62.5,5,4,"NA","NA","414.20","0.00","4.24","NA","NA","NA","NA","NA","NA","NA","NA","NA","NA"
"34-1","SFBay","Sand Mound Slough","34",256852,38.01054,-121.6226,"1",.0625,"10/26/2007",10,2007,2631.2,"NA","NA","NA","NA","NA",0,"62.5","NA","NA","Helenium bigelovii",85,"Persicaria maculosa",15,"Persicaria maculosa",15,5,4,"NA","NA","336.32","0.00","2.00","NA","NA","NA","NA","NA","NA","NA","NA","NA","NA"
"11-9","SFBay","Browns Island","11",483617,38.03606,-121.8597,"9",.0625,"8/25/2008",8,2008,875.2,"NA","NA","NA","NA","NA",0,"62.5","NA","NA","Schoenoplectus americanus",62.5,"Ludwigia peploides",37.5,"Ludwigia peploides",37.5,1,4,"NA","NA","211.30","0.00","2.24","NA","NA","NA","NA","NA","NA","NA","NA","NA","NA"
"11-5","SFBay","Browns Island","11",483618,38.03606,-121.8594,"5",.0625,"8/25/2008",8,2008,1067.2,"NA","NA","NA","NA","NA",0,"37.5","NA","NA","Schoenoplectus americanus",85,"Juncus balticus",62.5,"Juncus balticus",37.5,5,4,"NA","NA","248.10","0.00","3.61","NA","NA","NA","NA","NA","NA","NA","NA","NA","NA"
"11-8","SFBay","Browns Island","11",483618,38.03606,-121.8595,"8",.0625,"8/25/2008",8,2008,936,"NA","NA","NA","NA","NA",0,"0","NA","NA","Typha domingensis",97.5,"Schoenoplectus americanus",85,"Distichlis spicata",15,5,4,"NA","NA","218.90","0.00","2.00","NA","NA","NA","NA","NA","NA","NA","NA","NA","NA"
"11-4","SFBay","Browns Island","11",483618,38.03606,-121.8593,"4",.0625,"8/25/2008",8,2008,1045.92,"NA","NA","NA","NA","NA",0,"37.5","NA","NA","Typha domingensis",85,"Typha domingensis",62.5,"Typha domingensis",37.5,5,4,"NA","NA","180.57","0.00","1.41","NA","NA","NA","NA","NA","NA","NA","NA","NA","NA"
"11-5","SFBay","Browns Island","11",483618,38.03606,-121.8594,"5",.0625,"8/25/2008",8,2008,1376.96,"NA","NA","NA","NA","NA",0,"37.5","NA","NA","Schoenoplectus americanus",85,"Juncus balticus",62.5,"Juncus balticus",37.5,5,4,"NA","NA","354.26","0.00","3.00","NA","NA","NA","NA","NA","NA","NA","NA","NA","NA"
"11-4","SFBay","Browns Island","11",483618,38.03606,-121.8593,"4",.0625,"8/25/2008",8,2008,1587.2,"NA","NA","NA","NA","NA",0,"37.5","NA","NA","Typha domingensis",85,"Typha domingensis",62.5,"Typha domingensis",37.5,5,4,"NA","NA","384.50","0.00","3.16","NA","NA","NA","NA","NA","NA","NA","NA","NA","NA"
"11-1","SFBay","Browns Island","11",483619,38.03606,-121.8593,"1",.0625,"8/25/2008",8,2008,446.4,"NA","NA","NA","NA","NA",0,"62.5","NA","NA","Schoenoplectus americanus",85,"Distichlis spicata",37.5,"Distichlis spicata",15,1,4,"NA","NA","248.90","0.00","5.00","NA","NA","NA","NA","NA","NA","NA","NA","NA","NA"
"2-5","SFBay","Browns Island","2",486272,38.0365,-121.8669,"5",.0625,"10/17/2008",10,2008,1124.8,"NA","NA","NA","NA","NA",0,"85","NA","NA","Schoenoplectus americanus",85,"NA",15,"NA",0,3,3,"NA","NA","213.90","15.00","5.00","NA","NA","NA","NA","NA","NA","NA","NA","NA","NA"
"2-8","SFBay","Browns Island","2",486272,38.0365,-121.8671,"8",.0625,"10/17/2008",10,2008,912,"NA","NA","NA","NA","NA",0,"85","NA","NA","Schoenoplectus americanus",85,"Distichlis spicata",15,"NA",0,3,3,"NA","NA","317.50","15.00","5.00","NA","NA","NA","NA","NA","NA","NA","NA","NA","NA"
"2-8","SFBay","Browns Island","2",486272,38.0365,-121.8671,"8",.0625,"10/17/2008",10,2008,600,"NA","NA","NA","NA","NA",0,"85","NA","NA","Schoenoplectus americanus",85,"Distichlis spicata",15,"NA",0,3,3,"NA","NA","190.40","15.00","5.83","NA","NA","NA","NA","NA","NA","NA","NA","NA","NA"
"2-4","SFBay","Browns Island","2",486273,38.03649,-121.8668,"4",.0625,"10/17/2008",10,2008,556.8,"NA","NA","NA","NA","NA",0,"85","NA","NA","Schoenoplectus americanus",62.5,"Distichlis spicata",37.5,"Distichlis spicata",15,2,3,"NA","NA","255.70","15.00","3.16","NA","NA","NA","NA","NA","NA","NA","NA","NA","NA"
"2-1","SFBay","Browns Island","2",486273,38.03649,-121.8667,"1",.0625,"10/17/2008",10,2008,1614.4,"NA","NA","NA","NA","NA",0,"85","NA","NA","Schoenoplectus americanus",62.5,"Typha domingensis",15,"NA",0,2,3,"NA","NA","437.80","15.00","6.00","NA","NA","NA","NA","NA","NA","NA","NA","NA","NA"
"12","SFBay","Browns Island","NA",496995,38.03741,-121.8605,"NA",.25,"8/1/2005",8,2005,1536.44,"0","0","NA","0","0",0,"NA","0","0","Typha sp.",0,"NA",0,"NA",0,3,0,"NA","NA","565.17","NA","NA","NA","NA","NA","NA","NA","NA","NA","NA","NA","NA"
"10","SFBay","Browns Island","NA",496995,38.03745,-121.8604,"NA",.25,"8/1/2005",8,2005,1036.96,"0","0","NA","0","0",0,"NA","0","0","Typha sp.",0,"NA",0,"NA",0,3,0,"NA","NA","777.20","NA","NA","NA","NA","NA","NA","NA","NA","NA","NA","NA","NA"
"11","SFBay","Browns Island","NA",496995,38.03742,-121.8605,"NA",.25,"8/1/2005",8,2005,1721.08,"0","0","NA","0","0",0,"NA","0","0","Typha sp.",0,"NA",0,"NA",0,3,0,"NA","NA","670.36","NA","NA","NA","NA","NA","NA","NA","NA","NA","NA","NA","NA"
"6-10","SFBay","Browns Island","6",499656,38.03774,-121.8654,"10",.0625,"10/17/2008",10,2008,1251.2,"NA","NA","NA","NA","NA",0,"62.5","NA","NA","Schoenoplectus americanus",62.5,"Schoenoplectus acutus",37.5,"Distichlis spicata",15,1,4,"NA","NA","246.40","13.00","2.00","NA","NA","NA","NA","NA","NA","NA","NA","NA","NA"
"6-7","SFBay","Browns Island","6",499657,38.03774,-121.8652,"7",.0625,"10/17/2008",10,2008,1088,"NA","NA","NA","NA","NA",0,"0","NA","NA","Schoenoplectus americanus",62.5,"Schoenoplectus americanus",37.5,"Lythrum californicum",15,4,4,"NA","NA","194.00","13.00","3.00","NA","NA","NA","NA","NA","NA","NA","NA","NA","NA"
"6-9","SFBay","Browns Island","6",499657,38.03774,-121.8653,"9",.0625,"10/17/2008",10,2008,1444.8,"NA","NA","NA","NA","NA",0,"62.5","NA","NA","Triglochin maritima",85,"Schoenoplectus acutus",15,"Schoenoplectus acutus var. occidentalis",15,4,4,"NA","NA","314.20","13.00","1.00","NA","NA","NA","NA","NA","NA","NA","NA","NA","NA"
"6-5","SFBay","Browns Island","6",499657,38.03774,-121.8651,"5",.0625,"10/17/2008",10,2008,924.8,"NA","NA","NA","NA","NA",0,"62.5","NA","NA","Schoenoplectus americanus",62.5,"Lepidium latifolium",37.5,"Jaumea carnosa",15,4,4,"NA","NA","297.00","13.00","1.00","NA","NA","NA","NA","NA","NA","NA","NA","NA","NA"
"6-5","SFBay","Browns Island","6",499657,38.03774,-121.8651,"5",.0625,"10/17/2008",10,2008,984,"NA","NA","NA","NA","NA",0,"62.5","NA","NA","Schoenoplectus americanus",62.5,"Lepidium latifolium",37.5,"Jaumea carnosa",15,4,4,"NA","NA","224.70","13.00","4.12","NA","NA","NA","NA","NA","NA","NA","NA","NA","NA"
"6-2","SFBay","Browns Island","6",499658,38.03774,-121.865,"2",.0625,"10/17/2008",10,2008,1422.4,"NA","NA","NA","NA","NA",0,"37.5","NA","NA","Schoenoplectus americanus",85,"Lepidium latifolium",37.5,"NA",0,2,4,"NA","NA","297.20","13.00","3.00","NA","NA","NA","NA","NA","NA","NA","NA","NA","NA"
"6-2","SFBay","Browns Island","6",499658,38.03774,-121.865,"2",.0625,"10/17/2008",10,2008,1851.2,"NA","NA","NA","NA","NA",0,"37.5","NA","NA","Schoenoplectus americanus",85,"Lepidium latifolium",37.5,"NA",0,2,4,"NA","NA","443.30","13.00","5.83","NA","NA","NA","NA","NA","NA","NA","NA","NA","NA"
"7","SFBay","Browns Island","NA",499671,38.03777,-121.8605,"NA",.25,"8/1/2005",8,2005,850.12,"0","0","NA","0","0",0,"NA","0","0","Schoenoplectus americanus",0,"NA",0,"NA",0,3,0,"NA","NA","304.25","NA","NA","NA","NA","NA","NA","NA","NA","NA","NA","NA","NA"
"9","SFBay","Browns Island","NA",499671,38.03777,-121.8606,"NA",.25,"8/1/2005",8,2005,583.24,"0","0","NA","0","0",0,"NA","0","0","Schoenoplectus americanus",0,"NA",0,"NA",0,3,0,"NA","NA","208.46","NA","NA","NA","NA","NA","NA","NA","NA","NA","NA","NA","NA"
"8","SFBay","Browns Island","NA",499671,38.03777,-121.8605,"NA",.25,"8/1/2005",8,2005,441.56,"0","0","NA","0","0",0,"NA","0","0","Schoenoplectus americanus",0,"NA",0,"NA",0,3,0,"NA","NA","226.51","NA","NA","NA","NA","NA","NA","NA","NA","NA","NA","NA","NA"
"20","SFBay","Browns Island","NA",502330,38.03803,-121.8662,"NA",.25,"8/1/2005",8,2005,541.2,"0","0","NA","0","0",0,"NA","0","0","Schoenoplectus americanus",0,"NA",0,"NA",0,5,0,"NA","NA","346.76","NA","NA","NA","NA","NA","NA","NA","NA","NA","NA","NA","NA"
"19","SFBay","Browns Island","NA",502330,38.03804,-121.8662,"NA",.25,"8/1/2005",8,2005,776.44,"0","0","NA","0","0",0,"NA","0","0","Schoenoplectus americanus",0,"NA",0,"NA",0,5,0,"NA","NA","306.00","NA","NA","NA","NA","NA","NA","NA","NA","NA","NA","NA","NA"
"22","SFBay","Browns Island","NA",502330,38.03801,-121.8663,"NA",.25,"8/1/2005",8,2005,637.2,"0","0","NA","0","0",0,"NA","0","0","Schoenoplectus americanus",0,"NA",0,"NA",0,5,0,"NA","NA","322.73","NA","NA","NA","NA","NA","NA","NA","NA","NA","NA","NA","NA"
"21","SFBay","Browns Island","NA",502330,38.03801,-121.8663,"NA",.25,"8/1/2005",8,2005,801.68,"0","0","NA","0","0",0,"NA","0","0","Schoenoplectus americanus",0,"NA",0,"NA",0,5,0,"NA","NA","343.23","NA","NA","NA","NA","NA","NA","NA","NA","NA","NA","NA","NA"
"23","SFBay","Browns Island","NA",502330,38.03798,-121.8663,"NA",.25,"8/1/2005",8,2005,527.24,"0","0","NA","0","0",0,"NA","0","0","Schoenoplectus americanus",0,"NA",0,"NA",0,5,0,"NA","NA","270.39","NA","NA","NA","NA","NA","NA","NA","NA","NA","NA","NA","NA"
"18","SFBay","Browns Island","NA",502331,38.0381,-121.866,"NA",.25,"8/1/2005",8,2005,1011.24,"0","0","NA","0","0",0,"NA","0","0","Schoenoplectus americanus",0,"NA",0,"NA",0,7,0,"NA","NA","521.41","NA","NA","NA","NA","NA","NA","NA","NA","NA","NA","NA","NA"
"26","SFBay","Browns Island","NA",502331,38.03816,-121.8659,"NA",.25,"8/1/2005",8,2005,1582.36,"0","0","NA","0","0",0,"NA","0","0","Schoenoplectus acutus",0,"NA",0,"NA",0,7,0,"NA","NA","839.89","NA","NA","NA","NA","NA","NA","NA","NA","NA","NA","NA","NA"
"25","SFBay","Browns Island","NA",502331,38.03814,-121.8659,"NA",.25,"8/1/2005",8,2005,1296.84,"0","0","NA","0","0",0,"NA","0","0","Schoenoplectus acutus",0,"NA",0,"NA",0,7,0,"NA","NA","373.91","NA","NA","NA","NA","NA","NA","NA","NA","NA","NA","NA","NA"
"24","SFBay","Browns Island","NA",502331,38.03814,-121.866,"NA",.25,"8/1/2005",8,2005,1150,"0","0","NA","0","0",0,"NA","0","0","Schoenoplectus acutus",0,"NA",0,"NA",0,7,0,"NA","NA","701.43","NA","NA","NA","NA","NA","NA","NA","NA","NA","NA","NA","NA"
"17","SFBay","Browns Island","NA",502331,38.03808,-121.866,"NA",.25,"8/1/2005",8,2005,1165.68,"0","0","NA","0","0",0,"NA","0","0","Schoenoplectus americanus",0,"NA",0,"NA",0,7,0,"NA","NA","571.36","NA","NA","NA","NA","NA","NA","NA","NA","NA","NA","NA","NA"
"15","SFBay","Browns Island","NA",502331,38.03819,-121.8659,"NA",.25,"8/1/2005",8,2005,874.6,"0","0","NA","0","0",0,"NA","0","0","Schoenoplectus acutus",0,"NA",0,"NA",0,7,0,"NA","NA","581.17","NA","NA","NA","NA","NA","NA","NA","NA","NA","NA","NA","NA"
"16","SFBay","Browns Island","NA",502331,38.03804,-121.866,"NA",.25,"8/1/2005",8,2005,1072.12,"0","0","NA","0","0",0,"NA","0","0","Schoenoplectus americanus",0,"NA",0,"NA",0,7,0,"NA","NA","575.91","NA","NA","NA","NA","NA","NA","NA","NA","NA","NA","NA","NA"
"3","SFBay","Browns Island","NA",502346,38.03809,-121.8606,"NA",.25,"8/1/2005",8,2005,706.12,"0","0","NA","0","0",0,"NA","0","0","Schoenoplectus americanus",0,"NA",0,"NA",0,3,0,"NA","NA","260.94","NA","NA","NA","NA","NA","NA","NA","NA","NA","NA","NA","NA"
"1","SFBay","Browns Island","NA",502346,38.03815,-121.8607,"NA",.25,"8/1/2005",8,2005,1083.72,"0","0","NA","0","0",0,"NA","0","0","Schoenoplectus americanus",0,"NA",0,"NA",0,3,0,"NA","NA","355.77","NA","NA","NA","NA","NA","NA","NA","NA","NA","NA","NA","NA"
"2","SFBay","Browns Island","NA",502346,38.03813,-121.8607,"NA",.25,"8/1/2005",8,2005,723.2,"0","0","NA","0","0",0,"NA","0","0","Schoenoplectus americanus",0,"NA",0,"NA",0,3,0,"NA","NA","189.54","NA","NA","NA","NA","NA","NA","NA","NA","NA","NA","NA","NA"
"4","SFBay","Browns Island","NA",502347,38.03802,-121.8606,"NA",.25,"8/1/2005",8,2005,802.12,"0","0","NA","0","0",0,"NA","0","0","Typha sp.",0,"NA",0,"NA",0,3,0,"NA","NA","355.47","NA","NA","NA","NA","NA","NA","NA","NA","NA","NA","NA","NA"
"6","SFBay","Browns Island","NA",502347,38.03798,-121.8605,"NA",.25,"8/1/2005",8,2005,649.08,"0","0","NA","0","0",0,"NA","0","0","Schoenoplectus americanus",0,"NA",0,"NA",0,3,0,"NA","NA","302.54","NA","NA","NA","NA","NA","NA","NA","NA","NA","NA","NA","NA"
"5","SFBay","Browns Island","NA",502347,38.03798,-121.8605,"NA",.25,"8/1/2005",8,2005,606.16,"0","0","NA","0","0",0,"NA","0","0","Schoenoplectus americanus",0,"NA",0,"NA",0,3,0,"NA","NA","441.62","NA","NA","NA","NA","NA","NA","NA","NA","NA","NA","NA","NA"
"14","SFBay","Browns Island","NA",505007,38.03825,-121.8659,"NA",.25,"8/1/2005",8,2005,907.44,"0","0","NA","0","0",0,"NA","0","0","Schoenoplectus acutus",0,"NA",0,"NA",0,2,0,"NA","NA","623.27","NA","NA","NA","NA","NA","NA","NA","NA","NA","NA","NA","NA"
"13","SFBay","Browns Island","NA",505007,38.03824,-121.8658,"NA",.25,"8/1/2005",8,2005,1047.76,"0","0","NA","0","0",0,"NA","0","0","Schoenoplectus acutus",0,"NA",0,"NA",0,2,0,"NA","NA","722.65","NA","NA","NA","NA","NA","NA","NA","NA","NA","NA","NA","NA"
"54-6","SFBay","Browns Island","54",507691,38.03862,-121.863,"6",.0625,"7/11/2008",7,2008,2734.4,"NA","NA","NA","NA","NA",0,"85","NA","NA","Schoenoplectus americanus",37.5,"Schoenoplectus americanus",37.5,"Lythrum californicum",15,2,0,"NA","NA","472.20","0.00","3.16","NA","NA","NA","NA","NA","NA","NA","NA","NA","NA"
"54-8","SFBay","Browns Island","54",507691,38.03862,-121.8631,"8",.0625,"7/11/2008",7,2008,2412.8,"NA","NA","NA","NA","NA",0,"62.5","NA","NA","Typha domingensis",62.5,"Typha domingensis",37.5,"Typha domingensis",37.5,2,0,"NA","NA","504.20","0.00","4.00","NA","NA","NA","NA","NA","NA","NA","NA","NA","NA"
"54-5","SFBay","Browns Island","54",507692,38.03862,-121.8629,"5",.0625,"7/11/2008",7,2008,355.2,"NA","NA","NA","NA","NA",0,"85","NA","NA","Schoenoplectus americanus",37.5,"Schoenoplectus americanus",37.5,"Schoenoplectus americanus",37.5,2,0,"NA","NA","197.70","0.00","2.00","NA","NA","NA","NA","NA","NA","NA","NA","NA","NA"
"54-2","SFBay","Browns Island","54",507692,38.03862,-121.8627,"2",.0625,"7/11/2008",7,2008,1040,"NA","NA","NA","NA","NA",0,"62.5","NA","NA","Potentilla anserina",62.5,"Potentilla anserina",62.5,"Euthamia occidentalis",37.5,2,0,"NA","NA","248.70","0.00","3.00","NA","NA","NA","NA","NA","NA","NA","NA","NA","NA"
"54-1","SFBay","Browns Island","54",507693,38.03862,-121.8626,"1",.0625,"7/11/2008",7,2008,398.4,"NA","NA","NA","NA","NA",0,"62.5","NA","NA","Schoenoplectus americanus",62.5,"Schoenoplectus acutus",15,"Schoenoplectus acutus var. occidentalis",15,1,0,"NA","NA","205.70","0.00","2.00","NA","NA","NA","NA","NA","NA","NA","NA","NA","NA"
"26-7","SFBay","Browns Island","26",507713,38.03855,-121.8555,"7",.0625,"7/10/2008",7,2008,718.4,"NA","NA","NA","NA","NA",0,"62.5","NA","NA","Schoenoplectus acutus",62.5,"NA",37.5,"NA",37.5,3,4,"NA","NA","144.40","2.00","0.00","NA","NA","NA","NA","NA","NA","NA","NA","NA","NA"
"26-10","SFBay","Browns Island","26",507713,38.03855,-121.8557,"10",.0625,"7/10/2008",7,2008,2252.8,"NA","NA","NA","NA","NA",0,"85","NA","NA","Schoenoplectus acutus",62.5,"NA",15,"NA",0,3,4,"NA","NA","363.10","2.00","2.00","NA","NA","NA","NA","NA","NA","NA","NA","NA","NA"
"26-8","SFBay","Browns Island","26",507713,38.03855,-121.8556,"8",.0625,"7/10/2008",7,2008,3291.2,"NA","NA","NA","NA","NA",0,"62.5","NA","NA","Typha domingensis",62.5,"Schoenoplectus acutus",37.5,"NA",3,3,4,"NA","NA","420.70","2.00","3.00","NA","NA","NA","NA","NA","NA","NA","NA","NA","NA"
"26-2","SFBay","Browns Island","26",507714,38.03854,-121.8552,"2",.0625,"7/10/2008",7,2008,934.4,"NA","NA","NA","NA","NA",0,"0","NA","NA","Schoenoplectus americanus",62.5,"Potentilla anserina",37.5,"Potentilla anserina",37.5,4,4,"NA","NA","193.50","2.00","3.00","NA","NA","NA","NA","NA","NA","NA","NA","NA","NA"
"26-3","SFBay","Browns Island","26",507714,38.03854,-121.8553,"3",.0625,"7/10/2008",7,2008,118.4,"NA","NA","NA","NA","NA",0,"3","NA","NA","Schoenoplectus americanus",62.5,"Schoenoplectus americanus",37.5,"Persicaria maculosa",15,4,4,"NA","NA","238.50","2.00","3.61","NA","NA","NA","NA","NA","NA","NA","NA","NA","NA"
"26-5","SFBay","Browns Island","26",507714,38.03854,-121.8554,"5",.0625,"7/10/2008",7,2008,2174.4,"NA","NA","NA","NA","NA",0,"3","NA","NA","Schoenoplectus americanus",62.5,"Schoenoplectus americanus",62.5,"NA",.5,4,4,"NA","NA","252.50","2.00","1.00","NA","NA","NA","NA","NA","NA","NA","NA","NA","NA"
"26-2","SFBay","Browns Island","26",507714,38.03854,-121.8552,"2",.0625,"7/10/2008",7,2008,996.8,"NA","NA","NA","NA","NA",0,"0","NA","NA","Schoenoplectus americanus",62.5,"Potentilla anserina",37.5,"Potentilla anserina",37.5,4,4,"NA","NA","165.90","2.00","0.00","NA","NA","NA","NA","NA","NA","NA","NA","NA","NA"
"34-9","SFBay","Browns Island","34",531747,38.04106,-121.8727,"9",.0625,"8/21/2008",8,2008,1108.8,"NA","NA","NA","NA","NA",0,"62.5","NA","NA","Typha domingensis",62.5,"Schoenoplectus americanus",15,"Schoenoplectus americanus",15,1,3,"NA","NA","441.40","0.00","6.32","NA","NA","NA","NA","NA","NA","NA","NA","NA","NA"
"34-1","SFBay","Browns Island","34",531748,38.04105,-121.8723,"1",.0625,"8/21/2008",8,2008,1126.4,"NA","NA","NA","NA","NA",0,"62.5","NA","NA","Triglochin maritima",62.5,"Triglochin maritima",62.5,"Triglochin maritima",37.5,5,3,"NA","NA","347.80","0.00","5.10","NA","NA","NA","NA","NA","NA","NA","NA","NA","NA"
"34-1","SFBay","Browns Island","34",531748,38.04105,-121.8723,"1",.0625,"8/21/2008",8,2008,872,"NA","NA","NA","NA","NA",0,"62.5","NA","NA","Triglochin maritima",62.5,"Triglochin maritima",62.5,"Triglochin maritima",37.5,5,3,"NA","NA","276.60","0.00","5.10","NA","NA","NA","NA","NA","NA","NA","NA","NA","NA"
"34-3","SFBay","Browns Island","34",531748,38.04105,-121.8724,"3",.0625,"8/21/2008",8,2008,828.8,"NA","NA","NA","NA","NA",0,"85","NA","NA","Schoenoplectus americanus",62.5,"Jaumea carnosa",37.5,"Jaumea carnosa",15,5,3,"NA","NA","261.40","0.00","5.66","NA","NA","NA","NA","NA","NA","NA","NA","NA","NA"
"34-4","SFBay","Browns Island","34",531748,38.04105,-121.8725,"4",.0625,"8/21/2008",8,2008,1240,"NA","NA","NA","NA","NA",0,"37.5","NA","NA","Triglochin maritima",62.5,"Triglochin maritima",37.5,"Potentilla anserina",15,5,3,"NA","NA","213.20","0.00","1.41","NA","NA","NA","NA","NA","NA","NA","NA","NA","NA"
"34-3","SFBay","Browns Island","34",531748,38.04105,-121.8724,"3",.0625,"8/21/2008",8,2008,209.6,"NA","NA","NA","NA","NA",0,"85","NA","NA","Schoenoplectus americanus",62.5,"Jaumea carnosa",37.5,"Jaumea carnosa",15,5,3,"NA","NA","303.60","0.00","4.00","NA","NA","NA","NA","NA","NA","NA","NA","NA","NA"
"45","SFBay","Browns Island","NA",534439,38.04145,-121.8672,"NA",.25,"8/3/2005",8,2005,1211.6,"0","0","NA","0","0",0,"NA","0","0","Typha sp.",0,"NA",0,"NA",0,1,0,"NA","NA","505.31","NA","NA","NA","NA","NA","NA","NA","NA","NA","NA","NA","NA"
"42","SFBay","Browns Island","NA",534440,38.04143,-121.8669,"NA",.25,"8/3/2005",8,2005,1341.84,"0","0","NA","0","0",0,"NA","0","0","Typha sp.",0,"NA",0,"NA",0,1,0,"NA","NA","522.61","NA","NA","NA","NA","NA","NA","NA","NA","NA","NA","NA","NA"
"44","SFBay","Browns Island","NA",534441,38.04127,-121.8667,"NA",.25,"8/3/2005",8,2005,1159.04,"0","0","NA","0","0",0,"NA","0","0","Typha sp.",0,"NA",0,"NA",0,1,0,"NA","NA","506.56","NA","NA","NA","NA","NA","NA","NA","NA","NA","NA","NA","NA"
"41","SFBay","Browns Island","NA",537113,38.04153,-121.8679,"NA",.25,"8/3/2005",8,2005,1261.64,"0","0","NA","0","0",0,"NA","0","0","Schoenoplectus acutus",0,"NA",0,"NA",0,6,0,"NA","NA","649.15","NA","NA","NA","NA","NA","NA","NA","NA","NA","NA","NA","NA"
"38","SFBay","Browns Island","NA",537113,38.04162,-121.8679,"NA",.25,"8/3/2005",8,2005,2387,"0","0","NA","0","0",0,"NA","0","0","Schoenoplectus acutus",0,"NA",0,"NA",0,6,0,"NA","NA","1242.65","NA","NA","NA","NA","NA","NA","NA","NA","NA","NA","NA","NA"
"36","SFBay","Browns Island","NA",537113,38.04157,-121.8678,"NA",.25,"8/3/2005",8,2005,1574.52,"0","0","NA","0","0",0,"NA","0","0","Schoenoplectus acutus",0,"NA",0,"NA",0,6,0,"NA","NA","999.96","NA","NA","NA","NA","NA","NA","NA","NA","NA","NA","NA","NA"
"40","SFBay","Browns Island","NA",537113,38.04163,-121.8679,"NA",.25,"8/3/2005",8,2005,2264.64,"0","0","NA","0","0",0,"NA","0","0","Schoenoplectus acutus",0,"NA",0,"NA",0,6,0,"NA","NA","1025.28","NA","NA","NA","NA","NA","NA","NA","NA","NA","NA","NA","NA"
"39","SFBay","Browns Island","NA",537113,38.04165,-121.8679,"NA",.25,"8/3/2005",8,2005,1772.64,"0","0","NA","0","0",0,"NA","0","0","Schoenoplectus acutus",0,"NA",0,"NA",0,6,0,"NA","NA","971.97","NA","NA","NA","NA","NA","NA","NA","NA","NA","NA","NA","NA"
"37","SFBay","Browns Island","NA",537113,38.04155,-121.8678,"NA",.25,"8/3/2005",8,2005,1124,"0","0","NA","0","0",0,"NA","0","0","Schoenoplectus acutus",0,"NA",0,"NA",0,6,0,"NA","NA","731.36","NA","NA","NA","NA","NA","NA","NA","NA","NA","NA","NA","NA"
"34","SFBay","Browns Island","NA",537115,38.04167,-121.8673,"NA",.25,"8/3/2005",8,2005,1163.2,"0","0","NA","0","0",0,"NA","0","0","Schoenoplectus americanus",0,"NA",0,"NA",0,2,0,"NA","NA","429.40","NA","NA","NA","NA","NA","NA","NA","NA","NA","NA","NA","NA"
"35","SFBay","Browns Island","NA",537115,38.04151,-121.8672,"NA",.25,"8/3/2005",8,2005,879.08,"0","0","NA","0","0",0,"NA","0","0","Schoenoplectus americanus",0,"NA",0,"NA",0,2,0,"NA","NA","447.96","NA","NA","NA","NA","NA","NA","NA","NA","NA","NA","NA","NA"
"43","SFBay","Browns Island","NA",537116,38.04151,-121.8668,"NA",.25,"8/3/2005",8,2005,1466.04,"0","0","NA","0","0",0,"NA","0","0","Typha sp.",0,"NA",0,"NA",0,1,0,"NA","NA","611.23","NA","NA","NA","NA","NA","NA","NA","NA","NA","NA","NA","NA"
"50-10","SFBay","Browns Island","50",537120,38.04171,-121.8654,"10",.0625,"7/10/2008",7,2008,246.4,"NA","NA","NA","NA","NA",0,"85","NA","NA","Schoenoplectus americanus",37.5,"Schoenoplectus americanus",37.5,"Jaumea carnosa",15,1,0,"NA","NA","176.50","5.50","1.00","NA","NA","NA","NA","NA","NA","NA","NA","NA","NA"
"50-4","SFBay","Browns Island","50",537121,38.0417,-121.865,"4",.0625,"7/10/2008",7,2008,825.6,"NA","NA","NA","NA","NA",0,"62.5","NA","NA","Triglochin maritima",85,"Schoenoplectus americanus",15,"Schoenoplectus americanus",15,4,0,"NA","NA","245.60","5.50","4.00","NA","NA","NA","NA","NA","NA","NA","NA","NA","NA"
"50-9","SFBay","Browns Island","50",537121,38.04171,-121.8652,"9",.0625,"7/10/2008",7,2008,680,"NA","NA","NA","NA","NA",0,"85","NA","NA","Schoenoplectus americanus",37.5,"Salicornia virginica",15,"Salicornia virginica",15,4,0,"NA","NA","180.50","5.50","2.83","NA","NA","NA","NA","NA","NA","NA","NA","NA","NA"
"50-6","SFBay","Browns Island","50",537121,38.0417,-121.8651,"6",.0625,"7/10/2008",7,2008,321.6,"NA","NA","NA","NA","NA",0,"62.5","NA","NA","Triglochin maritima",85,"Triglochin maritima",37.5,"Triglochin maritima",15,4,0,"NA","NA","204.30","5.50","2.00","NA","NA","NA","NA","NA","NA","NA","NA","NA","NA"
"50-4","SFBay","Browns Island","50",537121,38.0417,-121.865,"4",.0625,"7/10/2008",7,2008,518.4,"NA","NA","NA","NA","NA",0,"62.5","NA","NA","Triglochin maritima",85,"Schoenoplectus americanus",15,"Schoenoplectus americanus",15,4,0,"NA","NA","169.60","5.50","5.66","NA","NA","NA","NA","NA","NA","NA","NA","NA","NA"
"50-2","SFBay","Browns Island","50",537122,38.0417,-121.8649,"2",.0625,"7/10/2008",7,2008,724.8,"NA","NA","NA","NA","NA",0,"62.5","NA","NA","Triglochin maritima",85,"Triglochin maritima",37.5,"Triglochin maritima",15,2,0,"NA","NA","217.00","5.50","5.83","NA","NA","NA","NA","NA","NA","NA","NA","NA","NA"
"50-2","SFBay","Browns Island","50",537122,38.0417,-121.865,"2",.0625,"7/10/2008",7,2008,766.4,"NA","NA","NA","NA","NA",0,"62.5","NA","NA","Triglochin maritima",85,"Triglochin maritima",37.5,"Triglochin maritima",15,2,0,"NA","NA","186.90","5.50","3.00","NA","NA","NA","NA","NA","NA","NA","NA","NA","NA"
"32","SFBay","Browns Island","NA",539791,38.04192,-121.8673,"NA",.25,"8/3/2005",8,2005,1200.32,"0","0","NA","0","0",0,"NA","0","0","Schoenoplectus americanus",0,"NA",0,"NA",0,2,0,"NA","NA","612.54","NA","NA","NA","NA","NA","NA","NA","NA","NA","NA","NA","NA"
"33","SFBay","Browns Island","NA",539791,38.0418,-121.8673,"NA",.25,"8/3/2005",8,2005,930.88,"0","0","NA","0","0",0,"NA","0","0","Schoenoplectus americanus",0,"NA",0,"NA",0,2,0,"NA","NA","475.45","NA","NA","NA","NA","NA","NA","NA","NA","NA","NA","NA","NA"
"28","SFBay","Browns Island","NA",542466,38.0423,-121.8674,"NA",.25,"8/3/2005",8,2005,879.24,"0","0","NA","0","0",0,"NA","0","0","Schoenoplectus americanus",0,"NA",0,"NA",0,1,0,"NA","NA","367.02","NA","NA","NA","NA","NA","NA","NA","NA","NA","NA","NA","NA"
"31","SFBay","Browns Island","NA",542467,38.0421,-121.8673,"NA",.25,"8/3/2005",8,2005,1093,"0","0","NA","0","0",0,"NA","0","0","Schoenoplectus americanus",0,"NA",0,"NA",0,2,0,"NA","NA","424.19","NA","NA","NA","NA","NA","NA","NA","NA","NA","NA","NA","NA"
"27","SFBay","Browns Island","NA",542467,38.0423,-121.8673,"NA",.25,"8/3/2005",8,2005,760,"0","0","NA","0","0",0,"NA","0","0","Schoenoplectus americanus",0,"NA",0,"NA",0,2,0,"NA","NA","260.86","NA","NA","NA","NA","NA","NA","NA","NA","NA","NA","NA","NA"
"30","SFBay","Browns Island","NA",545143,38.04232,-121.8672,"NA",.25,"8/3/2005",8,2005,1088.88,"0","0","NA","0","0",0,"NA","0","0","Typha angustifolia",0,"NA",0,"NA",0,2,0,"NA","NA","524.04","NA","NA","NA","NA","NA","NA","NA","NA","NA","NA","NA","NA"
"29","SFBay","Browns Island","NA",545143,38.04235,-121.8673,"NA",.25,"8/3/2005",8,2005,1006.12,"0","0","NA","0","0",0,"NA","0","0","Typha angustifolia",0,"NA",0,"NA",0,2,0,"NA","NA","542.78","NA","NA","NA","NA","NA","NA","NA","NA","NA","NA","NA","NA"
"40-7","SFBay","Browns Island","40",547808,38.04284,-121.8709,"7",.0625,"8/20/2008",8,2008,182.4,"NA","NA","NA","NA","NA",0,"85","NA","NA","Schoenoplectus acutus",37.5,"Schoenoplectus acutus",37.5,"Schoenoplectus acutus var. occidentalis",37.5,3,4,"NA","NA","343.10","0.00","7.00","NA","NA","NA","NA","NA","NA","NA","NA","NA","NA"
"40-9","SFBay","Browns Island","40",547808,38.04284,-121.8709,"9",.0625,"8/20/2008",8,2008,0,"NA","NA","NA","NA","NA",0,"97.5","NA","NA","Typha domingensis",62.5,"Typha domingensis",15,"Typha domingensis",15,3,4,"NA","NA","456.90","0.00","8.06","NA","NA","NA","NA","NA","NA","NA","NA","NA","NA"
"40-8","SFBay","Browns Island","40",547808,38.04284,-121.8709,"8",.0625,"8/20/2008",8,2008,1902.4,"NA","NA","NA","NA","NA",0,"85","NA","NA","Rumex californicus",37.5,"Rumex californicus",37.5,"Rumex californicus",37.5,3,4,"NA","NA","542.50","0.00","8.00","NA","NA","NA","NA","NA","NA","NA","NA","NA","NA"
"40-1","SFBay","Browns Island","40",547809,38.04284,-121.8706,"1",.0625,"8/20/2008",8,2008,3416,"NA","NA","NA","NA","NA",0,"62.5","NA","NA","Typha domingensis",62.5,"Schoenoplectus americanus",15,"Schoenoplectus americanus",15,4,4,"NA","NA","531.50","0.00","6.00","NA","NA","NA","NA","NA","NA","NA","NA","NA","NA"
"40-4","SFBay","Browns Island","40",547809,38.04284,-121.8707,"4",.0625,"8/20/2008",8,2008,2380.8,"NA","NA","NA","NA","NA",0,"97.5","NA","NA","Typha domingensis",62.5,"Schoenoplectus acutus",37.5,"Euthamia occidentalis",15,4,4,"NA","NA","456.70","0.00","3.16","NA","NA","NA","NA","NA","NA","NA","NA","NA","NA"
"40-6","SFBay","Browns Island","40",547809,38.04284,-121.8708,"6",.0625,"8/20/2008",8,2008,2822.4,"NA","NA","NA","NA","NA",0,"97.5","NA","NA","Typha domingensis",62.5,"Schoenoplectus acutus",37.5,"Persicaria amphibia",15,4,4,"NA","NA","466.20","0.00","2.00","NA","NA","NA","NA","NA","NA","NA","NA","NA","NA"
"40-4","SFBay","Browns Island","40",547809,38.04284,-121.8707,"4",.0625,"8/20/2008",8,2008,276.8,"NA","NA","NA","NA","NA",0,"97.5","NA","NA","Typha domingensis",62.5,"Schoenoplectus acutus",37.5,"Euthamia occidentalis",15,4,4,"NA","NA","317.80","0.00","3.00","NA","NA","NA","NA","NA","NA","NA","NA","NA","NA"
"48-7","SFBay","Browns Island","48",550496,38.04298,-121.8668,"7",.0625,"7/10/2008",7,2008,1243.2,"NA","NA","NA","NA","NA",0,"62.5","NA","NA","Triglochin maritima",37.5,"Triglochin maritima",37.5,"Triglochin maritima",15,3,0,"NA","NA","293.40","4.00","1.00","NA","NA","NA","NA","NA","NA","NA","NA","NA","NA"
"48-8","SFBay","Browns Island","48",550496,38.04298,-121.8669,"8",.0625,"7/10/2008",7,2008,448,"NA","NA","NA","NA","NA",0,"62.5","NA","NA","Triglochin maritima",62.5,"Triglochin maritima",37.5,"Triglochin maritima",37.5,3,0,"NA","NA","251.30","4.00","4.12","NA","NA","NA","NA","NA","NA","NA","NA","NA","NA"
"48-8","SFBay","Browns Island","48",550496,38.04298,-121.8669,"8",.0625,"7/10/2008",7,2008,1483.2,"NA","NA","NA","NA","NA",0,"62.5","NA","NA","Triglochin maritima",62.5,"Triglochin maritima",37.5,"Triglochin maritima",37.5,3,0,"NA","NA","300.60","4.00","1.00","NA","NA","NA","NA","NA","NA","NA","NA","NA","NA"
"48-1","SFBay","Browns Island","48",550497,38.04298,-121.8665,"1",.0625,"7/10/2008",7,2008,976,"NA","NA","NA","NA","NA",0,"85","NA","NA","Triglochin maritima",37.5,"Triglochin maritima",37.5,"Triglochin maritima",37.5,4,0,"NA","NA","251.00","4.00","5.00","NA","NA","NA","NA","NA","NA","NA","NA","NA","NA"
"48-1","SFBay","Browns Island","48",550497,38.04298,-121.8666,"1",.0625,"7/10/2008",7,2008,692.8,"NA","NA","NA","NA","NA",0,"85","NA","NA","Triglochin maritima",37.5,"Triglochin maritima",37.5,"Triglochin maritima",37.5,4,0,"NA","NA","388.20","4.00","5.39","NA","NA","NA","NA","NA","NA","NA","NA","NA","NA"
"48-5","SFBay","Browns Island","48",550497,38.04298,-121.8667,"5",.0625,"7/10/2008",7,2008,1019.2,"NA","NA","NA","NA","NA",0,"85","NA","NA","Potentilla anserina",37.5,"Potentilla anserina",37.5,"Potentilla anserina",37.5,4,0,"NA","NA","337.50","4.00","2.00","NA","NA","NA","NA","NA","NA","NA","NA","NA","NA"
"48-5","SFBay","Browns Island","48",550497,38.04298,-121.8666,"5",.0625,"7/10/2008",7,2008,1228.8,"NA","NA","NA","NA","NA",0,"85","NA","NA","Potentilla anserina",37.5,"Potentilla anserina",37.5,"Potentilla anserina",37.5,4,0,"NA","NA","396.50","4.00","2.00","NA","NA","NA","NA","NA","NA","NA","NA","NA","NA"
"43-9","SFBay","Browns Island","43",563869,38.04427,-121.8692,"9",.0625,"7/11/2008",7,2008,403.2,"NA","NA","NA","NA","NA",0,"37.5","NA","NA","Persicaria maculosa",85,"Calystegia sepium",37.5,"Calystegia sepium",37.5,3,0,"NA","NA","94.00","1.50","4.47","NA","NA","NA","NA","NA","NA","NA","NA","NA","NA"
"43-10","SFBay","Browns Island","43",563869,38.04427,-121.8693,"10",.0625,"7/11/2008",7,2008,1898.72,"NA","NA","NA","NA","NA",0,"85","NA","NA","Schoenoplectus acutus",62.5,"NA",0,"NA",0,3,0,"NA","NA","209.88","1.50","5.66","NA","NA","NA","NA","NA","NA","NA","NA","NA","NA"
"43-10","SFBay","Browns Island","43",563869,38.04427,-121.8693,"10",.0625,"7/11/2008",7,2008,1248,"NA","NA","NA","NA","NA",0,"85","NA","NA","Schoenoplectus acutus",62.5,"NA",0,"NA",0,3,0,"NA","NA","185.60","1.50","4.12","NA","NA","NA","NA","NA","NA","NA","NA","NA","NA"
"43-1","SFBay","Browns Island","43",563870,38.04426,-121.8688,"1",.0625,"7/11/2008",7,2008,1340.8,"NA","NA","NA","NA","NA",0,"85","NA","NA","Typha domingensis",37.5,"Typha domingensis",37.5,"Persicaria maculosa",15,4,0,"NA","NA","337.50","1.50","5.39","NA","NA","NA","NA","NA","NA","NA","NA","NA","NA"
"43-3","SFBay","Browns Island","43",563870,38.04427,-121.8689,"3",.0625,"7/11/2008",7,2008,1326.4,"NA","NA","NA","NA","NA",0,"0","NA","NA","Persicaria maculosa",62.5,"Calystegia sepium",37.5,"Calystegia sepium",37.5,4,0,"NA","NA","157.90","1.50","0.00","NA","NA","NA","NA","NA","NA","NA","NA","NA","NA"
"43-1","SFBay","Browns Island","43",563870,38.04426,-121.8688,"1",.0625,"7/11/2008",7,2008,825.6,"NA","NA","NA","NA","NA",0,"85","NA","NA","Typha domingensis",37.5,"Typha domingensis",37.5,"Persicaria maculosa",15,4,0,"NA","NA","173.80","1.50","7.07","NA","NA","NA","NA","NA","NA","NA","NA","NA","NA"
"43-5","SFBay","Browns Island","43",563870,38.04427,-121.8691,"5",.0625,"7/11/2008",7,2008,930.24,"NA","NA","NA","NA","NA",0,"62.5","NA","NA","Typha domingensis",62.5,"Persicaria maculosa",37.5,"Persicaria maculosa",37.5,4,0,"NA","NA","274.14","1.50","5.00","NA","NA","NA","NA","NA","NA","NA","NA","NA","NA"
"18","SFBay","ShermanLake","NA",601486,38.04773,-121.8169,"NA",.25,"8/15/2005",8,2005,3701.56,"0","0","NA","0","0",0,"NA","0","0","Schoenoplectus californicus",0,"NA",0,"NA",0,3,0,"NA","NA","966.14","NA","NA","NA","NA","NA","NA","NA","NA","NA","NA","NA","NA"
"16","SFBay","ShermanLake","NA",601486,38.04768,-121.8169,"NA",.25,"8/15/2005",8,2005,1992,"0","0","NA","0","0",0,"NA","0","0","Schoenoplectus californicus",0,"NA",0,"NA",0,3,0,"NA","NA","510.85","NA","NA","NA","NA","NA","NA","NA","NA","NA","NA","NA","NA"
"17","SFBay","ShermanLake","NA",601486,38.04769,-121.8169,"NA",.25,"8/15/2005",8,2005,2096.96,"0","0","NA","0","0",0,"NA","0","0","Schoenoplectus californicus",0,"NA",0,"NA",0,3,0,"NA","NA","552.45","NA","NA","NA","NA","NA","NA","NA","NA","NA","NA","NA","NA"
"s11_072412","SFBay","Mayberry","NA",601638,38.04715,-121.765,"NA",.11,"7/24/2012",7,2012,1472.89,"26","0","NA","85","0",0,"NA","15","0","NA",0,"NA",0,"NA",0,1,0,"1472.89","0.00","NA","NA","NA","NA","NA","NA","NA","NA","NA","NA","NA","NA","NA"
"s11_081512","SFBay","Mayberry","NA",601638,38.04715,-121.765,"NA",.11,"8/15/2012",8,2012,1233.28,"13","0","med","70","20",0,"NA","10","0","NA",0,"NA",0,"NA",0,1,0,"1233.28","0.00","NA","NA","NA","NA","NA","NA","NA","NA","NA","NA","NA","NA","NA"
"s11_092412","SFBay","Mayberry","NA",601638,38.04715,-121.765,"NA",.11,"9/24/2012",9,2012,70.83,"4","0","low","60","40",0,"NA","0","0","NA",0,"NA",0,"NA",0,1,0,"70.83","0.00","NA","NA","NA","NA","NA","NA","NA","NA","NA","NA","NA","NA","NA"
"s10_072412","SFBay","Mayberry","NA",601639,38.04696,-121.7647,"NA",.11,"7/24/2012",7,2012,1802.39,"4.300000191","0","NA","85","0",0,"NA","15","0","NA",0,"NA",0,"NA",0,1,0,"1802.39","0.00","NA","NA","NA","NA","NA","NA","NA","NA","NA","NA","NA","NA","NA"
"s10_081512","SFBay","Mayberry","NA",601639,38.04696,-121.7647,"NA",.11,"8/15/2012",8,2012,2171.66,"0","0","NA","85","15",0,"NA","0","0","NA",0,"NA",0,"NA",0,1,0,"2171.66","0.00","NA","NA","NA","NA","NA","NA","NA","NA","NA","NA","NA","NA","NA"
"s10_092412","SFBay","Mayberry","NA",601639,38.04696,-121.7647,"NA",.11,"9/24/2012",9,2012,1556.13,"0","0","low","98","2",0,"NA","0","0","NA",0,"NA",0,"NA",0,1,0,"1556.13","0.00","NA","NA","NA","NA","NA","NA","NA","NA","NA","NA","NA","NA","NA"
"s12_081512","SFBay","Mayberry","NA",604314,38.04732,-121.765,"NA",.11,"8/15/2012",8,2012,2890.99,"14.69999981","0","low","85","5",0,"NA","10","0","NA",0,"NA",0,"NA",0,3,0,"2890.99","0.00","NA","NA","NA","NA","NA","NA","NA","NA","NA","NA","NA","NA","NA"
"s13_081512","SFBay","Mayberry","NA",604314,38.04747,-121.765,"NA",.11,"8/15/2012",8,2012,2084.85,"14.69999981","0","low","85","5",0,"NA","10","0","NA",0,"NA",0,"NA",0,3,0,"2084.85","0.00","NA","NA","NA","NA","NA","NA","NA","NA","NA","NA","NA","NA","NA"
"s9_081512","SFBay","Mayberry","NA",604314,38.04737,-121.7649,"NA",.11,"8/15/2012",8,2012,690.81,"11.30000019","0","NA","70","15",0,"NA","15","0","NA",0,"NA",0,"NA",0,3,0,"690.81","0.00","NA","NA","NA","NA","NA","NA","NA","NA","NA","NA","NA","NA","NA"
"s13_092412","SFBay","Mayberry","NA",604314,38.04747,-121.765,"NA",.11,"9/24/2012",9,2012,1164.15,"16","0","low","70","30",0,"NA","0","0","NA",0,"NA",0,"NA",0,3,0,"1164.15","0.00","NA","NA","NA","NA","NA","NA","NA","NA","NA","NA","NA","NA","NA"
"s9_092412","SFBay","Mayberry","NA",604314,38.04737,-121.7649,"NA",.11,"9/24/2012",9,2012,1834.12,"4.699999809","0","low","40","20",0,"NA","30","10","NA",0,"NA",0,"NA",0,3,0,"1834.12","0.00","NA","NA","NA","NA","NA","NA","NA","NA","NA","NA","NA","NA","NA"
"s12_092412","SFBay","Mayberry","NA",604314,38.04732,-121.765,"NA",.11,"9/24/2012",9,2012,365.74,"6","0","low","70","20",0,"NA","10","0","NA",0,"NA",0,"NA",0,3,0,"365.74","0.00","NA","NA","NA","NA","NA","NA","NA","NA","NA","NA","NA","NA","NA"
"20","SFBay","ShermanLake","NA",606836,38.04827,-121.8176,"NA",.25,"8/15/2005",8,2005,2509.72,"0","0","NA","0","0",0,"NA","0","0","Schoenoplectus californicus",0,"NA",0,"NA",0,2,0,"NA","NA","638.51","NA","NA","NA","NA","NA","NA","NA","NA","NA","NA","NA","NA"
"19","SFBay","ShermanLake","NA",606836,38.04826,-121.8176,"NA",.25,"8/15/2005",8,2005,2728.28,"0","0","NA","0","0",0,"NA","0","0","Schoenoplectus californicus",0,"NA",0,"NA",0,2,0,"NA","NA","717.25","NA","NA","NA","NA","NA","NA","NA","NA","NA","NA","NA","NA"
"s14_072412","SFBay","Mayberry","NA",606989,38.04761,-121.7651,"NA",.11,"7/24/2012",7,2012,2835.31,"22.29999924","0","NA","98","2",0,"NA","0","0","NA",0,"NA",0,"NA",0,1,0,"2835.31","0.00","NA","NA","NA","NA","NA","NA","NA","NA","NA","NA","NA","NA","NA"
"s14_081512","SFBay","Mayberry","NA",606989,38.04761,-121.7651,"NA",.11,"8/15/2012",8,2012,1731.55,"12","0","med","85","10",0,"NA","5","0","NA",0,"NA",0,"NA",0,2,0,"1731.55","0.00","NA","NA","NA","NA","NA","NA","NA","NA","NA","NA","NA","NA","NA"
"s15_081512","SFBay","Mayberry","NA",606989,38.04769,-121.7651,"NA",.11,"8/15/2012",8,2012,1829.65,"7.699999809","0","med","80","10",0,"NA","10","0","NA",0,"NA",0,"NA",0,2,0,"1829.65","0.00","NA","NA","NA","NA","NA","NA","NA","NA","NA","NA","NA","NA","NA"
"s15_092412","SFBay","Mayberry","NA",606989,38.04769,-121.7651,"NA",.11,"9/24/2012",9,2012,1037.53,"3.299999952","0","low","80","10",0,"NA","10","0","NA",0,"NA",0,"NA",0,2,0,"1037.53","0.00","NA","NA","NA","NA","NA","NA","NA","NA","NA","NA","NA","NA","NA"
"s14_092412","SFBay","Mayberry","NA",606989,38.04761,-121.7651,"NA",.11,"9/24/2012",9,2012,1124.43,"8.300000191","0","med","90","10",0,"NA","0","0","NA",0,"NA",0,"NA",0,2,0,"1124.43","0.00","NA","NA","NA","NA","NA","NA","NA","NA","NA","NA","NA","NA","NA"
"s7_072412","SFBay","Mayberry","NA",606990,38.04766,-121.765,"NA",.11,"7/24/2012",7,2012,3243.91,"10.69999981","0","NA","95","5",0,"NA","0","0","NA",0,"NA",0,"NA",0,2,0,"3243.91","0.00","NA","NA","NA","NA","NA","NA","NA","NA","NA","NA","NA","NA","NA"
"s8_072412","SFBay","Mayberry","NA",606990,38.04752,-121.765,"NA",.11,"7/24/2012",7,2012,1242.79,"16","0","low","85","0",0,"NA","15","0","NA",0,"NA",0,"NA",0,2,0,"1242.79","0.00","NA","NA","NA","NA","NA","NA","NA","NA","NA","NA","NA","NA","NA"
"s7_081512","SFBay","Mayberry","NA",606990,38.04766,-121.765,"NA",.11,"8/15/2012",8,2012,2278.22,"17","0","low","80","20",0,"NA","0","0","NA",0,"NA",0,"NA",0,2,0,"2278.22","0.00","NA","NA","NA","NA","NA","NA","NA","NA","NA","NA","NA","NA","NA"
"s8_081512","SFBay","Mayberry","NA",606990,38.04752,-121.765,"NA",.11,"8/15/2012",8,2012,1804.61,"10","0","NA","80","0",0,"NA","20","0","NA",0,"NA",0,"NA",0,2,0,"1804.61","0.00","NA","NA","NA","NA","NA","NA","NA","NA","NA","NA","NA","NA","NA"
"s7_092412","SFBay","Mayberry","NA",606990,38.04766,-121.765,"NA",.11,"9/24/2012",9,2012,2475.22,"13.30000019","0","low","85","10",0,"NA","0","5","NA",0,"NA",0,"NA",0,2,0,"2475.22","0.00","NA","NA","NA","NA","NA","NA","NA","NA","NA","NA","NA","NA","NA"
"s8_092412","SFBay","Mayberry","NA",606990,38.04752,-121.765,"NA",.11,"9/24/2012",9,2012,641.15,"8.300000191","0","low","50","10",0,"NA","40","0","NA",0,"NA",0,"NA",0,2,0,"641.15","0.00","NA","NA","NA","NA","NA","NA","NA","NA","NA","NA","NA","NA","NA"
"21","SFBay","ShermanLake","NA",609512,38.04856,-121.8176,"NA",.25,"8/15/2005",8,2005,1305.16,"0","0","NA","0","0",0,"NA","0","0","Schoenoplectus californicus",0,"NA",0,"NA",0,2,0,"NA","NA","407.04","NA","NA","NA","NA","NA","NA","NA","NA","NA","NA","NA","NA"
"22","SFBay","ShermanLake","NA",609512,38.04857,-121.8176,"NA",.25,"8/15/2005",8,2005,4144.04,"0","0","NA","0","0",0,"NA","0","0","Schoenoplectus californicus",0,"NA",0,"NA",0,2,0,"NA","NA","1393.84","NA","NA","NA","NA","NA","NA","NA","NA","NA","NA","NA","NA"
"26","SFBay","ShermanLake","NA",609513,38.04855,-121.8173,"NA",.25,"8/15/2005",8,2005,3989.24,"0","0","NA","0","0",0,"NA","0","0","Schoenoplectus acutus",0,"NA",0,"NA",0,2,0,"NA","NA","1801.48","NA","NA","NA","NA","NA","NA","NA","NA","NA","NA","NA","NA"
"25","SFBay","ShermanLake","NA",609513,38.04856,-121.8173,"NA",.25,"8/15/2005",8,2005,2057.8,"0","0","NA","0","0",0,"NA","0","0","Schoenoplectus acutus",0,"NA",0,"NA",0,2,0,"NA","NA","1007.42","NA","NA","NA","NA","NA","NA","NA","NA","NA","NA","NA","NA"
"s5_081512","SFBay","Mayberry","NA",609665,38.04798,-121.7652,"NA",.11,"8/15/2012",8,2012,3018.14,"10","0","NA","95","0",0,"NA","0","5","NA",0,"NA",0,"NA",0,2,0,"3018.14","0.00","NA","NA","NA","NA","NA","NA","NA","NA","NA","NA","NA","NA","NA"
"s6_081512","SFBay","Mayberry","NA",609665,38.04784,-121.7651,"NA",.11,"8/15/2012",8,2012,3059.33,"12.69999981","0","low","95","5",0,"NA","0","0","NA",0,"NA",0,"NA",0,2,0,"3059.33","0.00","NA","NA","NA","NA","NA","NA","NA","NA","NA","NA","NA","NA","NA"
"s6_092412","SFBay","Mayberry","NA",609665,38.04784,-121.7651,"NA",.11,"9/24/2012",9,2012,2446.11,"10.69999981","0","low","95","5",0,"NA","0","0","NA",0,"NA",0,"NA",0,2,0,"2446.11","0.00","NA","NA","NA","NA","NA","NA","NA","NA","NA","NA","NA","NA","NA"
"s5_092412","SFBay","Mayberry","NA",609665,38.04798,-121.7652,"NA",.11,"9/24/2012",9,2012,2143.18,"3.700000048","0","low","90","5",0,"NA","0","5","NA",0,"NA",0,"NA",0,2,0,"2143.18","0.00","NA","NA","NA","NA","NA","NA","NA","NA","NA","NA","NA","NA","NA"
"23","SFBay","ShermanLake","NA",612188,38.04863,-121.8174,"NA",.25,"8/15/2005",8,2005,2040.6,"0","0","NA","0","0",0,"NA","0","0","Schoenoplectus acutus",0,"NA",0,"NA",0,1,0,"NA","NA","818.94","NA","NA","NA","NA","NA","NA","NA","NA","NA","NA","NA","NA"
"27","SFBay","ShermanLake","NA",612189,38.04858,-121.8172,"NA",.25,"8/15/2005",8,2005,1708.76,"0","0","NA","0","0",0,"NA","0","0","Schoenoplectus acutus",0,"NA",0,"NA",0,2,0,"NA","NA","954.39","NA","NA","NA","NA","NA","NA","NA","NA","NA","NA","NA","NA"
"24","SFBay","ShermanLake","NA",612189,38.0486,-121.8174,"NA",.25,"8/15/2005",8,2005,1503.88,"0","0","NA","0","0",0,"NA","0","0","Schoenoplectus acutus",0,"NA",0,"NA",0,2,0,"NA","NA","977.89","NA","NA","NA","NA","NA","NA","NA","NA","NA","NA","NA","NA"
"29","SFBay","ShermanLake","NA",612190,38.04882,-121.8167,"NA",.25,"8/15/2005",8,2005,2193.24,"0","0","NA","0","0",0,"NA","0","0","Schoenoplectus americanus",0,"NA",0,"NA",0,2,0,"NA","NA","910.69","NA","NA","NA","NA","NA","NA","NA","NA","NA","NA","NA","NA"
"28","SFBay","ShermanLake","NA",612190,38.04881,-121.8168,"NA",.25,"8/15/2005",8,2005,2183.2,"0","0","NA","0","0",0,"NA","0","0","Schoenoplectus americanus",0,"NA",0,"NA",0,2,0,"NA","NA","1061.51","NA","NA","NA","NA","NA","NA","NA","NA","NA","NA","NA","NA"
"s4_081512","SFBay","Mayberry","NA",612341,38.04813,-121.7652,"NA",.11,"8/15/2012",8,2012,2598.59,"3.299999952","0","med","85","15",0,"NA","0","0","NA",0,"NA",0,"NA",0,1,0,"2598.59","0.00","NA","NA","NA","NA","NA","NA","NA","NA","NA","NA","NA","NA","NA"
"s4_092412","SFBay","Mayberry","NA",612341,38.04813,-121.7652,"NA",.11,"9/24/2012",9,2012,1171.68,"7","0","med","90","5",0,"NA","0","5","NA",0,"NA",0,"NA",0,1,0,"1171.68","0.00","NA","NA","NA","NA","NA","NA","NA","NA","NA","NA","NA","NA","NA"
"36","SFBay","ShermanLake","NA",614866,38.049,-121.8167,"NA",.25,"8/15/2005",8,2005,1571.84,"0","0","NA","0","0",0,"NA","0","0","Typha sp.",0,"NA",0,"NA",0,2,0,"NA","NA","1023.30","NA","NA","NA","NA","NA","NA","NA","NA","NA","NA","NA","NA"
"37","SFBay","ShermanLake","NA",614866,38.049,-121.8167,"NA",.25,"8/15/2005",8,2005,1829.68,"0","0","NA","0","0",0,"NA","0","0","Typha sp.",0,"NA",0,"NA",0,2,0,"NA","NA","924.02","NA","NA","NA","NA","NA","NA","NA","NA","NA","NA","NA","NA"
"34","SFBay","ShermanLake","NA",614867,38.04902,-121.8166,"NA",.25,"8/15/2005",8,2005,1592.4,"0","0","NA","0","0",0,"NA","0","0","Typha sp.",0,"NA",0,"NA",0,6,0,"NA","NA","741.49","NA","NA","NA","NA","NA","NA","NA","NA","NA","NA","NA","NA"
"31","SFBay","ShermanLake","NA",614867,38.0489,-121.8166,"NA",.25,"8/15/2005",8,2005,1710.84,"0","0","NA","0","0",0,"NA","0","0","Schoenoplectus americanus",0,"NA",0,"NA",0,6,0,"NA","NA","684.90","NA","NA","NA","NA","NA","NA","NA","NA","NA","NA","NA","NA"
"32","SFBay","ShermanLake","NA",614867,38.04894,-121.8165,"NA",.25,"8/15/2005",8,2005,1415.2,"0","0","NA","0","0",0,"NA","0","0","Schoenoplectus americanus",0,"NA",0,"NA",0,6,0,"NA","NA","973.61","NA","NA","NA","NA","NA","NA","NA","NA","NA","NA","NA","NA"
"30","SFBay","ShermanLake","NA",614867,38.04884,-121.8167,"NA",.25,"8/15/2005",8,2005,1952.64,"0","0","NA","0","0",0,"NA","0","0","Schoenoplectus americanus",0,"NA",0,"NA",0,6,0,"NA","NA","715.01","NA","NA","NA","NA","NA","NA","NA","NA","NA","NA","NA","NA"
"33","SFBay","ShermanLake","NA",614867,38.049,-121.8166,"NA",.25,"8/15/2005",8,2005,1786.32,"0","0","NA","0","0",0,"NA","0","0","Typha sp.",0,"NA",0,"NA",0,6,0,"NA","NA","912.51","NA","NA","NA","NA","NA","NA","NA","NA","NA","NA","NA","NA"
"35","SFBay","ShermanLake","NA",614867,38.04905,-121.8166,"NA",.25,"8/15/2005",8,2005,1462,"0","0","NA","0","0",0,"NA","0","0","Typha sp.",0,"NA",0,"NA",0,6,0,"NA","NA","820.52","NA","NA","NA","NA","NA","NA","NA","NA","NA","NA","NA","NA"
"w5_081512","SFBay","Mayberry","NA",615012,38.04852,-121.7669,"NA",.11,"8/14/2012",8,2012,1190.81,"0.699999988","0","low","90","10",0,"NA","0","0","NA",0,"NA",0,"NA",0,1,0,"1190.81","0.00","NA","NA","NA","NA","NA","NA","NA","NA","NA","NA","NA","NA","NA"
"w5_092412","SFBay","Mayberry","NA",615012,38.04852,-121.7669,"NA",.11,"9/25/2012",9,2012,665.61,"0","0","low","80","20",0,"NA","0","0","NA",0,"NA",0,"NA",0,2,0,"665.61","0.00","NA","NA","NA","NA","NA","NA","NA","NA","NA","NA","NA","NA","NA"
"w6_092412","SFBay","Mayberry","NA",615012,38.0484,-121.7669,"NA",.11,"9/25/2012",9,2012,1061.29,"10","0","low","40","20",0,"NA","40","0","NA",0,"NA",0,"NA",0,2,0,"1061.29","0.00","NA","NA","NA","NA","NA","NA","NA","NA","NA","NA","NA","NA","NA"
"w4_081512","SFBay","Mayberry","NA",615013,38.04855,-121.7667,"NA",.11,"8/14/2012",8,2012,1897.81,"1.700000048","0","low","95","5",0,"NA","0","0","NA",0,"NA",0,"NA",0,3,0,"1897.81","0.00","NA","NA","NA","NA","NA","NA","NA","NA","NA","NA","NA","NA","NA"
"w7_081512","SFBay","Mayberry","NA",615013,38.04844,-121.7667,"NA",.11,"8/14/2012",8,2012,1855.87,"26","0","NA","70","0",0,"NA","30","0","NA",0,"NA",0,"NA",0,3,0,"1855.87","0.00","NA","NA","NA","NA","NA","NA","NA","NA","NA","NA","NA","NA","NA"
"w8_081512","SFBay","Mayberry","NA",615013,38.04847,-121.7666,"NA",.11,"8/15/2012",8,2012,1920.79,"13","0","low","85","5",0,"NA","10","0","NA",0,"NA",0,"NA",0,3,0,"1920.79","0.00","NA","NA","NA","NA","NA","NA","NA","NA","NA","NA","NA","NA","NA"
"w7_092412","SFBay","Mayberry","NA",615013,38.04844,-121.7667,"NA",.11,"9/25/2012",9,2012,2644.02,"4","0","low","90","5",0,"NA","5","0","NA",0,"NA",0,"NA",0,3,0,"2644.02","0.00","NA","NA","NA","NA","NA","NA","NA","NA","NA","NA","NA","NA","NA"
"w8_092412","SFBay","Mayberry","NA",615013,38.04847,-121.7666,"NA",.11,"9/25/2012",9,2012,2081.92,"12.69999981","0","low","70","15",0,"NA","15","0","NA",0,"NA",0,"NA",0,3,0,"2081.92","0.00","NA","NA","NA","NA","NA","NA","NA","NA","NA","NA","NA","NA","NA"
"w4_092412","SFBay","Mayberry","NA",615013,38.04855,-121.7667,"NA",.11,"9/25/2012",9,2012,437.22,"0","0","low","80","20",0,"NA","0","0","NA",0,"NA",0,"NA",0,3,0,"437.22","0.00","NA","NA","NA","NA","NA","NA","NA","NA","NA","NA","NA","NA","NA"
"w10_081512","SFBay","Mayberry","NA",615014,38.04854,-121.7663,"NA",.11,"8/15/2012",8,2012,992.06,"10.69999981","0","NA","85","0",0,"NA","15","0","NA",0,"NA",0,"NA",0,2,0,"992.06","0.00","NA","NA","NA","NA","NA","NA","NA","NA","NA","NA","NA","NA","NA"
"w9_081512","SFBay","Mayberry","NA",615014,38.04851,-121.7664,"NA",.11,"8/15/2012",8,2012,1279.54,"13.69999981","0","low","85","5",0,"NA","10","0","NA",0,"NA",0,"NA",0,2,0,"1279.54","0.00","NA","NA","NA","NA","NA","NA","NA","NA","NA","NA","NA","NA","NA"
"w9_092412","SFBay","Mayberry","NA",615014,38.04851,-121.7664,"NA",.11,"9/25/2012",9,2012,636.25,"8.699999809","0","low","40","30",0,"NA","30","0","NA",0,"NA",0,"NA",0,2,0,"636.25","0.00","NA","NA","NA","NA","NA","NA","NA","NA","NA","NA","NA","NA","NA"
"w10_092412","SFBay","Mayberry","NA",615014,38.04854,-121.7663,"NA",.11,"9/25/2012",9,2012,988.75,"15.69999981","0","low","90","10",0,"NA","50","0","NA",0,"NA",0,"NA",0,2,0,"988.75","0.00","NA","NA","NA","NA","NA","NA","NA","NA","NA","NA","NA","NA","NA"
"s3_072412","SFBay","Mayberry","NA",615017,38.04834,-121.7652,"NA",.11,"7/24/2012",7,2012,2918.99,"16","0","low","90","10",0,"NA","0","0","NA",0,"NA",0,"NA",0,2,0,"2918.99","0.00","NA","NA","NA","NA","NA","NA","NA","NA","NA","NA","NA","NA","NA"
"s2_072412","SFBay","Mayberry","NA",615017,38.04849,-121.7652,"NA",.11,"7/24/2012",7,2012,782.4,"17","0","NA","100","0",0,"NA","0","0","NA",0,"NA",0,"NA",0,2,0,"782.40","0.00","NA","NA","NA","NA","NA","NA","NA","NA","NA","NA","NA","NA","NA"
"s2_081512","SFBay","Mayberry","NA",615017,38.04849,-121.7652,"NA",.11,"8/15/2012",8,2012,2432.42,"12.30000019","0","low","85","15",0,"NA","0","0","NA",0,"NA",0,"NA",0,2,0,"2432.42","0.00","NA","NA","NA","NA","NA","NA","NA","NA","NA","NA","NA","NA","NA"
"s3_081512","SFBay","Mayberry","NA",615017,38.04834,-121.7652,"NA",.11,"8/15/2012",8,2012,2850.36,"8.699999809","0","low","80","15",0,"NA","5","0","NA",0,"NA",0,"NA",0,2,0,"2850.36","0.00","NA","NA","NA","NA","NA","NA","NA","NA","NA","NA","NA","NA","NA"
"s3_092412","SFBay","Mayberry","NA",615017,38.04834,-121.7652,"NA",.11,"9/24/2012",9,2012,1527.98,"2","0","low","65","10",0,"NA","20","5","NA",0,"NA",0,"NA",0,2,0,"1527.98","0.00","NA","NA","NA","NA","NA","NA","NA","NA","NA","NA","NA","NA","NA"
"s2_092412","SFBay","Mayberry","NA",615017,38.04849,-121.7652,"NA",.11,"9/24/2012",9,2012,1400.58,"4","0","low","80","5",0,"NA","5","10","NA",0,"NA",0,"NA",0,2,0,"1400.58","0.00","NA","NA","NA","NA","NA","NA","NA","NA","NA","NA","NA","NA","NA"
"w3_081512","SFBay","Mayberry","NA",617689,38.0486,-121.7665,"NA",.11,"8/14/2012",8,2012,3268.61,"8.699999809","0","low","70","15",0,"NA","15","0","NA",0,"NA",0,"NA",0,1,0,"3268.61","0.00","NA","NA","NA","NA","NA","NA","NA","NA","NA","NA","NA","NA","NA"
"w3_092412","SFBay","Mayberry","NA",617689,38.0486,-121.7665,"NA",.11,"9/25/2012",9,2012,1034.61,"1.299999952","0","low","70","15",0,"NA","10","5","NA",0,"NA",0,"NA",0,1,0,"1034.61","0.00","NA","NA","NA","NA","NA","NA","NA","NA","NA","NA","NA","NA","NA"
"w1_072412","SFBay","Mayberry","NA",617690,38.04867,-121.7662,"NA",.11,"7/24/2012",7,2012,3054.6,"10.30000019","0","low","95","5",0,"NA","0","0","NA",0,"NA",0,"NA",0,1,0,"3054.60","0.00","NA","NA","NA","NA","NA","NA","NA","NA","NA","NA","NA","NA","NA"
"w1_081512","SFBay","Mayberry","NA",617690,38.04867,-121.7662,"NA",.11,"8/14/2012",8,2012,4749.08,"2.700000048","0","low","85","15",0,"NA","0","0","NA",0,"NA",0,"NA",0,2,0,"4749.08","0.00","NA","NA","NA","NA","NA","NA","NA","NA","NA","NA","NA","NA","NA"
"w2_081512","SFBay","Mayberry","NA",617690,38.04863,-121.7664,"NA",.11,"8/14/2012",8,2012,2579.88,"0","0","low","75","25",0,"NA","0","0","NA",0,"NA",0,"NA",0,2,0,"2579.88","0.00","NA","NA","NA","NA","NA","NA","NA","NA","NA","NA","NA","NA","NA"
"w2_092412","SFBay","Mayberry","NA",617690,38.04863,-121.7664,"NA",.11,"9/25/2012",9,2012,478.8,"2","0","low","75","15",0,"NA","5","5","NA",0,"NA",0,"NA",0,2,0,"478.80","0.00","NA","NA","NA","NA","NA","NA","NA","NA","NA","NA","NA","NA","NA"
"w1_092412","SFBay","Mayberry","NA",617690,38.04867,-121.7662,"NA",.11,"9/25/2012",9,2012,1735.82,"0","0","low","85","15",0,"NA","0","0","NA",0,"NA",0,"NA",0,2,0,"1735.82","0.00","NA","NA","NA","NA","NA","NA","NA","NA","NA","NA","NA","NA","NA"
"n6_072412","SFBay","Mayberry","NA",617692,38.04883,-121.7655,"NA",.11,"7/24/2012",7,2012,1082.72,"16","0","med","69","28",0,"NA","2","0","NA",0,"NA",0,"NA",0,1,0,"0.00","1082.72","NA","NA","NA","NA","NA","NA","NA","NA","NA","NA","NA","NA","NA"
"n6_081512","SFBay","Mayberry","NA",617692,38.04883,-121.7655,"NA",.11,"8/14/2012",8,2012,3123.69,"0","0","low","90","10",0,"NA","0","0","NA",0,"NA",0,"NA",0,1,0,"590.75","2533.00","NA","NA","NA","NA","NA","NA","NA","NA","NA","NA","NA","NA","NA"
"n6_092412","SFBay","Mayberry","NA",617692,38.04883,-121.7655,"NA",.11,"9/24/2012",9,2012,2424.41,"0","0","low","95","5",0,"NA","0","0","NA",0,"NA",0,"NA",0,1,0,"1529.21","2424.41","NA","NA","NA","NA","NA","NA","NA","NA","NA","NA","NA","NA","NA"
"s1_072412","SFBay","Mayberry","NA",617693,38.04862,-121.7653,"NA",.11,"7/24/2012",7,2012,1416.6,"15.30000019","0","NA","100","0",0,"NA","0","0","NA",0,"NA",0,"NA",0,1,0,"1416.60","0.00","NA","NA","NA","NA","NA","NA","NA","NA","NA","NA","NA","NA","NA"
"s1_081512","SFBay","Mayberry","NA",617693,38.04862,-121.7653,"NA",.11,"8/15/2012",8,2012,1943.97,"9.300000191","0","low","70","20",0,"NA","10","0","NA",0,"NA",0,"NA",0,1,0,"1943.97","0.00","NA","NA","NA","NA","NA","NA","NA","NA","NA","NA","NA","NA","NA"
"s1_092412","SFBay","Mayberry","NA",617693,38.04862,-121.7653,"NA",.11,"9/24/2012",9,2012,2262.55,"2.700000048","0","low","80","5",0,"NA","5","10","NA",0,"NA",0,"NA",0,1,0,"2003.01","259.54","NA","NA","NA","NA","NA","NA","NA","NA","NA","NA","NA","NA","NA"
"me1_072412","SFBay","Mayberry","NA",617694,38.04879,-121.765,"NA",.11,"7/24/2012",7,2012,851.71,"7.300000191","0","low","75","0",0,"NA","10","15","NA",0,"NA",0,"NA",0,1,0,"704.43","147.28","NA","NA","NA","NA","NA","NA","NA","NA","NA","NA","NA","NA","NA"
"me1_081512","SFBay","Mayberry","NA",617694,38.04879,-121.765,"NA",.11,"8/15/2012",8,2012,181.69,"10","0","low","0","10",0,"NA","85","5","NA",0,"NA",0,"NA",0,1,0,"181.69","0.00","NA","NA","NA","NA","NA","NA","NA","NA","NA","NA","NA","NA","NA"
"me1_092412","SFBay","Mayberry","NA",617694,38.04879,-121.765,"NA",.11,"9/24/2012",9,2012,1288.33,"2.299999952","0","low","90","5",0,"NA","0","5","NA",0,"NA",0,"NA",0,1,0,"1288.33","0.00","NA","NA","NA","NA","NA","NA","NA","NA","NA","NA","NA","NA","NA"
"n5_072412","SFBay","Mayberry","NA",620368,38.04903,-121.7656,"NA",.11,"7/24/2012",7,2012,1465.31,"22.29999924","0","low","70","12",0,"NA","3","15","NA",0,"NA",0,"NA",0,1,0,"1465.31","0.00","NA","NA","NA","NA","NA","NA","NA","NA","NA","NA","NA","NA","NA"
"n5_081512","SFBay","Mayberry","NA",620368,38.04903,-121.7656,"NA",.11,"8/14/2012",8,2012,763.52,"1","0","low","80","20",0,"NA","0","0","NA",0,"NA",0,"NA",0,1,0,"763.52","0.00","NA","NA","NA","NA","NA","NA","NA","NA","NA","NA","NA","NA","NA"
"n8_092412","SFBay","Mayberry","NA",620368,38.04903,-121.7654,"NA",.11,"9/24/2012",9,2012,376.79,"0","0","low","40","60",0,"NA","0","0","NA",0,"NA",0,"NA",0,2,0,"376.79","0.00","NA","NA","NA","NA","NA","NA","NA","NA","NA","NA","NA","NA","NA"
"n5_092412","SFBay","Mayberry","NA",620368,38.04903,-121.7656,"NA",.11,"9/24/2012",9,2012,631.75,"2.700000048","0","low","70","25",0,"NA","0","5","NA",0,"NA",0,"NA",0,2,0,"631.75","0.00","NA","NA","NA","NA","NA","NA","NA","NA","NA","NA","NA","NA","NA"
"me2_072412","SFBay","Mayberry","NA",620371,38.04886,-121.7644,"NA",.11,"7/24/2012",7,2012,3563.68,"20.29999924","0","med","25","50",0,"NA","25","0","NA",0,"NA",0,"NA",0,1,0,"3563.68","0.00","NA","NA","NA","NA","NA","NA","NA","NA","NA","NA","NA","NA","NA"
"me2_081512","SFBay","Mayberry","NA",620371,38.04886,-121.7644,"NA",.11,"8/15/2012",8,2012,1950.21,"9.699999809","0","med","80","10",0,"NA","0","10","NA",0,"NA",0,"NA",0,1,0,"1950.21","0.00","NA","NA","NA","NA","NA","NA","NA","NA","NA","NA","NA","NA","NA"
"me2_092412","SFBay","Mayberry","NA",620371,38.04886,-121.7644,"NA",.11,"9/24/2012",9,2012,1065.32,"5","0","low","60","20",0,"NA","5","15","NA",0,"NA",0,"NA",0,1,0,"1065.32","0.00","NA","NA","NA","NA","NA","NA","NA","NA","NA","NA","NA","NA","NA"
"n3_072412","SFBay","Mayberry","NA",623044,38.04936,-121.7655,"NA",.11,"7/24/2012",7,2012,1347.57,"14.30000019","0","low","88","12",0,"NA","0","0","NA",0,"NA",0,"NA",0,1,0,"1347.57","0.00","NA","NA","NA","NA","NA","NA","NA","NA","NA","NA","NA","NA","NA"
"n9_081512","SFBay","Mayberry","NA",623044,38.04918,-121.7654,"NA",.11,"8/14/2012",8,2012,1463.79,"3","0","low","55","5",0,"NA","40","0","NA",0,"NA",0,"NA",0,2,0,"1463.79","0.00","NA","NA","NA","NA","NA","NA","NA","NA","NA","NA","NA","NA","NA"
"n10_081512","SFBay","Mayberry","NA",623044,38.04929,-121.7654,"NA",.11,"8/14/2012",8,2012,1995.29,"3","0","low","75","10",0,"NA","0","15","NA",0,"NA",0,"NA",0,2,0,"1995.29","0.00","NA","NA","NA","NA","NA","NA","NA","NA","NA","NA","NA","NA","NA"
"n9_092412","SFBay","Mayberry","NA",623044,38.04918,-121.7654,"NA",.11,"9/24/2012",9,2012,1547.86,"4","0","med","60","30",0,"NA","5","5","NA",0,"NA",0,"NA",0,3,0,"1547.86","0.00","NA","NA","NA","NA","NA","NA","NA","NA","NA","NA","NA","NA","NA"
"n10_092412","SFBay","Mayberry","NA",623044,38.04929,-121.7654,"NA",.11,"9/24/2012",9,2012,588.74,"0","0","low","50","50",0,"NA","0","0","NA",0,"NA",0,"NA",0,3,0,"588.74","0.00","NA","NA","NA","NA","NA","NA","NA","NA","NA","NA","NA","NA","NA"
"n4_092412","SFBay","Mayberry","NA",623044,38.04921,-121.7656,"NA",.11,"9/24/2012",9,2012,1776.05,"0","0","low","65","35",0,"NA","0","0","NA",0,"NA",0,"NA",0,3,0,"1776.05","0.00","NA","NA","NA","NA","NA","NA","NA","NA","NA","NA","NA","NA","NA"
"n2_072412","SFBay","Mayberry","NA",625720,38.0495,-121.7654,"NA",.11,"7/24/2012",7,2012,745.99,"17.29999924","0","low","95","5",0,"NA","0","0","NA",0,"NA",0,"NA",0,2,0,"745.99","0.00","NA","NA","NA","NA","NA","NA","NA","NA","NA","NA","NA","NA","NA"
"n1_072412","SFBay","Mayberry","NA",625720,38.04966,-121.7654,"NA",.11,"7/24/2012",7,2012,738.76,"30.70000076","0","low","85","10",0,"NA","5","0","NA",0,"NA",0,"NA",0,2,0,"738.76","0.00","NA","NA","NA","NA","NA","NA","NA","NA","NA","NA","NA","NA","NA"
"n2_081512","SFBay","Mayberry","NA",625720,38.0495,-121.7654,"NA",.11,"8/14/2012",8,2012,5233.82,"1.700000048","0","low","85","15",0,"NA","0","0","NA",0,"NA",0,"NA",0,2,0,"5233.82","0.00","NA","NA","NA","NA","NA","NA","NA","NA","NA","NA","NA","NA","NA"
"n1_081512","SFBay","Mayberry","NA",625720,38.04966,-121.7654,"NA",.11,"8/14/2012",8,2012,2199.56,"3.299999952","0","low","55","15",0,"NA","0","0","NA",0,"NA",0,"NA",0,2,0,"2199.56","0.00","NA","NA","NA","NA","NA","NA","NA","NA","NA","NA","NA","NA","NA"
"n2_092412","SFBay","Mayberry","NA",625720,38.0495,-121.7654,"NA",.11,"9/24/2012",9,2012,806.03,"0","0","low","90","10",0,"NA","0","0","NA",0,"NA",0,"NA",0,1,0,"806.03","0.00","NA","NA","NA","NA","NA","NA","NA","NA","NA","NA","NA","NA","NA"
"n12_072412","SFBay","Mayberry","NA",625721,38.04957,-121.7652,"NA",.11,"7/24/2012",7,2012,1010.03,"17.70000076","0","NA","85","0",0,"NA","5","10","NA",0,"NA",0,"NA",0,2,0,"1010.03","0.00","NA","NA","NA","NA","NA","NA","NA","NA","NA","NA","NA","NA","NA"
"n11_072412","SFBay","Mayberry","NA",625721,38.04947,-121.7651,"NA",.11,"7/24/2012",7,2012,2400.2,"26.70000076","0","med","67","25",0,"NA","0","8","NA",0,"NA",0,"NA",0,2,0,"2400.20","0.00","NA","NA","NA","NA","NA","NA","NA","NA","NA","NA","NA","NA","NA"
"n11_081512","SFBay","Mayberry","NA",625721,38.04947,-121.7651,"NA",.11,"8/14/2012",8,2012,2925.63,"4","0","low","80","5",0,"NA","0","15","NA",0,"NA",0,"NA",0,2,0,"1322.27","0.00","NA","NA","NA","NA","NA","NA","NA","NA","NA","NA","NA","NA","NA"
"n12_081512","SFBay","Mayberry","NA",625721,38.04957,-121.7652,"NA",.11,"8/14/2012",8,2012,3335.99,"3.700000048","0","NA","95","0",0,"NA","0","5","NA",0,"NA",0,"NA",0,2,0,"3335.99","0.00","NA","NA","NA","NA","NA","NA","NA","NA","NA","NA","NA","NA","NA"
"n12_092412","SFBay","Mayberry","NA",625721,38.04957,-121.7652,"NA",.11,"9/24/2012",9,2012,1516.82,"0","0","low","90","10",0,"NA","0","0","NA",0,"NA",0,"NA",0,2,0,"1516.82","0.00","NA","NA","NA","NA","NA","NA","NA","NA","NA","NA","NA","NA","NA"
"n11_092412","SFBay","Mayberry","NA",625721,38.04947,-121.7651,"NA",.11,"9/24/2012",9,2012,1935.53,"4.300000191","0","low","70","15",0,"NA","5","10","NA",0,"NA",0,"NA",0,2,0,"1935.53","0.00","NA","NA","NA","NA","NA","NA","NA","NA","NA","NA","NA","NA","NA"
"n13_072412","SFBay","Mayberry","NA",628397,38.04968,-121.7652,"NA",.11,"7/24/2012",7,2012,2102.49,"13.30000019","0","low","94","6",0,"NA","0","0","NA",0,"NA",0,"NA",0,1,0,"1703.06","399.43","NA","NA","NA","NA","NA","NA","NA","NA","NA","NA","NA","NA","NA"
"n13_081512","SFBay","Mayberry","NA",628397,38.04968,-121.7652,"NA",.11,"8/14/2012",8,2012,1557.69,"8.300000191","0","low","85","5",0,"NA","0","0","NA",0,"NA",0,"NA",0,1,0,"0.00","1557.69","NA","NA","NA","NA","NA","NA","NA","NA","NA","NA","NA","NA","NA"
"n13_092412","SFBay","Mayberry","NA",628397,38.04968,-121.7652,"NA",.11,"9/24/2012",9,2012,1309.59,"7","0","low","90","10",0,"NA","0","0","NA",0,"NA",0,"NA",0,1,0,"1108.74","200.85","NA","NA","NA","NA","NA","NA","NA","NA","NA","NA","NA","NA","NA"
"3","SFBay","ShermanLake","NA",638941,38.05155,-121.8197,"NA",.25,"8/15/2005",8,2005,2802.2,"0","0","NA","0","0",0,"NA","0","0","Schoenoplectus acutus",0,"NA",0,"NA",0,1,0,"NA","NA","1131.15","NA","NA","NA","NA","NA","NA","NA","NA","NA","NA","NA","NA"
"1","SFBay","ShermanLake","NA",638942,38.05146,-121.8196,"NA",.25,"8/15/2005",8,2005,3836.56,"0","0","NA","0","0",0,"NA","0","0","Schoenoplectus acutus",0,"NA",0,"NA",0,3,0,"NA","NA","1292.18","NA","NA","NA","NA","NA","NA","NA","NA","NA","NA","NA","NA"
"15","SFBay","ShermanLake","NA",638942,38.05144,-121.8195,"NA",.25,"8/15/2005",8,2005,1327.52,"0","0","NA","0","0",0,"NA","0","0","Typha sp.",0,"NA",0,"NA",0,3,0,"NA","NA","717.62","NA","NA","NA","NA","NA","NA","NA","NA","NA","NA","NA","NA"
"2","SFBay","ShermanLake","NA",638942,38.05143,-121.8196,"NA",.25,"8/15/2005",8,2005,2671.44,"0","0","NA","0","0",0,"NA","0","0","Typha sp.",0,"NA",0,"NA",0,3,0,"NA","NA","1046.68","NA","NA","NA","NA","NA","NA","NA","NA","NA","NA","NA","NA"
"5","SFBay","ShermanLake","NA",641616,38.05184,-121.8203,"NA",.25,"8/15/2005",8,2005,2729.08,"0","0","NA","0","0",0,"NA","0","0","Typha sp.",0,"NA",0,"NA",0,1,0,"NA","NA","884.44","NA","NA","NA","NA","NA","NA","NA","NA","NA","NA","NA","NA"
"4","SFBay","ShermanLake","NA",641617,38.05173,-121.8201,"NA",.25,"8/15/2005",8,2005,748.44,"0","0","NA","0","0",0,"NA","0","0","Schoenoplectus acutus",0,"NA",0,"NA",0,1,0,"NA","NA","321.33","NA","NA","NA","NA","NA","NA","NA","NA","NA","NA","NA","NA"
"6","SFBay","ShermanLake","NA",644291,38.05204,-121.8205,"NA",.25,"8/15/2005",8,2005,781.28,"0","0","NA","0","0",0,"NA","0","0","Schoenoplectus acutus",0,"NA",0,"NA",0,1,0,"NA","NA","330.53","NA","NA","NA","NA","NA","NA","NA","NA","NA","NA","NA","NA"
"9","SFBay","ShermanLake","NA",649642,38.05248,-121.8211,"NA",.25,"8/15/2005",8,2005,843.68,"0","0","NA","0","0",0,"NA","0","0","Schoenoplectus americanus",0,"NA",0,"NA",0,3,0,"NA","NA","299.74","NA","NA","NA","NA","NA","NA","NA","NA","NA","NA","NA","NA"
"8","SFBay","ShermanLake","NA",649642,38.05244,-121.8209,"NA",.25,"8/15/2005",8,2005,921.88,"0","0","NA","0","0",0,"NA","0","0","Schoenoplectus americanus",0,"NA",0,"NA",0,3,0,"NA","NA","282.46","NA","NA","NA","NA","NA","NA","NA","NA","NA","NA","NA","NA"
"7","SFBay","ShermanLake","NA",649642,38.05244,-121.821,"NA",.25,"8/15/2005",8,2005,1246.56,"0","0","NA","0","0",0,"NA","0","0","Schoenoplectus acutus",0,"NA",0,"NA",0,3,0,"NA","NA","489.06","NA","NA","NA","NA","NA","NA","NA","NA","NA","NA","NA","NA"
"11","SFBay","ShermanLake","NA",652316,38.05289,-121.8215,"NA",.25,"8/15/2005",8,2005,1559.68,"0","0","NA","0","0",0,"NA","0","0","Typha sp.",0,"NA",0,"NA",0,1,0,"NA","NA","512.26","NA","NA","NA","NA","NA","NA","NA","NA","NA","NA","NA","NA"
"10","SFBay","ShermanLake","NA",652317,38.05276,-121.8214,"NA",.25,"8/15/2005",8,2005,1365.48,"0","0","NA","0","0",0,"NA","0","0","Schoenoplectus americanus",0,"NA",0,"NA",0,1,0,"NA","NA","543.37","NA","NA","NA","NA","NA","NA","NA","NA","NA","NA","NA","NA"
"13","SFBay","ShermanLake","NA",654991,38.05316,-121.8218,"NA",.25,"8/15/2005",8,2005,1005.8,"0","0","NA","0","0",0,"NA","0","0","Schoenoplectus americanus",0,"NA",0,"NA",0,1,0,"NA","NA","433.76","NA","NA","NA","NA","NA","NA","NA","NA","NA","NA","NA","NA"
"12","SFBay","ShermanLake","NA",654992,38.05307,-121.8217,"NA",.25,"8/15/2005",8,2005,2112.8,"0","0","NA","0","0",0,"NA","0","0","Typha sp.",0,"NA",0,"NA",0,1,0,"NA","NA","771.84","NA","NA","NA","NA","NA","NA","NA","NA","NA","NA","NA","NA"
"14","SFBay","ShermanLake","NA",657667,38.05326,-121.8219,"NA",.25,"8/15/2005",8,2005,1415.08,"0","0","NA","0","0",0,"NA","0","0","Schoenoplectus americanus",0,"NA",0,"NA",0,1,0,"NA","NA","532.41","NA","NA","NA","NA","NA","NA","NA","NA","NA","NA","NA","NA"
"e1-1","SFBay","Twitchell","NA",1204082,38.10667,-121.6461,"NA",.11,"5/10/2011",5,2011,78.43,"13","0","NA","3","37.5",0,"NA","85","0","NA",0,"NA",0,"NA",0,1,0,"43.10","35.33","NA","NA","NA","NA","NA","NA","NA","NA","NA","NA","NA","NA","NA"
"e1-1.5","SFBay","Twitchell","NA",1204082,38.1067,-121.6461,"NA",.11,"6/8/2011",6,2011,52.5,"32","0","NA","0.5","85",0,"NA","15","0","NA",0,"NA",0,"NA",0,2,0,"52.50","0.00","NA","NA","NA","NA","NA","NA","NA","NA","NA","NA","NA","NA","NA"
"e1-1","SFBay","Twitchell","NA",1204082,38.10667,-121.6461,"NA",.11,"6/8/2011",6,2011,196.11,"21","0","NA","62.5","15",0,"NA","62.5","0","NA",0,"NA",0,"NA",0,2,0,"60.02","136.08","NA","NA","NA","NA","NA","NA","NA","NA","NA","NA","NA","NA","NA"
"e1-1","SFBay","Twitchell","NA",1204082,38.10667,-121.6461,"NA",.11,"6/30/2011",6,2011,672.75,"82","0","NA","37.5","37.5",0,"NA","85","0","NA",0,"NA",0,"NA",0,3,0,"364.51","308.24","NA","NA","NA","NA","NA","NA","NA","NA","NA","NA","NA","NA","NA"
"e1-2","SFBay","Twitchell","NA",1204082,38.10672,-121.6461,"NA",.11,"6/30/2011",6,2011,0,"95","100","NA","0","97.5",0,"NA","0","0","NA",0,"NA",0,"NA",0,3,0,"0.00","0.00","NA","NA","NA","NA","NA","NA","NA","NA","NA","NA","NA","NA","NA"
"e1-1.5","SFBay","Twitchell","NA",1204082,38.1067,-121.6461,"NA",.11,"6/30/2011",6,2011,301.93,"80","20","NA","15","62.5",0,"NA","0","0","NA",0,"NA",0,"NA",0,3,0,"260.51","41.42","NA","NA","NA","NA","NA","NA","NA","NA","NA","NA","NA","NA","NA"
"e1-1","SFBay","Twitchell","NA",1204082,38.10667,-121.6461,"NA",.11,"8/8/2011",8,2011,504.9,"15","0","NA","62.5","37.5",0,"NA","85","0","NA",0,"NA",0,"NA",0,2,0,"109.36","395.55","NA","NA","NA","NA","NA","NA","NA","NA","NA","NA","NA","NA","NA"
"e1-1.5","SFBay","Twitchell","NA",1204082,38.1067,-121.6461,"NA",.11,"8/8/2011",8,2011,463.62,"50","0","NA","15","62.5",0,"NA","15","0","NA",0,"NA",0,"NA",0,2,0,"463.62","0.00","NA","NA","NA","NA","NA","NA","NA","NA","NA","NA","NA","NA","NA"
"e1-1.5","SFBay","Twitchell","NA",1204082,38.1067,-121.6461,"NA",.11,"9/30/2011",9,2011,97.77,"50","110","NA","15","37.5",0,"NA","3","0","NA",0,"NA",0,"NA",0,2,0,"0.00","97.77","NA","NA","NA","NA","NA","NA","NA","NA","NA","NA","NA","NA","NA"
"e1-1","SFBay","Twitchell","NA",1204082,38.10667,-121.6461,"NA",.11,"9/30/2011",9,2011,497.4,"20","0","NA","37.5","3",0,"NA","85","0","NA",0,"NA",0,"NA",0,2,0,"62.21","435.19","NA","NA","NA","NA","NA","NA","NA","NA","NA","NA","NA","NA","NA"
"e1-1","SFBay","Twitchell","NA",1204082,38.10667,-121.6461,"NA",.11,"9/8/2011",9,2011,549.07,"15","0","NA","62.5","15",0,"NA","15","0","NA",0,"NA",0,"NA",0,1,0,"124.54","424.54","NA","NA","NA","NA","NA","NA","NA","NA","NA","NA","NA","NA","NA"
"e1-1w_061312","SFBay","Twitchell","NA",1204082,38.10674,-121.6462,"NA",.11,"6/11/2012",6,2012,352.88,"18.29999924","0","med","50","50",0,"NA","0","0","NA",0,"NA",0,"NA",0,1,0,"0.00","352.88","NA","NA","NA","NA","NA","NA","NA","NA","NA","NA","NA","NA","NA"
"e1-1w_090712","SFBay","Twitchell","NA",1204082,38.10674,-121.6462,"NA",.11,"9/6/2012",9,2012,1328,"61.70000076","0","low","25","25",0,"NA","50","0","NA",0,"NA",0,"NA",0,1,0,"0.00","1328.00","NA","NA","NA","NA","NA","NA","NA","NA","NA","NA","NA","NA","NA"
"e2-2","SFBay","Twitchell","NA",1204083,38.10671,-121.6458,"NA",.11,"5/10/2011",5,2011,50.24,"0","0","NA","0.5","97.5",0,"NA","0","0","NA",0,"NA",0,"NA",0,2,0,"50.24","0.00","NA","NA","NA","NA","NA","NA","NA","NA","NA","NA","NA","NA","NA"
"e2-3","SFBay","Twitchell","NA",1204083,38.10674,-121.6458,"NA",.11,"5/10/2011",5,2011,11.93,"0","0","NA","0.5","97.5",0,"NA","0","0","NA",0,"NA",0,"NA",0,2,0,"11.93","0.00","NA","NA","NA","NA","NA","NA","NA","NA","NA","NA","NA","NA","NA"
"e2-2","SFBay","Twitchell","NA",1204083,38.10671,-121.6458,"NA",.11,"6/8/2011",6,2011,11.29,"0","0","NA","3","85",0,"NA","0","0","NA",0,"NA",0,"NA",0,2,0,"11.29","0.00","NA","NA","NA","NA","NA","NA","NA","NA","NA","NA","NA","NA","NA"
"e2-3","SFBay","Twitchell","NA",1204083,38.10674,-121.6458,"NA",.11,"6/8/2011",6,2011,17.02,"1","0","NA","3","97.5",0,"NA","0","0","NA",0,"NA",0,"NA",0,2,0,"10.32","6.70","NA","NA","NA","NA","NA","NA","NA","NA","NA","NA","NA","NA","NA"
"e2-2","SFBay","Twitchell","NA",1204083,38.10671,-121.6458,"NA",.11,"6/30/2011",6,2011,2.74,"0","10","NA","0.5","85",0,"NA","0","0","NA",0,"NA",0,"NA",0,2,0,"2.74","0.00","NA","NA","NA","NA","NA","NA","NA","NA","NA","NA","NA","NA","NA"
"e2-3","SFBay","Twitchell","NA",1204083,38.10674,-121.6458,"NA",.11,"6/30/2011",6,2011,162.68,"0","5","NA","15","97.5",0,"NA","0","0","NA",0,"NA",0,"NA",0,2,0,"52.23","110.45","NA","NA","NA","NA","NA","NA","NA","NA","NA","NA","NA","NA","NA"
"e2-3","SFBay","Twitchell","NA",1204083,38.10674,-121.6458,"NA",.11,"8/8/2011",8,2011,570.98,"0","0","NA","37.5","15",0,"NA","0","0","NA",0,"NA",0,"NA",0,1,0,"431.71","139.28","NA","NA","NA","NA","NA","NA","NA","NA","NA","NA","NA","NA","NA"
"e2-3","SFBay","Twitchell","NA",1204083,38.10674,-121.6458,"NA",.11,"9/30/2011",9,2011,229.79,"5","5","NA","15","62.5",0,"NA","0","0","NA",0,"NA",0,"NA",0,2,0,"49.74","180.06","NA","NA","NA","NA","NA","NA","NA","NA","NA","NA","NA","NA","NA"
"e2-2","SFBay","Twitchell","NA",1204083,38.10671,-121.6458,"NA",.11,"9/30/2011",9,2011,15.21,"5","10","NA","0.5","97.5",0,"NA","0","0","NA",0,"NA",0,"NA",0,2,0,"15.21","0.00","NA","NA","NA","NA","NA","NA","NA","NA","NA","NA","NA","NA","NA"
"e2-3","SFBay","Twitchell","NA",1204083,38.10674,-121.6458,"NA",.11,"9/8/2011",9,2011,107.24,"0","0","NA","37.5","37.5",0,"NA","0","0","NA",0,"NA",0,"NA",0,1,0,"107.24","0.00","NA","NA","NA","NA","NA","NA","NA","NA","NA","NA","NA","NA","NA"
"e2-1w_061312","SFBay","Twitchell","NA",1204083,38.1067,-121.6459,"NA",.11,"6/11/2012",6,2012,556.04,"0","0","NA","35","40",0,"NA","20","5","NA",0,"NA",0,"NA",0,1,0,"556.04","0.00","NA","NA","NA","NA","NA","NA","NA","NA","NA","NA","NA","NA","NA"
"e2-1w_090712","SFBay","Twitchell","NA",1204083,38.1067,-121.6459,"NA",.11,"9/6/2012",9,2012,731.04,"0","0","low","50","35",0,"NA","15","0","NA",0,"NA",0,"NA",0,1,0,"731.04","0.00","NA","NA","NA","NA","NA","NA","NA","NA","NA","NA","NA","NA","NA"
"ep-5","SFBay","Twitchell","NA",1204084,38.10656,-121.6454,"NA",.11,"6/8/2011",6,2011,447.35,"5","0","NA","3","62.5",0,"NA","15","0","NA",0,"NA",0,"NA",0,1,0,"0.00","447.35","NA","NA","NA","NA","NA","NA","NA","NA","NA","NA","NA","NA","NA"
"ep-5","SFBay","Twitchell","NA",1204084,38.10656,-121.6454,"NA",.11,"6/30/2011",6,2011,469.66,"35","0","NA","37.5","37.5",0,"NA","0","0","NA",0,"NA",0,"NA",0,1,0,"0.00","469.66","NA","NA","NA","NA","NA","NA","NA","NA","NA","NA","NA","NA","NA"
"ep-5","SFBay","Twitchell","NA",1204084,38.10656,-121.6454,"NA",.11,"8/8/2011",8,2011,364.27,"20","0","NA","62.5","37.5",0,"NA","0","0","NA",0,"NA",0,"NA",0,1,0,"0.00","364.27","NA","NA","NA","NA","NA","NA","NA","NA","NA","NA","NA","NA","NA"
"ep-5","SFBay","Twitchell","NA",1204084,38.10656,-121.6454,"NA",.11,"9/30/2011",9,2011,227.58,"20","30","NA","62.5","37.5",0,"NA","0","0","NA",0,"NA",0,"NA",0,1,0,"0.00","227.58","NA","NA","NA","NA","NA","NA","NA","NA","NA","NA","NA","NA","NA"
"k1_090712","SFBay","Twitchell","NA",1204084,38.10663,-121.6454,"NA",.11,"9/6/2012",9,2012,638.26,"1","0","high","40","60",0,"NA","0","0","NA",0,"NA",0,"NA",0,4,0,"0.00","638.26","NA","NA","NA","NA","NA","NA","NA","NA","NA","NA","NA","NA","NA"
"k2_090712","SFBay","Twitchell","NA",1204084,38.10665,-121.6454,"NA",.11,"9/6/2012",9,2012,759.41,"0","0","med","75","25",0,"NA","0","0","NA",0,"NA",0,"NA",0,4,0,"37.50","721.91","NA","NA","NA","NA","NA","NA","NA","NA","NA","NA","NA","NA","NA"
"k3_090712","SFBay","Twitchell","NA",1204084,38.1066,-121.6454,"NA",.11,"9/6/2012",9,2012,722.42,"0","0","med","45","55",0,"NA","0","0","NA",0,"NA",0,"NA",0,4,0,"0.00","722.42","NA","NA","NA","NA","NA","NA","NA","NA","NA","NA","NA","NA","NA"
"k4_090712","SFBay","Twitchell","NA",1204084,38.10656,-121.6454,"NA",.11,"9/6/2012",9,2012,890.52,"0","0","med","35","65",0,"NA","0","0","NA",0,"NA",0,"NA",0,4,0,"234.78","655.74","NA","NA","NA","NA","NA","NA","NA","NA","NA","NA","NA","NA","NA"
"e3-1","SFBay","Twitchell","NA",1204087,38.10669,-121.6444,"NA",.11,"5/24/2011",5,2011,226.81,"65","0","NA","3","85",0,"NA","0","0","NA",0,"NA",0,"NA",0,2,0,"226.81","0.00","NA","NA","NA","NA","NA","NA","NA","NA","NA","NA","NA","NA","NA"
"e3-2","SFBay","Twitchell","NA",1204087,38.10672,-121.6445,"NA",.11,"5/24/2011",5,2011,908.2,"0","0","NA","37.5","37.5",0,"NA","0.5","0","NA",0,"NA",0,"NA",0,2,0,"908.20","0.00","NA","NA","NA","NA","NA","NA","NA","NA","NA","NA","NA","NA","NA"
"e3-1","SFBay","Twitchell","NA",1204087,38.10669,-121.6444,"NA",.11,"6/8/2011",6,2011,172.91,"85","0","NA","3","85",0,"NA","0","0","NA",0,"NA",0,"NA",0,2,0,"172.91","0.00","NA","NA","NA","NA","NA","NA","NA","NA","NA","NA","NA","NA","NA"
"e3-2","SFBay","Twitchell","NA",1204087,38.10672,-121.6445,"NA",.11,"6/8/2011",6,2011,687.97,"70","0","NA","85","37.5",0,"NA","0","0","NA",0,"NA",0,"NA",0,2,0,"687.97","0.00","NA","NA","NA","NA","NA","NA","NA","NA","NA","NA","NA","NA","NA"
"e3-2","SFBay","Twitchell","NA",1204087,38.10672,-121.6445,"NA",.11,"6/30/2011",6,2011,3352.16,"105","0","NA","62.5","37.5",0,"NA","0","0","NA",0,"NA",0,"NA",0,2,0,"3352.16","0.00","NA","NA","NA","NA","NA","NA","NA","NA","NA","NA","NA","NA","NA"
"e3-1","SFBay","Twitchell","NA",1204087,38.10669,-121.6444,"NA",.11,"6/30/2011",6,2011,335.29,"73","17","NA","3","85",0,"NA","0","0","NA",0,"NA",0,"NA",0,2,0,"335.29","0.00","NA","NA","NA","NA","NA","NA","NA","NA","NA","NA","NA","NA","NA"
"e3-2","SFBay","Twitchell","NA",1204087,38.10672,-121.6445,"NA",.11,"8/8/2011",8,2011,454.19,"0","0","NA","0","0",0,"NA","0","0","NA",0,"NA",0,"NA",0,2,0,"454.19","0.00","NA","NA","NA","NA","NA","NA","NA","NA","NA","NA","NA","NA","NA"
"e3-1","SFBay","Twitchell","NA",1204087,38.10669,-121.6444,"NA",.11,"8/8/2011",8,2011,606.43,"5","0","NA","3","0",0,"NA","0","0","NA",0,"NA",0,"NA",0,2,0,"606.43","0.00","NA","NA","NA","NA","NA","NA","NA","NA","NA","NA","NA","NA","NA"
"e3-2","SFBay","Twitchell","NA",1204087,38.10672,-121.6445,"NA",.11,"9/30/2011",9,2011,130.13,"0","50","NA","0.5","97.5",0,"NA","0","0","NA",0,"NA",0,"NA",0,2,0,"130.13","0.00","NA","NA","NA","NA","NA","NA","NA","NA","NA","NA","NA","NA","NA"
"e3-1","SFBay","Twitchell","NA",1204087,38.10669,-121.6444,"NA",.11,"9/30/2011",9,2011,17.32,"20","10","NA","0.5","97.5",0,"NA","0","0","NA",0,"NA",0,"NA",0,2,0,"17.32","0.00","NA","NA","NA","NA","NA","NA","NA","NA","NA","NA","NA","NA","NA"
"e3-1","SFBay","Twitchell","NA",1204087,38.10669,-121.6444,"NA",.11,"9/8/2011",9,2011,180.68,"5","0","NA","3","85",0,"NA","0","0","NA",0,"NA",0,"NA",0,2,0,"180.68","0.00","NA","NA","NA","NA","NA","NA","NA","NA","NA","NA","NA","NA","NA"
"e3-2","SFBay","Twitchell","NA",1204087,38.10672,-121.6445,"NA",.11,"9/8/2011",9,2011,437.24,"0","0","NA","3","37.5",0,"NA","0","0","NA",0,"NA",0,"NA",0,2,0,"437.24","0.00","NA","NA","NA","NA","NA","NA","NA","NA","NA","NA","NA","NA","NA"
"e3-2w_061312","SFBay","Twitchell","NA",1204087,38.10668,-121.6444,"NA",.11,"6/11/2012",6,2012,923.24,"83.30000305","0","high","15","65",0,"NA","20","0","NA",0,"NA",0,"NA",0,1,0,"923.24","0.00","NA","NA","NA","NA","NA","NA","NA","NA","NA","NA","NA","NA","NA"
"e4-1","SFBay","Twitchell","NA",1204088,38.10662,-121.6442,"NA",.11,"5/24/2011",5,2011,107.31,"44","0","NA","62.5","15",0,"NA","62.5","0","NA",0,"NA",0,"NA",0,1,0,"0.00","107.31","NA","NA","NA","NA","NA","NA","NA","NA","NA","NA","NA","NA","NA"
"e4-1","SFBay","Twitchell","NA",1204088,38.10662,-121.6442,"NA",.11,"6/8/2011",6,2011,249.96,"58","0","NA","62.5","15",0,"NA","62.5","0","NA",0,"NA",0,"NA",0,2,0,"0.00","249.96","NA","NA","NA","NA","NA","NA","NA","NA","NA","NA","NA","NA","NA"
"e4-2","SFBay","Twitchell","NA",1204088,38.10666,-121.6441,"NA",.11,"6/8/2011",6,2011,753.03,"110","0","NA","85","37.5",0,"NA","0","0","NA",0,"NA",0,"NA",0,2,0,"753.03","0.00","NA","NA","NA","NA","NA","NA","NA","NA","NA","NA","NA","NA","NA"
"e4-2","SFBay","Twitchell","NA",1204088,38.10666,-121.6441,"NA",.11,"6/30/2011",6,2011,1284.21,"105","10","NA","15","62.5",0,"NA","0","0","NA",0,"NA",0,"NA",0,2,0,"1284.21","0.00","NA","NA","NA","NA","NA","NA","NA","NA","NA","NA","NA","NA","NA"
"e4-1","SFBay","Twitchell","NA",1204088,38.10662,-121.6442,"NA",.11,"6/30/2011",6,2011,381.57,"55","0","NA","15","62.5",0,"NA","62.5","0","NA",0,"NA",0,"NA",0,2,0,"0.00","381.57","NA","NA","NA","NA","NA","NA","NA","NA","NA","NA","NA","NA","NA"
"e4-1","SFBay","Twitchell","NA",1204088,38.10662,-121.6442,"NA",.11,"8/8/2011",8,2011,741.44,"50","0","NA","15","62.5",0,"NA","15","0","NA",0,"NA",0,"NA",0,2,0,"0.00","741.44","NA","NA","NA","NA","NA","NA","NA","NA","NA","NA","NA","NA","NA"
"e4-2","SFBay","Twitchell","NA",1204088,38.10666,-121.6441,"NA",.11,"8/8/2011",8,2011,798.32,"28","0","NA","0","0.5",0,"NA","0","0","NA",0,"NA",0,"NA",0,2,0,"798.32","0.00","NA","NA","NA","NA","NA","NA","NA","NA","NA","NA","NA","NA","NA"
"e4-1","SFBay","Twitchell","NA",1204088,38.10662,-121.6442,"NA",.11,"9/30/2011",9,2011,637.1,"62","0","NA","37.5","15",0,"NA","62.5","0","NA",0,"NA",0,"NA",0,2,0,"0.00","637.10","NA","NA","NA","NA","NA","NA","NA","NA","NA","NA","NA","NA","NA"
"e4-2","SFBay","Twitchell","NA",1204088,38.10666,-121.6441,"NA",.11,"9/30/2011",9,2011,1164.78,"28","5","NA","62.5","37.5",0,"NA","0","0","NA",0,"NA",0,"NA",0,2,0,"1164.78","0.00","NA","NA","NA","NA","NA","NA","NA","NA","NA","NA","NA","NA","NA"
"e4-1e_061312","SFBay","Twitchell","NA",1204088,38.10663,-121.6441,"NA",.11,"6/11/2012",6,2012,487.1,"26.29999924","0","med","20","65",0,"NA","15","0","NA",0,"NA",0,"NA",0,2,0,"487.10","0.00","NA","NA","NA","NA","NA","NA","NA","NA","NA","NA","NA","NA","NA"
"e3-1e_061312","SFBay","Twitchell","NA",1204088,38.1066,-121.6443,"NA",.11,"6/11/2012",6,2012,938.34,"6.699999809","0","high","20","80",0,"NA","0","0","NA",0,"NA",0,"NA",0,2,0,"938.34","0.00","NA","NA","NA","NA","NA","NA","NA","NA","NA","NA","NA","NA","NA"
"e3-1e_090712","SFBay","Twitchell","NA",1204088,38.1066,-121.6443,"NA",.11,"9/6/2012",9,2012,1748.6,"6.699999809","0","high","75","25",0,"NA","0","0","NA",0,"NA",0,"NA",0,1,0,"1748.60","0.00","NA","NA","NA","NA","NA","NA","NA","NA","NA","NA","NA","NA","NA"
"w4-2","SFBay","Twitchell","NA",1206755,38.10695,-121.6471,"NA",.11,"5/24/2011",5,2011,1548.97,"18","0","NA","37.5","15",0,"NA","15","0","NA",0,"NA",0,"NA",0,3,0,"864.92","684.05","NA","NA","NA","NA","NA","NA","NA","NA","NA","NA","NA","NA","NA"
"w4-3","SFBay","Twitchell","NA",1206755,38.10699,-121.6472,"NA",.11,"5/24/2011",5,2011,0,"26","0","NA","97.5","15",0,"NA","97.5","0","NA",0,"NA",0,"NA",0,3,0,"0.00","0.00","NA","NA","NA","NA","NA","NA","NA","NA","NA","NA","NA","NA","NA"
"w4-1","SFBay","Twitchell","NA",1206755,38.10693,-121.6471,"NA",.11,"5/24/2011",5,2011,285.89,"10","0","NA","15","62.5",0,"NA","0","0","NA",0,"NA",0,"NA",0,3,0,"177.79","108.10","NA","NA","NA","NA","NA","NA","NA","NA","NA","NA","NA","NA","NA"
"w4-1","SFBay","Twitchell","NA",1206755,38.10693,-121.6471,"NA",.11,"6/8/2011",6,2011,306.67,"5","0","NA","15","62.5",0,"NA","0","0","NA",0,"NA",0,"NA",0,2,0,"137.79","168.88","NA","NA","NA","NA","NA","NA","NA","NA","NA","NA","NA","NA","NA"
"w4-2","SFBay","Twitchell","NA",1206755,38.10695,-121.6471,"NA",.11,"6/8/2011",6,2011,1482.26,"25","0","NA","37.5","37.5",0,"NA","15","0","NA",0,"NA",0,"NA",0,2,0,"756.43","716.65","NA","NA","NA","NA","NA","NA","NA","NA","NA","NA","NA","NA","NA"
"w4-2","SFBay","Twitchell","NA",1206755,38.10695,-121.6471,"NA",.11,"6/30/2011",6,2011,2745.06,"40","0","NA","85","15",0,"NA","15","0","NA",0,"NA",0,"NA",0,3,0,"1773.34","971.72","NA","NA","NA","NA","NA","NA","NA","NA","NA","NA","NA","NA","NA"
"w4-1","SFBay","Twitchell","NA",1206755,38.10693,-121.6471,"NA",.11,"6/30/2011",6,2011,331.78,"0","25","NA","3","62.5",0,"NA","0","0","NA",0,"NA",0,"NA",0,3,0,"78.04","253.74","NA","NA","NA","NA","NA","NA","NA","NA","NA","NA","NA","NA","NA"
"w4-3","SFBay","Twitchell","NA",1206755,38.10699,-121.6472,"NA",.11,"6/30/2011",6,2011,167.44,"35","0","NA","0.5","37.5",0,"NA","97.5","0","NA",0,"NA",0,"NA",0,3,0,"167.44","0.00","NA","NA","NA","NA","NA","NA","NA","NA","NA","NA","NA","NA","NA"
"w4-2","SFBay","Twitchell","NA",1206755,38.10695,-121.6471,"NA",.11,"8/8/2011",8,2011,1725.65,"60","0","NA","62.5","37.5",0,"NA","15","0","NA",0,"NA",0,"NA",0,3,0,"1107.74","617.91","NA","NA","NA","NA","NA","NA","NA","NA","NA","NA","NA","NA","NA"
"w4-1","SFBay","Twitchell","NA",1206755,38.10693,-121.6471,"NA",.11,"8/8/2011",8,2011,426.66,"20","0","NA","62.5","37.5",0,"NA","0","0","NA",0,"NA",0,"NA",0,3,0,"38.16","388.51","NA","NA","NA","NA","NA","NA","NA","NA","NA","NA","NA","NA","NA"
"w4-3","SFBay","Twitchell","NA",1206755,38.10699,-121.6472,"NA",.11,"8/8/2011",8,2011,111.62,"35","0","NA","3","15",0,"NA","85","0","NA",0,"NA",0,"NA",0,3,0,"111.62","0.00","NA","NA","NA","NA","NA","NA","NA","NA","NA","NA","NA","NA","NA"
"w4-3","SFBay","Twitchell","NA",1206755,38.10699,-121.6472,"NA",.11,"9/30/2011",9,2011,779.05,"50","0","NA","15","37.5",0,"NA","97.5","0","NA",0,"NA",0,"NA",0,3,0,"779.05","0.00","NA","NA","NA","NA","NA","NA","NA","NA","NA","NA","NA","NA","NA"
"w4-2","SFBay","Twitchell","NA",1206755,38.10695,-121.6471,"NA",.11,"9/30/2011",9,2011,1362.61,"35","60","NA","37.5","15",0,"NA","62.5","0","NA",0,"NA",0,"NA",0,3,0,"712.23","650.38","NA","NA","NA","NA","NA","NA","NA","NA","NA","NA","NA","NA","NA"
"w4-1","SFBay","Twitchell","NA",1206755,38.10693,-121.6471,"NA",.11,"9/30/2011",9,2011,350.03,"0","70","NA","15","97.5",0,"NA","0","0","NA",0,"NA",0,"NA",0,3,0,"0.00","350.03","NA","NA","NA","NA","NA","NA","NA","NA","NA","NA","NA","NA","NA"
"w4-1","SFBay","Twitchell","NA",1206755,38.10693,-121.6471,"NA",.11,"9/8/2011",9,2011,543.71,"83","0","NA","37.5","37.5",0,"NA","0","0","NA",0,"NA",0,"NA",0,2,0,"37.82","505.89","NA","NA","NA","NA","NA","NA","NA","NA","NA","NA","NA","NA","NA"
"w4-2","SFBay","Twitchell","NA",1206755,38.10695,-121.6471,"NA",.11,"9/8/2011",9,2011,1219.7,"18","0","NA","15","3",0,"NA","62.5","0","NA",0,"NA",0,"NA",0,2,0,"699.93","519.77","NA","NA","NA","NA","NA","NA","NA","NA","NA","NA","NA","NA","NA"
"w4-1n_052412","SFBay","Twitchell","NA",1206755,38.10698,-121.6472,"NA",.11,"5/23/2012",5,2012,1850.38,"23.29999924","0","med","25","35",0,"NA","45","0","NA",0,"NA",0,"NA",0,1,0,"1788.01","62.37","NA","NA","NA","NA","NA","NA","NA","NA","NA","NA","NA","NA","NA"
"w4-1n_070212","SFBay","Twitchell","NA",1206755,38.10698,-121.6472,"NA",.11,"7/2/2012",7,2012,880.54,"10","0","low","35","15",0,"NA","40","10","NA",0,"NA",0,"NA",0,1,0,"543.97","336.57","NA","NA","NA","NA","NA","NA","NA","NA","NA","NA","NA","NA","NA"
"w4-1n_090712","SFBay","Twitchell","NA",1206755,38.10698,-121.6472,"NA",.11,"9/6/2012",9,2012,1383.52,"12","0","low","35","20",0,"NA","45","0","NA",0,"NA",0,"NA",0,1,0,"1284.56","98.96","NA","NA","NA","NA","NA","NA","NA","NA","NA","NA","NA","NA","NA"
"l2_090712","SFBay","Twitchell","NA",1206757,38.10681,-121.6464,"NA",.11,"9/6/2012",9,2012,2197.69,"5.300000191","0","med","40","60",0,"NA","0","0","NA",0,"NA",0,"NA",0,2,0,"2197.69","0.00","NA","NA","NA","NA","NA","NA","NA","NA","NA","NA","NA","NA","NA"
"l1_090712","SFBay","Twitchell","NA",1206757,38.10684,-121.6464,"NA",.11,"9/6/2012",9,2012,535.51,"10","0","med","40","60",0,"NA","0","0","NA",0,"NA",0,"NA",0,2,0,"535.51","0.00","NA","NA","NA","NA","NA","NA","NA","NA","NA","NA","NA","NA","NA"
"e1-6","SFBay","Twitchell","NA",1206758,38.10696,-121.6463,"NA",.11,"5/10/2011",5,2011,831.86,"57","0","NA","3","97.5",0,"NA","0","0","NA",0,"NA",0,"NA",0,2,0,"0.00","831.86","NA","NA","NA","NA","NA","NA","NA","NA","NA","NA","NA","NA","NA"
"e1-5","SFBay","Twitchell","NA",1206758,38.10692,-121.6463,"NA",.11,"5/10/2011",5,2011,383.57,"1","0","NA","3","97.5",0,"NA","0","0","NA",0,"NA",0,"NA",0,2,0,"0.00","383.57","NA","NA","NA","NA","NA","NA","NA","NA","NA","NA","NA","NA","NA"
"e1-4","SFBay","Twitchell","NA",1206758,38.10687,-121.6462,"NA",.11,"6/8/2011",6,2011,384.65,"40","0","NA","15","97.5",0,"NA","0.5","0","NA",0,"NA",0,"NA",0,5,0,"0.00","384.65","NA","NA","NA","NA","NA","NA","NA","NA","NA","NA","NA","NA","NA"
"e1-3.5","SFBay","Twitchell","NA",1206758,38.10686,-121.6462,"NA",.11,"6/8/2011",6,2011,481.92,"55","0","NA","15","97.5",0,"NA","0","0","NA",0,"NA",0,"NA",0,5,0,"0.00","481.92","NA","NA","NA","NA","NA","NA","NA","NA","NA","NA","NA","NA","NA"
"e1-5.5","SFBay","Twitchell","NA",1206758,38.10694,-121.6463,"NA",.11,"6/8/2011",6,2011,1049,"85","0","NA","37.5","62.5",0,"NA","0","0","NA",0,"NA",0,"NA",0,5,0,"0.00","1049.00","NA","NA","NA","NA","NA","NA","NA","NA","NA","NA","NA","NA","NA"
"e1-5","SFBay","Twitchell","NA",1206758,38.10692,-121.6463,"NA",.11,"6/8/2011",6,2011,289.35,"5","0","NA","15","85",0,"NA","0","0","NA",0,"NA",0,"NA",0,5,0,"0.00","289.35","NA","NA","NA","NA","NA","NA","NA","NA","NA","NA","NA","NA","NA"
"e1-6","SFBay","Twitchell","NA",1206758,38.10696,-121.6463,"NA",.11,"6/8/2011",6,2011,717.95,"50","0","NA","62.5","37.5",0,"NA","0","0","NA",0,"NA",0,"NA",0,5,0,"0.00","717.95","NA","NA","NA","NA","NA","NA","NA","NA","NA","NA","NA","NA","NA"
"e1-3.5","SFBay","Twitchell","NA",1206758,38.10686,-121.6462,"NA",.11,"6/30/2011",6,2011,331.19,"85","0","NA","15","85",0,"NA","0","0","NA",0,"NA",0,"NA",0,6,0,"0.00","331.19","NA","NA","NA","NA","NA","NA","NA","NA","NA","NA","NA","NA","NA"
"e1-5","SFBay","Twitchell","NA",1206758,38.10692,-121.6463,"NA",.11,"6/30/2011",6,2011,478.56,"90","30","NA","85","37.5",0,"NA","0","0","NA",0,"NA",0,"NA",0,6,0,"0.00","478.56","NA","NA","NA","NA","NA","NA","NA","NA","NA","NA","NA","NA","NA"
"e1-5.5","SFBay","Twitchell","NA",1206758,38.10694,-121.6463,"NA",.11,"6/30/2011",6,2011,1269.64,"90","110","NA","37.5","85",0,"NA","0","0","NA",0,"NA",0,"NA",0,6,0,"0.00","1269.64","NA","NA","NA","NA","NA","NA","NA","NA","NA","NA","NA","NA","NA"
"e1-4","SFBay","Twitchell","NA",1206758,38.10687,-121.6462,"NA",.11,"6/30/2011",6,2011,657.33,"90","0","NA","85","3",0,"NA","0","0","NA",0,"NA",0,"NA",0,6,0,"0.00","657.33","NA","NA","NA","NA","NA","NA","NA","NA","NA","NA","NA","NA","NA"
"e1-3","SFBay","Twitchell","NA",1206758,38.10676,-121.6462,"NA",.11,"6/30/2011",6,2011,0,"104","20","NA","0","97.5",0,"NA","0","0","NA",0,"NA",0,"NA",0,6,0,"0.00","0.00","NA","NA","NA","NA","NA","NA","NA","NA","NA","NA","NA","NA","NA"
"e1-6","SFBay","Twitchell","NA",1206758,38.10696,-121.6463,"NA",.11,"6/30/2011",6,2011,850.76,"85","100","NA","15","85",0,"NA","0","0","NA",0,"NA",0,"NA",0,6,0,"0.00","850.76","NA","NA","NA","NA","NA","NA","NA","NA","NA","NA","NA","NA","NA"
"e1-3.5","SFBay","Twitchell","NA",1206758,38.10686,-121.6462,"NA",.11,"8/8/2011",8,2011,267.16,"50","0","NA","15","62.5",0,"NA","15","0","NA",0,"NA",0,"NA",0,5,0,"0.00","267.16","NA","NA","NA","NA","NA","NA","NA","NA","NA","NA","NA","NA","NA"
"e1-6","SFBay","Twitchell","NA",1206758,38.10696,-121.6463,"NA",.11,"8/8/2011",8,2011,906.93,"50","0","NA","15","15",0,"NA","0","0","NA",0,"NA",0,"NA",0,5,0,"0.00","906.93","NA","NA","NA","NA","NA","NA","NA","NA","NA","NA","NA","NA","NA"
"e1-4","SFBay","Twitchell","NA",1206758,38.10687,-121.6462,"NA",.11,"8/8/2011",8,2011,539,"55","0","NA","85","15",0,"NA","15","0","NA",0,"NA",0,"NA",0,5,0,"0.00","539.00","NA","NA","NA","NA","NA","NA","NA","NA","NA","NA","NA","NA","NA"
"e1-5.5","SFBay","Twitchell","NA",1206758,38.10694,-121.6463,"NA",.11,"8/8/2011",8,2011,839.73,"50","0","NA","15","62.5",0,"NA","0","0","NA",0,"NA",0,"NA",0,5,0,"0.00","839.73","NA","NA","NA","NA","NA","NA","NA","NA","NA","NA","NA","NA","NA"
"e1-5","SFBay","Twitchell","NA",1206758,38.10692,-121.6463,"NA",.11,"8/8/2011",8,2011,591.37,"0","0","NA","3","62.5",0,"NA","0","0","NA",0,"NA",0,"NA",0,5,0,"0.00","591.37","NA","NA","NA","NA","NA","NA","NA","NA","NA","NA","NA","NA","NA"
"e1-6","SFBay","Twitchell","NA",1206758,38.10696,-121.6463,"NA",.11,"9/30/2011",9,2011,365.82,"65","120","NA","15","85",0,"NA","0","0","NA",0,"NA",0,"NA",0,5,0,"0.00","365.82","NA","NA","NA","NA","NA","NA","NA","NA","NA","NA","NA","NA","NA"
"e1-5","SFBay","Twitchell","NA",1206758,38.10692,-121.6463,"NA",.11,"9/30/2011",9,2011,628.05,"15","50","NA","37.5","62.5",0,"NA","0","0","NA",0,"NA",0,"NA",0,5,0,"0.00","628.05","NA","NA","NA","NA","NA","NA","NA","NA","NA","NA","NA","NA","NA"
"e1-5.5","SFBay","Twitchell","NA",1206758,38.10694,-121.6463,"NA",.11,"9/30/2011",9,2011,231.93,"65","180","NA","15","85",0,"NA","0","0","NA",0,"NA",0,"NA",0,5,0,"0.00","231.93","NA","NA","NA","NA","NA","NA","NA","NA","NA","NA","NA","NA","NA"
"e1-3.5","SFBay","Twitchell","NA",1206758,38.10686,-121.6462,"NA",.11,"9/30/2011",9,2011,190.32,"50","60","NA","62.5","37.5",0,"NA","0.5","0","NA",0,"NA",0,"NA",0,5,0,"0.00","190.32","NA","NA","NA","NA","NA","NA","NA","NA","NA","NA","NA","NA","NA"
"e1-4","SFBay","Twitchell","NA",1206758,38.10687,-121.6462,"NA",.11,"9/30/2011",9,2011,1354.13,"47","5","NA","85","15",0,"NA","3","0","NA",0,"NA",0,"NA",0,5,0,"0.00","1354.13","NA","NA","NA","NA","NA","NA","NA","NA","NA","NA","NA","NA","NA"
"e1-3.5","SFBay","Twitchell","NA",1206758,38.10686,-121.6462,"NA",.11,"9/8/2011",9,2011,193.29,"50","0","NA","15","62.5",0,"NA","15","0","NA",0,"NA",0,"NA",0,5,0,"0.00","193.29","NA","NA","NA","NA","NA","NA","NA","NA","NA","NA","NA","NA","NA"
"e1-4","SFBay","Twitchell","NA",1206758,38.10687,-121.6462,"NA",.11,"9/8/2011",9,2011,1372.06,"55","0","NA","85","15",0,"NA","15","0","NA",0,"NA",0,"NA",0,5,0,"0.00","1372.06","NA","NA","NA","NA","NA","NA","NA","NA","NA","NA","NA","NA","NA"
"e1-6","SFBay","Twitchell","NA",1206758,38.10696,-121.6463,"NA",.11,"9/8/2011",9,2011,369.72,"40","0","NA","15","97.5",0,"NA","0","0","NA",0,"NA",0,"NA",0,5,0,"0.00","369.72","NA","NA","NA","NA","NA","NA","NA","NA","NA","NA","NA","NA","NA"
"e1-5.5","SFBay","Twitchell","NA",1206758,38.10694,-121.6463,"NA",.11,"9/8/2011",9,2011,528.92,"60","0","NA","15","97.5",0,"NA","0","0","NA",0,"NA",0,"NA",0,5,0,"0.00","528.92","NA","NA","NA","NA","NA","NA","NA","NA","NA","NA","NA","NA","NA"
"e1-5","SFBay","Twitchell","NA",1206758,38.10692,-121.6463,"NA",.11,"9/8/2011",9,2011,683.21,"5","0","NA","15","97.5",0,"NA","0","0","NA",0,"NA",0,"NA",0,5,0,"0.00","683.21","NA","NA","NA","NA","NA","NA","NA","NA","NA","NA","NA","NA","NA"
"e1-3w_061312","SFBay","Twitchell","NA",1206758,38.10697,-121.6463,"NA",.11,"6/11/2012",6,2012,303.98,"33.29999924","0","low","40","25",0,"NA","10","25","NA",0,"NA",0,"NA",0,2,0,"54.05","249.93","NA","NA","NA","NA","NA","NA","NA","NA","NA","NA","NA","NA","NA"
"e1-2e_061312","SFBay","Twitchell","NA",1206758,38.10687,-121.6462,"NA",.11,"6/11/2012",6,2012,413.95,"21.29999924","0","med","35","65",0,"NA","0","0","NA",0,"NA",0,"NA",0,2,0,"0.00","413.95","NA","NA","NA","NA","NA","NA","NA","NA","NA","NA","NA","NA","NA"
"e2-4","SFBay","Twitchell","NA",1206759,38.10676,-121.6458,"NA",.11,"6/30/2011",6,2011,4.06,"0","20","NA","97.5","97.5",0,"NA","0","0","NA",0,"NA",0,"NA",0,2,0,"4.06","0.00","NA","NA","NA","NA","NA","NA","NA","NA","NA","NA","NA","NA","NA"
"e2-5","SFBay","Twitchell","NA",1206759,38.10678,-121.6457,"NA",.11,"6/30/2011",6,2011,0,"2","12","NA","0","85",0,"NA","0","0","NA",0,"NA",0,"NA",0,2,0,"0.00","0.00","NA","NA","NA","NA","NA","NA","NA","NA","NA","NA","NA","NA","NA"
"e2-4","SFBay","Twitchell","NA",1206759,38.10676,-121.6458,"NA",.11,"8/8/2011",8,2011,8.92,"0","0","NA","0","0",0,"NA","0","0","NA",0,"NA",0,"NA",0,1,0,"8.92","0.00","NA","NA","NA","NA","NA","NA","NA","NA","NA","NA","NA","NA","NA"
"e2-4","SFBay","Twitchell","NA",1206759,38.10676,-121.6458,"NA",.11,"9/30/2011",9,2011,224.49,"5","15","NA","15","97.5",0,"NA","0","0","NA",0,"NA",0,"NA",0,2,0,"224.49","0.00","NA","NA","NA","NA","NA","NA","NA","NA","NA","NA","NA","NA","NA"
"e2-5","SFBay","Twitchell","NA",1206759,38.10678,-121.6457,"NA",.11,"9/30/2011",9,2011,61.49,"5","10","NA","0.5","85",0,"NA","0","0","NA",0,"NA",0,"NA",0,2,0,"61.49","0.00","NA","NA","NA","NA","NA","NA","NA","NA","NA","NA","NA","NA","NA"
"e2-4","SFBay","Twitchell","NA",1206759,38.10676,-121.6458,"NA",.11,"9/8/2011",9,2011,70.33,"0","0","NA","37.5","62.5",0,"NA","0","0","NA",0,"NA",0,"NA",0,2,0,"70.33","0.00","NA","NA","NA","NA","NA","NA","NA","NA","NA","NA","NA","NA","NA"
"e2-5","SFBay","Twitchell","NA",1206759,38.10678,-121.6457,"NA",.11,"9/8/2011",9,2011,25.54,"0","0","NA","15","62.5",0,"NA","0","0","NA",0,"NA",0,"NA",0,2,0,"25.54","0.00","NA","NA","NA","NA","NA","NA","NA","NA","NA","NA","NA","NA","NA"
"e2-2e_061312","SFBay","Twitchell","NA",1206759,38.10678,-121.6457,"NA",.11,"6/11/2012",6,2012,348.91,"0","0","low","30","35",0,"NA","30","0","NA",0,"NA",0,"NA",0,1,0,"168.48","180.43","NA","NA","NA","NA","NA","NA","NA","NA","NA","NA","NA","NA","NA"
"e2-8","SFBay","Twitchell","NA",1206760,38.10691,-121.6454,"NA",.11,"5/10/2011",5,2011,62.87,"3","0","NA","0.5","62.5",0,"NA","0","0","NA",0,"NA",0,"NA",0,2,0,"0.00","62.87","NA","NA","NA","NA","NA","NA","NA","NA","NA","NA","NA","NA","NA"
"e2-6","SFBay","Twitchell","NA",1206760,38.10686,-121.6456,"NA",.11,"5/10/2011",5,2011,522.08,"50","0","NA","3","62.5",0,"NA","0.5","0","NA",0,"NA",0,"NA",0,2,0,"0.00","522.08","NA","NA","NA","NA","NA","NA","NA","NA","NA","NA","NA","NA","NA"
"e2-7","SFBay","Twitchell","NA",1206760,38.10688,-121.6455,"NA",.11,"6/8/2011",6,2011,463.22,"74","0","NA","15","85",0,"NA","0","0","NA",0,"NA",0,"NA",0,3,0,"0.00","463.22","NA","NA","NA","NA","NA","NA","NA","NA","NA","NA","NA","NA","NA"
"e2-8","SFBay","Twitchell","NA",1206760,38.10691,-121.6454,"NA",.11,"6/8/2011",6,2011,282.43,"100","0","NA","3","62.5",0,"NA","0","0","NA",0,"NA",0,"NA",0,3,0,"48.59","233.84","NA","NA","NA","NA","NA","NA","NA","NA","NA","NA","NA","NA","NA"
"e2-6","SFBay","Twitchell","NA",1206760,38.10686,-121.6456,"NA",.11,"6/8/2011",6,2011,1289.45,"83","0","NA","62.5","37.5",0,"NA","0","0","NA",0,"NA",0,"NA",0,3,0,"0.00","1289.45","NA","NA","NA","NA","NA","NA","NA","NA","NA","NA","NA","NA","NA"
"e2-7","SFBay","Twitchell","NA",1206760,38.10688,-121.6455,"NA",.11,"6/30/2011",6,2011,728.67,"38","60","NA","3","97.5",0,"NA","0","0","NA",0,"NA",0,"NA",0,3,0,"0.00","728.67","NA","NA","NA","NA","NA","NA","NA","NA","NA","NA","NA","NA","NA"
"e2-6","SFBay","Twitchell","NA",1206760,38.10686,-121.6456,"NA",.11,"6/30/2011",6,2011,1615.72,"42","42","NA","15","85",0,"NA","15","0","NA",0,"NA",0,"NA",0,3,0,"0.00","1615.72","NA","NA","NA","NA","NA","NA","NA","NA","NA","NA","NA","NA","NA"
"e2-8","SFBay","Twitchell","NA",1206760,38.10691,-121.6454,"NA",.11,"6/30/2011",6,2011,101.98,"10","30","NA","0.5","62.5",0,"NA","0","0","NA",0,"NA",0,"NA",0,3,0,"31.58","70.39","NA","NA","NA","NA","NA","NA","NA","NA","NA","NA","NA","NA","NA"
"e2-6","SFBay","Twitchell","NA",1206760,38.10686,-121.6456,"NA",.11,"8/8/2011",8,2011,1486.5,"50","0","NA","0","37.5",0,"NA","15","0","NA",0,"NA",0,"NA",0,3,0,"0.00","1486.50","NA","NA","NA","NA","NA","NA","NA","NA","NA","NA","NA","NA","NA"
"e2-7","SFBay","Twitchell","NA",1206760,38.10688,-121.6455,"NA",.11,"8/8/2011",8,2011,980.59,"25","0","NA","62.5","37.5",0,"NA","0","0","NA",0,"NA",0,"NA",0,3,0,"0.00","980.59","NA","NA","NA","NA","NA","NA","NA","NA","NA","NA","NA","NA","NA"
"e2-8","SFBay","Twitchell","NA",1206760,38.10691,-121.6454,"NA",.11,"8/8/2011",8,2011,184.16,"0","0","NA","15","85",0,"NA","0","0","NA",0,"NA",0,"NA",0,3,0,"51.61","132.54","NA","NA","NA","NA","NA","NA","NA","NA","NA","NA","NA","NA","NA"
"e2-6","SFBay","Twitchell","NA",1206760,38.10686,-121.6456,"NA",.11,"9/30/2011",9,2011,1227.03,"60","160","NA","37.5","62.5",0,"NA","3","0","NA",0,"NA",0,"NA",0,3,0,"0.00","1227.03","NA","NA","NA","NA","NA","NA","NA","NA","NA","NA","NA","NA","NA"
"e2-8","SFBay","Twitchell","NA",1206760,38.10691,-121.6454,"NA",.11,"9/30/2011",9,2011,271.46,"10","40","NA","15","97.5",0,"NA","0","0","NA",0,"NA",0,"NA",0,3,0,"27.47","243.99","NA","NA","NA","NA","NA","NA","NA","NA","NA","NA","NA","NA","NA"
"e2-7","SFBay","Twitchell","NA",1206760,38.10688,-121.6455,"NA",.11,"9/30/2011",9,2011,965.59,"35","85","NA","37.5","97.5",0,"NA","0","0","NA",0,"NA",0,"NA",0,3,0,"0.00","965.59","NA","NA","NA","NA","NA","NA","NA","NA","NA","NA","NA","NA","NA"
"e2-6","SFBay","Twitchell","NA",1206760,38.10686,-121.6456,"NA",.11,"9/8/2011",9,2011,1948.54,"50","0","NA","62.5","37.5",0,"NA","15","0","NA",0,"NA",0,"NA",0,3,0,"0.00","1948.54","NA","NA","NA","NA","NA","NA","NA","NA","NA","NA","NA","NA","NA"
"e2-8","SFBay","Twitchell","NA",1206760,38.10691,-121.6454,"NA",.11,"9/8/2011",9,2011,320.75,"2","0","NA","15","62.5",0,"NA","0","0","NA",0,"NA",0,"NA",0,3,0,"62.73","258.01","NA","NA","NA","NA","NA","NA","NA","NA","NA","NA","NA","NA","NA"
"e2-7","SFBay","Twitchell","NA",1206760,38.10688,-121.6455,"NA",.11,"9/8/2011",9,2011,1258.16,"38","0","NA","37.5","85",0,"NA","0","0","NA",0,"NA",0,"NA",0,3,0,"0.00","1258.16","NA","NA","NA","NA","NA","NA","NA","NA","NA","NA","NA","NA","NA"
"e2-4w_061312","SFBay","Twitchell","NA",1206760,38.10695,-121.6454,"NA",.11,"6/11/2012",6,2012,295.61,"1","0","NA","25","75",0,"NA","0","0","NA",0,"NA",0,"NA",0,2,0,"295.61","0.00","NA","NA","NA","NA","NA","NA","NA","NA","NA","NA","NA","NA","NA"
"e2-3w_061312","SFBay","Twitchell","NA",1206760,38.10685,-121.6456,"NA",.11,"6/11/2012",6,2012,352.14,"56.70000076","0","med","15","85",0,"NA","0","0","NA",0,"NA",0,"NA",0,2,0,"0.00","352.14","NA","NA","NA","NA","NA","NA","NA","NA","NA","NA","NA","NA","NA"
"e2-9","SFBay","Twitchell","NA",1206761,38.10699,-121.6453,"NA",.11,"5/10/2011",5,2011,64.79,"0","0","NA","3","97.5",0,"NA","0","0","NA",0,"NA",0,"NA",0,1,0,"64.79","0.00","NA","NA","NA","NA","NA","NA","NA","NA","NA","NA","NA","NA","NA"
"e2-9","SFBay","Twitchell","NA",1206761,38.10699,-121.6453,"NA",.11,"6/8/2011",6,2011,555.97,"100","0","NA","37.5","62.5",0,"NA","0","0","NA",0,"NA",0,"NA",0,1,0,"555.97","0.00","NA","NA","NA","NA","NA","NA","NA","NA","NA","NA","NA","NA","NA"
"e2-9","SFBay","Twitchell","NA",1206761,38.10699,-121.6453,"NA",.11,"6/30/2011",6,2011,611.24,"0","15","NA","37.5","97.5",0,"NA","0","0","NA",0,"NA",0,"NA",0,1,0,"611.24","0.00","NA","NA","NA","NA","NA","NA","NA","NA","NA","NA","NA","NA","NA"
"e2-9","SFBay","Twitchell","NA",1206761,38.10699,-121.6453,"NA",.11,"8/8/2011",8,2011,965.32,"5","0","NA","15","85",0,"NA","0","0","NA",0,"NA",0,"NA",0,1,0,"965.32","0.00","NA","NA","NA","NA","NA","NA","NA","NA","NA","NA","NA","NA","NA"
"e2-9","SFBay","Twitchell","NA",1206761,38.10699,-121.6453,"NA",.11,"9/30/2011",9,2011,397.34,"0","30","NA","37.5","97.5",0,"NA","0","0","NA",0,"NA",0,"NA",0,1,0,"397.34","0.00","NA","NA","NA","NA","NA","NA","NA","NA","NA","NA","NA","NA","NA"
"e2-9","SFBay","Twitchell","NA",1206761,38.10699,-121.6453,"NA",.11,"9/8/2011",9,2011,642.82,"5","0","NA","15","97.5",0,"NA","0","0","NA",0,"NA",0,"NA",0,1,0,"642.82","0.00","NA","NA","NA","NA","NA","NA","NA","NA","NA","NA","NA","NA","NA"
"e3-4","SFBay","Twitchell","NA",1206762,38.10686,-121.6447,"NA",.11,"5/24/2011",5,2011,309.23,"100","0","NA","3","85",0,"NA","0","0","NA",0,"NA",0,"NA",0,1,0,"309.23","0.00","NA","NA","NA","NA","NA","NA","NA","NA","NA","NA","NA","NA","NA"
"e3-4","SFBay","Twitchell","NA",1206762,38.10686,-121.6447,"NA",.11,"6/8/2011",6,2011,280.48,"0","0","NA","3","85",0,"NA","0","0","NA",0,"NA",0,"NA",0,1,0,"280.48","0.00","NA","NA","NA","NA","NA","NA","NA","NA","NA","NA","NA","NA","NA"
"e3-4","SFBay","Twitchell","NA",1206762,38.10686,-121.6447,"NA",.11,"6/30/2011",6,2011,1047.68,"100","30","NA","15","85",0,"NA","0","0","NA",0,"NA",0,"NA",0,1,0,"1047.68","0.00","NA","NA","NA","NA","NA","NA","NA","NA","NA","NA","NA","NA","NA"
"e3-4","SFBay","Twitchell","NA",1206762,38.10686,-121.6447,"NA",.11,"8/8/2011",8,2011,535.67,"34","0","NA","15","85",0,"NA","0","0","NA",0,"NA",0,"NA",0,1,0,"535.67","0.00","NA","NA","NA","NA","NA","NA","NA","NA","NA","NA","NA","NA","NA"
"e3-4","SFBay","Twitchell","NA",1206762,38.10686,-121.6447,"NA",.11,"9/30/2011",9,2011,527.49,"0","25","NA","15","97.5",0,"NA","0","0","NA",0,"NA",0,"NA",0,1,0,"527.49","0.00","NA","NA","NA","NA","NA","NA","NA","NA","NA","NA","NA","NA","NA"
"e3-4","SFBay","Twitchell","NA",1206762,38.10686,-121.6447,"NA",.11,"9/8/2011",9,2011,568.87,"10","0","NA","15","97.5",0,"NA","0","0","NA",0,"NA",0,"NA",0,1,0,"568.87","0.00","NA","NA","NA","NA","NA","NA","NA","NA","NA","NA","NA","NA","NA"
"e3-4w_061312","SFBay","Twitchell","NA",1206762,38.10687,-121.6447,"NA",.11,"6/11/2012",6,2012,309.67,"8","0","low","25","75",0,"NA","0","0","NA",0,"NA",0,"NA",0,1,0,"309.67","0.00","NA","NA","NA","NA","NA","NA","NA","NA","NA","NA","NA","NA","NA"
"e3-3","SFBay","Twitchell","NA",1206763,38.10682,-121.6446,"NA",.11,"5/24/2011",5,2011,248.42,"95","0","NA","15","85",0,"NA","0","0","NA",0,"NA",0,"NA",0,1,0,"248.42","0.00","NA","NA","NA","NA","NA","NA","NA","NA","NA","NA","NA","NA","NA"
"e3-3","SFBay","Twitchell","NA",1206763,38.10682,-121.6446,"NA",.11,"6/8/2011",6,2011,390.16,"25","0","NA","37.5","62.5",0,"NA","3","0","NA",0,"NA",0,"NA",0,1,0,"390.16","0.00","NA","NA","NA","NA","NA","NA","NA","NA","NA","NA","NA","NA","NA"
"e3-3","SFBay","Twitchell","NA",1206763,38.10682,-121.6446,"NA",.11,"6/30/2011",6,2011,1120.74,"55","10","NA","62.5","37.5",0,"NA","0","0","NA",0,"NA",0,"NA",0,1,0,"1120.74","0.00","NA","NA","NA","NA","NA","NA","NA","NA","NA","NA","NA","NA","NA"
"e3-3","SFBay","Twitchell","NA",1206763,38.10682,-121.6446,"NA",.11,"8/8/2011",8,2011,1017.47,"0","0","NA","0","0",0,"NA","0","0","NA",0,"NA",0,"NA",0,1,0,"1017.47","0.00","NA","NA","NA","NA","NA","NA","NA","NA","NA","NA","NA","NA","NA"
"e3-3","SFBay","Twitchell","NA",1206763,38.10682,-121.6446,"NA",.11,"9/30/2011",9,2011,760.43,"0","80","NA","15","97.5",0,"NA","0","0","NA",0,"NA",0,"NA",0,1,0,"760.43","0.00","NA","NA","NA","NA","NA","NA","NA","NA","NA","NA","NA","NA","NA"
"e3-3w_061312","SFBay","Twitchell","NA",1206763,38.10678,-121.6446,"NA",.11,"6/11/2012",6,2012,227.88,"3.299999952","0","high","5","95",0,"NA","0","0","NA",0,"NA",0,"NA",0,1,0,"227.88","0.00","NA","NA","NA","NA","NA","NA","NA","NA","NA","NA","NA","NA","NA"
"e4-4","SFBay","Twitchell","NA",1206765,38.10677,-121.6438,"NA",.11,"6/8/2011",6,2011,158.01,"40","0","NA","3","62.5",0,"NA","0","0","NA",0,"NA",0,"NA",0,1,0,"158.01","0.00","NA","NA","NA","NA","NA","NA","NA","NA","NA","NA","NA","NA","NA"
"e4-3","SFBay","Twitchell","NA",1206765,38.10674,-121.6439,"NA",.11,"6/30/2011",6,2011,0,"65","0","NA","0","97.5",0,"NA","37.5","0","NA",0,"NA",0,"NA",0,2,0,"0.00","0.00","NA","NA","NA","NA","NA","NA","NA","NA","NA","NA","NA","NA","NA"
"e4-4","SFBay","Twitchell","NA",1206765,38.10677,-121.6438,"NA",.11,"6/30/2011",6,2011,963.45,"100","0","NA","37.5","62.5",0,"NA","15","0","NA",0,"NA",0,"NA",0,2,0,"963.45","0.00","NA","NA","NA","NA","NA","NA","NA","NA","NA","NA","NA","NA","NA"
"e4-4","SFBay","Twitchell","NA",1206765,38.10677,-121.6438,"NA",.11,"8/8/2011",8,2011,1162.3,"97.5","0","NA","15","0.5",0,"NA","15","0","NA",0,"NA",0,"NA",0,1,0,"1162.30","0.00","NA","NA","NA","NA","NA","NA","NA","NA","NA","NA","NA","NA","NA"
"e4-4","SFBay","Twitchell","NA",1206765,38.10677,-121.6438,"NA",.11,"9/30/2011",9,2011,1167.16,"95","250","NA","15","62.5",0,"NA","15","0","NA",0,"NA",0,"NA",0,1,0,"1167.16","0.00","NA","NA","NA","NA","NA","NA","NA","NA","NA","NA","NA","NA","NA"
"e4-2w_061312","SFBay","Twitchell","NA",1206765,38.10678,-121.6438,"NA",.11,"6/11/2012",6,2012,587.65,"40","0","high","15","85",0,"NA","0","0","NA",0,"NA",0,"NA",0,1,0,"281.23","306.42","NA","NA","NA","NA","NA","NA","NA","NA","NA","NA","NA","NA","NA"
"j1_090712","SFBay","Twitchell","NA",1206765,38.10674,-121.6437,"NA",.11,"9/6/2012",9,2012,1466.27,"15","0","med","85","15",0,"NA","0","0","NA",0,"NA",0,"NA",0,2,0,"1152.93","313.35","NA","NA","NA","NA","NA","NA","NA","NA","NA","NA","NA","NA","NA"
"j2_090712","SFBay","Twitchell","NA",1206765,38.10675,-121.6437,"NA",.11,"9/6/2012",9,2012,3064.9,"0","0","low","80","15",0,"NA","5","0","NA",0,"NA",0,"NA",0,2,0,"3064.90","0.00","NA","NA","NA","NA","NA","NA","NA","NA","NA","NA","NA","NA","NA"
"e4-5","SFBay","Twitchell","NA",1206766,38.10687,-121.6436,"NA",.11,"6/8/2011",6,2011,408.7,"53","0","NA","15","85",0,"NA","15","0","NA",0,"NA",0,"NA",0,1,0,"408.70","0.00","NA","NA","NA","NA","NA","NA","NA","NA","NA","NA","NA","NA","NA"
"e4-5","SFBay","Twitchell","NA",1206766,38.10687,-121.6436,"NA",.11,"6/30/2011",6,2011,521.09,"20","100","NA","3","85",0,"NA","62.5","0","NA",0,"NA",0,"NA",0,1,0,"521.09","0.00","NA","NA","NA","NA","NA","NA","NA","NA","NA","NA","NA","NA","NA"
"e4-5","SFBay","Twitchell","NA",1206766,38.10687,-121.6436,"NA",.11,"8/8/2011",8,2011,1144.53,"5","0","NA","0","62.5",0,"NA","62.5","0","NA",0,"NA",0,"NA",0,1,0,"1144.53","0.00","NA","NA","NA","NA","NA","NA","NA","NA","NA","NA","NA","NA","NA"
"e4-3e_061312","SFBay","Twitchell","NA",1206766,38.10684,-121.6436,"NA",.11,"6/11/2012",6,2012,698.48,"16.70000076","0","med","20","70",0,"NA","10","0","NA",0,"NA",0,"NA",0,1,0,"698.48","0.00","NA","NA","NA","NA","NA","NA","NA","NA","NA","NA","NA","NA","NA"
"e4-4e_061312","SFBay","Twitchell","NA",1206767,38.10698,-121.6433,"NA",.11,"6/11/2012",6,2012,244.63,"22.70000076","0","med","25","60",0,"NA","15","0","NA",0,"NA",0,"NA",0,1,0,"244.63","0.00","NA","NA","NA","NA","NA","NA","NA","NA","NA","NA","NA","NA","NA"
"b1_061312","SFBay","Twitchell","NA",1209427,38.10724,-121.6486,"NA",.11,"6/13/2012",6,2012,957.08,"0","0","low","40","60",0,"NA","0","0","NA",0,"NA",0,"NA",0,2,0,"276.04","681.04","NA","NA","NA","NA","NA","NA","NA","NA","NA","NA","NA","NA","NA"
"b2_061312","SFBay","Twitchell","NA",1209427,38.10722,-121.6486,"NA",.11,"6/13/2012",6,2012,599.76,"0","0","med","30","70",0,"NA","0","0","NA",0,"NA",0,"NA",0,2,0,"372.73","227.04","NA","NA","NA","NA","NA","NA","NA","NA","NA","NA","NA","NA","NA"
"b1_090712","SFBay","Twitchell","NA",1209427,38.10724,-121.6486,"NA",.11,"9/6/2012",9,2012,1328.79,"2","0","high","45","55",0,"NA","0","0","NA",0,"NA",0,"NA",0,2,0,"602.54","726.26","NA","NA","NA","NA","NA","NA","NA","NA","NA","NA","NA","NA","NA"
"b2_090712","SFBay","Twitchell","NA",1209427,38.10722,-121.6486,"NA",.11,"9/6/2012",9,2012,865.98,"0.699999988","0","med","40","50",0,"NA","10","0","NA",0,"NA",0,"NA",0,2,0,"314.11","551.87","NA","NA","NA","NA","NA","NA","NA","NA","NA","NA","NA","NA","NA"
"w4-6","SFBay","Twitchell","NA",1209429,38.10719,-121.6477,"NA",.11,"5/24/2011",5,2011,1050.95,"18","0","NA","85","37.5",0,"NA","37.5","0","NA",0,"NA",0,"NA",0,3,0,"289.24","761.71","NA","NA","NA","NA","NA","NA","NA","NA","NA","NA","NA","NA","NA"
"w4-7","SFBay","Twitchell","NA",1209429,38.10727,-121.6479,"NA",.11,"5/24/2011",5,2011,1448.42,"35","0","NA","62.5","37.5",0,"NA","0","0","NA",0,"NA",0,"NA",0,3,0,"245.21","1203.22","NA","NA","NA","NA","NA","NA","NA","NA","NA","NA","NA","NA","NA"
"w4-8","SFBay","Twitchell","NA",1209429,38.10729,-121.6479,"NA",.11,"5/24/2011",5,2011,793,"8","0","NA","15","37.5",0,"NA","0","0","NA",0,"NA",0,"NA",0,3,0,"0.00","793.00","NA","NA","NA","NA","NA","NA","NA","NA","NA","NA","NA","NA","NA"
"w4-6","SFBay","Twitchell","NA",1209429,38.10719,-121.6477,"NA",.11,"6/8/2011",6,2011,1202.2,"30","0","NA","62.5","37.5",0,"NA","3","0","NA",0,"NA",0,"NA",0,3,0,"225.48","976.72","NA","NA","NA","NA","NA","NA","NA","NA","NA","NA","NA","NA","NA"
"w4-8","SFBay","Twitchell","NA",1209429,38.10729,-121.6479,"NA",.11,"6/8/2011",6,2011,1051.82,"40","0","NA","62.5","15",0,"NA","0","0","NA",0,"NA",0,"NA",0,3,0,"0.00","1051.82","NA","NA","NA","NA","NA","NA","NA","NA","NA","NA","NA","NA","NA"
"w4-7","SFBay","Twitchell","NA",1209429,38.10727,-121.6479,"NA",.11,"6/8/2011",6,2011,2148.68,"70","0","NA","85","3",0,"NA","0","0","NA",0,"NA",0,"NA",0,3,0,"616.33","1532.35","NA","NA","NA","NA","NA","NA","NA","NA","NA","NA","NA","NA","NA"
"w4-8","SFBay","Twitchell","NA",1209429,38.10729,-121.6479,"NA",.11,"6/30/2011",6,2011,1490.46,"35","35","NA","37.5","85",0,"NA","0","0","NA",0,"NA",0,"NA",0,3,0,"0.00","1490.46","NA","NA","NA","NA","NA","NA","NA","NA","NA","NA","NA","NA","NA"
"w4-6","SFBay","Twitchell","NA",1209429,38.10719,-121.6477,"NA",.11,"6/30/2011",6,2011,1346.87,"28","28","NA","15","15",0,"NA","15","0","NA",0,"NA",0,"NA",0,3,0,"343.05","1003.82","NA","NA","NA","NA","NA","NA","NA","NA","NA","NA","NA","NA","NA"
"w4-7","SFBay","Twitchell","NA",1209429,38.10727,-121.6479,"NA",.11,"6/30/2011",6,2011,2518.55,"35","50","NA","62.5","15",0,"NA","0","0","NA",0,"NA",0,"NA",0,3,0,"515.78","2002.77","NA","NA","NA","NA","NA","NA","NA","NA","NA","NA","NA","NA","NA"
"w4-6","SFBay","Twitchell","NA",1209429,38.10719,-121.6477,"NA",.11,"8/8/2011",8,2011,832.17,"30","0","NA","3","62.5",0,"NA","15","0","NA",0,"NA",0,"NA",0,3,0,"519.01","313.16","NA","NA","NA","NA","NA","NA","NA","NA","NA","NA","NA","NA","NA"
"w4-8","SFBay","Twitchell","NA",1209429,38.10729,-121.6479,"NA",.11,"8/8/2011",8,2011,1489.97,"70","0","NA","37.5","37.5",0,"NA","0","0","NA",0,"NA",0,"NA",0,3,0,"0.00","1489.97","NA","NA","NA","NA","NA","NA","NA","NA","NA","NA","NA","NA","NA"
"w4-7","SFBay","Twitchell","NA",1209429,38.10727,-121.6479,"NA",.11,"8/8/2011",8,2011,2465.01,"35","0","NA","37.5","15",0,"NA","0.5","0","NA",0,"NA",0,"NA",0,3,0,"728.45","1736.55","NA","NA","NA","NA","NA","NA","NA","NA","NA","NA","NA","NA","NA"
"w4-6","SFBay","Twitchell","NA",1209429,38.10719,-121.6477,"NA",.11,"9/30/2011",9,2011,410.31,"23","130","NA","15","37.5",0,"NA","15","0","NA",0,"NA",0,"NA",0,3,0,"364.05","46.26","NA","NA","NA","NA","NA","NA","NA","NA","NA","NA","NA","NA","NA"
"w4-8","SFBay","Twitchell","NA",1209429,38.10729,-121.6479,"NA",.11,"9/30/2011",9,2011,913.55,"33","80","NA","37.5","15",0,"NA","0","0","NA",0,"NA",0,"NA",0,3,0,"0.00","913.55","NA","NA","NA","NA","NA","NA","NA","NA","NA","NA","NA","NA","NA"
"w4-7","SFBay","Twitchell","NA",1209429,38.10727,-121.6479,"NA",.11,"9/30/2011",9,2011,2379.88,"30","80","NA","37.5","15",0,"NA","3","0","NA",0,"NA",0,"NA",0,3,0,"765.32","1614.56","NA","NA","NA","NA","NA","NA","NA","NA","NA","NA","NA","NA","NA"
"w4-8","SFBay","Twitchell","NA",1209429,38.10729,-121.6479,"NA",.11,"9/8/2011",9,2011,1238.97,"30","0","NA","37.5","62.5",0,"NA","3","0","NA",0,"NA",0,"NA",0,1,0,"0.00","1238.97","NA","NA","NA","NA","NA","NA","NA","NA","NA","NA","NA","NA","NA"
"w4-5n_052412","SFBay","Twitchell","NA",1209429,38.10722,-121.6478,"NA",.11,"5/23/2012",5,2012,979.29,"21.70000076","0","med","24","61",0,"NA","15","0","NA",0,"NA",0,"NA",0,2,0,"420.51","558.78","NA","NA","NA","NA","NA","NA","NA","NA","NA","NA","NA","NA","NA"
"w4-6n_052412","SFBay","Twitchell","NA",1209429,38.10727,-121.6479,"NA",.11,"5/23/2012",5,2012,536.81,"29.29999924","0","med","13","87",0,"NA","10","0","NA",0,"NA",0,"NA",0,2,0,"343.34","193.47","NA","NA","NA","NA","NA","NA","NA","NA","NA","NA","NA","NA","NA"
"w4-6n_070212","SFBay","Twitchell","NA",1209429,38.10727,-121.6479,"NA",.11,"7/2/2012",7,2012,1118.87,"0","0","med","20","80",0,"NA","0","0","NA",0,"NA",0,"NA",0,2,0,"542.24","576.62","NA","NA","NA","NA","NA","NA","NA","NA","NA","NA","NA","NA","NA"
"w4-5n_070212","SFBay","Twitchell","NA",1209429,38.10722,-121.6478,"NA",.11,"7/2/2012",7,2012,1785.37,"4.699999809","0","low","70","30",0,"NA","0","0","NA",0,"NA",0,"NA",0,2,0,"1019.77","765.60","NA","NA","NA","NA","NA","NA","NA","NA","NA","NA","NA","NA","NA"
"w4-4","SFBay","Twitchell","NA",1209430,38.10705,-121.6474,"NA",.11,"5/24/2011",5,2011,1264.5,"39","0","NA","97.5","37.5",0,"NA","97.5","0","NA",0,"NA",0,"NA",0,2,0,"1141.48","123.02","NA","NA","NA","NA","NA","NA","NA","NA","NA","NA","NA","NA","NA"
"w4-5","SFBay","Twitchell","NA",1209430,38.10713,-121.6476,"NA",.11,"5/24/2011",5,2011,914.39,"39","0","NA","62.5","15",0,"NA","37.5","0","NA",0,"NA",0,"NA",0,2,0,"228.60","685.79","NA","NA","NA","NA","NA","NA","NA","NA","NA","NA","NA","NA","NA"
"w4-5","SFBay","Twitchell","NA",1209430,38.10713,-121.6476,"NA",.11,"6/8/2011",6,2011,1202.72,"46","0","NA","15","15",0,"NA","62.5","0","NA",0,"NA",0,"NA",0,2,0,"394.18","808.53","NA","NA","NA","NA","NA","NA","NA","NA","NA","NA","NA","NA","NA"
"w4-4","SFBay","Twitchell","NA",1209430,38.10705,-121.6474,"NA",.11,"6/8/2011",6,2011,1139.68,"40","0","NA","37.5","15",0,"NA","85","0","NA",0,"NA",0,"NA",0,2,0,"984.88","154.80","NA","NA","NA","NA","NA","NA","NA","NA","NA","NA","NA","NA","NA"
"w4-5","SFBay","Twitchell","NA",1209430,38.10713,-121.6476,"NA",.11,"6/30/2011",6,2011,1918.26,"40","0","NA","37.5","15",0,"NA","85","0","NA",0,"NA",0,"NA",0,2,0,"944.48","973.78","NA","NA","NA","NA","NA","NA","NA","NA","NA","NA","NA","NA","NA"
"w4-4","SFBay","Twitchell","NA",1209430,38.10705,-121.6474,"NA",.11,"6/30/2011",6,2011,2368.66,"40","0","NA","15","0.5",0,"NA","97.5","0","NA",0,"NA",0,"NA",0,2,0,"2216.14","152.52","NA","NA","NA","NA","NA","NA","NA","NA","NA","NA","NA","NA","NA"
"w4-5","SFBay","Twitchell","NA",1209430,38.10713,-121.6476,"NA",.11,"8/8/2011",8,2011,1907.36,"52","0","NA","62.5","15",0,"NA","15","0","NA",0,"NA",0,"NA",0,2,0,"918.85","988.52","NA","NA","NA","NA","NA","NA","NA","NA","NA","NA","NA","NA","NA"
"w4-4","SFBay","Twitchell","NA",1209430,38.10705,-121.6474,"NA",.11,"8/8/2011",8,2011,1415.48,"45","0","NA","15","3",0,"NA","62.5","0","NA",0,"NA",0,"NA",0,2,0,"953.41","462.06","NA","NA","NA","NA","NA","NA","NA","NA","NA","NA","NA","NA","NA"
"w4-4","SFBay","Twitchell","NA",1209430,38.10705,-121.6474,"NA",.11,"9/30/2011",9,2011,3249.92,"36","0","NA","15","0.5",0,"NA","85","0","NA",0,"NA",0,"NA",0,2,0,"2890.78","359.13","NA","NA","NA","NA","NA","NA","NA","NA","NA","NA","NA","NA","NA"
"w4-5","SFBay","Twitchell","NA",1209430,38.10713,-121.6476,"NA",.11,"9/30/2011",9,2011,1448.03,"45","130","NA","37.5","15",0,"NA","85","0","NA",0,"NA",0,"NA",0,2,0,"1031.34","416.69","NA","NA","NA","NA","NA","NA","NA","NA","NA","NA","NA","NA","NA"
"w4-4","SFBay","Twitchell","NA",1209430,38.10705,-121.6474,"NA",.11,"9/8/2011",9,2011,3160.8,"45","0","NA","37.5","15",0,"NA","37.5","0","NA",0,"NA",0,"NA",0,1,0,"2778.94","381.86","NA","NA","NA","NA","NA","NA","NA","NA","NA","NA","NA","NA","NA"
"w4-4n_052412","SFBay","Twitchell","NA",1209430,38.10715,-121.6476,"NA",.11,"5/23/2012",5,2012,571.7,"38.70000076","0","high","12","70",0,"NA","18","0","NA",0,"NA",0,"NA",0,2,0,"220.63","351.08","NA","NA","NA","NA","NA","NA","NA","NA","NA","NA","NA","NA","NA"
"w4-3n_052412","SFBay","Twitchell","NA",1209430,38.10711,-121.6475,"NA",.11,"5/23/2012",5,2012,546.15,"39.70000076","0","low","6","40",0,"NA","54","0","NA",0,"NA",0,"NA",0,2,0,"294.06","252.08","NA","NA","NA","NA","NA","NA","NA","NA","NA","NA","NA","NA","NA"
"a1_061312","SFBay","Twitchell","NA",1209430,38.10707,-121.6476,"NA",.11,"6/13/2012",6,2012,2112.73,"0","0","light","50","50",0,"NA","0","0","NA",0,"NA",0,"NA",0,2,0,"404.92","1707.81","NA","NA","NA","NA","NA","NA","NA","NA","NA","NA","NA","NA","NA"
"a2_061312","SFBay","Twitchell","NA",1209430,38.10705,-121.6476,"NA",.11,"6/13/2012",6,2012,1622,"0","0","med","85","15",0,"NA","0","0","NA",0,"NA",0,"NA",0,2,0,"0.00","1622.00","NA","NA","NA","NA","NA","NA","NA","NA","NA","NA","NA","NA","NA"
"w4-4n_070212","SFBay","Twitchell","NA",1209430,38.10715,-121.6476,"NA",.11,"7/2/2012",7,2012,487.2,"6","0","low","15","85",0,"NA","15","0","NA",0,"NA",0,"NA",0,2,0,"310.00","177.20","NA","NA","NA","NA","NA","NA","NA","NA","NA","NA","NA","NA","NA"
"w4-3n_070212","SFBay","Twitchell","NA",1209430,38.10711,-121.6475,"NA",.11,"7/2/2012",7,2012,193.07,"6.699999809","0","low","5","95",0,"NA","20","0","NA",0,"NA",0,"NA",0,2,0,"28.86","164.21","NA","NA","NA","NA","NA","NA","NA","NA","NA","NA","NA","NA","NA"
"a1_090712","SFBay","Twitchell","NA",1209430,38.10707,-121.6476,"NA",.11,"9/6/2012",9,2012,1609.93,"21.70000076","0","high","75","15",0,"NA","10","0","NA",0,"NA",0,"NA",0,2,0,"285.81","1324.12","NA","NA","NA","NA","NA","NA","NA","NA","NA","NA","NA","NA","NA"
"a2_090712","SFBay","Twitchell","NA",1209430,38.10705,-121.6476,"NA",.11,"9/6/2012",9,2012,1035.62,"21.70000076","0","med","85","15",0,"NA","0","0","NA",0,"NA",0,"NA",0,2,0,"548.17","487.46","NA","NA","NA","NA","NA","NA","NA","NA","NA","NA","NA","NA","NA"
"w4-2n_052412","SFBay","Twitchell","NA",1209431,38.10704,-121.6473,"NA",.11,"5/23/2012",5,2012,641.46,"17","0","high","18","79",0,"NA","3","0","NA",0,"NA",0,"NA",0,1,0,"559.92","81.54","NA","NA","NA","NA","NA","NA","NA","NA","NA","NA","NA","NA","NA"
"w4-2n_070212","SFBay","Twitchell","NA",1209431,38.10704,-121.6473,"NA",.11,"7/2/2012",7,2012,885.53,"5.699999809","0","high","40","60",0,"NA","0","0","NA",0,"NA",0,"NA",0,1,0,"885.53","0.00","NA","NA","NA","NA","NA","NA","NA","NA","NA","NA","NA","NA","NA"
"w4-2n_090712","SFBay","Twitchell","NA",1209431,38.10704,-121.6473,"NA",.11,"9/6/2012",9,2012,1665.38,"6","0","high","55","45",0,"NA","0","0","NA",0,"NA",0,"NA",0,1,0,"1665.38","0.00","NA","NA","NA","NA","NA","NA","NA","NA","NA","NA","NA","NA","NA"
"ep-9","SFBay","Twitchell","NA",1209435,38.10711,-121.6458,"NA",.11,"6/8/2011",6,2011,562.28,"25","0","NA","37.5","62.5",0,"NA","3","0","NA",0,"NA",0,"NA",0,1,0,"529.36","32.92","NA","NA","NA","NA","NA","NA","NA","NA","NA","NA","NA","NA","NA"
"ep-9","SFBay","Twitchell","NA",1209435,38.10711,-121.6458,"NA",.11,"6/30/2011",6,2011,1106.37,"75","10","NA","37.5","62.5",0,"NA","0","0","NA",0,"NA",0,"NA",0,1,0,"824.62","281.75","NA","NA","NA","NA","NA","NA","NA","NA","NA","NA","NA","NA","NA"
"ep-9","SFBay","Twitchell","NA",1209435,38.10711,-121.6458,"NA",.11,"9/30/2011",9,2011,596.39,"15","5","NA","37.5","15",0,"NA","15","0","NA",0,"NA",0,"NA",0,1,0,"196.79","399.60","NA","NA","NA","NA","NA","NA","NA","NA","NA","NA","NA","NA","NA"
"ep-9","SFBay","Twitchell","NA",1209435,38.10711,-121.6458,"NA",.11,"9/8/2011",9,2011,1318.76,"75","0","NA","37.5","62.5",0,"NA","0","0","NA",0,"NA",0,"NA",0,1,0,"712.08","606.68","NA","NA","NA","NA","NA","NA","NA","NA","NA","NA","NA","NA","NA"
"g1_090712","SFBay","Twitchell","NA",1209435,38.10709,-121.6458,"NA",.11,"9/6/2012",9,2012,186.47,"0","0","low","25","70",0,"NA","5","0","NA",0,"NA",0,"NA",0,2,0,"68.98","117.49","NA","NA","NA","NA","NA","NA","NA","NA","NA","NA","NA","NA","NA"
"g2_090712","SFBay","Twitchell","NA",1209435,38.10709,-121.6458,"NA",.11,"9/6/2012",9,2012,540.55,"6","0","high","55","45",0,"NA","0","0","NA",0,"NA",0,"NA",0,2,0,"0.00","540.55","NA","NA","NA","NA","NA","NA","NA","NA","NA","NA","NA","NA","NA"
"e2-5w_061312","SFBay","Twitchell","NA",1209437,38.10703,-121.6452,"NA",.11,"6/11/2012",6,2012,521.88,"1","0","high","10","85",0,"NA","5","0","NA",0,"NA",0,"NA",0,1,0,"521.88","0.00","NA","NA","NA","NA","NA","NA","NA","NA","NA","NA","NA","NA","NA"
"e3-5","SFBay","Twitchell","NA",1209438,38.10702,-121.6449,"NA",.11,"6/8/2011",6,2011,908.49,"10","0","NA","62.5","15",0,"NA","15","0","NA",0,"NA",0,"NA",0,1,0,"908.49","0.00","NA","NA","NA","NA","NA","NA","NA","NA","NA","NA","NA","NA","NA"
"e3-5","SFBay","Twitchell","NA",1209438,38.10702,-121.6449,"NA",.11,"6/30/2011",6,2011,2218.61,"95","5","NA","62.5","15",0,"NA","0","0","NA",0,"NA",0,"NA",0,1,0,"2218.61","0.00","NA","NA","NA","NA","NA","NA","NA","NA","NA","NA","NA","NA","NA"
"e3-5","SFBay","Twitchell","NA",1209438,38.10702,-121.6449,"NA",.11,"9/30/2011",9,2011,829.81,"5","30","NA","15","62.5",0,"NA","0","0","NA",0,"NA",0,"NA",0,1,0,"829.81","0.00","NA","NA","NA","NA","NA","NA","NA","NA","NA","NA","NA","NA","NA"
"e3-5e_061312","SFBay","Twitchell","NA",1209438,38.10702,-121.6449,"NA",.11,"6/11/2012",6,2012,789.97,"0.699999988","0","low","30","70",0,"NA","0","0","NA",0,"NA",0,"NA",0,1,0,"789.97","0.00","NA","NA","NA","NA","NA","NA","NA","NA","NA","NA","NA","NA","NA"
"h2_090712","SFBay","Twitchell","NA",1209440,38.10701,-121.6442,"NA",.11,"9/6/2012",9,2012,637.29,"0","0","med","35","65",0,"NA","0","0","NA",0,"NA",0,"NA",0,2,0,"637.29","0.00","NA","NA","NA","NA","NA","NA","NA","NA","NA","NA","NA","NA","NA"
"h1_090712","SFBay","Twitchell","NA",1209440,38.10701,-121.6442,"NA",.11,"9/6/2012",9,2012,528.39,"0","0","low","30","69",0,"NA","0","1","NA",0,"NA",0,"NA",0,2,0,"528.39","0.00","NA","NA","NA","NA","NA","NA","NA","NA","NA","NA","NA","NA","NA"
"drain7_061312","SFBay","Twitchell","NA",1209441,38.10726,-121.6438,"NA",.11,"6/11/2012",6,2012,1375.93,"0","0","low","65","35",0,"NA","0","0","NA",0,"NA",0,"NA",0,1,0,"1375.93","0.00","NA","NA","NA","NA","NA","NA","NA","NA","NA","NA","NA","NA","NA"
"e4-5e_061312","SFBay","Twitchell","NA",1209443,38.10704,-121.6431,"NA",.11,"6/11/2012",6,2012,1968.11,"16.70000076","0","low","20","70",0,"NA","10","0","NA",0,"NA",0,"NA",0,1,0,"1968.11","0.00","NA","NA","NA","NA","NA","NA","NA","NA","NA","NA","NA","NA","NA"
"i2_090712","SFBay","Twitchell","NA",1209443,38.10713,-121.6432,"NA",.11,"9/6/2012",9,2012,1056.03,"28.29999924","0","med","40","60",0,"NA","0","0","NA",0,"NA",0,"NA",0,2,0,"1056.03","0.00","NA","NA","NA","NA","NA","NA","NA","NA","NA","NA","NA","NA","NA"
"i1_090712","SFBay","Twitchell","NA",1209443,38.10712,-121.6432,"NA",.11,"9/6/2012",9,2012,953.21,"30","0","med","40","50",0,"NA","10","0","NA",0,"NA",0,"NA",0,2,0,"953.21","0.00","NA","NA","NA","NA","NA","NA","NA","NA","NA","NA","NA","NA","NA"
"w2-2","SFBay","Twitchell","NA",1212098,38.10759,-121.6502,"NA",.11,"5/24/2011",5,2011,341.91,"18","0","NA","85","37.5",0,"NA","85","0","NA",0,"NA",0,"NA",0,2,0,"341.91","0.00","NA","NA","NA","NA","NA","NA","NA","NA","NA","NA","NA","NA","NA"
"w2-1","SFBay","Twitchell","NA",1212098,38.10759,-121.6503,"NA",.11,"5/24/2011",5,2011,193.53,"29","0","NA","3","15",0,"NA","3","0","NA",0,"NA",0,"NA",0,2,0,"55.14","138.40","NA","NA","NA","NA","NA","NA","NA","NA","NA","NA","NA","NA","NA"
"w2-1","SFBay","Twitchell","NA",1212098,38.10759,-121.6503,"NA",.11,"6/8/2011",6,2011,635.09,"40","0","NA","15","37.5",0,"NA","37.5","0","NA",0,"NA",0,"NA",0,2,0,"51.67","583.42","NA","NA","NA","NA","NA","NA","NA","NA","NA","NA","NA","NA","NA"
"w2-2","SFBay","Twitchell","NA",1212098,38.10759,-121.6502,"NA",.11,"6/8/2011",6,2011,413.5,"25","0","NA","62.5","62.5",0,"NA","62.5","0","NA",0,"NA",0,"NA",0,2,0,"413.50","0.00","NA","NA","NA","NA","NA","NA","NA","NA","NA","NA","NA","NA","NA"
"w2-2","SFBay","Twitchell","NA",1212098,38.10759,-121.6502,"NA",.11,"6/30/2011",6,2011,765.46,"17","65","NA","15","37.5",0,"NA","62.5","0","NA",0,"NA",0,"NA",0,2,0,"765.46","0.00","NA","NA","NA","NA","NA","NA","NA","NA","NA","NA","NA","NA","NA"
"w2-1","SFBay","Twitchell","NA",1212098,38.10759,-121.6503,"NA",.11,"6/30/2011",6,2011,590.07,"85","0","NA","15","37.5",0,"NA","37.5","0","NA",0,"NA",0,"NA",0,2,0,"253.45","336.62","NA","NA","NA","NA","NA","NA","NA","NA","NA","NA","NA","NA","NA"
"w2-2","SFBay","Twitchell","NA",1212098,38.10759,-121.6502,"NA",.11,"8/8/2011",8,2011,361.64,"90","0","NA","15","3",0,"NA","37.5","0","NA",0,"NA",0,"NA",0,2,0,"361.64","0.00","NA","NA","NA","NA","NA","NA","NA","NA","NA","NA","NA","NA","NA"
"w2-1","SFBay","Twitchell","NA",1212098,38.10759,-121.6503,"NA",.11,"8/8/2011",8,2011,488.31,"45","0","NA","0","37.5",0,"NA","37.5","0","NA",0,"NA",0,"NA",0,2,0,"242.51","245.80","NA","NA","NA","NA","NA","NA","NA","NA","NA","NA","NA","NA","NA"
"w2-1","SFBay","Twitchell","NA",1212098,38.10759,-121.6503,"NA",.11,"9/30/2011",9,2011,839.31,"40","80","NA","15","15",0,"NA","62.5","0","NA",0,"NA",0,"NA",0,2,0,"413.08","426.23","NA","NA","NA","NA","NA","NA","NA","NA","NA","NA","NA","NA","NA"
"w2-2","SFBay","Twitchell","NA",1212098,38.10759,-121.6502,"NA",.11,"9/30/2011",9,2011,365.34,"5","0","NA","15","62.5",0,"NA","15","0","NA",0,"NA",0,"NA",0,2,0,"365.34","0.00","NA","NA","NA","NA","NA","NA","NA","NA","NA","NA","NA","NA","NA"
"w2-2","SFBay","Twitchell","NA",1212098,38.10759,-121.6502,"NA",.11,"9/8/2011",9,2011,601.21,"90","0","NA","15","85",0,"NA","15","0","NA",0,"NA",0,"NA",0,2,0,"601.21","0.00","NA","NA","NA","NA","NA","NA","NA","NA","NA","NA","NA","NA","NA"
"w2-1","SFBay","Twitchell","NA",1212098,38.10759,-121.6503,"NA",.11,"9/8/2011",9,2011,882.29,"45","0","NA","62.5","37.5",0,"NA","37.5","0","NA",0,"NA",0,"NA",0,2,0,"439.02","443.27","NA","NA","NA","NA","NA","NA","NA","NA","NA","NA","NA","NA","NA"
"w2-1n_052412","SFBay","Twitchell","NA",1212098,38.1076,-121.6503,"NA",.11,"5/24/2012",5,2012,685.37,"18","0","med","38","50",0,"NA","18","0","NA",0,"NA",0,"NA",0,1,0,"546.52","138.85","NA","NA","NA","NA","NA","NA","NA","NA","NA","NA","NA","NA","NA"
"w2-1n_090712","SFBay","Twitchell","NA",1212098,38.1076,-121.6503,"NA",.11,"9/6/2012",9,2012,676.28,"8.300000191","0","med","10","75",0,"NA","15","0","NA",0,"NA",0,"NA",0,1,0,"676.28","0.00","NA","NA","NA","NA","NA","NA","NA","NA","NA","NA","NA","NA","NA"
"w2-3","SFBay","Twitchell","NA",1212099,38.10758,-121.65,"NA",.11,"5/24/2011",5,2011,372.19,"70","0","NA","0.5","97.5",0,"NA","0","0","NA",0,"NA",0,"NA",0,2,0,"0.00","372.19","NA","NA","NA","NA","NA","NA","NA","NA","NA","NA","NA","NA","NA"
"w2-4","SFBay","Twitchell","NA",1212099,38.10758,-121.6498,"NA",.11,"5/24/2011",5,2011,115.56,"0","0","NA","0.5","62.5",0,"NA","0.5","0","NA",0,"NA",0,"NA",0,2,0,"115.56","0.00","NA","NA","NA","NA","NA","NA","NA","NA","NA","NA","NA","NA","NA"
"w2-3","SFBay","Twitchell","NA",1212099,38.10758,-121.65,"NA",.11,"6/8/2011",6,2011,493.5,"78","0","NA","0.5","97.5",0,"NA","0","0","NA",0,"NA",0,"NA",0,2,0,"0.00","493.50","NA","NA","NA","NA","NA","NA","NA","NA","NA","NA","NA","NA","NA"
"w2-4","SFBay","Twitchell","NA",1212099,38.10758,-121.6498,"NA",.11,"6/8/2011",6,2011,77.16,"93","0","NA","15","85",0,"NA","0","0","NA",0,"NA",0,"NA",0,2,0,"77.16","0.00","NA","NA","NA","NA","NA","NA","NA","NA","NA","NA","NA","NA","NA"
"w2-4","SFBay","Twitchell","NA",1212099,38.10758,-121.6498,"NA",.11,"6/30/2011",6,2011,127.61,"0","20","NA","3","85",0,"NA","0","0","NA",0,"NA",0,"NA",0,2,0,"127.61","0.00","NA","NA","NA","NA","NA","NA","NA","NA","NA","NA","NA","NA","NA"
"w2-3","SFBay","Twitchell","NA",1212099,38.10758,-121.65,"NA",.11,"6/30/2011",6,2011,481.9,"90","150","NA","15","85",0,"NA","0","0","NA",0,"NA",0,"NA",0,2,0,"0.00","481.90","NA","NA","NA","NA","NA","NA","NA","NA","NA","NA","NA","NA","NA"
"w2-3","SFBay","Twitchell","NA",1212099,38.10758,-121.65,"NA",.11,"8/8/2011",8,2011,353.53,"92.5","0","NA","37.5","62.5",0,"NA","0","0","NA",0,"NA",0,"NA",0,2,0,"0.00","353.53","NA","NA","NA","NA","NA","NA","NA","NA","NA","NA","NA","NA","NA"
"w2-4","SFBay","Twitchell","NA",1212099,38.10758,-121.6498,"NA",.11,"8/8/2011",8,2011,190.06,"0","0","NA","15","3",0,"NA","0","0","NA",0,"NA",0,"NA",0,2,0,"190.06","0.00","NA","NA","NA","NA","NA","NA","NA","NA","NA","NA","NA","NA","NA"
"w2-4","SFBay","Twitchell","NA",1212099,38.10758,-121.6498,"NA",.11,"9/30/2011",9,2011,144.85,"0","5","NA","3","62.5",0,"NA","0","0","NA",0,"NA",0,"NA",0,2,0,"144.85","0.00","NA","NA","NA","NA","NA","NA","NA","NA","NA","NA","NA","NA","NA"
"w2-3","SFBay","Twitchell","NA",1212099,38.10758,-121.65,"NA",.11,"9/30/2011",9,2011,129.06,"70","160","NA","15","85",0,"NA","0","0","NA",0,"NA",0,"NA",0,2,0,"0.00","129.06","NA","NA","NA","NA","NA","NA","NA","NA","NA","NA","NA","NA","NA"
"w2-4","SFBay","Twitchell","NA",1212099,38.10758,-121.6498,"NA",.11,"9/8/2011",9,2011,149.57,"0","0","NA","15","62.5",0,"NA","0","0","NA",0,"NA",0,"NA",0,2,0,"149.57","0.00","NA","NA","NA","NA","NA","NA","NA","NA","NA","NA","NA","NA","NA"
"w2-3","SFBay","Twitchell","NA",1212099,38.10758,-121.65,"NA",.11,"9/8/2011",9,2011,443.48,"95","0","NA","37.5","62.5",0,"NA","0","0","NA",0,"NA",0,"NA",0,2,0,"0.00","443.48","NA","NA","NA","NA","NA","NA","NA","NA","NA","NA","NA","NA","NA"
"w2-2n_052412","SFBay","Twitchell","NA",1212099,38.10759,-121.6501,"NA",.11,"5/24/2012",5,2012,415.42,"49.29999924","0","high","30","70",0,"NA","0","0","NA",0,"NA",0,"NA",0,2,0,"0.00","415.42","NA","NA","NA","NA","NA","NA","NA","NA","NA","NA","NA","NA","NA"
"w2-3n_052412","SFBay","Twitchell","NA",1212099,38.1076,-121.6499,"NA",.11,"5/24/2012",5,2012,707.03,"33.29999924","0","med","30","55",0,"NA","25","0","NA",0,"NA",0,"NA",0,2,0,"616.35","90.68","NA","NA","NA","NA","NA","NA","NA","NA","NA","NA","NA","NA","NA"
"w2-2n_070212","SFBay","Twitchell","NA",1212099,38.10759,-121.6501,"NA",.11,"7/2/2012",7,2012,913.86,"21.70000076","0","low","85","15",0,"NA","0","0","NA",0,"NA",0,"NA",0,2,0,"0.00","913.86","NA","NA","NA","NA","NA","NA","NA","NA","NA","NA","NA","NA","NA"
"w2-3n_070212","SFBay","Twitchell","NA",1212099,38.1076,-121.6499,"NA",.11,"7/2/2012",7,2012,1054.47,"28.29999924","0","high","50","50",0,"NA","0","0","NA",0,"NA",0,"NA",0,2,0,"0.00","1054.47","NA","NA","NA","NA","NA","NA","NA","NA","NA","NA","NA","NA","NA"
"w2-2n_090712","SFBay","Twitchell","NA",1212099,38.10759,-121.6501,"NA",.11,"9/6/2012",9,2012,1641.17,"26.70000076","0","high","50","50",0,"NA","0","0","NA",0,"NA",0,"NA",0,1,0,"0.00","1641.17","NA","NA","NA","NA","NA","NA","NA","NA","NA","NA","NA","NA","NA"
"w2-5","SFBay","Twitchell","NA",1212100,38.10758,-121.6496,"NA",.11,"5/24/2011",5,2011,699.79,"0","0","NA","15","85",0,"NA","0","0","NA",0,"NA",0,"NA",0,3,0,"699.79","0.00","NA","NA","NA","NA","NA","NA","NA","NA","NA","NA","NA","NA","NA"
"w2-6","SFBay","Twitchell","NA",1212100,38.10758,-121.6495,"NA",.11,"5/24/2011",5,2011,645.81,"20","0","NA","15","62.5",0,"NA","0","0","NA",0,"NA",0,"NA",0,3,0,"549.24","96.56","NA","NA","NA","NA","NA","NA","NA","NA","NA","NA","NA","NA","NA"
"w2-7","SFBay","Twitchell","NA",1212100,38.10758,-121.6495,"NA",.11,"5/24/2011",5,2011,31.58,"25","0","NA","0.5","85",0,"NA","0.5","0","NA",0,"NA",0,"NA",0,3,0,"0.00","31.58","NA","NA","NA","NA","NA","NA","NA","NA","NA","NA","NA","NA","NA"
"w2-7","SFBay","Twitchell","NA",1212100,38.10758,-121.6495,"NA",.11,"6/8/2011",6,2011,404.45,"65","0","NA","62.5","37.5",0,"NA","0","0","NA",0,"NA",0,"NA",0,3,0,"0.00","404.45","NA","NA","NA","NA","NA","NA","NA","NA","NA","NA","NA","NA","NA"
"w2-6","SFBay","Twitchell","NA",1212100,38.10758,-121.6495,"NA",.11,"6/8/2011",6,2011,411.65,"18","0","NA","3","37.5",0,"NA","0","0","NA",0,"NA",0,"NA",0,3,0,"310.93","100.73","NA","NA","NA","NA","NA","NA","NA","NA","NA","NA","NA","NA","NA"
"w2-5","SFBay","Twitchell","NA",1212100,38.10758,-121.6496,"NA",.11,"6/8/2011",6,2011,736.75,"28","0","NA","85","37.5",0,"NA","0","0","NA",0,"NA",0,"NA",0,3,0,"736.75","0.00","NA","NA","NA","NA","NA","NA","NA","NA","NA","NA","NA","NA","NA"
"w2-5","SFBay","Twitchell","NA",1212100,38.10758,-121.6496,"NA",.11,"6/30/2011",6,2011,1817.91,"45","25","NA","37.5","62.5",0,"NA","0","0","NA",0,"NA",0,"NA",0,3,0,"1817.91","0.00","NA","NA","NA","NA","NA","NA","NA","NA","NA","NA","NA","NA","NA"
"w2-7","SFBay","Twitchell","NA",1212100,38.10758,-121.6495,"NA",.11,"6/30/2011",6,2011,931.35,"37","50","NA","37.5","97.5",0,"NA","3","0","NA",0,"NA",0,"NA",0,3,0,"0.00","931.35","NA","NA","NA","NA","NA","NA","NA","NA","NA","NA","NA","NA","NA"
"w2-6","SFBay","Twitchell","NA",1212100,38.10758,-121.6495,"NA",.11,"6/30/2011",6,2011,964.12,"53","25","NA","37.5","62.5",0,"NA","0","0","NA",0,"NA",0,"NA",0,3,0,"878.09","86.04","NA","NA","NA","NA","NA","NA","NA","NA","NA","NA","NA","NA","NA"
"w2-7","SFBay","Twitchell","NA",1212100,38.10758,-121.6495,"NA",.11,"8/8/2011",8,2011,893.23,"36","0","NA","37.5","62.5",0,"NA","15","0","NA",0,"NA",0,"NA",0,3,0,"0.00","893.23","NA","NA","NA","NA","NA","NA","NA","NA","NA","NA","NA","NA","NA"
"w2-5","SFBay","Twitchell","NA",1212100,38.10758,-121.6496,"NA",.11,"8/8/2011",8,2011,1207.09,"5","0","NA","0","0",0,"NA","0","0","NA",0,"NA",0,"NA",0,3,0,"1207.09","0.00","NA","NA","NA","NA","NA","NA","NA","NA","NA","NA","NA","NA","NA"
"w2-6","SFBay","Twitchell","NA",1212100,38.10758,-121.6495,"NA",.11,"8/8/2011",8,2011,496.7,"60","0","NA","0","37.5",0,"NA","0","0","NA",0,"NA",0,"NA",0,3,0,"446.25","50.45","NA","NA","NA","NA","NA","NA","NA","NA","NA","NA","NA","NA","NA"
"w2-7","SFBay","Twitchell","NA",1212100,38.10758,-121.6495,"NA",.11,"9/30/2011",9,2011,1069.65,"36","0","NA","15","3",0,"NA","62.5","0","NA",0,"NA",0,"NA",0,3,0,"0.00","1069.65","NA","NA","NA","NA","NA","NA","NA","NA","NA","NA","NA","NA","NA"
"w2-6","SFBay","Twitchell","NA",1212100,38.10758,-121.6495,"NA",.11,"9/30/2011",9,2011,354.66,"19","140","NA","15","37.5",0,"NA","0","0","NA",0,"NA",0,"NA",0,3,0,"354.66","0.00","NA","NA","NA","NA","NA","NA","NA","NA","NA","NA","NA","NA","NA"
"w2-5","SFBay","Twitchell","NA",1212100,38.10758,-121.6496,"NA",.11,"9/30/2011",9,2011,971.16,"5","40","NA","15","85",0,"NA","0","0","NA",0,"NA",0,"NA",0,3,0,"971.16","0.00","NA","NA","NA","NA","NA","NA","NA","NA","NA","NA","NA","NA","NA"
"w2-6","SFBay","Twitchell","NA",1212100,38.10758,-121.6495,"NA",.11,"9/8/2011",9,2011,784.15,"60","0","NA","15","37.5",0,"NA","0","0","NA",0,"NA",0,"NA",0,2,0,"705.08","79.07","NA","NA","NA","NA","NA","NA","NA","NA","NA","NA","NA","NA","NA"
"w2-7","SFBay","Twitchell","NA",1212100,38.10758,-121.6495,"NA",.11,"9/8/2011",9,2011,1231.26,"35","0","NA","37.5","62.5",0,"NA","37.5","0","NA",0,"NA",0,"NA",0,2,0,"0.00","1231.26","NA","NA","NA","NA","NA","NA","NA","NA","NA","NA","NA","NA","NA"
"w2-4n_052412","SFBay","Twitchell","NA",1212100,38.10759,-121.6497,"NA",.11,"5/24/2012",5,2012,407.94,"33.70000076","0","med","15","85",0,"NA","0","0","NA",0,"NA",0,"NA",0,2,0,"164.76","243.18","NA","NA","NA","NA","NA","NA","NA","NA","NA","NA","NA","NA","NA"
"w2-5n_052412","SFBay","Twitchell","NA",1212100,38.10759,-121.6496,"NA",.11,"5/24/2012",5,2012,1287.41,"48.29999924","0","med","58","42",0,"NA","0","0","NA",0,"NA",0,"NA",0,2,0,"913.03","374.38","NA","NA","NA","NA","NA","NA","NA","NA","NA","NA","NA","NA","NA"
"c1_061312","SFBay","Twitchell","NA",1212100,38.10751,-121.6497,"NA",.11,"6/13/2012",6,2012,820.49,"0","0","med","75","25",0,"NA","0","0","NA",0,"NA",0,"NA",0,2,0,"134.58","685.91","NA","NA","NA","NA","NA","NA","NA","NA","NA","NA","NA","NA","NA"
"c2_061312","SFBay","Twitchell","NA",1212100,38.10752,-121.6497,"NA",.11,"6/13/2012",6,2012,910.08,"0","0","med","45","55",0,"NA","0","0","NA",0,"NA",0,"NA",0,2,0,"491.16","418.92","NA","NA","NA","NA","NA","NA","NA","NA","NA","NA","NA","NA","NA"
"w2-4n_070212","SFBay","Twitchell","NA",1212100,38.10759,-121.6497,"NA",.11,"7/2/2012",7,2012,1231.51,"1.700000048","0","low","60","40",0,"NA","0","0","NA",0,"NA",0,"NA",0,2,0,"1231.51","0.00","NA","NA","NA","NA","NA","NA","NA","NA","NA","NA","NA","NA","NA"
"w2-5n_070212","SFBay","Twitchell","NA",1212100,38.10759,-121.6496,"NA",.11,"7/2/2012",7,2012,864.61,"0","0","med","65","35",0,"NA","0","0","NA",0,"NA",0,"NA",0,2,0,"803.35","61.26","NA","NA","NA","NA","NA","NA","NA","NA","NA","NA","NA","NA","NA"
"c1_090712","SFBay","Twitchell","NA",1212100,38.10751,-121.6497,"NA",.11,"9/6/2012",9,2012,1976.8,"7","0","low","80","20",0,"NA","0","0","NA",0,"NA",0,"NA",0,2,0,"419.47","1557.33","NA","NA","NA","NA","NA","NA","NA","NA","NA","NA","NA","NA","NA"
"c2_090712","SFBay","Twitchell","NA",1212100,38.10752,-121.6497,"NA",.11,"9/6/2012",9,2012,2098.07,"9.300000191","0","low","85","15",0,"NA","0","0","NA",0,"NA",0,"NA",0,2,0,"1589.14","508.93","NA","NA","NA","NA","NA","NA","NA","NA","NA","NA","NA","NA","NA"
"w2-9","SFBay","Twitchell","NA",1212101,38.10757,-121.6491,"NA",.11,"5/24/2011",5,2011,467.33,"0","0","NA","3","97.5",0,"NA","0","0","NA",0,"NA",0,"NA",0,2,0,"294.69","172.64","NA","NA","NA","NA","NA","NA","NA","NA","NA","NA","NA","NA","NA"
"w2-8","SFBay","Twitchell","NA",1212101,38.10757,-121.6493,"NA",.11,"5/24/2011",5,2011,89.24,"0","0","NA","0.5","97.5",0,"NA","0","0","NA",0,"NA",0,"NA",0,2,0,"0.00","89.24","NA","NA","NA","NA","NA","NA","NA","NA","NA","NA","NA","NA","NA"
"w2-8","SFBay","Twitchell","NA",1212101,38.10757,-121.6493,"NA",.11,"6/8/2011",6,2011,288.75,"10","0","NA","3","85",0,"NA","0","0","NA",0,"NA",0,"NA",0,2,0,"8.56","280.19","NA","NA","NA","NA","NA","NA","NA","NA","NA","NA","NA","NA","NA"
"w2-9","SFBay","Twitchell","NA",1212101,38.10757,-121.6491,"NA",.11,"6/8/2011",6,2011,400.61,"30","0","NA","37.5","85",0,"NA","0","0","NA",0,"NA",0,"NA",0,2,0,"205.19","195.42","NA","NA","NA","NA","NA","NA","NA","NA","NA","NA","NA","NA","NA"
"w2-9","SFBay","Twitchell","NA",1212101,38.10757,-121.6491,"NA",.11,"6/30/2011",6,2011,603.13,"33","60","NA","15","97.5",0,"NA","0","0","NA",0,"NA",0,"NA",0,2,0,"330.58","272.55","NA","NA","NA","NA","NA","NA","NA","NA","NA","NA","NA","NA","NA"
"w2-8","SFBay","Twitchell","NA",1212101,38.10757,-121.6493,"NA",.11,"6/30/2011",6,2011,704.06,"45","50","NA","15","62.5",0,"NA","0","0","NA",0,"NA",0,"NA",0,2,0,"178.11","525.95","NA","NA","NA","NA","NA","NA","NA","NA","NA","NA","NA","NA","NA"
"w2-8","SFBay","Twitchell","NA",1212101,38.10757,-121.6493,"NA",.11,"8/8/2011",8,2011,295.28,"12","0","NA","37.5","62.5",0,"NA","0","0","NA",0,"NA",0,"NA",0,2,0,"205.11","90.18","NA","NA","NA","NA","NA","NA","NA","NA","NA","NA","NA","NA","NA"
"w2-9","SFBay","Twitchell","NA",1212101,38.10757,-121.6491,"NA",.11,"8/8/2011",8,2011,559.62,"10","0","NA","15","37.5",0,"NA","0","0","NA",0,"NA",0,"NA",0,2,0,"277.16","282.46","NA","NA","NA","NA","NA","NA","NA","NA","NA","NA","NA","NA","NA"
"w2-8","SFBay","Twitchell","NA",1212101,38.10757,-121.6493,"NA",.11,"9/30/2011",9,2011,685.39,"3","40","NA","15","62.5",0,"NA","0","0","NA",0,"NA",0,"NA",0,2,0,"304.78","380.61","NA","NA","NA","NA","NA","NA","NA","NA","NA","NA","NA","NA","NA"
"w2-9","SFBay","Twitchell","NA",1212101,38.10757,-121.6491,"NA",.11,"9/30/2011",9,2011,184.85,"2","40","NA","3","85",0,"NA","0","0","NA",0,"NA",0,"NA",0,2,0,"33.16","151.69","NA","NA","NA","NA","NA","NA","NA","NA","NA","NA","NA","NA","NA"
"w2-9","SFBay","Twitchell","NA",1212101,38.10757,-121.6491,"NA",.11,"9/8/2011",9,2011,368.61,"10","0","NA","15","37.5",0,"NA","0","0","NA",0,"NA",0,"NA",0,2,0,"84.88","283.73","NA","NA","NA","NA","NA","NA","NA","NA","NA","NA","NA","NA","NA"
"w2-8","SFBay","Twitchell","NA",1212101,38.10757,-121.6493,"NA",.11,"9/8/2011",9,2011,700.51,"12","0","NA","37.5","97.5",0,"NA","0","0","NA",0,"NA",0,"NA",0,2,0,"324.42","376.09","NA","NA","NA","NA","NA","NA","NA","NA","NA","NA","NA","NA","NA"
"w2-7n_052412","SFBay","Twitchell","NA",1212101,38.10758,-121.6492,"NA",.11,"5/24/2012",5,2012,1300.05,"35","0","high","20","80",0,"NA","0","0","NA",0,"NA",0,"NA",0,2,0,"938.96","361.09","NA","NA","NA","NA","NA","NA","NA","NA","NA","NA","NA","NA","NA"
"w2-6n_052412","SFBay","Twitchell","NA",1212101,38.10759,-121.6494,"NA",.11,"5/24/2012",5,2012,1382.15,"27.70000076","0","med","40","60",0,"NA","0","0","NA",0,"NA",0,"NA",0,2,0,"1141.97","240.18","NA","NA","NA","NA","NA","NA","NA","NA","NA","NA","NA","NA","NA"
"w2-7n_070212","SFBay","Twitchell","NA",1212101,38.10758,-121.6492,"NA",.11,"7/2/2012",7,2012,721.16,"0","0","high","50","50",0,"NA","0","0","NA",0,"NA",0,"NA",0,2,0,"505.74","215.41","NA","NA","NA","NA","NA","NA","NA","NA","NA","NA","NA","NA","NA"
"w2-6n_070212","SFBay","Twitchell","NA",1212101,38.10759,-121.6494,"NA",.11,"7/2/2012",7,2012,524.87,"8.300000191","0","high","50","50",0,"NA","0","0","NA",0,"NA",0,"NA",0,2,0,"463.79","61.08","NA","NA","NA","NA","NA","NA","NA","NA","NA","NA","NA","NA","NA"
"w2-10","SFBay","Twitchell","NA",1212102,38.10756,-121.6489,"NA",.11,"5/24/2011",5,2011,900.9,"10","0","NA","15","85",0,"NA","0","0","NA",0,"NA",0,"NA",0,1,0,"900.90","0.00","NA","NA","NA","NA","NA","NA","NA","NA","NA","NA","NA","NA","NA"
"w2-10","SFBay","Twitchell","NA",1212102,38.10756,-121.6489,"NA",.11,"6/8/2011",6,2011,713.66,"25","0","NA","15","85",0,"NA","0","0","NA",0,"NA",0,"NA",0,1,0,"713.66","0.00","NA","NA","NA","NA","NA","NA","NA","NA","NA","NA","NA","NA","NA"
"w2-10","SFBay","Twitchell","NA",1212102,38.10756,-121.6489,"NA",.11,"6/30/2011",6,2011,1385.83,"45","25","NA","37.5","37.5",0,"NA","0","0","NA",0,"NA",0,"NA",0,1,0,"1385.83","0.00","NA","NA","NA","NA","NA","NA","NA","NA","NA","NA","NA","NA","NA"
"w2-10","SFBay","Twitchell","NA",1212102,38.10756,-121.6489,"NA",.11,"8/8/2011",8,2011,1238.23,"20","0","NA","0","0",0,"NA","0","0","NA",0,"NA",0,"NA",0,1,0,"1238.23","0.00","NA","NA","NA","NA","NA","NA","NA","NA","NA","NA","NA","NA","NA"
"w2-10","SFBay","Twitchell","NA",1212102,38.10756,-121.6489,"NA",.11,"9/30/2011",9,2011,962.23,"20","160","NA","15","85",0,"NA","0","0","NA",0,"NA",0,"NA",0,1,0,"962.23","0.00","NA","NA","NA","NA","NA","NA","NA","NA","NA","NA","NA","NA","NA"
"w4-9","SFBay","Twitchell","NA",1212104,38.10736,-121.6481,"NA",.11,"5/24/2011",5,2011,230.08,"27","0","NA","3","85",0,"NA","0","0","NA",0,"NA",0,"NA",0,2,0,"94.92","135.17","NA","NA","NA","NA","NA","NA","NA","NA","NA","NA","NA","NA","NA"
"w4-10","SFBay","Twitchell","NA",1212104,38.10744,-121.6483,"NA",.11,"5/24/2011",5,2011,15.28,"43","0","NA","3","85",0,"NA","3","0","NA",0,"NA",0,"NA",0,2,0,"15.28","0.00","NA","NA","NA","NA","NA","NA","NA","NA","NA","NA","NA","NA","NA"
"w4-10","SFBay","Twitchell","NA",1212104,38.10744,-121.6483,"NA",.11,"6/8/2011",6,2011,38.42,"60","0","NA","15","85",0,"NA","0","0","NA",0,"NA",0,"NA",0,2,0,"38.42","0.00","NA","NA","NA","NA","NA","NA","NA","NA","NA","NA","NA","NA","NA"
"w4-9","SFBay","Twitchell","NA",1212104,38.10736,-121.6481,"NA",.11,"6/8/2011",6,2011,304.6,"40","0","NA","15","85",0,"NA","0","0","NA",0,"NA",0,"NA",0,2,0,"200.82","103.78","NA","NA","NA","NA","NA","NA","NA","NA","NA","NA","NA","NA","NA"
"w4-10","SFBay","Twitchell","NA",1212104,38.10744,-121.6483,"NA",.11,"6/30/2011",6,2011,480.27,"35","60","NA","15","97.5",0,"NA","3","0","NA",0,"NA",0,"NA",0,2,0,"480.27","0.00","NA","NA","NA","NA","NA","NA","NA","NA","NA","NA","NA","NA","NA"
"w4-9","SFBay","Twitchell","NA",1212104,38.10736,-121.6481,"NA",.11,"6/30/2011",6,2011,149.83,"0","55","NA","37.5","97.5",0,"NA","0","0","NA",0,"NA",0,"NA",0,2,0,"47.65","102.18","NA","NA","NA","NA","NA","NA","NA","NA","NA","NA","NA","NA","NA"
"w4-9","SFBay","Twitchell","NA",1212104,38.10736,-121.6481,"NA",.11,"8/8/2011",8,2011,178.37,"45","0","NA","62.5","97.5",0,"NA","0","0","NA",0,"NA",0,"NA",0,1,0,"25.87","152.50","NA","NA","NA","NA","NA","NA","NA","NA","NA","NA","NA","NA","NA"
"w4-9","SFBay","Twitchell","NA",1212104,38.10736,-121.6481,"NA",.11,"9/30/2011",9,2011,60.61,"20","90","NA","0.5","97.5",0,"NA","0","0","NA",0,"NA",0,"NA",0,1,0,"0.00","60.61","NA","NA","NA","NA","NA","NA","NA","NA","NA","NA","NA","NA","NA"
"w4-9","SFBay","Twitchell","NA",1212104,38.10736,-121.6481,"NA",.11,"9/8/2011",9,2011,68.88,"40","0","NA","15","62.5",0,"NA","0","0","NA",0,"NA",0,"NA",0,1,0,"68.88","0.00","NA","NA","NA","NA","NA","NA","NA","NA","NA","NA","NA","NA","NA"
"w4-7n_052412","SFBay","Twitchell","NA",1212105,38.10732,-121.648,"NA",.11,"5/23/2012",5,2012,925.7,"35.70000076","0","high","22","75",0,"NA","3","0","NA",0,"NA",0,"NA",0,1,0,"701.82","223.88","NA","NA","NA","NA","NA","NA","NA","NA","NA","NA","NA","NA","NA"
"w4-7n_070212","SFBay","Twitchell","NA",1212105,38.10732,-121.648,"NA",.11,"7/2/2012",7,2012,1427.64,"0","0","high","30","70",0,"NA","0","0","NA",0,"NA",0,"NA",0,1,0,"1206.05","221.59","NA","NA","NA","NA","NA","NA","NA","NA","NA","NA","NA","NA","NA"
"w3-3","SFBay","Twitchell","NA",1212106,38.10748,-121.6474,"NA",.11,"5/24/2011",5,2011,486.91,"20","0","NA","15","62.5",0,"NA","15","0","NA",0,"NA",0,"NA",0,2,0,"486.91","0.00","NA","NA","NA","NA","NA","NA","NA","NA","NA","NA","NA","NA","NA"
"w3-4","SFBay","Twitchell","NA",1212106,38.10749,-121.6476,"NA",.11,"5/24/2011",5,2011,252.86,"24","0","NA","3","97.5",0,"NA","0","0","NA",0,"NA",0,"NA",0,2,0,"252.86","0.00","NA","NA","NA","NA","NA","NA","NA","NA","NA","NA","NA","NA","NA"
"w3-4","SFBay","Twitchell","NA",1212106,38.10749,-121.6476,"NA",.11,"6/8/2011",6,2011,155.59,"10","0","NA","0.5","97.5",0,"NA","0","0","NA",0,"NA",0,"NA",0,2,0,"155.59","0.00","NA","NA","NA","NA","NA","NA","NA","NA","NA","NA","NA","NA","NA"
"w3-3","SFBay","Twitchell","NA",1212106,38.10748,-121.6474,"NA",.11,"6/8/2011",6,2011,605.01,"20","0","NA","15","15",0,"NA","85","0","NA",0,"NA",0,"NA",0,2,0,"605.01","0.00","NA","NA","NA","NA","NA","NA","NA","NA","NA","NA","NA","NA","NA"
"w3-3","SFBay","Twitchell","NA",1212106,38.10748,-121.6474,"NA",.11,"6/30/2011",6,2011,1671.5,"75","0","NA","37.5","37.5",0,"NA","62.5","0","NA",0,"NA",0,"NA",0,2,0,"1671.50","0.00","NA","NA","NA","NA","NA","NA","NA","NA","NA","NA","NA","NA","NA"
"w3-4","SFBay","Twitchell","NA",1212106,38.10749,-121.6476,"NA",.11,"6/30/2011",6,2011,292.37,"100","0","NA","15","85",0,"NA","0","0","NA",0,"NA",0,"NA",0,2,0,"292.37","0.00","NA","NA","NA","NA","NA","NA","NA","NA","NA","NA","NA","NA","NA"
"w3-3","SFBay","Twitchell","NA",1212106,38.10748,-121.6474,"NA",.11,"8/8/2011",8,2011,500.03,"18","0","NA","0","0",0,"NA","62.5","0","NA",0,"NA",0,"NA",0,1,0,"500.03","0.00","NA","NA","NA","NA","NA","NA","NA","NA","NA","NA","NA","NA","NA"
"w3-3","SFBay","Twitchell","NA",1212106,38.10748,-121.6474,"NA",.11,"9/30/2011",9,2011,1301.15,"25","160","NA","15","37.5",0,"NA","85","0","NA",0,"NA",0,"NA",0,1,0,"1301.15","0.00","NA","NA","NA","NA","NA","NA","NA","NA","NA","NA","NA","NA","NA"
"w3-3","SFBay","Twitchell","NA",1212106,38.10748,-121.6474,"NA",.11,"9/8/2011",9,2011,643.97,"18","0","NA","15","37.5",0,"NA","62.5","0","NA",0,"NA",0,"NA",0,1,0,"643.97","0.00","NA","NA","NA","NA","NA","NA","NA","NA","NA","NA","NA","NA","NA"
"w3-4n_052412","SFBay","Twitchell","NA",1212106,38.10749,-121.6475,"NA",.11,"5/23/2012",5,2012,598.91,"52.70000076","0","high","13","87",0,"NA","0","0","NA",0,"NA",0,"NA",0,1,0,"598.91","0.00","NA","NA","NA","NA","NA","NA","NA","NA","NA","NA","NA","NA","NA"
"w3-4n_070212","SFBay","Twitchell","NA",1212106,38.10749,-121.6475,"NA",.11,"7/2/2012",7,2012,640.33,"0","0","med","15","85",0,"NA","0","0","NA",0,"NA",0,"NA",0,1,0,"640.33","0.00","NA","NA","NA","NA","NA","NA","NA","NA","NA","NA","NA","NA","NA"
"w3-2","SFBay","Twitchell","NA",1212107,38.10747,-121.6472,"NA",.11,"5/24/2011",5,2011,1231.62,"13","0","NA","15","37.5",0,"NA","0","0","NA",0,"NA",0,"NA",0,1,0,"1231.62","0.00","NA","NA","NA","NA","NA","NA","NA","NA","NA","NA","NA","NA","NA"
"w3-2","SFBay","Twitchell","NA",1212107,38.10747,-121.6472,"NA",.11,"6/8/2011",6,2011,980.2,"20","0","NA","15","15",0,"NA","0","0","NA",0,"NA",0,"NA",0,1,0,"980.20","0.00","NA","NA","NA","NA","NA","NA","NA","NA","NA","NA","NA","NA","NA"
"w3-2","SFBay","Twitchell","NA",1212107,38.10747,-121.6472,"NA",.11,"6/30/2011",6,2011,2002.06,"95","5","NA","37.5","37.5",0,"NA","0","0","NA",0,"NA",0,"NA",0,1,0,"2002.06","0.00","NA","NA","NA","NA","NA","NA","NA","NA","NA","NA","NA","NA","NA"
"w3-2","SFBay","Twitchell","NA",1212107,38.10747,-121.6472,"NA",.11,"9/30/2011",9,2011,1401.95,"20","140","NA","37.5","62.5",0,"NA","0.5","0","NA",0,"NA",0,"NA",0,1,0,"1401.95","0.00","NA","NA","NA","NA","NA","NA","NA","NA","NA","NA","NA","NA","NA"
"w3-2","SFBay","Twitchell","NA",1212107,38.10747,-121.6472,"NA",.11,"9/8/2011",9,2011,1882.23,"55","0","NA","37.5","62.5",0,"NA","0","0","NA",0,"NA",0,"NA",0,1,0,"1882.23","0.00","NA","NA","NA","NA","NA","NA","NA","NA","NA","NA","NA","NA","NA"
"w3-3n_052412","SFBay","Twitchell","NA",1212107,38.10749,-121.6474,"NA",.11,"5/23/2012",5,2012,1065.71,"27","0","low","25","36",0,"NA","39","0","NA",0,"NA",0,"NA",0,2,0,"1065.71","0.00","NA","NA","NA","NA","NA","NA","NA","NA","NA","NA","NA","NA","NA"
"w3-2n_052412","SFBay","Twitchell","NA",1212107,38.10748,-121.6472,"NA",.11,"5/23/2012",5,2012,732.17,"27.29999924","0","med","38","66",0,"NA","6","0","NA",0,"NA",0,"NA",0,2,0,"732.17","0.00","NA","NA","NA","NA","NA","NA","NA","NA","NA","NA","NA","NA","NA"
"w3-3n_070212","SFBay","Twitchell","NA",1212107,38.10749,-121.6474,"NA",.11,"7/2/2012",7,2012,221.56,"8.699999809","0","med","50","50",0,"NA","0","0","NA",0,"NA",0,"NA",0,2,0,"221.56","0.00","NA","NA","NA","NA","NA","NA","NA","NA","NA","NA","NA","NA","NA"
"w3-2n_070212","SFBay","Twitchell","NA",1212107,38.10748,-121.6472,"NA",.11,"7/2/2012",7,2012,1353.35,"1","0","med","40","60",0,"NA","0","0","NA",0,"NA",0,"NA",0,2,0,"1353.35","0.00","NA","NA","NA","NA","NA","NA","NA","NA","NA","NA","NA","NA","NA"
"w3-2n_090712","SFBay","Twitchell","NA",1212107,38.10748,-121.6472,"NA",.11,"9/6/2012",9,2012,1662.16,"3.299999952","0","high","35","65",0,"NA","0","0","NA",0,"NA",0,"NA",0,1,0,"1662.16","0.00","NA","NA","NA","NA","NA","NA","NA","NA","NA","NA","NA","NA","NA"
"w3-1","SFBay","Twitchell","NA",1212108,38.10746,-121.647,"NA",.11,"5/24/2011",5,2011,0,"15","0","NA","0","97.5",0,"NA","15","0","NA",0,"NA",0,"NA",0,1,0,"0.00","0.00","NA","NA","NA","NA","NA","NA","NA","NA","NA","NA","NA","NA","NA"
"w3-1","SFBay","Twitchell","NA",1212108,38.10746,-121.647,"NA",.11,"6/30/2011",6,2011,199.86,"35","0","NA","15","85",0,"NA","85","0","NA",0,"NA",0,"NA",0,1,0,"199.86","0.00","NA","NA","NA","NA","NA","NA","NA","NA","NA","NA","NA","NA","NA"
"w3-1","SFBay","Twitchell","NA",1212108,38.10746,-121.647,"NA",.11,"8/8/2011",8,2011,110.35,"13","0","NA","37.5","0",0,"NA","85","0","NA",0,"NA",0,"NA",0,1,0,"110.35","0.00","NA","NA","NA","NA","NA","NA","NA","NA","NA","NA","NA","NA","NA"
"w3-1s_052412","SFBay","Twitchell","NA",1212108,38.10746,-121.647,"NA",.11,"5/23/2012",5,2012,620.17,"39","0","high","26","66",0,"NA","8","0","NA",0,"NA",0,"NA",0,1,0,"171.13","449.04","NA","NA","NA","NA","NA","NA","NA","NA","NA","NA","NA","NA","NA"
"w3-1s_070212","SFBay","Twitchell","NA",1212108,38.10746,-121.647,"NA",.11,"7/2/2012",7,2012,590.73,"12.30000019","0","high","60","40",0,"NA","0","0","NA",0,"NA",0,"NA",0,1,0,"498.30","92.43","NA","NA","NA","NA","NA","NA","NA","NA","NA","NA","NA","NA","NA"
"e1-7","SFBay","Twitchell","NA",1212109,38.10738,-121.6467,"NA",.11,"5/10/2011",5,2011,1935.39,"38","0","NA","15","62.5",0,"NA","0","0","NA",0,"NA",0,"NA",0,1,0,"0.00","1935.39","NA","NA","NA","NA","NA","NA","NA","NA","NA","NA","NA","NA","NA"
"e1-7","SFBay","Twitchell","NA",1212109,38.10738,-121.6467,"NA",.11,"6/8/2011",6,2011,805.82,"85","0","NA","62.5","15",0,"NA","0","0","NA",0,"NA",0,"NA",0,1,0,"41.01","764.81","NA","NA","NA","NA","NA","NA","NA","NA","NA","NA","NA","NA","NA"
"e1-7","SFBay","Twitchell","NA",1212109,38.10738,-121.6467,"NA",.11,"6/30/2011",6,2011,1120.04,"85","0","NA","62.5","15",0,"NA","0","0","NA",0,"NA",0,"NA",0,1,0,"145.26","974.78","NA","NA","NA","NA","NA","NA","NA","NA","NA","NA","NA","NA","NA"
"e1-7","SFBay","Twitchell","NA",1212109,38.10738,-121.6467,"NA",.11,"9/30/2011",9,2011,1432.89,"85","140","NA","37.5","15",0,"NA","0","0","NA",0,"NA",0,"NA",0,1,0,"0.00","1432.89","NA","NA","NA","NA","NA","NA","NA","NA","NA","NA","NA","NA","NA"
"e1-7","SFBay","Twitchell","NA",1212109,38.10738,-121.6467,"NA",.11,"9/8/2011",9,2011,1209.11,"20","0","NA","15","15",0,"NA","0.5","0","NA",0,"NA",0,"NA",0,1,0,"0.00","1209.11","NA","NA","NA","NA","NA","NA","NA","NA","NA","NA","NA","NA","NA"
"e1-4e_061312","SFBay","Twitchell","NA",1212109,38.10736,-121.6466,"NA",.11,"6/11/2012",6,2012,396.48,"7.300000191","0","low","85","15",0,"NA","0","0","NA",0,"NA",0,"NA",0,1,0,"92.20","304.28","NA","NA","NA","NA","NA","NA","NA","NA","NA","NA","NA","NA","NA"
"e1-4e_090712","SFBay","Twitchell","NA",1212109,38.10736,-121.6466,"NA",.11,"9/6/2012",9,2012,2345.6,"21.70000076","0","med","90","10",0,"NA","0","0","NA",0,"NA",0,"NA",0,1,0,"0.00","2345.60","NA","NA","NA","NA","NA","NA","NA","NA","NA","NA","NA","NA","NA"
"drain8_061312","SFBay","Twitchell","NA",1212119,38.10732,-121.6432,"NA",.11,"6/11/2012",6,2012,942.05,"0","0","low","75","0",0,"NA","0","0","NA",0,"NA",0,"NA",0,1,0,"942.05","0.00","NA","NA","NA","NA","NA","NA","NA","NA","NA","NA","NA","NA","NA"
"ce1_061312","SFBay","Twitchell","NA",1214776,38.10775,-121.6495,"NA",.11,"6/13/2012",6,2012,699.71,"0","0","med","35","65",0,"NA","0","0","NA",0,"NA",0,"NA",0,2,0,"699.71","0.00","NA","NA","NA","NA","NA","NA","NA","NA","NA","NA","NA","NA","NA"
"ce2_061312","SFBay","Twitchell","NA",1214776,38.10775,-121.6495,"NA",.11,"6/13/2012",6,2012,913.8,"0","0","low","25","75",0,"NA","0","0","NA",0,"NA",0,"NA",0,2,0,"736.09","177.71","NA","NA","NA","NA","NA","NA","NA","NA","NA","NA","NA","NA","NA"
"w1-8","SFBay","Twitchell","NA",1214777,38.1078,-121.6492,"NA",.11,"5/24/2011",5,2011,668.54,"41","0","NA","0.5","97.5",0,"NA","0","0","NA",0,"NA",0,"NA",0,2,0,"44.00","624.55","NA","NA","NA","NA","NA","NA","NA","NA","NA","NA","NA","NA","NA"
"w1-7","SFBay","Twitchell","NA",1214777,38.10782,-121.6493,"NA",.11,"5/24/2011",5,2011,491.4,"28","0","NA","0.5","62.5",0,"NA","0","0","NA",0,"NA",0,"NA",0,2,0,"42.83","448.57","NA","NA","NA","NA","NA","NA","NA","NA","NA","NA","NA","NA","NA"
"w1-8","SFBay","Twitchell","NA",1214777,38.1078,-121.6492,"NA",.11,"6/8/2011",6,2011,788.63,"65","0","NA","37.5","62.5",0,"NA","0","0","NA",0,"NA",0,"NA",0,2,0,"47.93","740.70","NA","NA","NA","NA","NA","NA","NA","NA","NA","NA","NA","NA","NA"
"w1-7","SFBay","Twitchell","NA",1214777,38.10782,-121.6493,"NA",.11,"6/8/2011",6,2011,725.06,"43","0","NA","3","62.5",0,"NA","0","0","NA",0,"NA",0,"NA",0,2,0,"15.66","709.40","NA","NA","NA","NA","NA","NA","NA","NA","NA","NA","NA","NA","NA"
"w1-8","SFBay","Twitchell","NA",1214777,38.1078,-121.6492,"NA",.11,"6/30/2011",6,2011,1501.15,"45","100","NA","3","97.5",0,"NA","0","0","NA",0,"NA",0,"NA",0,2,0,"179.15","1322.00","NA","NA","NA","NA","NA","NA","NA","NA","NA","NA","NA","NA","NA"
"w1-7","SFBay","Twitchell","NA",1214777,38.10782,-121.6493,"NA",.11,"6/30/2011",6,2011,806.1,"82","70","NA","37.5","37.5",0,"NA","0","0","NA",0,"NA",0,"NA",0,2,0,"0.00","806.10","NA","NA","NA","NA","NA","NA","NA","NA","NA","NA","NA","NA","NA"
"w1-8","SFBay","Twitchell","NA",1214777,38.1078,-121.6492,"NA",.11,"8/8/2011",8,2011,1777.48,"42","0","NA","15","37.5",0,"NA","0","0","NA",0,"NA",0,"NA",0,2,0,"158.39","1619.09","NA","NA","NA","NA","NA","NA","NA","NA","NA","NA","NA","NA","NA"
"w1-7","SFBay","Twitchell","NA",1214777,38.10782,-121.6493,"NA",.11,"8/8/2011",8,2011,412.87,"60","0","NA","15","62.5",0,"NA","0","0","NA",0,"NA",0,"NA",0,2,0,"0.00","412.87","NA","NA","NA","NA","NA","NA","NA","NA","NA","NA","NA","NA","NA"
"w1-8","SFBay","Twitchell","NA",1214777,38.1078,-121.6492,"NA",.11,"9/30/2011",9,2011,1324.44,"40","140","NA","37.5","97.5",0,"NA","0","0","NA",0,"NA",0,"NA",0,2,0,"118.67","1205.77","NA","NA","NA","NA","NA","NA","NA","NA","NA","NA","NA","NA","NA"
"w1-7","SFBay","Twitchell","NA",1214777,38.10782,-121.6493,"NA",.11,"9/30/2011",9,2011,357.19,"50","140","NA","15","97.5",0,"NA","0","0","NA",0,"NA",0,"NA",0,2,0,"0.00","357.19","NA","NA","NA","NA","NA","NA","NA","NA","NA","NA","NA","NA","NA"
"w1-7","SFBay","Twitchell","NA",1214777,38.10782,-121.6493,"NA",.11,"9/8/2011",9,2011,319.56,"40","0","NA","3","97.5",0,"NA","0","0","NA",0,"NA",0,"NA",0,2,0,"0.00","319.56","NA","NA","NA","NA","NA","NA","NA","NA","NA","NA","NA","NA","NA"
"w1-8","SFBay","Twitchell","NA",1214777,38.1078,-121.6492,"NA",.11,"9/8/2011",9,2011,1463.43,"30","0","NA","37.5","62.5",0,"NA","0","0","NA",0,"NA",0,"NA",0,2,0,"283.71","1179.72","NA","NA","NA","NA","NA","NA","NA","NA","NA","NA","NA","NA","NA"
"w1-7n_052412","SFBay","Twitchell","NA",1214777,38.10786,-121.6494,"NA",.11,"5/23/2012",5,2012,586.93,"32.70000076","0","high","43","57",0,"NA","0","0","NA",0,"NA",0,"NA",0,1,0,"455.55","131.37","NA","NA","NA","NA","NA","NA","NA","NA","NA","NA","NA","NA","NA"
"w1-7n_070212","SFBay","Twitchell","NA",1214777,38.10786,-121.6494,"NA",.11,"7/2/2012",7,2012,888.83,"0","0","high","50","50",0,"NA","0","0","NA",0,"NA",0,"NA",0,1,0,"274.47","614.36","NA","NA","NA","NA","NA","NA","NA","NA","NA","NA","NA","NA","NA"
"drain4_061312","SFBay","Twitchell","NA",1214781,38.10785,-121.6479,"NA",.11,"6/12/2012",6,2012,287.47,"0","0","high","45","55",0,"NA","0","0","NA",0,"NA",0,"NA",0,3,0,"0.00","287.47","NA","NA","NA","NA","NA","NA","NA","NA","NA","NA","NA","NA","NA"
"f2_061312","SFBay","Twitchell","NA",1214781,38.10761,-121.648,"NA",.11,"6/11/2012",6,2012,1121.49,"0","0","high","45","55",0,"NA","0","0","NA",0,"NA",0,"NA",0,3,0,"609.24","512.25","NA","NA","NA","NA","NA","NA","NA","NA","NA","NA","NA","NA","NA"
"f1_061312","SFBay","Twitchell","NA",1214781,38.10759,-121.6479,"NA",.11,"6/11/2012",6,2012,801.29,"0","0","high","55","45",0,"NA","0","0","NA",0,"NA",0,"NA",0,3,0,"385.62","415.67","NA","NA","NA","NA","NA","NA","NA","NA","NA","NA","NA","NA","NA"
"f1_090712","SFBay","Twitchell","NA",1214781,38.10759,-121.6479,"NA",.11,"9/6/2012",9,2012,4113.69,"30.70000076","0","high","25","75",0,"NA","0","0","NA",0,"NA",0,"NA",0,2,0,"3481.30","632.39","NA","NA","NA","NA","NA","NA","NA","NA","NA","NA","NA","NA","NA"
"f2_090712","SFBay","Twitchell","NA",1214781,38.10761,-121.648,"NA",.11,"9/6/2012",9,2012,1905.96,"30","0","high","50","50",0,"NA","0","0","NA",0,"NA",0,"NA",0,2,0,"81.73","1824.23","NA","NA","NA","NA","NA","NA","NA","NA","NA","NA","NA","NA","NA"
"drain5_061312","SFBay","Twitchell","NA",1214782,38.10778,-121.6477,"NA",.11,"6/12/2012",6,2012,363.3,"0","0","med","45","55",0,"NA","0","0","NA",0,"NA",0,"NA",0,1,0,"0.00","363.30","NA","NA","NA","NA","NA","NA","NA","NA","NA","NA","NA","NA","NA"
"drain6_061312","SFBay","Twitchell","NA",1214784,38.10759,-121.647,"NA",.11,"6/12/2012",6,2012,462.08,"0","0","low","40","40",0,"NA","20","0","NA",0,"NA",0,"NA",0,1,0,"462.08","0.00","NA","NA","NA","NA","NA","NA","NA","NA","NA","NA","NA","NA","NA"
"w1-4","SFBay","Twitchell","NA",1217451,38.10807,-121.6499,"NA",.11,"5/24/2011",5,2011,311.6,"25","0","NA","0.5","97.5",0,"NA","0","0","NA",0,"NA",0,"NA",0,1,0,"74.75","236.84","NA","NA","NA","NA","NA","NA","NA","NA","NA","NA","NA","NA","NA"
"w1-4","SFBay","Twitchell","NA",1217451,38.10807,-121.6499,"NA",.11,"6/8/2011",6,2011,499.94,"85","0","NA","37.5","85",0,"NA","0","0","NA",0,"NA",0,"NA",0,1,0,"268.21","231.73","NA","NA","NA","NA","NA","NA","NA","NA","NA","NA","NA","NA","NA"
"w1-4","SFBay","Twitchell","NA",1217451,38.10807,-121.6499,"NA",.11,"6/30/2011",6,2011,768.47,"26","105","NA","15","97.5",0,"NA","0","0","NA",0,"NA",0,"NA",0,1,0,"336.17","432.30","NA","NA","NA","NA","NA","NA","NA","NA","NA","NA","NA","NA","NA"
"w1-4","SFBay","Twitchell","NA",1217451,38.10807,-121.6499,"NA",.11,"8/8/2011",8,2011,821.09,"28","0","NA","37.5","62.5",0,"NA","0","0","NA",0,"NA",0,"NA",0,1,0,"325.01","496.09","NA","NA","NA","NA","NA","NA","NA","NA","NA","NA","NA","NA","NA"
"w1-4","SFBay","Twitchell","NA",1217451,38.10807,-121.6499,"NA",.11,"9/30/2011",9,2011,849.67,"30","130","NA","37.5","97.5",0,"NA","0","0","NA",0,"NA",0,"NA",0,1,0,"492.25","357.42","NA","NA","NA","NA","NA","NA","NA","NA","NA","NA","NA","NA","NA"
"w1-4","SFBay","Twitchell","NA",1217451,38.10807,-121.6499,"NA",.11,"9/8/2011",9,2011,907.23,"30","0","NA","37.5","62.5",0,"NA","0","0","NA",0,"NA",0,"NA",0,1,0,"481.21","426.03","NA","NA","NA","NA","NA","NA","NA","NA","NA","NA","NA","NA","NA"
"w1-3n_052412","SFBay","Twitchell","NA",1217451,38.10812,-121.65,"NA",.11,"5/23/2012",5,2012,537.03,"61.70000076","0","med","35","65",0,"NA","0","0","NA",0,"NA",0,"NA",0,2,0,"0.00","537.03","NA","NA","NA","NA","NA","NA","NA","NA","NA","NA","NA","NA","NA"
"w1-4n_052412","SFBay","Twitchell","NA",1217451,38.10805,-121.6498,"NA",.11,"5/23/2012",5,2012,739.21,"23.5","0","med","30","50",0,"NA","20","0","NA",0,"NA",0,"NA",0,2,0,"739.21","0.00","NA","NA","NA","NA","NA","NA","NA","NA","NA","NA","NA","NA","NA"
"w1-3n_070212","SFBay","Twitchell","NA",1217451,38.10812,-121.65,"NA",.11,"7/2/2012",7,2012,1144.66,"3.299999952","0","low","65","35",0,"NA","0","0","NA",0,"NA",0,"NA",0,2,0,"566.14","578.52","NA","NA","NA","NA","NA","NA","NA","NA","NA","NA","NA","NA","NA"
"w1-4n_070212","SFBay","Twitchell","NA",1217451,38.10805,-121.6498,"NA",.11,"7/2/2012",7,2012,820.38,"0.300000012","0","med","40","60",0,"NA","0","0","NA",0,"NA",0,"NA",0,2,0,"408.66","411.72","NA","NA","NA","NA","NA","NA","NA","NA","NA","NA","NA","NA","NA"
"w1-6","SFBay","Twitchell","NA",1217452,38.10798,-121.6497,"NA",.11,"5/24/2011",5,2011,874.29,"42","0","NA","3","97.5",0,"NA","0","0","NA",0,"NA",0,"NA",0,2,0,"0.00","874.29","NA","NA","NA","NA","NA","NA","NA","NA","NA","NA","NA","NA","NA"
"w1-5","SFBay","Twitchell","NA",1217452,38.108,-121.6497,"NA",.11,"5/24/2011",5,2011,368.2,"24","0","NA","3","85",0,"NA","0","0","NA",0,"NA",0,"NA",0,2,0,"70.37","297.83","NA","NA","NA","NA","NA","NA","NA","NA","NA","NA","NA","NA","NA"
"w1-5","SFBay","Twitchell","NA",1217452,38.108,-121.6497,"NA",.11,"6/8/2011",6,2011,705.83,"44","0","NA","15","62.5",0,"NA","0","0","NA",0,"NA",0,"NA",0,2,0,"238.73","467.10","NA","NA","NA","NA","NA","NA","NA","NA","NA","NA","NA","NA","NA"
"w1-6","SFBay","Twitchell","NA",1217452,38.10798,-121.6497,"NA",.11,"6/8/2011",6,2011,863.83,"45","0","NA","3","62.5",0,"NA","0","0","NA",0,"NA",0,"NA",0,2,0,"0.00","863.83","NA","NA","NA","NA","NA","NA","NA","NA","NA","NA","NA","NA","NA"
"w1-5","SFBay","Twitchell","NA",1217452,38.108,-121.6497,"NA",.11,"6/30/2011",6,2011,1267.23,"65","35","NA","62.5","15",0,"NA","0","0","NA",0,"NA",0,"NA",0,2,0,"630.59","636.64","NA","NA","NA","NA","NA","NA","NA","NA","NA","NA","NA","NA","NA"
"w1-6","SFBay","Twitchell","NA",1217452,38.10798,-121.6497,"NA",.11,"6/30/2011",6,2011,1056.17,"50","125","NA","3","97.5",0,"NA","0","0","NA",0,"NA",0,"NA",0,2,0,"0.00","1056.17","NA","NA","NA","NA","NA","NA","NA","NA","NA","NA","NA","NA","NA"
"w1-5","SFBay","Twitchell","NA",1217452,38.108,-121.6497,"NA",.11,"8/8/2011",8,2011,1196.3,"32","0","NA","15","37.5",0,"NA","0","0","NA",0,"NA",0,"NA",0,2,0,"622.19","574.11","NA","NA","NA","NA","NA","NA","NA","NA","NA","NA","NA","NA","NA"
"w1-6","SFBay","Twitchell","NA",1217452,38.10798,-121.6497,"NA",.11,"8/8/2011",8,2011,449.8,"40","0","NA","0.5","62.5",0,"NA","0","0","NA",0,"NA",0,"NA",0,2,0,"0.00","449.80","NA","NA","NA","NA","NA","NA","NA","NA","NA","NA","NA","NA","NA"
"w1-6","SFBay","Twitchell","NA",1217452,38.10798,-121.6497,"NA",.11,"9/30/2011",9,2011,268.71,"55","140","NA","3","97.5",0,"NA","0","0","NA",0,"NA",0,"NA",0,2,0,"0.00","268.71","NA","NA","NA","NA","NA","NA","NA","NA","NA","NA","NA","NA","NA"
"w1-5","SFBay","Twitchell","NA",1217452,38.108,-121.6497,"NA",.11,"9/30/2011",9,2011,1414.85,"45","160","NA","15","97.5",0,"NA","0","0","NA",0,"NA",0,"NA",0,2,0,"1030.89","383.96","NA","NA","NA","NA","NA","NA","NA","NA","NA","NA","NA","NA","NA"
"w1-5","SFBay","Twitchell","NA",1217452,38.108,-121.6497,"NA",.11,"9/8/2011",9,2011,1381.73,"50","0","NA","37.5","37.5",0,"NA","0","0","NA",0,"NA",0,"NA",0,2,0,"968.00","413.73","NA","NA","NA","NA","NA","NA","NA","NA","NA","NA","NA","NA","NA"
"w1-6","SFBay","Twitchell","NA",1217452,38.10798,-121.6497,"NA",.11,"9/8/2011",9,2011,369.43,"40","0","NA","3","97.5",0,"NA","0","0","NA",0,"NA",0,"NA",0,2,0,"0.00","369.43","NA","NA","NA","NA","NA","NA","NA","NA","NA","NA","NA","NA","NA"
"w1-6n_052412","SFBay","Twitchell","NA",1217452,38.10793,-121.6495,"NA",.11,"5/23/2012",5,2012,1044.02,"31","0","high","20","80",0,"NA","0","0","NA",0,"NA",0,"NA",0,2,0,"660.98","383.04","NA","NA","NA","NA","NA","NA","NA","NA","NA","NA","NA","NA","NA"
"w1-5n_052412","SFBay","Twitchell","NA",1217452,38.10799,-121.6497,"NA",.11,"5/23/2012",5,2012,438.34,"23.70000076","0","light","40","25",0,"NA","35","0","NA",0,"NA",0,"NA",0,2,0,"424.71","13.63","NA","NA","NA","NA","NA","NA","NA","NA","NA","NA","NA","NA","NA"
"w1-6n_070212","SFBay","Twitchell","NA",1217452,38.10793,-121.6495,"NA",.11,"7/2/2012",7,2012,546.8,"0","0","high","25","75",0,"NA","0","0","NA",0,"NA",0,"NA",0,2,0,"420.95","125.85","NA","NA","NA","NA","NA","NA","NA","NA","NA","NA","NA","NA","NA"
"w1-5n_070212","SFBay","Twitchell","NA",1217452,38.10799,-121.6497,"NA",.11,"7/2/2012",7,2012,754.67,"6.699999809","0","med","85","15",0,"NA","0","0","NA",0,"NA",0,"NA",0,2,0,"403.56","351.12","NA","NA","NA","NA","NA","NA","NA","NA","NA","NA","NA","NA","NA"
"e1_061312","SFBay","Twitchell","NA",1217453,38.108,-121.6492,"NA",.11,"6/13/2012",6,2012,984.67,"0","0","low","15","85",0,"NA","0","0","NA",0,"NA",0,"NA",0,2,0,"372.61","612.05","NA","NA","NA","NA","NA","NA","NA","NA","NA","NA","NA","NA","NA"
"e2_061312","SFBay","Twitchell","NA",1217453,38.10802,-121.6492,"NA",.11,"6/13/2012",6,2012,590.51,"0","0","low","58","62",0,"NA","0","0","NA",0,"NA",0,"NA",0,2,0,"275.72","314.79","NA","NA","NA","NA","NA","NA","NA","NA","NA","NA","NA","NA","NA"
"e2_090712","SFBay","Twitchell","NA",1217453,38.10802,-121.6492,"NA",.11,"9/6/2012",9,2012,1123.98,"31.70000076","0","med","50","35",0,"NA","15","0","NA",0,"NA",0,"NA",0,2,0,"0.00","1123.98","NA","NA","NA","NA","NA","NA","NA","NA","NA","NA","NA","NA","NA"
"e1_090712","SFBay","Twitchell","NA",1217453,38.108,-121.6492,"NA",.11,"9/6/2012",9,2012,1679.86,"26.70000076","0","low","10","85",0,"NA","5","0","NA",0,"NA",0,"NA",0,2,0,"527.61","1152.24","NA","NA","NA","NA","NA","NA","NA","NA","NA","NA","NA","NA","NA"
"drain3_061312","SFBay","Twitchell","NA",1217457,38.10786,-121.648,"NA",.11,"6/12/2012",6,2012,442.4,"0","0","med","50","50",0,"NA","0","0","NA",0,"NA",0,"NA",0,1,0,"0.00","442.40","NA","NA","NA","NA","NA","NA","NA","NA","NA","NA","NA","NA","NA"
"w1-1","SFBay","Twitchell","NA",1220126,38.10823,-121.6503,"NA",.11,"5/24/2011",5,2011,902.36,"40","0","NA","15","97.5",0,"NA","0","0","NA",0,"NA",0,"NA",0,3,0,"0.00","902.36","NA","NA","NA","NA","NA","NA","NA","NA","NA","NA","NA","NA","NA"
"w1-2","SFBay","Twitchell","NA",1220126,38.10821,-121.6503,"NA",.11,"5/24/2011",5,2011,728.64,"34","0","NA","3","97.5",0,"NA","0","0","NA",0,"NA",0,"NA",0,3,0,"0.00","728.64","NA","NA","NA","NA","NA","NA","NA","NA","NA","NA","NA","NA","NA"
"w1-3","SFBay","Twitchell","NA",1220126,38.10819,-121.6502,"NA",.11,"5/24/2011",5,2011,951.18,"38","0","NA","3","97.5",0,"NA","0","0","NA",0,"NA",0,"NA",0,3,0,"111.33","839.84","NA","NA","NA","NA","NA","NA","NA","NA","NA","NA","NA","NA","NA"
"w1-2","SFBay","Twitchell","NA",1220126,38.10821,-121.6503,"NA",.11,"6/8/2011",6,2011,816.37,"50","0","NA","37.5","37.5",0,"NA","0","0","NA",0,"NA",0,"NA",0,3,0,"0.00","816.37","NA","NA","NA","NA","NA","NA","NA","NA","NA","NA","NA","NA","NA"
"w1-3","SFBay","Twitchell","NA",1220126,38.10819,-121.6502,"NA",.11,"6/8/2011",6,2011,941.93,"50","0","NA","15","97.5",0,"NA","15","0","NA",0,"NA",0,"NA",0,3,0,"33.41","908.52","NA","NA","NA","NA","NA","NA","NA","NA","NA","NA","NA","NA","NA"
"w1-1","SFBay","Twitchell","NA",1220126,38.10823,-121.6503,"NA",.11,"6/8/2011",6,2011,804.58,"60","0","NA","37.5","62.5",0,"NA","0","0","NA",0,"NA",0,"NA",0,3,0,"0.00","804.58","NA","NA","NA","NA","NA","NA","NA","NA","NA","NA","NA","NA","NA"
"w1-1","SFBay","Twitchell","NA",1220126,38.10823,-121.6503,"NA",.11,"6/30/2011",6,2011,901.46,"60","60","NA","62.5","37.5",0,"NA","0","0","NA",0,"NA",0,"NA",0,3,0,"0.00","901.46","NA","NA","NA","NA","NA","NA","NA","NA","NA","NA","NA","NA","NA"
"w1-2","SFBay","Twitchell","NA",1220126,38.10821,-121.6503,"NA",.11,"6/30/2011",6,2011,1235.26,"88","60","NA","37.5","37.5",0,"NA","0","0","NA",0,"NA",0,"NA",0,3,0,"0.00","1235.26","NA","NA","NA","NA","NA","NA","NA","NA","NA","NA","NA","NA","NA"
"w1-3","SFBay","Twitchell","NA",1220126,38.10819,-121.6502,"NA",.11,"6/30/2011",6,2011,1035.87,"80","10","NA","15","62.5",0,"NA","0","0","NA",0,"NA",0,"NA",0,3,0,"70.42","965.45","NA","NA","NA","NA","NA","NA","NA","NA","NA","NA","NA","NA","NA"
"w1-2","SFBay","Twitchell","NA",1220126,38.10821,-121.6503,"NA",.11,"8/8/2011",8,2011,918.34,"45","0","NA","62.5","37.5",0,"NA","0","0","NA",0,"NA",0,"NA",0,3,0,"0.00","918.34","NA","NA","NA","NA","NA","NA","NA","NA","NA","NA","NA","NA","NA"
"w1-3","SFBay","Twitchell","NA",1220126,38.10819,-121.6502,"NA",.11,"8/8/2011",8,2011,616.52,"55","0","NA","37.5","85",0,"NA","0","0","NA",0,"NA",0,"NA",0,3,0,"0.00","616.52","NA","NA","NA","NA","NA","NA","NA","NA","NA","NA","NA","NA","NA"
"w1-1","SFBay","Twitchell","NA",1220126,38.10823,-121.6503,"NA",.11,"8/8/2011",8,2011,1055.05,"75","0","NA","62.5","37.5",0,"NA","0","0","NA",0,"NA",0,"NA",0,3,0,"0.00","1055.05","NA","NA","NA","NA","NA","NA","NA","NA","NA","NA","NA","NA","NA"
"w1-2","SFBay","Twitchell","NA",1220126,38.10821,-121.6503,"NA",.11,"9/30/2011",9,2011,1222.67,"50","110","NA","37.5","97.5",0,"NA","0","0","NA",0,"NA",0,"NA",0,3,0,"0.00","1222.67","NA","NA","NA","NA","NA","NA","NA","NA","NA","NA","NA","NA","NA"
"w1-1","SFBay","Twitchell","NA",1220126,38.10823,-121.6503,"NA",.11,"9/30/2011",9,2011,762.23,"60","190","NA","3","97.5",0,"NA","3","0","NA",0,"NA",0,"NA",0,3,0,"0.00","762.23","NA","NA","NA","NA","NA","NA","NA","NA","NA","NA","NA","NA","NA"
"w1-3","SFBay","Twitchell","NA",1220126,38.10819,-121.6502,"NA",.11,"9/30/2011",9,2011,434.22,"50","160","NA","37.5","97.5",0,"NA","0","0","NA",0,"NA",0,"NA",0,3,0,"0.00","434.22","NA","NA","NA","NA","NA","NA","NA","NA","NA","NA","NA","NA","NA"
"w1-3","SFBay","Twitchell","NA",1220126,38.10819,-121.6502,"NA",.11,"9/8/2011",9,2011,828.6,"55","0","NA","37.5","85",0,"NA","0","0","NA",0,"NA",0,"NA",0,3,0,"0.00","828.60","NA","NA","NA","NA","NA","NA","NA","NA","NA","NA","NA","NA","NA"
"w1-1","SFBay","Twitchell","NA",1220126,38.10823,-121.6503,"NA",.11,"9/8/2011",9,2011,969.03,"75","0","NA","62.5","37.5",0,"NA","0","0","NA",0,"NA",0,"NA",0,3,0,"0.00","969.03","NA","NA","NA","NA","NA","NA","NA","NA","NA","NA","NA","NA","NA"
"w1-2","SFBay","Twitchell","NA",1220126,38.10821,-121.6503,"NA",.11,"9/8/2011",9,2011,1105.88,"45","0","NA","62.5","37.5",0,"NA","0","0","NA",0,"NA",0,"NA",0,3,0,"0.00","1105.88","NA","NA","NA","NA","NA","NA","NA","NA","NA","NA","NA","NA","NA"
"w1-2n_052412","SFBay","Twitchell","NA",1220126,38.10819,-121.6502,"NA",.11,"5/23/2012",5,2012,836.86,"67","0","med","65","35",0,"NA","0","0","NA",0,"NA",0,"NA",0,2,0,"0.00","836.86","NA","NA","NA","NA","NA","NA","NA","NA","NA","NA","NA","NA","NA"
"w1-1s_052412","SFBay","Twitchell","NA",1220126,38.10824,-121.6504,"NA",.11,"5/23/2012",5,2012,590.44,"23.29999924","0","low","28","44",0,"NA","18","0","NA",0,"NA",0,"NA",0,2,0,"590.44","0.00","NA","NA","NA","NA","NA","NA","NA","NA","NA","NA","NA","NA","NA"
"w1-1s_070212","SFBay","Twitchell","NA",1220126,38.10824,-121.6504,"NA",.11,"7/2/2012",7,2012,338.07,"0","0","low","35","65",0,"NA","0","0","NA",0,"NA",0,"NA",0,2,0,"338.07","0.00","NA","NA","NA","NA","NA","NA","NA","NA","NA","NA","NA","NA","NA"
"w1-2n_070212","SFBay","Twitchell","NA",1220126,38.10819,-121.6502,"NA",.11,"7/2/2012",7,2012,1316.62,"7.300000191","0","med","85","15",0,"NA","0","0","NA",0,"NA",0,"NA",0,2,0,"0.00","1316.62","NA","NA","NA","NA","NA","NA","NA","NA","NA","NA","NA","NA","NA"
"w1-2n_090712","SFBay","Twitchell","NA",1220126,38.10819,-121.6502,"NA",.11,"9/6/2012",9,2012,1755.14,"27.70000076","0","high","75","25",0,"NA","0","0","NA",0,"NA",0,"NA",0,2,0,"716.81","1038.33","NA","NA","NA","NA","NA","NA","NA","NA","NA","NA","NA","NA","NA"
"w1-1s_090712","SFBay","Twitchell","NA",1220126,38.10824,-121.6504,"NA",.11,"9/6/2012",9,2012,767.56,"5.300000191","0","med","5","87",0,"NA","3","5","NA",0,"NA",0,"NA",0,2,0,"767.56","0.00","NA","NA","NA","NA","NA","NA","NA","NA","NA","NA","NA","NA","NA"
"d1_061312","SFBay","Twitchell","NA",1220127,38.10819,-121.65,"NA",.11,"6/13/2012",6,2012,479.77,"0","0","med","20","80",0,"NA","0","0","NA",0,"NA",0,"NA",0,2,0,"144.98","334.79","NA","NA","NA","NA","NA","NA","NA","NA","NA","NA","NA","NA","NA"
"d2_061312","SFBay","Twitchell","NA",1220127,38.1082,-121.65,"NA",.11,"6/13/2012",6,2012,687.58,"0","0","med","20","80",0,"NA","0","0","NA",0,"NA",0,"NA",0,2,0,"687.58","0.00","NA","NA","NA","NA","NA","NA","NA","NA","NA","NA","NA","NA","NA"
"d1_090712","SFBay","Twitchell","NA",1220127,38.10819,-121.65,"NA",.11,"9/6/2012",9,2012,810.08,"48.29999924","0","med","10","85",0,"NA","5","0","NA",0,"NA",0,"NA",0,2,0,"810.08","0.00","NA","NA","NA","NA","NA","NA","NA","NA","NA","NA","NA","NA","NA"
"d2_090712","SFBay","Twitchell","NA",1220127,38.1082,-121.65,"NA",.11,"9/6/2012",9,2012,1792.79,"33.29999924","0","med","65","30",0,"NA","5","0","NA",0,"NA",0,"NA",0,2,0,"1727.33","0.00","NA","NA","NA","NA","NA","NA","NA","NA","NA","NA","NA","NA","NA"
"drain1_061312","SFBay","Twitchell","NA",1222802,38.10855,-121.6502,"NA",.11,"6/12/2012",6,2012,245.23,"3.299999952","0","NA","50","25",0,"NA","0","25","NA",0,"NA",0,"NA",0,1,0,"132.91","112.33","NA","NA","NA","NA","NA","NA","NA","NA","NA","NA","NA","NA","NA"
"drain2_061312","SFBay","Twitchell","NA",1222803,38.10855,-121.6501,"NA",.11,"6/12/2012",6,2012,439.01,"15","0","low","70","5",0,"NA","0","25","NA",0,"NA",0,"NA",0,1,0,"256.61","182.39","NA","NA","NA","NA","NA","NA","NA","NA","NA","NA","NA","NA","NA"
"22","SFBay","CarlsMarsh","NA",1271146,38.12054,-122.5055,"NA",.25,"7/25/2005",7,2005,311,"0","0","NA","0","0",0,"NA","0","0","Spartina foliosa",0,"NA",0,"NA",0,1,0,"NA","NA","79.42","NA","NA","NA","NA","NA","NA","NA","NA","NA","NA","NA","NA"
"24","SFBay","CarlsMarsh","NA",1273822,38.12056,-122.5057,"NA",.25,"7/25/2005",7,2005,615.24,"0","0","NA","0","0",0,"NA","0","0","Salicornia europaea",0,"NA",0,"NA",0,6,0,"NA","NA","153.81","NA","NA","NA","NA","NA","NA","NA","NA","NA","NA","NA","NA"
"23","SFBay","CarlsMarsh","NA",1273822,38.12055,-122.5056,"NA",.25,"7/25/2005",7,2005,613.2,"0","0","NA","0","0",0,"NA","0","0","Salicornia europaea",0,"NA",0,"NA",0,6,0,"NA","NA","153.30","NA","NA","NA","NA","NA","NA","NA","NA","NA","NA","NA","NA"
"28","SFBay","CarlsMarsh","NA",1273822,38.12072,-122.5056,"NA",.25,"7/25/2005",7,2005,584.4,"0","0","NA","0","0",0,"NA","0","0","Spartina foliosa",0,"NA",0,"NA",0,6,0,"NA","NA","159.73","NA","NA","NA","NA","NA","NA","NA","NA","NA","NA","NA","NA"
"25","SFBay","CarlsMarsh","NA",1273822,38.12057,-122.5057,"NA",.25,"7/25/2005",7,2005,408.4,"0","0","NA","0","0",0,"NA","0","0","Salicornia europaea",0,"NA",0,"NA",0,6,0,"NA","NA","136.60","NA","NA","NA","NA","NA","NA","NA","NA","NA","NA","NA","NA"
"27","SFBay","CarlsMarsh","NA",1273822,38.12071,-122.5055,"NA",.25,"7/25/2005",7,2005,715.04,"0","0","NA","0","0",0,"NA","0","0","Spartina foliosa",0,"NA",0,"NA",0,6,0,"NA","NA","192.67","NA","NA","NA","NA","NA","NA","NA","NA","NA","NA","NA","NA"
"26","SFBay","CarlsMarsh","NA",1273822,38.12072,-122.5056,"NA",.25,"7/25/2005",7,2005,954.88,"0","0","NA","0","0",0,"NA","0","0","Spartina foliosa",0,"NA",0,"NA",0,6,0,"NA","NA","245.98","NA","NA","NA","NA","NA","NA","NA","NA","NA","NA","NA","NA"
"21","SFBay","CarlsMarsh","NA",1273823,38.12057,-122.5055,"NA",.25,"7/25/2005",7,2005,1304.36,"0","0","NA","0","0",0,"NA","0","0","Bolboschoenus maritimus",0,"NA",0,"NA",0,2,0,"NA","NA","445.63","NA","NA","NA","NA","NA","NA","NA","NA","NA","NA","NA","NA"
"20","SFBay","CarlsMarsh","NA",1273823,38.12057,-122.5055,"NA",.25,"7/25/2005",7,2005,1172.68,"0","0","NA","0","0",0,"NA","0","0","Bolboschoenus maritimus",0,"NA",0,"NA",0,2,0,"NA","NA","394.56","NA","NA","NA","NA","NA","NA","NA","NA","NA","NA","NA","NA"
"11","SFBay","CarlsMarsh","NA",1287200,38.12216,-122.5063,"NA",.25,"7/25/2005",7,2005,1114.76,"0","0","NA","0","0",0,"NA","0","0","Salicornia europaea",0,"NA",0,"NA",0,1,0,"NA","NA","278.69","NA","NA","NA","NA","NA","NA","NA","NA","NA","NA","NA","NA"
"17","SFBay","CarlsMarsh","NA",1287205,38.12198,-122.5048,"NA",.25,"7/25/2005",7,2005,1155.36,"0","0","NA","0","0",0,"NA","0","0","Spartina foliosa",0,"NA",0,"NA",0,3,0,"NA","NA","320.52","NA","NA","NA","NA","NA","NA","NA","NA","NA","NA","NA","NA"
"19","SFBay","CarlsMarsh","NA",1287205,38.12196,-122.5048,"NA",.25,"7/25/2005",7,2005,754.12,"0","0","NA","0","0",0,"NA","0","0","Spartina foliosa",0,"NA",0,"NA",0,3,0,"NA","NA","245.92","NA","NA","NA","NA","NA","NA","NA","NA","NA","NA","NA","NA"
"18","SFBay","CarlsMarsh","NA",1287205,38.12198,-122.5048,"NA",.25,"7/25/2005",7,2005,910.92,"0","0","NA","0","0",0,"NA","0","0","Spartina foliosa",0,"NA",0,"NA",0,3,0,"NA","NA","246.53","NA","NA","NA","NA","NA","NA","NA","NA","NA","NA","NA","NA"
"5","SFBay","CarlsMarsh","NA",1289875,38.1223,-122.5065,"NA",.25,"7/25/2005",7,2005,1493.04,"0","0","NA","0","0",0,"NA","0","0","Bolboschoenus maritimus",0,"NA",0,"NA",0,1,0,"NA","NA","469.64","NA","NA","NA","NA","NA","NA","NA","NA","NA","NA","NA","NA"
"15","SFBay","CarlsMarsh","NA",1289876,38.12222,-122.5064,"NA",.25,"7/25/2005",7,2005,455.32,"0","0","NA","0","0",0,"NA","0","0","Salicornia europaea",0,"NA",0,"NA",0,11,0,"NA","NA","118.70","NA","NA","NA","NA","NA","NA","NA","NA","NA","NA","NA","NA"
"12","SFBay","CarlsMarsh","NA",1289876,38.1222,-122.5063,"NA",.25,"7/25/2005",7,2005,670.88,"0","0","NA","0","0",0,"NA","0","0","Salicornia europaea",0,"NA",0,"NA",0,11,0,"NA","NA","174.11","NA","NA","NA","NA","NA","NA","NA","NA","NA","NA","NA","NA"
"16","SFBay","CarlsMarsh","NA",1289876,38.12228,-122.5064,"NA",.25,"7/25/2005",7,2005,535.8,"0","0","NA","0","0",0,"NA","0","0","Salicornia europaea",0,"NA",0,"NA",0,11,0,"NA","NA","133.95","NA","NA","NA","NA","NA","NA","NA","NA","NA","NA","NA","NA"
"13","SFBay","CarlsMarsh","NA",1289876,38.12222,-122.5063,"NA",.25,"7/25/2005",7,2005,277.04,"0","0","NA","0","0",0,"NA","0","0","Salicornia europaea",0,"NA",0,"NA",0,11,0,"NA","NA","74.62","NA","NA","NA","NA","NA","NA","NA","NA","NA","NA","NA","NA"
"7","SFBay","CarlsMarsh","NA",1289876,38.12218,-122.5064,"NA",.25,"7/25/2005",7,2005,573.64,"0","0","NA","0","0",0,"NA","0","0","Spartina foliosa",0,"NA",0,"NA",0,11,0,"NA","NA","152.35","NA","NA","NA","NA","NA","NA","NA","NA","NA","NA","NA","NA"
"4","SFBay","CarlsMarsh","NA",1289876,38.12232,-122.5065,"NA",.25,"7/25/2005",7,2005,1796.44,"0","0","NA","0","0",0,"NA","0","0","Bolboschoenus maritimus",0,"NA",0,"NA",0,11,0,"NA","NA","569.68","NA","NA","NA","NA","NA","NA","NA","NA","NA","NA","NA","NA"
"10","SFBay","CarlsMarsh","NA",1289876,38.1222,-122.5063,"NA",.25,"7/25/2005",7,2005,1099.64,"0","0","NA","0","0",0,"NA","0","0","Salicornia europaea",0,"NA",0,"NA",0,11,0,"NA","NA","274.91","NA","NA","NA","NA","NA","NA","NA","NA","NA","NA","NA","NA"
"6","SFBay","CarlsMarsh","NA",1289876,38.12217,-122.5064,"NA",.25,"7/25/2005",7,2005,951.36,"0","0","NA","0","0",0,"NA","0","0","Bolboschoenus maritimus",0,"NA",0,"NA",0,11,0,"NA","NA","280.40","NA","NA","NA","NA","NA","NA","NA","NA","NA","NA","NA","NA"
"14","SFBay","CarlsMarsh","NA",1289876,38.12224,-122.5063,"NA",.25,"7/25/2005",7,2005,484.88,"0","0","NA","0","0",0,"NA","0","0","Salicornia europaea",0,"NA",0,"NA",0,11,0,"NA","NA","121.22","NA","NA","NA","NA","NA","NA","NA","NA","NA","NA","NA","NA"
"9","SFBay","CarlsMarsh","NA",1289876,38.12221,-122.5064,"NA",.25,"7/25/2005",7,2005,2661.12,"0","0","NA","0","0",0,"NA","0","0","Spartina foliosa",0,"NA",0,"NA",0,11,0,"NA","NA","673.60","NA","NA","NA","NA","NA","NA","NA","NA","NA","NA","NA","NA"
"8","SFBay","CarlsMarsh","NA",1289876,38.12217,-122.5064,"NA",.25,"7/25/2005",7,2005,1210.16,"0","0","NA","0","0",0,"NA","0","0","Spartina foliosa",0,"NA",0,"NA",0,11,0,"NA","NA","302.54","NA","NA","NA","NA","NA","NA","NA","NA","NA","NA","NA","NA"
"2","SFBay","CarlsMarsh","NA",1292552,38.12245,-122.5064,"NA",.25,"7/25/2005",7,2005,1842.04,"0","0","NA","0","0",0,"NA","0","0","Bolboschoenus maritimus",0,"NA",0,"NA",0,3,0,"NA","NA","586.69","NA","NA","NA","NA","NA","NA","NA","NA","NA","NA","NA","NA"
"3","SFBay","CarlsMarsh","NA",1292552,38.12244,-122.5064,"NA",.25,"7/25/2005",7,2005,1347.84,"0","0","NA","0","0",0,"NA","0","0","Bolboschoenus maritimus",0,"NA",0,"NA",0,3,0,"NA","NA","478.54","NA","NA","NA","NA","NA","NA","NA","NA","NA","NA","NA","NA"
"1","SFBay","CarlsMarsh","NA",1292552,38.12247,-122.5063,"NA",.25,"7/25/2005",7,2005,1384.48,"0","0","NA","0","0",0,"NA","0","0","Bolboschoenus maritimus",0,"NA",0,"NA",0,3,0,"NA","NA","425.66","NA","NA","NA","NA","NA","NA","NA","NA","NA","NA","NA","NA"
"1","SFBay","Pond2A","NA",1552649,38.1479,-122.3265,"NA",.25,"7/20/2005",7,2005,2560.12,"0","0","NA","0","0",0,"NA","0","0","Bolboschoenus maritimus_Salicornia pacifica",0,"NA",0,"NA",0,2,0,"NA","NA","674.84","NA","NA","NA","NA","NA","NA","NA","NA","NA","NA","NA","NA"
"2","SFBay","Pond2A","NA",1552649,38.14793,-122.3265,"NA",.25,"7/20/2005",7,2005,1327.68,"0","0","NA","0","0",0,"NA","0","0","Bolboschoenus maritimus_Salicornia pacifica",0,"NA",0,"NA",0,2,0,"NA","NA","597.01","NA","NA","NA","NA","NA","NA","NA","NA","NA","NA","NA","NA"
"8","SFBay","Pond2A","NA",1555325,38.1483,-122.3266,"NA",.25,"7/20/2005",7,2005,868.88,"0","0","NA","0","0",0,"NA","0","0","Typha angustifolia",0,"NA",0,"NA",0,9,0,"NA","NA","315.77","NA","NA","NA","NA","NA","NA","NA","NA","NA","NA","NA","NA"
"6","SFBay","Pond2A","NA",1555325,38.14822,-122.3264,"NA",.25,"7/20/2005",7,2005,694.88,"0","0","NA","0","0",0,"NA","0","0","Bolboschoenus maritimus",0,"NA",0,"NA",0,9,0,"NA","NA","191.49","NA","NA","NA","NA","NA","NA","NA","NA","NA","NA","NA","NA"
"3","SFBay","Pond2A","NA",1555325,38.14814,-122.3265,"NA",.25,"7/20/2005",7,2005,2972,"0","0","NA","0","0",0,"NA","0","0","Bolboschoenus maritimus_Salicornia pacifica",0,"NA",0,"NA",0,9,0,"NA","NA","887.26","NA","NA","NA","NA","NA","NA","NA","NA","NA","NA","NA","NA"
"13","SFBay","Pond2A","NA",1555325,38.14822,-122.3265,"NA",.25,"7/20/2005",7,2005,402.96,"0","0","NA","0","0",0,"NA","0","0","Spartina foliosa",0,"NA",0,"NA",0,9,0,"NA","NA","118.47","NA","NA","NA","NA","NA","NA","NA","NA","NA","NA","NA","NA"
"11","SFBay","Pond2A","NA",1555325,38.14821,-122.3265,"NA",.25,"7/20/2005",7,2005,497.56,"0","0","NA","0","0",0,"NA","0","0","Spartina foliosa",0,"NA",0,"NA",0,9,0,"NA","NA","127.26","NA","NA","NA","NA","NA","NA","NA","NA","NA","NA","NA","NA"
"5","SFBay","Pond2A","NA",1555325,38.14812,-122.3265,"NA",.25,"7/20/2005",7,2005,1214.28,"0","0","NA","0","0",0,"NA","0","0","Bolboschoenus maritimus",0,"NA",0,"NA",0,9,0,"NA","NA","471.02","NA","NA","NA","NA","NA","NA","NA","NA","NA","NA","NA","NA"
"12","SFBay","Pond2A","NA",1555325,38.14819,-122.3265,"NA",.25,"7/20/2005",7,2005,384.08,"0","0","NA","0","0",0,"NA","0","0","Spartina foliosa",0,"NA",0,"NA",0,9,0,"NA","NA","159.14","NA","NA","NA","NA","NA","NA","NA","NA","NA","NA","NA","NA"
"7","SFBay","Pond2A","NA",1555325,38.14824,-122.3265,"NA",.25,"7/20/2005",7,2005,745.96,"0","0","NA","0","0",0,"NA","0","0","Bolboschoenus maritimus",0,"NA",0,"NA",0,9,0,"NA","NA","266.29","NA","NA","NA","NA","NA","NA","NA","NA","NA","NA","NA","NA"
"4","SFBay","Pond2A","NA",1555325,38.14806,-122.3265,"NA",.25,"7/20/2005",7,2005,1048.08,"0","0","NA","0","0",0,"NA","0","0","Bolboschoenus maritimus",0,"NA",0,"NA",0,9,0,"NA","NA","429.55","NA","NA","NA","NA","NA","NA","NA","NA","NA","NA","NA","NA"
"10","SFBay","Pond2A","NA",1558001,38.14849,-122.3264,"NA",.25,"7/20/2005",7,2005,2345.84,"0","0","NA","0","0",0,"NA","0","0","Typha angustifolia",0,"NA",0,"NA",0,2,0,"NA","NA","723.37","NA","NA","NA","NA","NA","NA","NA","NA","NA","NA","NA","NA"
"9","SFBay","Pond2A","NA",1558001,38.14836,-122.3265,"NA",.25,"7/20/2005",7,2005,957.8,"0","0","NA","0","0",0,"NA","0","0","Typha angustifolia",0,"NA",0,"NA",0,2,0,"NA","NA","424.92","NA","NA","NA","NA","NA","NA","NA","NA","NA","NA","NA","NA"
"32","SFBay","Pond2A","NA",1595443,38.1524,-122.3338,"NA",.25,"9/2/2005",9,2005,2610.88,"0","0","NA","0","0",0,"NA","0","0","Salicornia pacifica",0,"NA",0,"NA",0,1,0,"NA","NA","652.72","NA","NA","NA","NA","NA","NA","NA","NA","NA","NA","NA","NA"
"14","SFBay","Pond2A","NA",1598153,38.15257,-122.3222,"NA",.25,"7/20/2005",7,2005,1559.04,"0","0","NA","0","0",0,"NA","0","0","Bolboschoenus maritimus",0,"NA",0,"NA",0,2,0,"NA","NA","707.89","NA","NA","NA","NA","NA","NA","NA","NA","NA","NA","NA","NA"
"15","SFBay","Pond2A","NA",1598153,38.15258,-122.3223,"NA",.25,"7/20/2005",7,2005,739.44,"0","0","NA","0","0",0,"NA","0","0","Bolboschoenus maritimus",0,"NA",0,"NA",0,2,0,"NA","NA","612.58","NA","NA","NA","NA","NA","NA","NA","NA","NA","NA","NA","NA"
"33","SFBay","Pond2A","NA",1600799,38.15279,-122.3324,"NA",.25,"9/2/2005",9,2005,2338.2,"0","0","NA","0","0",0,"NA","0","0","Salicornia pacifica",0,"NA",0,"NA",0,1,0,"NA","NA","584.55","NA","NA","NA","NA","NA","NA","NA","NA","NA","NA","NA","NA"
"34","SFBay","Pond2A","NA",1600800,38.15273,-122.3323,"NA",.25,"9/2/2005",9,2005,2383.28,"0","0","NA","0","0",0,"NA","0","0","Salicornia pacifica",0,"NA",0,"NA",0,1,0,"NA","NA","595.82","NA","NA","NA","NA","NA","NA","NA","NA","NA","NA","NA","NA"
"35","SFBay","Pond2A","NA",1600801,38.15279,-122.3317,"NA",.25,"9/2/2005",9,2005,2193.28,"0","0","NA","0","0",0,"NA","0","0","Salicornia pacifica",0,"NA",0,"NA",0,1,0,"NA","NA","548.32","NA","NA","NA","NA","NA","NA","NA","NA","NA","NA","NA","NA"
"37","SFBay","Pond2A","NA",1600810,38.1529,-122.3288,"NA",.25,"9/2/2005",9,2005,2156.84,"0","0","NA","0","0",0,"NA","0","0","Salicornia pacifica",0,"NA",0,"NA",0,1,0,"NA","NA","539.21","NA","NA","NA","NA","NA","NA","NA","NA","NA","NA","NA","NA"
"17","SFBay","Pond2A","NA",1600829,38.15277,-122.3222,"NA",.25,"7/20/2005",7,2005,1697.4,"0","0","NA","0","0",0,"NA","0","0","Bolboschoenus maritimus",0,"NA",0,"NA",0,5,0,"NA","NA","779.61","NA","NA","NA","NA","NA","NA","NA","NA","NA","NA","NA","NA"
"18","SFBay","Pond2A","NA",1600829,38.15277,-122.3223,"NA",.25,"7/20/2005",7,2005,991.8,"0","0","NA","0","0",0,"NA","0","0","Schoenoplectus americanus",0,"NA",0,"NA",0,5,0,"NA","NA","306.34","NA","NA","NA","NA","NA","NA","NA","NA","NA","NA","NA","NA"
"20","SFBay","Pond2A","NA",1600829,38.15279,-122.3224,"NA",.25,"7/20/2005",7,2005,1584.48,"0","0","NA","0","0",0,"NA","0","0","Schoenoplectus americanus",0,"NA",0,"NA",0,5,0,"NA","NA","479.79","NA","NA","NA","NA","NA","NA","NA","NA","NA","NA","NA","NA"
"19","SFBay","Pond2A","NA",1600829,38.15275,-122.3223,"NA",.25,"7/20/2005",7,2005,1056.72,"0","0","NA","0","0",0,"NA","0","0","Schoenoplectus americanus",0,"NA",0,"NA",0,5,0,"NA","NA","309.60","NA","NA","NA","NA","NA","NA","NA","NA","NA","NA","NA","NA"
"16","SFBay","Pond2A","NA",1600829,38.15268,-122.3223,"NA",.25,"7/20/2005",7,2005,1474.76,"0","0","NA","0","0",0,"NA","0","0","Bolboschoenus maritimus",0,"NA",0,"NA",0,5,0,"NA","NA","663.30","NA","NA","NA","NA","NA","NA","NA","NA","NA","NA","NA","NA"
"31","SFBay","Pond2A","NA",1603470,38.15309,-122.3341,"NA",.25,"9/2/2005",9,2005,2401.4,"0","0","NA","0","0",0,"NA","0","0","Salicornia pacifica",0,"NA",0,"NA",0,1,0,"NA","NA","600.35","NA","NA","NA","NA","NA","NA","NA","NA","NA","NA","NA","NA"
"30","SFBay","Pond2A","NA",1603471,38.15307,-122.3338,"NA",.25,"9/2/2005",9,2005,1891.96,"0","0","NA","0","0",0,"NA","0","0","Salicornia pacifica",0,"NA",0,"NA",0,1,0,"NA","NA","472.99","NA","NA","NA","NA","NA","NA","NA","NA","NA","NA","NA","NA"
"36","SFBay","Pond2A","NA",1603482,38.15294,-122.3303,"NA",.25,"7/13/2005",7,2005,1699,"0","0","NA","0","0",0,"NA","0","0","Salicornia pacifica",0,"NA",0,"NA",0,1,0,"NA","NA","424.75","NA","NA","NA","NA","NA","NA","NA","NA","NA","NA","NA","NA"
"38","SFBay","Pond2A","NA",1603492,38.15299,-122.3268,"NA",.25,"9/2/2005",9,2005,1916.64,"0","0","NA","0","0",0,"NA","0","0","Salicornia pacifica",0,"NA",0,"NA",0,1,0,"NA","NA","479.16","NA","NA","NA","NA","NA","NA","NA","NA","NA","NA","NA","NA"
"39","SFBay","Pond2A","NA",1603496,38.15311,-122.3255,"NA",.25,"9/2/2005",9,2005,1626.48,"0","0","NA","0","0",0,"NA","0","0","Salicornia pacifica",0,"NA",0,"NA",0,1,0,"NA","NA","406.62","NA","NA","NA","NA","NA","NA","NA","NA","NA","NA","NA","NA"
"44","SFBay","Pond2A","NA",1608881,38.15347,-122.3142,"NA",.25,"9/2/2005",9,2005,1238.32,"0","0","NA","0","0",0,"NA","0","0","Salicornia pacifica",0,"NA",0,"NA",0,1,0,"NA","NA","309.58","NA","NA","NA","NA","NA","NA","NA","NA","NA","NA","NA","NA"
"29","SFBay","Pond2A","NA",1611514,38.15384,-122.3288,"NA",.25,"7/25/2005",7,2005,331.96,"0","0","NA","0","0",0,"NA","0","0","Spartina foliosa",0,"NA",0,"NA",0,3,0,"NA","NA","92.08","NA","NA","NA","NA","NA","NA","NA","NA","NA","NA","NA","NA"
"45","SFBay","Pond2A","NA",1611566,38.15368,-122.311,"NA",.25,"7/13/2005",7,2005,2126.44,"0","0","NA","0","0",0,"NA","0","0","Salicornia pacifica",0,"NA",0,"NA",0,1,0,"NA","NA","531.61","NA","NA","NA","NA","NA","NA","NA","NA","NA","NA","NA","NA"
"46","SFBay","Pond2A","NA",1611570,38.15367,-122.3095,"NA",.25,"9/2/2005",9,2005,2722.96,"0","0","NA","0","0",0,"NA","0","0","Salicornia pacifica",0,"NA",0,"NA",0,1,0,"NA","NA","680.74","NA","NA","NA","NA","NA","NA","NA","NA","NA","NA","NA","NA"
"47","SFBay","Pond2A","NA",1611574,38.15365,-122.3084,"NA",.25,"7/13/2005",7,2005,2022.08,"0","0","NA","0","0",0,"NA","0","0","Salicornia pacifica",0,"NA",0,"NA",0,1,0,"NA","NA","505.52","NA","NA","NA","NA","NA","NA","NA","NA","NA","NA","NA","NA"
"48","SFBay","Pond2A","NA",1611577,38.15384,-122.3071,"NA",.25,"6/10/2005",6,2005,2263.04,"0","0","NA","0","0",0,"NA","0","0","Salicornia pacifica",0,"NA",0,"NA",0,1,0,"NA","NA","565.76","NA","NA","NA","NA","NA","NA","NA","NA","NA","NA","NA","NA"
"49","SFBay","Pond2A","NA",1611579,38.15375,-122.3063,"NA",.25,"6/10/2005",6,2005,2074.52,"0","0","NA","0","0",0,"NA","0","0","Salicornia pacifica",0,"NA",0,"NA",0,1,0,"NA","NA","518.63","NA","NA","NA","NA","NA","NA","NA","NA","NA","NA","NA","NA"
"40","SFBay","Pond2A","NA",1614207,38.15404,-122.3228,"NA",.25,"7/13/2005",7,2005,2212.92,"0","0","NA","0","0",0,"NA","0","0","Salicornia pacifica",0,"NA",0,"NA",0,1,0,"NA","NA","553.23","NA","NA","NA","NA","NA","NA","NA","NA","NA","NA","NA","NA"
"41","SFBay","Pond2A","NA",1614208,38.15416,-122.3225,"NA",.25,"9/2/2005",9,2005,2678.64,"0","0","NA","0","0",0,"NA","0","0","Salicornia pacifica",0,"NA",0,"NA",0,2,0,"NA","NA","669.66","NA","NA","NA","NA","NA","NA","NA","NA","NA","NA","NA","NA"
"43","SFBay","Pond2A","NA",1614208,38.15423,-122.3226,"NA",.25,"9/2/2005",9,2005,2524.56,"0","0","NA","0","0",0,"NA","0","0","Salicornia pacifica",0,"NA",0,"NA",0,2,0,"NA","NA","631.14","NA","NA","NA","NA","NA","NA","NA","NA","NA","NA","NA","NA"
"42","SFBay","Pond2A","NA",1616884,38.15429,-122.3224,"NA",.25,"7/13/2005",7,2005,2666.88,"0","0","NA","0","0",0,"NA","0","0","Salicornia pacifica",0,"NA",0,"NA",0,1,0,"NA","NA","666.72","NA","NA","NA","NA","NA","NA","NA","NA","NA","NA","NA","NA"
"78","SFBay","Coon Island","NA",1951389,38.18805,-122.3206,"NA",.25,"8/23/2005",8,2005,2726.56,"0","0","NA","0","0",0,"NA","0","0","Salicornia pacifica",0,"NA",0,"NA",0,1,0,"NA","NA","681.64","NA","NA","NA","NA","NA","NA","NA","NA","NA","NA","NA","NA"
"77","SFBay","Coon Island","NA",1954065,38.18836,-122.3207,"NA",.25,"8/23/2005",8,2005,3424.88,"0","0","NA","0","0",0,"NA","0","0","Salicornia pacifica",0,"NA",0,"NA",0,1,0,"NA","NA","856.22","NA","NA","NA","NA","NA","NA","NA","NA","NA","NA","NA","NA"
"76","SFBay","Coon Island","NA",1956742,38.18866,-122.3204,"NA",.25,"8/23/2005",8,2005,2057.12,"0","0","NA","0","0",0,"NA","0","0","Salicornia pacifica",0,"NA",0,"NA",0,1,0,"NA","NA","514.28","NA","NA","NA","NA","NA","NA","NA","NA","NA","NA","NA","NA"
"75","SFBay","Coon Island","NA",1959418,38.18909,-122.3203,"NA",.25,"8/23/2005",8,2005,1818.44,"0","0","NA","0","0",0,"NA","0","0","Salicornia pacifica",0,"NA",0,"NA",0,1,0,"NA","NA","454.61","NA","NA","NA","NA","NA","NA","NA","NA","NA","NA","NA","NA"
"72","SFBay","Coon Island","NA",1964766,38.18963,-122.3217,"NA",.25,"8/23/2005",8,2005,2159.44,"0","0","NA","0","0",0,"NA","0","0","Salicornia pacifica",0,"NA",0,"NA",0,1,0,"NA","NA","539.86","NA","NA","NA","NA","NA","NA","NA","NA","NA","NA","NA","NA"
"73","SFBay","Coon Island","NA",1964768,38.1895,-122.321,"NA",.25,"8/23/2005",8,2005,1932.48,"0","0","NA","0","0",0,"NA","0","0","Salicornia pacifica",0,"NA",0,"NA",0,1,0,"NA","NA","483.12","NA","NA","NA","NA","NA","NA","NA","NA","NA","NA","NA","NA"
"74","SFBay","Coon Island","NA",1967446,38.1899,-122.3202,"NA",.25,"8/23/2005",8,2005,2365.16,"0","0","NA","0","0",0,"NA","0","0","Salicornia pacifica",0,"NA",0,"NA",0,1,0,"NA","NA","591.29","NA","NA","NA","NA","NA","NA","NA","NA","NA","NA","NA","NA"
"71","SFBay","Coon Island","NA",1970117,38.18996,-122.322,"NA",.25,"8/23/2005",8,2005,1236.28,"0","0","NA","0","0",0,"NA","0","0","Salicornia pacifica",0,"NA",0,"NA",0,1,0,"NA","NA","309.07","NA","NA","NA","NA","NA","NA","NA","NA","NA","NA","NA","NA"
"79","SFBay","Coon Island","NA",1970120,38.1901,-122.3208,"NA",.25,"8/23/2005",8,2005,1116.92,"0","0","NA","0","0",0,"NA","0","0","Salicornia pacifica",0,"NA",0,"NA",0,1,0,"NA","NA","279.23","NA","NA","NA","NA","NA","NA","NA","NA","NA","NA","NA","NA"
"80","SFBay","Coon Island","NA",1975472,38.19067,-122.321,"NA",.25,"8/23/2005",8,2005,1079.32,"0","0","NA","0","0",0,"NA","0","0","Salicornia pacifica",0,"NA",0,"NA",0,1,0,"NA","NA","269.83","NA","NA","NA","NA","NA","NA","NA","NA","NA","NA","NA","NA"
"48","SFBay","Coon Island","NA",1986178,38.19172,-122.3202,"NA",.25,"7/27/2005",7,2005,1087.32,"0","0","NA","0","0",0,"NA","0","0","Schoenoplectus americanus",0,"NA",0,"NA",0,1,0,"NA","NA","508.09","NA","NA","NA","NA","NA","NA","NA","NA","NA","NA","NA","NA"
"47","SFBay","Coon Island","NA",1986179,38.19178,-122.3198,"NA",.25,"7/27/2005",7,2005,973.44,"0","0","NA","0","0",0,"NA","0","0","Schoenoplectus americanus",0,"NA",0,"NA",0,1,0,"NA","NA","285.26","NA","NA","NA","NA","NA","NA","NA","NA","NA","NA","NA","NA"
"46","SFBay","Coon Island","NA",1988855,38.19186,-122.3197,"NA",.25,"7/27/2005",7,2005,719.56,"0","0","NA","0","0",0,"NA","0","0","Schoenoplectus americanus",0,"NA",0,"NA",0,1,0,"NA","NA","199.64","NA","NA","NA","NA","NA","NA","NA","NA","NA","NA","NA","NA"
"45","SFBay","Coon Island","NA",1988856,38.19204,-122.3197,"NA",.25,"7/27/2005",7,2005,875.8,"0","0","NA","0","0",0,"NA","0","0","Schoenoplectus americanus",0,"NA",0,"NA",0,1,0,"NA","NA","283.55","NA","NA","NA","NA","NA","NA","NA","NA","NA","NA","NA","NA"
"44","SFBay","Coon Island","NA",1991532,38.19212,-122.3196,"NA",.25,"7/27/2005",7,2005,788.52,"0","0","NA","0","0",0,"NA","0","0","Schoenoplectus americanus",0,"NA",0,"NA",0,1,0,"NA","NA","250.47","NA","NA","NA","NA","NA","NA","NA","NA","NA","NA","NA","NA"
"43","SFBay","Coon Island","NA",1991533,38.1923,-122.3192,"NA",.25,"7/27/2005",7,2005,636.84,"0","0","NA","0","0",0,"NA","0","0","Schoenoplectus acutus",0,"NA",0,"NA",0,1,0,"NA","NA","417.07","NA","NA","NA","NA","NA","NA","NA","NA","NA","NA","NA","NA"
"41","SFBay","Coon Island","NA",1996885,38.19263,-122.319,"NA",.25,"7/27/2005",7,2005,656.12,"0","0","NA","0","0",0,"NA","0","0","Schoenoplectus acutus",0,"NA",0,"NA",0,1,0,"NA","NA","272.03","NA","NA","NA","NA","NA","NA","NA","NA","NA","NA","NA","NA"
"42","SFBay","Coon Island","NA",1996886,38.19263,-122.3189,"NA",.25,"7/27/2005",7,2005,675.72,"0","0","NA","0","0",0,"NA","0","0","Schoenoplectus acutus",0,"NA",0,"NA",0,1,0,"NA","NA","365.01","NA","NA","NA","NA","NA","NA","NA","NA","NA","NA","NA","NA"
"r7-6-4","SFBay","Rush Ranch","NA",1997749,38.19064,-122.0232,"NA",.11,"8/6/2014",8,2014,684.95,"0","120","HIGH","60","40",0,"NA","0","0","Schoenoplectus acutus",40,"NA",0,"NA",0,6,0,"NA","NA","NA","NA","NA","NA","NA","NA","NA","NA","NA","NA","NA","NA","NA"
"r7-6-1","SFBay","Rush Ranch","NA",1997749,38.19072,-122.0233,"NA",.11,"8/6/2014",8,2014,1270.73,"20","70","MED","40","60",0,"NA","0","0","Schoenoplectus acutus",30,"Typha domingensis",10,"NA",0,6,0,"NA","NA","NA","NA","NA","NA","NA","NA","NA","NA","NA","NA","NA","NA","NA"
"r7-6-6","SFBay","Rush Ranch","NA",1997749,38.19059,-122.0231,"NA",.11,"8/6/2014",8,2014,476.44,"0","80","HIGH","50","50",0,"NA","0","0","Schoenoplectus acutus",50,"NA",0,"NA",0,6,0,"NA","NA","NA","NA","NA","NA","NA","NA","NA","NA","NA","NA","NA","NA","NA"
"r7-6-3","SFBay","Rush Ranch","NA",1997749,38.19065,-122.0232,"NA",.11,"8/6/2014",8,2014,1052,"10","60","HIGH","30","70",0,"NA","0","0","Schoenoplectus acutus",20,"Schoenoplectus californicus",10,"NA",0,6,0,"NA","NA","NA","NA","NA","NA","NA","NA","NA","NA","NA","NA","NA","NA","NA"
"r7-6-2","SFBay","Rush Ranch","NA",1997749,38.19072,-122.0231,"NA",.11,"8/6/2014",8,2014,766.82,"1","100","MED","70","30",0,"NA","0","0","Typha domingensis",60,"Schoenoplectus acutus",10,"NA",0,6,0,"NA","NA","NA","NA","NA","NA","NA","NA","NA","NA","NA","NA","NA","NA","NA"
"r7-6-5","SFBay","Rush Ranch","NA",1997749,38.19059,-122.0232,"NA",.11,"8/6/2014",8,2014,291.02,"15","70","HIGH","40","60",0,"NA","0","0","Schoenoplectus acutus",60,"NA",0,"NA",0,6,0,"NA","NA","NA","NA","NA","NA","NA","NA","NA","NA","NA","NA","NA","NA","NA"
"r7-5-1","SFBay","Rush Ranch","NA",2000425,38.19101,-122.0233,"NA",.11,"8/6/2014",8,2014,1479.74,"10","100","HIGH","40","60",0,"NA","0","0","Schoenoplectus acutus",39,"Typha domingensis",1,"NA",0,6,0,"NA","NA","NA","NA","NA","NA","NA","NA","NA","NA","NA","NA","NA","NA","NA"
"r7-5-4","SFBay","Rush Ranch","NA",2000425,38.19093,-122.0231,"NA",.11,"8/6/2014",8,2014,502.55,"0","100","HIGH","60","40",0,"NA","0","0","Schoenoplectus acutus",40,"Typha domingensis",20,"NA",0,6,0,"NA","NA","NA","NA","NA","NA","NA","NA","NA","NA","NA","NA","NA","NA","NA"
"r7-5-6","SFBay","Rush Ranch","NA",2000425,38.19086,-122.0232,"NA",.11,"8/6/2014",8,2014,598.75,"1","90","HIGH","50","50",0,"NA","0","0","Typha domingensis",25,"Schoenoplectus acutus",25,"NA",0,6,0,"NA","NA","NA","NA","NA","NA","NA","NA","NA","NA","NA","NA","NA","NA","NA"
"r7-5-2","SFBay","Rush Ranch","NA",2000425,38.19099,-122.0231,"NA",.11,"8/6/2014",8,2014,393.16,"1","100","HIGH","70","30",0,"NA","0","0","Typha domingensis",60,"Schoenoplectus acutus",10,"NA",0,6,0,"NA","NA","NA","NA","NA","NA","NA","NA","NA","NA","NA","NA","NA","NA","NA"
"r7-5-5","SFBay","Rush Ranch","NA",2000425,38.19086,-122.0233,"NA",.11,"8/6/2014",8,2014,801.99,"15","100","HIGH","60","40",0,"NA","0","0","Schoenoplectus acutus",60,"NA",0,"NA",0,6,0,"NA","NA","NA","NA","NA","NA","NA","NA","NA","NA","NA","NA","NA","NA","NA"
"r7-5-3","SFBay","Rush Ranch","NA",2000425,38.19093,-122.0232,"NA",.11,"8/6/2014",8,2014,726.74,"1","120","HIGH","70","30",0,"NA","0","0","Schoenoplectus acutus",67,"Typha domingensis",3,"NA",0,6,0,"NA","NA","NA","NA","NA","NA","NA","NA","NA","NA","NA","NA","NA","NA","NA"
"70","SFBay","Coon Island","NA",2002237,38.19331,-122.319,"NA",.25,"8/23/2005",8,2005,2973.4,"0","0","NA","0","0",0,"NA","0","0","Salicornia pacifica",0,"NA",0,"NA",0,1,0,"NA","NA","743.35","NA","NA","NA","NA","NA","NA","NA","NA","NA","NA","NA","NA"
"r7-4-4","SFBay","Rush Ranch","NA",2003101,38.19121,-122.0231,"NA",.11,"8/6/2014",8,2014,659.74,"0","130","MED","70","30",0,"NA","0","0","Typha domingensis",35,"Schoenoplectus acutus",35,"NA",0,6,0,"NA","NA","NA","NA","NA","NA","NA","NA","NA","NA","NA","NA","NA","NA","NA"
"r7-4-5","SFBay","Rush Ranch","NA",2003101,38.1911,-122.0232,"NA",.11,"8/6/2014",8,2014,680.5,"0","150","HIGH","50","50",0,"NA","0","0","Schoenoplectus acutus",45,"Typha domingensis",5,"NA",0,6,0,"NA","NA","NA","NA","NA","NA","NA","NA","NA","NA","NA","NA","NA","NA","NA"
"r7-4-1","SFBay","Rush Ranch","NA",2003101,38.19126,-122.0232,"NA",.11,"8/6/2014",8,2014,948.91,"0","150","MED","70","30",0,"NA","0","0","Schoenoplectus acutus",50,"Typha domingensis",50,"NA",0,6,0,"NA","NA","NA","NA","NA","NA","NA","NA","NA","NA","NA","NA","NA","NA","NA"
"r7-4-2","SFBay","Rush Ranch","NA",2003101,38.19127,-122.0231,"NA",.11,"8/6/2014",8,2014,866.57,"0","140","HIGH","50","50",0,"NA","0","0","Schoenoplectus acutus",45,"Typha domingensis",5,"NA",0,6,0,"NA","NA","NA","NA","NA","NA","NA","NA","NA","NA","NA","NA","NA","NA","NA"
"r7-4-6","SFBay","Rush Ranch","NA",2003101,38.19113,-122.0231,"NA",.11,"8/6/2014",8,2014,593.81,"0","50","HIGH","70","30",0,"NA","0","0","Typha domingensis",35,"Schoenoplectus acutus",35,"NA",0,6,0,"NA","NA","NA","NA","NA","NA","NA","NA","NA","NA","NA","NA","NA","NA","NA"
"r7-4-3","SFBay","Rush Ranch","NA",2003101,38.1912,-122.0232,"NA",.11,"8/6/2014",8,2014,832.69,"5","130","MED","60","40",0,"NA","0","0","Typha domingensis",40,"Scoenoplectus acutus",20,"NA",0,6,0,"NA","NA","NA","NA","NA","NA","NA","NA","NA","NA","NA","NA","NA","NA","NA"
"69","SFBay","Coon Island","NA",2004913,38.1936,-122.319,"NA",.25,"8/23/2005",8,2005,1796.84,"0","0","NA","0","0",0,"NA","0","0","Salicornia pacifica",0,"NA",0,"NA",0,1,0,"NA","NA","449.21","NA","NA","NA","NA","NA","NA","NA","NA","NA","NA","NA","NA"
"50","SFBay","Coon Island","NA",2004914,38.19361,-122.3188,"NA",.25,"7/27/2005",7,2005,1136.36,"0","0","NA","0","0",0,"NA","0","0","Schoenoplectus californicus",0,"NA",0,"NA",0,3,0,"NA","NA","318.49","NA","NA","NA","NA","NA","NA","NA","NA","NA","NA","NA","NA"
"51","SFBay","Coon Island","NA",2004914,38.19357,-122.3188,"NA",.25,"7/27/2005",7,2005,620.64,"0","0","NA","0","0",0,"NA","0","0","Schoenoplectus californicus",0,"NA",0,"NA",0,3,0,"NA","NA","281.06","NA","NA","NA","NA","NA","NA","NA","NA","NA","NA","NA","NA"
"49","SFBay","Coon Island","NA",2004914,38.19358,-122.3188,"NA",.25,"7/27/2005",7,2005,778.8,"0","0","NA","0","0",0,"NA","0","0","Schoenoplectus californicus",0,"NA",0,"NA",0,3,0,"NA","NA","325.39","NA","NA","NA","NA","NA","NA","NA","NA","NA","NA","NA","NA"
"r7-3-4","SFBay","Rush Ranch","NA",2005777,38.19147,-122.0232,"NA",.11,"8/6/2014",8,2014,530.51,"0","130","HIGH","60","40",0,"NA","0","0","Schoenoplectus acutus",55,"Typha domingensis",5,"NA",0,6,0,"NA","NA","NA","NA","NA","NA","NA","NA","NA","NA","NA","NA","NA","NA","NA"
"r7-3-3","SFBay","Rush Ranch","NA",2005777,38.19146,-122.0232,"NA",.11,"8/6/2014",8,2014,824.48,"15","120","LOW","90","10",0,"NA","0","0","Schoenoplectus acutus",76,"Schoenoplectus californicus",10,"Typha domingensis",4,6,0,"NA","NA","NA","NA","NA","NA","NA","NA","NA","NA","NA","NA","NA","NA","NA"
"r7-3-2","SFBay","Rush Ranch","NA",2005777,38.19154,-122.0232,"NA",.11,"8/6/2014",8,2014,817.57,"0","50","HIGH","60","30",0,"NA","0","0","Schoenoplectus acutus",50,"Typha domingensis",10,"NA",0,6,0,"NA","NA","NA","NA","NA","NA","NA","NA","NA","NA","NA","NA","NA","NA","NA"
"r7-3-1","SFBay","Rush Ranch","NA",2005777,38.19155,-122.0232,"NA",.11,"8/6/2014",8,2014,1202.26,"0","120","LOW","90","10",0,"NA","0","0","Schoenoplectus acutus",45,"Schoenoplectus californicus",45,"NA",0,6,0,"NA","NA","NA","NA","NA","NA","NA","NA","NA","NA","NA","NA","NA","NA","NA"
"r7-3-6","SFBay","Rush Ranch","NA",2005777,38.19142,-122.0231,"NA",.11,"8/6/2014",8,2014,936.57,"0","130","HIGH","60","40",0,"NA","0","0","Schoenoplectus acutus",55,"Typha domingensis",5,"NA",0,6,0,"NA","NA","NA","NA","NA","NA","NA","NA","NA","NA","NA","NA","NA","NA","NA"
"r7-3-5","SFBay","Rush Ranch","NA",2005777,38.1914,-122.0232,"NA",.11,"8/6/2014",8,2014,2566,"0","140","MED","80","20",0,"NA","0","0","Schoenoplectus californicus",50,"Schoenoplectus acutus",25,"Typha domingensis",5,6,0,"NA","NA","NA","NA","NA","NA","NA","NA","NA","NA","NA","NA","NA","NA","NA"
"32","SFBay","Coon Island","NA",2007563,38.19378,-122.3279,"NA",.25,"7/27/2005",7,2005,1561.8,"0","0","NA","0","0",0,"NA","0","0","Typha angustifolia",0,"NA",0,"NA",0,1,0,"NA","NA","514.98","NA","NA","NA","NA","NA","NA","NA","NA","NA","NA","NA","NA"
"31","SFBay","Coon Island","NA",2007564,38.19375,-122.3279,"NA",.25,"7/27/2005",7,2005,1710.16,"0","0","NA","0","0",0,"NA","0","0","Typha angustifolia",0,"NA",0,"NA",0,4,0,"NA","NA","584.72","NA","NA","NA","NA","NA","NA","NA","NA","NA","NA","NA","NA"
"39","SFBay","Coon Island","NA",2007564,38.19381,-122.3278,"NA",.25,"7/27/2005",7,2005,892.28,"0","0","NA","0","0",0,"NA","0","0","Typha angustifolia",0,"NA",0,"NA",0,4,0,"NA","NA","322.44","NA","NA","NA","NA","NA","NA","NA","NA","NA","NA","NA","NA"
"33","SFBay","Coon Island","NA",2007564,38.19382,-122.3278,"NA",.25,"7/27/2005",7,2005,1700.6,"0","0","NA","0","0",0,"NA","0","0","Typha angustifolia",0,"NA",0,"NA",0,4,0,"NA","NA","528.17","NA","NA","NA","NA","NA","NA","NA","NA","NA","NA","NA","NA"
"40","SFBay","Coon Island","NA",2007564,38.19384,-122.3278,"NA",.25,"7/27/2005",7,2005,1003.48,"0","0","NA","0","0",0,"NA","0","0","Typha angustifolia",0,"NA",0,"NA",0,4,0,"NA","NA","283.29","NA","NA","NA","NA","NA","NA","NA","NA","NA","NA","NA","NA"
"53","SFBay","Coon Island","NA",2007589,38.19383,-122.319,"NA",.25,"7/27/2005",7,2005,791.4,"0","0","NA","0","0",0,"NA","0","0","Schoenoplectus californicus",0,"NA",0,"NA",0,2,0,"NA","NA","392.48","NA","NA","NA","NA","NA","NA","NA","NA","NA","NA","NA","NA"
"52","SFBay","Coon Island","NA",2007589,38.19387,-122.319,"NA",.25,"7/27/2005",7,2005,379.76,"0","0","NA","0","0",0,"NA","0","0","Schoenoplectus californicus",0,"NA",0,"NA",0,2,0,"NA","NA","239.32","NA","NA","NA","NA","NA","NA","NA","NA","NA","NA","NA","NA"
"54","SFBay","Coon Island","NA",2007590,38.19382,-122.3189,"NA",.25,"7/27/2005",7,2005,359.88,"0","0","NA","0","0",0,"NA","0","0","Spartina foliosa",0,"NA",0,"NA",0,5,0,"NA","NA","100.84","NA","NA","NA","NA","NA","NA","NA","NA","NA","NA","NA","NA"
"56","SFBay","Coon Island","NA",2007590,38.19375,-122.3188,"NA",.25,"7/27/2005",7,2005,600.08,"0","0","NA","0","0",0,"NA","0","0","Spartina foliosa",0,"NA",0,"NA",0,5,0,"NA","NA","168.38","NA","NA","NA","NA","NA","NA","NA","NA","NA","NA","NA","NA"
"55","SFBay","Coon Island","NA",2007590,38.1938,-122.3189,"NA",.25,"7/27/2005",7,2005,477.36,"0","0","NA","0","0",0,"NA","0","0","Spartina foliosa",0,"NA",0,"NA",0,5,0,"NA","NA","132.04","NA","NA","NA","NA","NA","NA","NA","NA","NA","NA","NA","NA"
"58","SFBay","Coon Island","NA",2007590,38.19369,-122.3188,"NA",.25,"7/27/2005",7,2005,349.52,"0","0","NA","0","0",0,"NA","0","0","Spartina foliosa",0,"NA",0,"NA",0,5,0,"NA","NA","90.68","NA","NA","NA","NA","NA","NA","NA","NA","NA","NA","NA","NA"
"57","SFBay","Coon Island","NA",2007590,38.19374,-122.3188,"NA",.25,"7/27/2005",7,2005,697.12,"0","0","NA","0","0",0,"NA","0","0","Spartina foliosa",0,"NA",0,"NA",0,5,0,"NA","NA","181.83","NA","NA","NA","NA","NA","NA","NA","NA","NA","NA","NA","NA"
"34","SFBay","Coon Island","NA",2010240,38.19411,-122.3275,"NA",.25,"7/27/2005",7,2005,862.2,"0","0","NA","0","0",0,"NA","0","0","Bolboschoenus maritimus",0,"NA",0,"NA",0,1,0,"NA","NA","392.04","NA","NA","NA","NA","NA","NA","NA","NA","NA","NA","NA","NA"
"36","SFBay","Coon Island","NA",2010241,38.19413,-122.3274,"NA",.25,"7/27/2005",7,2005,1008.96,"0","0","NA","0","0",0,"NA","0","0","Bolboschoenus maritimus",0,"NA",0,"NA",0,1,0,"NA","NA","639.06","NA","NA","NA","NA","NA","NA","NA","NA","NA","NA","NA","NA"
"68","SFBay","Coon Island","NA",2010262,38.19414,-122.3202,"NA",.25,"7/15/2005",7,2005,1994.32,"0","0","NA","0","0",0,"NA","0","0","Salicornia pacifica",0,"NA",0,"NA",0,1,0,"NA","NA","498.58","NA","NA","NA","NA","NA","NA","NA","NA","NA","NA","NA","NA"
"37","SFBay","Coon Island","NA",2012917,38.1943,-122.3272,"NA",.25,"7/27/2005",7,2005,930.68,"0","0","NA","0","0",0,"NA","0","0","Bolboschoenus maritimus",0,"NA",0,"NA",0,2,0,"NA","NA","347.17","NA","NA","NA","NA","NA","NA","NA","NA","NA","NA","NA","NA"
"35","SFBay","Coon Island","NA",2012917,38.19432,-122.3275,"NA",.25,"7/27/2005",7,2005,1208.68,"0","0","NA","0","0",0,"NA","0","0","Bolboschoenus maritimus",0,"NA",0,"NA",0,2,0,"NA","NA","484.03","NA","NA","NA","NA","NA","NA","NA","NA","NA","NA","NA","NA"
"38","SFBay","Coon Island","NA",2012918,38.19429,-122.3272,"NA",.25,"7/27/2005",7,2005,1173.32,"0","0","NA","0","0",0,"NA","0","0","Bolboschoenus maritimus",0,"NA",0,"NA",0,1,0,"NA","NA","458.44","NA","NA","NA","NA","NA","NA","NA","NA","NA","NA","NA","NA"
"67","SFBay","Coon Island","NA",2012939,38.19448,-122.3197,"NA",.25,"8/23/2005",8,2005,2137.56,"0","0","NA","0","0",0,"NA","0","0","Salicornia pacifica",0,"NA",0,"NA",0,1,0,"NA","NA","534.39","NA","NA","NA","NA","NA","NA","NA","NA","NA","NA","NA","NA"
"r5-5-4","SFBay","Rush Ranch","NA",2016479,38.19255,-122.0239,"NA",.11,"7/29/2014",7,2014,609.79,"0","60","LOW","15","65",20,"NA","0","0","Schoenoplectus acutus",10,"Typha latifolia",5,"NA",0,6,0,"NA","NA","NA","NA","NA","NA","NA","NA","NA","NA","NA","NA","NA","NA","NA"
"r5-5-3","SFBay","Rush Ranch","NA",2016479,38.19255,-122.0238,"NA",.11,"7/29/2014",7,2014,212.89,"0","75","MOD","5","95",0,"NA","0","0","Schoenoplectus acutus",5,"NA",0,"NA",0,6,0,"NA","NA","NA","NA","NA","NA","NA","NA","NA","NA","NA","NA","NA","NA","NA"
"r5-5-1","SFBay","Rush Ranch","NA",2016479,38.19262,-122.0238,"NA",.11,"7/29/2014",7,2014,477.67,"0","100","MOD","15","80",5,"NA","0","0","Schoenoplectus acutus",10,"Typha latifolia",5,"NA",0,6,0,"NA","NA","NA","NA","NA","NA","NA","NA","NA","NA","NA","NA","NA","NA","NA"
"r5-5-2","SFBay","Rush Ranch","NA",2016479,38.19262,-122.0239,"NA",.11,"7/29/2014",7,2014,920.41,"1","120","MOD","25","70",5,"NA","0","0","Schoenoplectus acutus",15,"Schoenoplectus californicus",5,"Typha latifolia",5,6,0,"NA","NA","NA","NA","NA","NA","NA","NA","NA","NA","NA","NA","NA","NA","NA"
"r5-5-5","SFBay","Rush Ranch","NA",2016479,38.1925,-122.0239,"NA",.11,"7/29/2014",7,2014,345.18,"0","75","MOD","20","80",0,"NA","0","0","Schoenoplectus acutus",20,"NA",0,"NA",0,6,0,"NA","NA","NA","NA","NA","NA","NA","NA","NA","NA","NA","NA","NA","NA","NA"
"r5-5-6","SFBay","Rush Ranch","NA",2016479,38.19249,-122.0239,"NA",.11,"7/29/2014",7,2014,561.2,"0","100","LOW","15","85",0,"NA","0","0","Schoenoplectus acutus",15,"NA",0,"NA",0,6,0,"NA","NA","NA","NA","NA","NA","NA","NA","NA","NA","NA","NA","NA","NA","NA"
"r5-6-6","SFBay","Rush Ranch","NA",2019154,38.19276,-122.0242,"NA",.11,"7/29/2014",7,2014,803,"0","10","HIGH","80","20",0,"NA","0","0","Achillea millefolium",75,"Schoenoplectus acutus",5,"NA",0,6,0,"NA","NA","NA","NA","NA","NA","NA","NA","NA","NA","NA","NA","NA","NA","NA"
"r5-6-4","SFBay","Rush Ranch","NA",2019154,38.19283,-122.0242,"NA",.11,"7/29/2014",7,2014,493.2,"0","75","MOD","15","75",10,"NA","0","0","Schoenoplectus acutus",10,"Typha latifolia",5,"NA",0,6,0,"NA","NA","NA","NA","NA","NA","NA","NA","NA","NA","NA","NA","NA","NA","NA"
"r5-6-5","SFBay","Rush Ranch","NA",2019154,38.19276,-122.0241,"NA",.11,"7/30/2014",7,2014,427.23,"0","20","HIGH","35","65",0,"NA","0","0","Schoenoplectus acutus",35,"NA",0,"NA",0,6,0,"NA","NA","NA","NA","NA","NA","NA","NA","NA","NA","NA","NA","NA","NA","NA"
"r5-6-1","SFBay","Rush Ranch","NA",2019154,38.19289,-122.0241,"NA",.11,"7/29/2014",7,2014,476.22,"0","100","MOD","45","55",0,"NA","0","0","Typha domingensis",40,"Schoenoplectus acutus",5,"NA",0,6,0,"NA","NA","NA","NA","NA","NA","NA","NA","NA","NA","NA","NA","NA","NA","NA"
"r5-6-2","SFBay","Rush Ranch","NA",2019154,38.1929,-122.0243,"NA",.11,"7/29/2014",7,2014,320.92,"0","100","HIGH","15","85",0,"NA","0","0","Schoenoplectus acutus",15,"NA",0,"NA",0,6,0,"NA","NA","NA","NA","NA","NA","NA","NA","NA","NA","NA","NA","NA","NA","NA"
"r5-6-3","SFBay","Rush Ranch","NA",2019154,38.19283,-122.0241,"NA",.11,"7/29/2014",7,2014,339.89,"0","100","MOD","10","90",0,"NA","0","0","Schoenoplectus acutus",10,"NA",0,"NA",0,6,0,"NA","NA","NA","NA","NA","NA","NA","NA","NA","NA","NA","NA","NA","NA","NA"
"r5-4-5","SFBay","Rush Ranch","NA",2019155,38.19276,-122.024,"NA",.11,"7/29/2014",7,2014,850,"0","100","MOD","30","70",0,"NA","0","0","Schoenoplectus acutus",15,"Schoenoplectus californicus",15,"NA",0,5,0,"NA","NA","NA","NA","NA","NA","NA","NA","NA","NA","NA","NA","NA","NA","NA"
"r5-4-2","SFBay","Rush Ranch","NA",2019155,38.19283,-122.0239,"NA",.11,"7/29/2014",7,2014,281.5,"0","75","MOD","25","75",0,"NA","0","0","Schoenoplectus acutus",15,"Typha latifolia",5,"Schoenoplectus californicus",5,5,0,"NA","NA","NA","NA","NA","NA","NA","NA","NA","NA","NA","NA","NA","NA","NA"
"r5-4-3","SFBay","Rush Ranch","NA",2019155,38.19283,-122.024,"NA",.11,"7/29/2014",7,2014,785,"0","75","MOD","25","75",0,"NA","0","0","Schoenoplectus acutus",15,"Schoenoplectus californicus",10,"NA",0,5,0,"NA","NA","NA","NA","NA","NA","NA","NA","NA","NA","NA","NA","NA","NA","NA"
"r5-4-1","SFBay","Rush Ranch","NA",2019155,38.19289,-122.024,"NA",.11,"7/29/2014",7,2014,728.34,"0","130","HIGH","25","75",0,"NA","0","0","Schoenoplectus acutus",25,"Typha domingensis",0,"NA",0,5,0,"NA","NA","NA","NA","NA","NA","NA","NA","NA","NA","NA","NA","NA","NA","NA"
"r5-4-4","SFBay","Rush Ranch","NA",2019155,38.19272,-122.0239,"NA",.11,"7/29/2014",7,2014,1062.48,"0","75","MOD","40","60",0,"NA","0","0","Schoenoplectus acutus",25,"Schoenoplectus californicus",5,"Typha latifolia",10,5,0,"NA","NA","NA","NA","NA","NA","NA","NA","NA","NA","NA","NA","NA","NA","NA"
"r5-3-4","SFBay","Rush Ranch","NA",2021830,38.19303,-122.0241,"NA",.11,"7/29/2014",7,2014,843,"0","120","HIGH","75","25",0,"NA","0","0","Typha domingensis",70,"Schoenoplectus californicus",5,"NA",0,5,0,"NA","NA","NA","NA","NA","NA","NA","NA","NA","NA","NA","NA","NA","NA","NA"
"r5-3-3","SFBay","Rush Ranch","NA",2021830,38.1931,-122.0243,"NA",.11,"7/29/2014",7,2014,724.87,"0","100","MOD","20","80",0,"NA","0","0","Schoenoplectus acutus",20,"NA",0,"NA",0,5,0,"NA","NA","NA","NA","NA","NA","NA","NA","NA","NA","NA","NA","NA","NA","NA"
"r5-3-2","SFBay","Rush Ranch","NA",2021830,38.1931,-122.0242,"NA",.11,"7/29/2014",7,2014,1716,"0","120","MOD","50","50",0,"NA","0","0","Typha domingensis",40,"Schoenoplectus californicus",10,"NA",0,5,0,"NA","NA","NA","NA","NA","NA","NA","NA","NA","NA","NA","NA","NA","NA","NA"
"r5-3-6","SFBay","Rush Ranch","NA",2021830,38.19303,-122.0243,"NA",.11,"7/29/2014",7,2014,774.61,"0","130","HIGH","20","80",0,"NA","0","0","Schoenoplectus acutus",20,"NA",0,"NA",0,5,0,"NA","NA","NA","NA","NA","NA","NA","NA","NA","NA","NA","NA","NA","NA","NA"
"r5-3-1","SFBay","Rush Ranch","NA",2021830,38.19316,-122.0242,"NA",.11,"7/29/2014",7,2014,682,"0","25","MOD","30","70",0,"NA","0","0","Typha latifolia",20,"Schoenoplectus californicus",10,"NA",0,5,0,"NA","NA","NA","NA","NA","NA","NA","NA","NA","NA","NA","NA","NA","NA","NA"
"j4-5-6","SFBay","Rush Ranch","NA",2021911,38.19293,-121.9965,"NA",.11,"6/4/2014",6,2014,755,"0","25","LOW","80","20",0,"NA","0","0","Salicornia pacifica",0,"Grindelia stricta",0,"NA",0,5,0,"NA","NA","NA","NA","NA","NA","NA","NA","NA","NA","NA","NA","NA","NA","NA"
"j4-5-1","SFBay","Rush Ranch","NA",2021911,38.19293,-121.9964,"NA",.11,"6/4/2014",6,2014,770,"0","40","MOD","90","5",5,"NA","0","0","Salicornia pacifica",0,"Juncus balticus",0,"NA",0,5,0,"NA","NA","NA","NA","NA","NA","NA","NA","NA","NA","NA","NA","NA","NA","NA"
"j4-5-3","SFBay","Rush Ranch","NA",2021911,38.19286,-121.9964,"NA",.11,"6/4/2014",6,2014,526,"0","0","NA","95","5",0,"NA","0","0","Lepidium latifolium",0,"NA",0,"NA",0,5,0,"NA","NA","NA","NA","NA","NA","NA","NA","NA","NA","NA","NA","NA","NA","NA"
"j4-5-2","SFBay","Rush Ranch","NA",2021911,38.19286,-121.9964,"NA",.11,"6/4/2014",6,2014,613,"0","5","LOW","75","25",0,"NA","0","0","Lepidium latifolium",0,"Typha domingensis",0,"NA",0,5,0,"NA","NA","NA","NA","NA","NA","NA","NA","NA","NA","NA","NA","NA","NA","NA"
"j4-5-4","SFBay","Rush Ranch","NA",2021911,38.19286,-121.9965,"NA",.11,"6/4/2014",6,2014,91,"0","5","LOW","85","15",0,"NA","0","0","Lepidium latifolium",0,"Achillea millefolium",0,"NA",0,5,0,"NA","NA","NA","NA","NA","NA","NA","NA","NA","NA","NA","NA","NA","NA","NA"
"j3-3-4","SFBay","Rush Ranch","NA",2024586,38.19322,-121.9967,"NA",.11,"5/19/2014",5,2014,43.5,"0","90","HIGH","20","80",0,"NA","0","0","NA",0,"NA",0,"NA",0,1,0,"NA","NA","NA","NA","NA","NA","NA","NA","NA","NA","NA","NA","NA","NA","NA"
"j3-3-3","SFBay","Rush Ranch","NA",2024587,38.1932,-121.9966,"NA",.11,"5/19/2014",5,2014,423.2,"0","20","MOD","60","40",0,"NA","0","0","Salicornia pacifica",0,"NA",0,"NA",0,1,0,"NA","NA","NA","NA","NA","NA","NA","NA","NA","NA","NA","NA","NA","NA","NA"
"j4-4-3","SFBay","Rush Ranch","NA",2024587,38.19307,-121.9964,"NA",.11,"6/4/2014",6,2014,1136,"0","10","MOD","60","35",5,"NA","0","0","Salicornia pacifica",0,"Typha domingensis",0,"NA",0,6,0,"NA","NA","NA","NA","NA","NA","NA","NA","NA","NA","NA","NA","NA","NA","NA"
"j4-4-1","SFBay","Rush Ranch","NA",2024587,38.19321,-121.9964,"NA",.11,"6/4/2014",6,2014,416,"0","10","LOW","75","25",0,"NA","0","0","Salicornia pacifica",0,"Juncus balticus",0,"NA",0,6,0,"NA","NA","NA","NA","NA","NA","NA","NA","NA","NA","NA","NA","NA","NA","NA"
"j4-4-6","SFBay","Rush Ranch","NA",2024587,38.1932,-121.9965,"NA",.11,"6/4/2014",6,2014,688,"0","15","LOW","75","25",0,"NA","0","0","Salicornia pacifica",0,"Distichlis spicata",0,"NA",0,6,0,"NA","NA","NA","NA","NA","NA","NA","NA","NA","NA","NA","NA","NA","NA","NA"
"j4-4-2","SFBay","Rush Ranch","NA",2024587,38.19313,-121.9964,"NA",.11,"6/4/2014",6,2014,1005,"0","10","MOD","40","55",5,"NA","0","0","Salicornia pacifica",0,"NA",0,"NA",0,6,0,"NA","NA","NA","NA","NA","NA","NA","NA","NA","NA","NA","NA","NA","NA","NA"
"j4-4-4","SFBay","Rush Ranch","NA",2024587,38.19306,-121.9965,"NA",.11,"6/4/2014",6,2014,675,"0","35","LOW","50","40",10,"NA","0","0","NA",0,"NA",0,"NA",0,6,0,"NA","NA","NA","NA","NA","NA","NA","NA","NA","NA","NA","NA","NA","NA","NA"
"j4-4-5","SFBay","Rush Ranch","NA",2024587,38.19313,-121.9965,"NA",.11,"6/4/2014",6,2014,2055,"0","5","LOW","75","25",0,"NA","0","0","Salicornia pacifica",0,"NA",0,"NA",0,6,0,"NA","NA","NA","NA","NA","NA","NA","NA","NA","NA","NA","NA","NA","NA","NA"
"66","SFBay","Coon Island","NA",2026315,38.19571,-122.3212,"NA",.25,"8/23/2005",8,2005,1790.44,"0","0","NA","0","0",0,"NA","0","0","Salicornia pacifica",0,"NA",0,"NA",0,1,0,"NA","NA","447.61","NA","NA","NA","NA","NA","NA","NA","NA","NA","NA","NA","NA"
"34-10","SFBay","Rush Ranch","34",2027179,38.19356,-122.0251,"10",.0625,"7/18/2007",7,2007,520.8,"NA","NA","NA","NA","NA",0,"0","NA","NA","Schoenoplectus americanus",85,"Salicornia virginica",62.5,"Salicornia virginica",37.5,1,6,"NA","NA","222.18","0.00","5.83","NA","NA","NA","NA","NA","NA","NA","NA","NA","NA"
"34-9","SFBay","Rush Ranch","34",2027180,38.19356,-122.025,"9",.0625,"7/18/2007",7,2007,729.6,"NA","NA","NA","NA","NA",0,"0","NA","NA","Schoenoplectus americanus",85,"Juncus balticus",37.5,"Jaumea carnosa",15,3,6,"NA","NA","292.99","0.00","6.71","NA","NA","NA","NA","NA","NA","NA","NA","NA","NA"
"34-10","SFBay","Rush Ranch","34",2027180,38.19356,-122.025,"10",.0625,"7/18/2007",7,2007,1100.8,"NA","NA","NA","NA","NA",0,"0","NA","NA","Schoenoplectus americanus",85,"Salicornia virginica",62.5,"Salicornia virginica",37.5,3,6,"NA","NA","236.40","0.00","5.39","NA","NA","NA","NA","NA","NA","NA","NA","NA","NA"
"34-5","SFBay","Rush Ranch","34",2027180,38.19355,-122.0248,"5",.0625,"7/18/2007",7,2007,3809.44,"NA","NA","NA","NA","NA",0,"0","NA","NA","Triglochin maritima",62.5,"Triglochin maritima",37.5,"Triglochin maritima",15,3,6,"NA","NA","309.09","0.00","6.08","NA","NA","NA","NA","NA","NA","NA","NA","NA","NA"
"34-2","SFBay","Rush Ranch","34",2027181,38.19355,-122.0245,"2",.0625,"7/18/2007",7,2007,1413.44,"NA","NA","NA","NA","NA",0,"0","NA","NA","Schoenoplectus americanus",85,"Lepidium latifolium",37.5,"Lepidium latifolium",37.5,3,6,"NA","NA","160.68","0.00","5.83","NA","NA","NA","NA","NA","NA","NA","NA","NA","NA"
"34-3","SFBay","Rush Ranch","34",2027181,38.19355,-122.0247,"3",.0625,"7/18/2007",7,2007,1698.4,"NA","NA","NA","NA","NA",0,"0","NA","NA","Schoenoplectus americanus",85,"Juncus balticus",15,"Juncus balticus",15,3,6,"NA","NA","240.05","0.00","4.12","NA","NA","NA","NA","NA","NA","NA","NA","NA","NA"
"34-2","SFBay","Rush Ranch","34",2027181,38.19355,-122.0246,"2",.0625,"7/18/2007",7,2007,1004.8,"NA","NA","NA","NA","NA",0,"0","NA","NA","Schoenoplectus americanus",85,"Lepidium latifolium",37.5,"Lepidium latifolium",37.5,3,6,"NA","NA","235.70","0.00","5.00","NA","NA","NA","NA","NA","NA","NA","NA","NA","NA"
"j3-3-6","SFBay","Rush Ranch","NA",2027262,38.19337,-121.9967,"NA",.11,"5/19/2014",5,2014,0,"0","20","LOW","75","25",0,"NA","0","0","Triglochin maritima",0,"NA",0,"NA",0,5,0,"NA","NA","NA","NA","NA","NA","NA","NA","NA","NA","NA","NA","NA","NA","NA"
"j3-3-1","SFBay","Rush Ranch","NA",2027262,38.19337,-121.9966,"NA",.11,"5/19/2014",5,2014,1145,"0","30","LOW","80","20",0,"NA","0","0","Triglochin maritima",0,"NA",0,"NA",0,5,0,"NA","NA","NA","NA","NA","NA","NA","NA","NA","NA","NA","NA","NA","NA","NA"
"j3-2-3","SFBay","Rush Ranch","NA",2027262,38.19346,-121.9967,"NA",.11,"5/19/2014",5,2014,0,"0","20","MOD","75","25",0,"NA","0","0","Juncus balticus",0,"NA",0,"NA",0,5,0,"NA","NA","NA","NA","NA","NA","NA","NA","NA","NA","NA","NA","NA","NA","NA"
"j3-3-5","SFBay","Rush Ranch","NA",2027262,38.19331,-121.9967,"NA",.11,"5/19/2014",5,2014,396.3,"0","30","LOW","85","15",0,"NA","0","0","Juncus balticus",0,"NA",0,"NA",0,5,0,"NA","NA","NA","NA","NA","NA","NA","NA","NA","NA","NA","NA","NA","NA","NA"
"j3-3-2","SFBay","Rush Ranch","NA",2027262,38.19329,-121.9966,"NA",.11,"5/19/2014",5,2014,853.6,"0","30","MOD","75","25",0,"NA","0","0","Salicornia pacifica",0,"NA",0,"NA",0,5,0,"NA","NA","NA","NA","NA","NA","NA","NA","NA","NA","NA","NA","NA","NA","NA"
"j3-2-6","SFBay","Rush Ranch","NA",2027263,38.19349,-121.9966,"NA",.11,"5/19/2014",5,2014,385.2,"0","20","HIGH","40","60",0,"NA","0","0","Juncus balticus",0,"NA",0,"NA",0,1,0,"NA","NA","NA","NA","NA","NA","NA","NA","NA","NA","NA","NA","NA","NA","NA"
"j4-3-4","SFBay","Rush Ranch","NA",2027263,38.19333,-121.9965,"NA",.11,"6/4/2014",6,2014,812,"0","0","LOW","95","5",0,"NA","0","0","Salicornia pacifica",0,"Distichlis spicata",0,"NA",0,6,0,"NA","NA","NA","NA","NA","NA","NA","NA","NA","NA","NA","NA","NA","NA","NA"
"j4-3-6","SFBay","Rush Ranch","NA",2027263,38.19348,-121.9965,"NA",.11,"6/4/2014",6,2014,95,"0","15","HIGH","5","9",0,"NA","0","0","Schoenoplectus americanus",0,"Salicornia pacifica",0,"NA",0,6,0,"NA","NA","NA","NA","NA","NA","NA","NA","NA","NA","NA","NA","NA","NA","NA"
"j4-3-2","SFBay","Rush Ranch","NA",2027263,38.19341,-121.9964,"NA",.11,"6/4/2014",6,2014,681,"0","0","LOW","90","10",0,"NA","0","0","Salicornia pacifica",0,"Distichlis spicata",0,"NA",0,6,0,"NA","NA","NA","NA","NA","NA","NA","NA","NA","NA","NA","NA","NA","NA","NA"
"j4-3-3","SFBay","Rush Ranch","NA",2027263,38.19333,-121.9964,"NA",.11,"6/4/2014",6,2014,539,"0","0","LOW","85","15",0,"NA","0","0","Salicornia pacifica",0,"Distichlis spicata",0,"NA",0,6,0,"NA","NA","NA","NA","NA","NA","NA","NA","NA","NA","NA","NA","NA","NA","NA"
"j4-3-5","SFBay","Rush Ranch","NA",2027263,38.19341,-121.9965,"NA",.11,"6/4/2014",6,2014,1439,"0","0","LOW","95","5",0,"NA","0","0","Salicornia pacifica",0,"Distichlis spicata",0,"NA",0,6,0,"NA","NA","NA","NA","NA","NA","NA","NA","NA","NA","NA","NA","NA","NA","NA"
"j4-3-1","SFBay","Rush Ranch","NA",2027263,38.19348,-121.9964,"NA",.11,"6/4/2014",6,2014,944,"0","20","LOW","50","50",0,"NA","0","0","Salicornia pacifica",0,"Juncus balticus",0,"NA",0,6,0,"NA","NA","NA","NA","NA","NA","NA","NA","NA","NA","NA","NA","NA","NA","NA"
"j2-5-6","SFBay","Rush Ranch","NA",2029931,38.19376,-121.9992,"NA",.11,"6/9/2014",6,2014,0,"0","90","HIGH","30","70",0,"NA","0","0","Schoenoplectus americanus",0,"NA",0,"NA",0,6,0,"NA","NA","NA","NA","NA","NA","NA","NA","NA","NA","NA","NA","NA","NA","NA"
"j2-5-3","SFBay","Rush Ranch","NA",2029931,38.19362,-121.9991,"NA",.11,"6/9/2014",6,2014,327,"0","60","MOD","40","60",0,"NA","0","0","Schoenoplectus americanus",0,"NA",0,"NA",0,6,0,"NA","NA","NA","NA","NA","NA","NA","NA","NA","NA","NA","NA","NA","NA","NA"
"j2-5-2","SFBay","Rush Ranch","NA",2029931,38.1937,-121.9991,"NA",.11,"6/9/2014",6,2014,348,"0","60","HIGH","10","90",0,"NA","0","0","Schoenoplectus americanus",0,"NA",0,"NA",0,6,0,"NA","NA","NA","NA","NA","NA","NA","NA","NA","NA","NA","NA","NA","NA","NA"
"j2-5-1","SFBay","Rush Ranch","NA",2029931,38.19377,-121.9991,"NA",.11,"6/9/2014",6,2014,385,"0","80","HIGH","20","80",0,"NA","0","0","Schoenoplectus americanus",0,"NA",0,"NA",0,6,0,"NA","NA","NA","NA","NA","NA","NA","NA","NA","NA","NA","NA","NA","NA","NA"
"j2-5-5","SFBay","Rush Ranch","NA",2029931,38.1937,-121.9992,"NA",.11,"6/9/2014",6,2014,511,"0","90","HIGH","30","70",0,"NA","0","0","Schoenoplectus americanus",0,"NA",0,"NA",0,6,0,"NA","NA","NA","NA","NA","NA","NA","NA","NA","NA","NA","NA","NA","NA","NA"
"j2-5-4","SFBay","Rush Ranch","NA",2029931,38.19362,-121.9992,"NA",.11,"6/9/2014",6,2014,588,"0","100","HIGH","30","70",0,"NA","0","0","Schoenoplectus americanus",0,"NA",0,"NA",0,6,0,"NA","NA","NA","NA","NA","NA","NA","NA","NA","NA","NA","NA","NA","NA","NA"
"j3-2-5","SFBay","Rush Ranch","NA",2029938,38.19365,-121.9967,"NA",.11,"5/19/2014",5,2014,688.6,"0","30","MOD","50","50",0,"NA","0","0","Triglochin maritima",0,"NA",0,"NA",0,6,0,"NA","NA","NA","NA","NA","NA","NA","NA","NA","NA","NA","NA","NA","NA","NA"
"j3-2-2","SFBay","Rush Ranch","NA",2029938,38.19357,-121.9968,"NA",.11,"5/19/2014",5,2014,205.8,"0","100","HIGH","30","70",0,"NA","0","0","NA",0,"NA",0,"NA",0,6,0,"NA","NA","NA","NA","NA","NA","NA","NA","NA","NA","NA","NA","NA","NA","NA"
"j3-2-4","SFBay","Rush Ranch","NA",2029938,38.19357,-121.9966,"NA",.11,"5/19/2014",5,2014,676.4,"0","20","LOW","15","85",0,"NA","0","0","Triglochin maritima",0,"NA",0,"NA",0,6,0,"NA","NA","NA","NA","NA","NA","NA","NA","NA","NA","NA","NA","NA","NA","NA"
"j3-1-3","SFBay","Rush Ranch","NA",2029938,38.19374,-121.9967,"NA",.11,"5/19/2014",5,2014,688.9,"0","25","MOD","50","50",0,"NA","0","0","NA",0,"NA",0,"NA",0,6,0,"NA","NA","NA","NA","NA","NA","NA","NA","NA","NA","NA","NA","NA","NA","NA"
"j3-1-6","SFBay","Rush Ranch","NA",2029938,38.19378,-121.9968,"NA",.11,"5/19/2014",5,2014,0,"0","25","HIGH","50","50",0,"NA","0","0","NA",0,"NA",0,"NA",0,6,0,"NA","NA","NA","NA","NA","NA","NA","NA","NA","NA","NA","NA","NA","NA","NA"
"j3-2-1","SFBay","Rush Ranch","NA",2029938,38.19366,-121.9967,"NA",.11,"5/19/2014",5,2014,729,"0","0","LOW","45","55",0,"NA","0","0","NA",0,"NA",0,"NA",0,6,0,"NA","NA","NA","NA","NA","NA","NA","NA","NA","NA","NA","NA","NA","NA","NA"
"j4-2-2","SFBay","Rush Ranch","NA",2029939,38.19366,-121.9964,"NA",.11,"6/4/2014",6,2014,276,"0","50","MOD","20","80",0,"NA","0","0","Typha domingensis",0,"Salicornia pacifica",0,"NA",0,6,0,"NA","NA","NA","NA","NA","NA","NA","NA","NA","NA","NA","NA","NA","NA","NA"
"j4-2-6","SFBay","Rush Ranch","NA",2029939,38.19374,-121.9965,"NA",.11,"6/4/2014",6,2014,473,"0","40","HIGH","10","90",0,"NA","0","0","Schoenoplectus americanus",0,"Typha domingensis",0,"NA",0,6,0,"NA","NA","NA","NA","NA","NA","NA","NA","NA","NA","NA","NA","NA","NA","NA"
"j4-2-1","SFBay","Rush Ranch","NA",2029939,38.19374,-121.9964,"NA",.11,"6/4/2014",6,2014,625,"0","50","MOD","25","75",5,"NA","0","0","Typha domingensis",0,"Juncus balticus",0,"NA",0,6,0,"NA","NA","NA","NA","NA","NA","NA","NA","NA","NA","NA","NA","NA","NA","NA"
"j4-2-5","SFBay","Rush Ranch","NA",2029939,38.19365,-121.9965,"NA",.11,"6/4/2014",6,2014,1401,"0","0","LOW","90","10",0,"NA","0","0","Juncus balticus",0,"Triglochin maritima",0,"NA",0,6,0,"NA","NA","NA","NA","NA","NA","NA","NA","NA","NA","NA","NA","NA","NA","NA"
"j4-2-4","SFBay","Rush Ranch","NA",2029939,38.19358,-121.9965,"NA",.11,"6/4/2014",6,2014,684,"0","0","LOW","100","0",0,"NA","0","0","Salicornia pacifica",0,"Juncus balticus",0,"NA",0,6,0,"NA","NA","NA","NA","NA","NA","NA","NA","NA","NA","NA","NA","NA","NA","NA"
"j4-2-3","SFBay","Rush Ranch","NA",2029939,38.19358,-121.9964,"NA",.11,"6/4/2014",6,2014,249,"0","50","HIGH","10","90",0,"NA","0","0","Schoenoplectus americanus",0,"Typha domingensis",0,"NA",0,6,0,"NA","NA","NA","NA","NA","NA","NA","NA","NA","NA","NA","NA","NA","NA","NA"
"65","SFBay","Coon Island","NA",2031667,38.19625,-122.3212,"NA",.25,"7/15/2005",7,2005,2679.56,"0","0","NA","0","0",0,"NA","0","0","Salicornia pacifica",0,"NA",0,"NA",0,1,0,"NA","NA","669.89","NA","NA","NA","NA","NA","NA","NA","NA","NA","NA","NA","NA"
"18-10","SFBay","Rush Ranch","18",2032491,38.19421,-122.0387,"10",.0625,"11/2/2007",11,2007,1505.6,"NA","NA","NA","NA","NA",0,"0","NA","NA","Triglochin maritima",62.5,"Triglochin maritima",37.5,"Triglochin maritima",37.5,1,5,"NA","NA","233.00","0.00","2.00","NA","NA","NA","NA","NA","NA","NA","NA","NA","NA"
"18-2","SFBay","Rush Ranch","18",2032492,38.19421,-122.0384,"2",.0625,"11/2/2007",11,2007,2732.8,"NA","NA","NA","NA","NA",0,"37.5","NA","NA","Schoenoplectus americanus",37.5,"Schoenoplectus americanus",37.5,"Salicornia virginica",15,4,5,"NA","NA","258.00","0.00","7.62","NA","NA","NA","NA","NA","NA","NA","NA","NA","NA"
"18-5","SFBay","Rush Ranch","18",2032492,38.19421,-122.0386,"5",.0625,"11/2/2007",11,2007,3825.6,"NA","NA","NA","NA","NA",0,"0","NA","NA","Triglochin maritima",62.5,"Salicornia virginica",37.5,"Salicornia virginica",37.5,4,5,"NA","NA","295.80","0.00","2.24","NA","NA","NA","NA","NA","NA","NA","NA","NA","NA"
"18-2","SFBay","Rush Ranch","18",2032492,38.19421,-122.0385,"2",.0625,"11/2/2007",11,2007,1544,"NA","NA","NA","NA","NA",0,"37.5","NA","NA","Schoenoplectus americanus",37.5,"Schoenoplectus americanus",37.5,"Salicornia virginica",15,4,5,"NA","NA","266.80","0.00","5.00","NA","NA","NA","NA","NA","NA","NA","NA","NA","NA"
"18-8","SFBay","Rush Ranch","18",2032492,38.19421,-122.0387,"8",.0625,"11/2/2007",11,2007,2891.2,"NA","NA","NA","NA","NA",0,"0","NA","NA","Salicornia virginica",62.5,"Salicornia virginica",62.5,"Jaumea carnosa",37.5,4,5,"NA","NA","376.10","0.00","2.24","NA","NA","NA","NA","NA","NA","NA","NA","NA","NA"
"18-1","SFBay","Rush Ranch","18",2032493,38.19421,-122.0383,"1",.0625,"11/2/2007",11,2007,1216,"NA","NA","NA","NA","NA",0,"0","NA","NA","Schoenoplectus americanus",85,"Grindelia stricta var. angustifolia",15,"Grindelia stricta var. angustifolia",3,2,5,"NA","NA","259.50","0.00","5.83","NA","NA","NA","NA","NA","NA","NA","NA","NA","NA"
"18-1","SFBay","Rush Ranch","18",2032493,38.19421,-122.0384,"1",.0625,"11/2/2007",11,2007,1897.6,"NA","NA","NA","NA","NA",0,"0","NA","NA","Schoenoplectus americanus",85,"Grindelia stricta var. angustifolia",15,"Grindelia stricta var. angustifolia",3,2,5,"NA","NA","364.80","0.00","10.30","NA","NA","NA","NA","NA","NA","NA","NA","NA","NA"
"j2-4-3","SFBay","Rush Ranch","NA",2032607,38.1939,-121.9991,"NA",.11,"6/9/2014",6,2014,454,"0","60","HIGH","30","70",0,"NA","0","0","Schoenoplectus americanus",0,"NA",0,"NA",0,6,0,"NA","NA","NA","NA","NA","NA","NA","NA","NA","NA","NA","NA","NA","NA","NA"
"j2-4-5","SFBay","Rush Ranch","NA",2032607,38.19396,-121.9992,"NA",.11,"6/9/2014",6,2014,298,"0","50","HIGH","50","50",0,"NA","0","0","Schoenoplectus americanus",0,"NA",0,"NA",0,6,0,"NA","NA","NA","NA","NA","NA","NA","NA","NA","NA","NA","NA","NA","NA","NA"
"j2-4-6","SFBay","Rush Ranch","NA",2032607,38.19403,-121.9992,"NA",.11,"6/9/2014",6,2014,727,"0","60","HIGH","40","60",0,"NA","0","0","Schoenoplectus americanus",0,"NA",0,"NA",0,6,0,"NA","NA","NA","NA","NA","NA","NA","NA","NA","NA","NA","NA","NA","NA","NA"
"j2-4-4","SFBay","Rush Ranch","NA",2032607,38.1939,-121.9992,"NA",.11,"6/9/2014",6,2014,311,"0","50","HIGH","30","70",0,"NA","0","0","Schoenoplectus americanus",0,"NA",0,"NA",0,6,0,"NA","NA","NA","NA","NA","NA","NA","NA","NA","NA","NA","NA","NA","NA","NA"
"j2-4-2","SFBay","Rush Ranch","NA",2032607,38.19397,-121.9991,"NA",.11,"6/9/2014",6,2014,410,"0","50","HIGH","40","60",0,"NA","0","0","Schoenoplectus americanus",0,"NA",0,"NA",0,6,0,"NA","NA","NA","NA","NA","NA","NA","NA","NA","NA","NA","NA","NA","NA","NA"
"j2-4-1","SFBay","Rush Ranch","NA",2032607,38.19403,-121.9991,"NA",.11,"6/9/2014",6,2014,747,"0","15","LOW","70","30",0,"NA","0","0","Juncus balticus",0,"Triglochin maritima",0,"NA",0,6,0,"NA","NA","NA","NA","NA","NA","NA","NA","NA","NA","NA","NA","NA","NA","NA"
"j3-1-1","SFBay","Rush Ranch","NA",2032614,38.19392,-121.9967,"NA",.11,"5/19/2014",5,2014,404.5,"0","100","HIGH","15","85",0,"NA","0","0","NA",0,"NA",0,"NA",0,4,0,"NA","NA","NA","NA","NA","NA","NA","NA","NA","NA","NA","NA","NA","NA","NA"
"j3-1-4","SFBay","Rush Ranch","NA",2032614,38.19395,-121.9968,"NA",.11,"5/19/2014",5,2014,521.1,"0","100","HIGH","40","60",0,"NA","0","0","NA",0,"NA",0,"NA",0,4,0,"NA","NA","NA","NA","NA","NA","NA","NA","NA","NA","NA","NA","NA","NA","NA"
"j3-1-2","SFBay","Rush Ranch","NA",2032614,38.19382,-121.9967,"NA",.11,"5/19/2014",5,2014,110.4,"0","100","HIGH","15","85",0,"NA","0","0","NA",0,"NA",0,"NA",0,4,0,"NA","NA","NA","NA","NA","NA","NA","NA","NA","NA","NA","NA","NA","NA","NA"
"j3-1-5","SFBay","Rush Ranch","NA",2032614,38.19387,-121.9968,"NA",.11,"5/19/2014",5,2014,1170.3,"0","0","LOW","70","30",0,"NA","0","0","NA",0,"NA",0,"NA",0,4,0,"NA","NA","NA","NA","NA","NA","NA","NA","NA","NA","NA","NA","NA","NA","NA"
"j4-1-1","SFBay","Rush Ranch","NA",2032615,38.19402,-121.9964,"NA",.11,"6/4/2014",6,2014,232,"0","50","HIGH","20","80",0,"NA","0","0","Schoenoplectus americanus",0,"NA",0,"NA",0,6,0,"NA","NA","NA","NA","NA","NA","NA","NA","NA","NA","NA","NA","NA","NA","NA"
"j4-1-4","SFBay","Rush Ranch","NA",2032615,38.19387,-121.9965,"NA",.11,"6/4/2014",6,2014,1054,"0","10","LOW","95","5",0,"NA","0","0","Schoenoplectus americanus",0,"Juncus balticus",0,"NA",0,6,0,"NA","NA","NA","NA","NA","NA","NA","NA","NA","NA","NA","NA","NA","NA","NA"
"j4-1-5","SFBay","Rush Ranch","NA",2032615,38.19394,-121.9965,"NA",.11,"6/4/2014",6,2014,453,"0","80","HIGH","25","75",0,"NA","0","0","Schoenoplectus americanus",0,"NA",0,"NA",0,6,0,"NA","NA","NA","NA","NA","NA","NA","NA","NA","NA","NA","NA","NA","NA","NA"
"j4-1-6","SFBay","Rush Ranch","NA",2032615,38.19402,-121.9965,"NA",.11,"6/4/2014",6,2014,497,"0","50","HIGH","30","70",0,"NA","0","0","Schoenoplectus americanus",0,"NA",0,"NA",0,6,0,"NA","NA","NA","NA","NA","NA","NA","NA","NA","NA","NA","NA","NA","NA","NA"
"j4-1-3","SFBay","Rush Ranch","NA",2032615,38.19387,-121.9964,"NA",.11,"6/4/2014",6,2014,325.24,"0","50","HIGH","10","90",0,"NA","0","0","Schoenoplectus americanus",0,"Typha domingensis",0,"NA",0,6,0,"NA","NA","NA","NA","NA","NA","NA","NA","NA","NA","NA","NA","NA","NA","NA"
"j4-1-2","SFBay","Rush Ranch","NA",2032615,38.19395,-121.9964,"NA",.11,"6/4/2014",6,2014,287,"0","50","HIGH","15","85",0,"NA","0","0","Schoenoplectus americanus",0,"Typha domingensis",0,"NA",0,6,0,"NA","NA","NA","NA","NA","NA","NA","NA","NA","NA","NA","NA","NA","NA","NA"
"j2-3-2","SFBay","Rush Ranch","NA",2035283,38.19423,-121.9991,"NA",.11,"6/9/2014",6,2014,270.2,"0","100","MOD","80","20",0,"NA","0","0","Schoenoplectus americanus",0,"Distichlis spicata",0,"NA",0,6,0,"NA","NA","NA","NA","NA","NA","NA","NA","NA","NA","NA","NA","NA","NA","NA"
"j2-3-5","SFBay","Rush Ranch","NA",2035283,38.19423,-121.9992,"NA",.11,"6/9/2014",6,2014,398,"0","75","HIGH","40","60",0,"NA","0","0","Schoenoplectus americanus",0,"Distichlis spicata",0,"NA",0,6,0,"NA","NA","NA","NA","NA","NA","NA","NA","NA","NA","NA","NA","NA","NA","NA"
"j2-3-3","SFBay","Rush Ranch","NA",2035283,38.19416,-121.9991,"NA",.11,"6/9/2014",6,2014,564,"0","10","LOW","85","15",0,"NA","0","0","Salicornia pacifica",0,"Schoenoplectus americanus",0,"NA",0,6,0,"NA","NA","NA","NA","NA","NA","NA","NA","NA","NA","NA","NA","NA","NA","NA"
"j2-3-6","SFBay","Rush Ranch","NA",2035283,38.19431,-121.9992,"NA",.11,"6/9/2014",6,2014,715,"0","10","LOW","90","10",0,"NA","0","0","Juncus balticus",0,"Triglochin maritima",0,"NA",0,6,0,"NA","NA","NA","NA","NA","NA","NA","NA","NA","NA","NA","NA","NA","NA","NA"
"j2-3-1","SFBay","Rush Ranch","NA",2035283,38.19431,-121.9991,"NA",.11,"6/9/2014",6,2014,210,"0","10","MOD","40","60",0,"NA","0","0","Schoenoplectus americanus",0,"Distichlis spicata",0,"NA",0,6,0,"NA","NA","NA","NA","NA","NA","NA","NA","NA","NA","NA","NA","NA","NA","NA"
"j2-3-4","SFBay","Rush Ranch","NA",2035283,38.19416,-121.9992,"NA",.11,"6/9/2014",6,2014,731,"0","25","LOW","95","5",0,"NA","0","0","Distichlis spicata",0,"Salicornia pacifica",0,"NA",0,6,0,"NA","NA","NA","NA","NA","NA","NA","NA","NA","NA","NA","NA","NA","NA","NA"
"64","SFBay","Coon Island","NA",2037016,38.19682,-122.3223,"NA",.25,"8/23/2005",8,2005,1909.4,"0","0","NA","0","0",0,"NA","0","0","Salicornia pacifica",0,"NA",0,"NA",0,1,0,"NA","NA","477.35","NA","NA","NA","NA","NA","NA","NA","NA","NA","NA","NA","NA"
"j1-3-3","SFBay","Rush Ranch","NA",2037952,38.1946,-122.0014,"NA",.11,"5/21/2014",5,2014,400,"0","75","HIGH","20","80",0,"NA","0","0","Schoenoplectus americanus",0,"Distichlis spicata",0,"NA",0,2,0,"NA","NA","NA","NA","NA","NA","NA","NA","NA","NA","NA","NA","NA","NA","NA"
"j1-3-4","SFBay","Rush Ranch","NA",2037952,38.1946,-122.0015,"NA",.11,"5/21/2014",5,2014,632,"0","75","HIGH","15","85",0,"NA","0","0","Schoenoplectus americanus",0,"Distichlis spicata",0,"NA",0,2,0,"NA","NA","NA","NA","NA","NA","NA","NA","NA","NA","NA","NA","NA","NA","NA"
"j2-2-5","SFBay","Rush Ranch","NA",2037959,38.19451,-121.9992,"NA",.11,"6/9/2014",6,2014,543,"0","20","MOD","55","45",0,"NA","0","0","Potentilla anserina",0,"NA",0,"NA",0,6,0,"NA","NA","NA","NA","NA","NA","NA","NA","NA","NA","NA","NA","NA","NA","NA"
"j2-2-4","SFBay","Rush Ranch","NA",2037959,38.19443,-121.9992,"NA",.11,"6/9/2014",6,2014,935,"0","75","HIGH","40","60",0,"NA","0","0","Schoenoplectus americanus",0,"Typha domingensis",0,"NA",0,6,0,"NA","NA","NA","NA","NA","NA","NA","NA","NA","NA","NA","NA","NA","NA","NA"
"j2-2-3","SFBay","Rush Ranch","NA",2037959,38.19444,-121.9991,"NA",.11,"6/9/2014",6,2014,364,"0","75","MOD","80","20",0,"NA","0","0","Typha domingensis",0,"Schoenoplectus americanus",0,"NA",0,6,0,"NA","NA","NA","NA","NA","NA","NA","NA","NA","NA","NA","NA","NA","NA","NA"
"j2-2-1","SFBay","Rush Ranch","NA",2037959,38.19458,-121.9991,"NA",.11,"6/9/2014",6,2014,328,"0","75","HIGH","40","60",0,"NA","0","0","Schoenoplectus americanus",0,"Juncus balticus",0,"NA",0,6,0,"NA","NA","NA","NA","NA","NA","NA","NA","NA","NA","NA","NA","NA","NA","NA"
"j2-2-2","SFBay","Rush Ranch","NA",2037959,38.1945,-121.9991,"NA",.11,"6/9/2014",6,2014,384,"0","75","MOD","40","52",8,"NA","0","0","Schoenoplectus americanus",0,"Typha domingensis",0,"NA",0,6,0,"NA","NA","NA","NA","NA","NA","NA","NA","NA","NA","NA","NA","NA","NA","NA"
"j2-2-6","SFBay","Rush Ranch","NA",2037959,38.19458,-121.9992,"NA",.11,"6/9/2014",6,2014,832,"0","60","LOW","60","40",0,"NA","0","0","Typha domingensis",0,"Salicornia pacifica",0,"NA",0,6,0,"NA","NA","NA","NA","NA","NA","NA","NA","NA","NA","NA","NA","NA","NA","NA"
"63","SFBay","Coon Island","NA",2039693,38.19722,-122.322,"NA",.25,"7/15/2005",7,2005,1792.92,"0","0","NA","0","0",0,"NA","0","0","Salicornia pacifica",0,"NA",0,"NA",0,1,0,"NA","NA","448.23","NA","NA","NA","NA","NA","NA","NA","NA","NA","NA","NA","NA"
"j1-2-3","SFBay","Rush Ranch","NA",2040628,38.19487,-122.0014,"NA",.11,"5/21/2014",5,2014,405,"0","50","MOD","15","80",5,"NA","0","0","Schoenoplectus americanus",0,"Distichlis spicata",0,"NA",0,6,0,"NA","NA","NA","NA","NA","NA","NA","NA","NA","NA","NA","NA","NA","NA","NA"
"j1-3-2","SFBay","Rush Ranch","NA",2040628,38.19468,-122.0014,"NA",.11,"5/21/2014",5,2014,363,"0","50","MOD","20","80",0,"NA","0","0","Schoenoplectus americanus",0,"NA",0,"NA",0,6,0,"NA","NA","NA","NA","NA","NA","NA","NA","NA","NA","NA","NA","NA","NA","NA"
"j1-3-5","SFBay","Rush Ranch","NA",2040628,38.19468,-122.0015,"NA",.11,"5/21/2014",5,2014,533,"0","25","LOW","60","40",0,"NA","0","0","Juncus balticus",0,"NA",0,"NA",0,6,0,"NA","NA","NA","NA","NA","NA","NA","NA","NA","NA","NA","NA","NA","NA","NA"
"j1-3-1","SFBay","Rush Ranch","NA",2040628,38.19479,-122.0014,"NA",.11,"5/21/2014",5,2014,537,"0","50","MOD","30","70",0,"NA","0","0","Schoenoplectus americanus",0,"Grindelia stricta",0,"Distichlis spicata",0,6,0,"NA","NA","NA","NA","NA","NA","NA","NA","NA","NA","NA","NA","NA","NA","NA"
"j1-2-4","SFBay","Rush Ranch","NA",2040628,38.19487,-122.0015,"NA",.11,"5/21/2014",5,2014,692,"0","25","LOW","40","55",5,"NA","0","0","Schoenoplectus americanus",0,"Potentilla anserina",0,"Juncus balticus",0,6,0,"NA","NA","NA","NA","NA","NA","NA","NA","NA","NA","NA","NA","NA","NA","NA"
"j1-3-6","SFBay","Rush Ranch","NA",2040628,38.19477,-122.0015,"NA",.11,"5/21/2014",5,2014,454,"0","60","HIGH","25","75",0,"NA","0","0","Schoenoplectus americanus",0,"NA",0,"NA",0,6,0,"NA","NA","NA","NA","NA","NA","NA","NA","NA","NA","NA","NA","NA","NA","NA"
"j2-1-4","SFBay","Rush Ranch","NA",2040635,38.19471,-121.9992,"NA",.11,"6/9/2014",6,2014,320,"0","20","MOD","70","30",0,"NA","0","0","Juncus balticus",0,"Distichlis spicata",0,"NA",0,6,0,"NA","NA","NA","NA","NA","NA","NA","NA","NA","NA","NA","NA","NA","NA","NA"
"j2-1-1","SFBay","Rush Ranch","NA",2040635,38.19485,-121.9991,"NA",.11,"6/9/2014",6,2014,628,"0","50","HIGH","30","66",0,"NA","0","0","Schoenoplectus americanus",0,"NA",0,"NA",0,6,0,"NA","NA","NA","NA","NA","NA","NA","NA","NA","NA","NA","NA","NA","NA","NA"
"j2-1-3","SFBay","Rush Ranch","NA",2040635,38.1947,-121.9991,"NA",.11,"6/9/2014",6,2014,377,"0","0","NA","60","40",0,"NA","0","0","Distichlis spicata",0,"Juncus balticus",0,"NA",0,6,0,"NA","NA","NA","NA","NA","NA","NA","NA","NA","NA","NA","NA","NA","NA","NA"
"j2-1-2","SFBay","Rush Ranch","NA",2040635,38.19478,-121.9991,"NA",.11,"6/9/2014",6,2014,168,"0","25","HIGH","40","60",0,"NA","0","0","Schoenoplectus americanus",0,"NA",0,"NA",0,6,0,"NA","NA","NA","NA","NA","NA","NA","NA","NA","NA","NA","NA","NA","NA","NA"
"j2-1-6","SFBay","Rush Ranch","NA",2040635,38.19485,-121.9992,"NA",.11,"6/9/2014",6,2014,949,"0","100","HIGH","25","75",0,"NA","0","0","Typha domingensis",0,"Achillea millefolium",0,"NA",0,6,0,"NA","NA","NA","NA","NA","NA","NA","NA","NA","NA","NA","NA","NA","NA","NA"
"j2-1-5","SFBay","Rush Ranch","NA",2040635,38.19477,-121.9992,"NA",.11,"6/9/2014",6,2014,464,"0","20","MOD","75","25",0,"NA","0","0","Distichlis spicata",0,"Triglochin maritima",0,"NA",0,6,0,"NA","NA","NA","NA","NA","NA","NA","NA","NA","NA","NA","NA","NA","NA","NA"
"j1-2-2","SFBay","Rush Ranch","NA",2043304,38.19494,-122.0014,"NA",.11,"5/21/2014",5,2014,457,"0","75","MOD","15","80",5,"NA","0","0","Schoenoplectus americanus",0,"Schoenoplectus acutus",0,"NA",0,5,0,"NA","NA","NA","NA","NA","NA","NA","NA","NA","NA","NA","NA","NA","NA","NA"
"j1-2-1","SFBay","Rush Ranch","NA",2043304,38.19504,-122.0014,"NA",.11,"5/21/2014",5,2014,303,"0","50","MOD","10","85",5,"NA","0","0","Schoenoplectus americanus",0,"Distichlis spicata",0,"NA",0,5,0,"NA","NA","NA","NA","NA","NA","NA","NA","NA","NA","NA","NA","NA","NA","NA"
"j1-1-4","SFBay","Rush Ranch","NA",2043304,38.19514,-122.0015,"NA",.11,"5/21/2014",5,2014,191,"0","50","HIGH","15","85",0,"NA","0","0","Typha domingensis",0,"Distichlis spicata",0,"NA",0,5,0,"NA","NA","NA","NA","NA","NA","NA","NA","NA","NA","NA","NA","NA","NA","NA"
"j1-1-3","SFBay","Rush Ranch","NA",2043304,38.19514,-122.0014,"NA",.11,"5/21/2014",5,2014,690,"0","50","MOD","50","50",0,"NA","0","0","Schoenoplectus americanus",0,"Juncus balticus",0,"NA",0,5,0,"NA","NA","NA","NA","NA","NA","NA","NA","NA","NA","NA","NA","NA","NA","NA"
"j1-2-5","SFBay","Rush Ranch","NA",2043304,38.19495,-122.0015,"NA",.11,"5/21/2014",5,2014,547,"0","20","HIGH","20","75",5,"NA","0","0","Schoenoplectus americanus",0,"NA",0,"NA",0,5,0,"NA","NA","NA","NA","NA","NA","NA","NA","NA","NA","NA","NA","NA","NA","NA"
"j1-1-5","SFBay","Rush Ranch","NA",2045980,38.19522,-122.0015,"NA",.11,"5/21/2014",5,2014,719.26,"0","75","HIGH","30","70",0,"NA","0","0","Typha domingensis",0,"NA",0,"NA",0,4,0,"NA","NA","NA","NA","NA","NA","NA","NA","NA","NA","NA","NA","NA","NA","NA"
"j1-1-6","SFBay","Rush Ranch","NA",2045980,38.19531,-122.0015,"NA",.11,"5/21/2014",5,2014,586.34,"0","100","MOD","15","80",5,"NA","0","0","Typha domingensis",0,"NA",0,"NA",0,4,0,"NA","NA","NA","NA","NA","NA","NA","NA","NA","NA","NA","NA","NA","NA","NA"
"j1-1-2","SFBay","Rush Ranch","NA",2045980,38.19523,-122.0014,"NA",.11,"5/21/2014",5,2014,377.75,"0","100","LOW","35","65",0,"NA","0","0","NA",0,"Typha domingensis",0,"NA",0,4,0,"NA","NA","NA","NA","NA","NA","NA","NA","NA","NA","NA","NA","NA","NA","NA"
"j1-1-1","SFBay","Rush Ranch","NA",2045980,38.19531,-122.0014,"NA",.11,"5/21/2014",5,2014,229,"0","50","MOD","20","80",0,"NA","0","0","Schoenoplectus americanus",0,"NA",0,"NA",0,4,0,"NA","NA","NA","NA","NA","NA","NA","NA","NA","NA","NA","NA","NA","NA","NA"
"62","SFBay","Coon Island","NA",2047717,38.19798,-122.3233,"NA",.25,"8/23/2005",8,2005,2564.16,"0","0","NA","0","0",0,"NA","0","0","Salicornia pacifica",0,"NA",0,"NA",0,1,0,"NA","NA","641.04","NA","NA","NA","NA","NA","NA","NA","NA","NA","NA","NA","NA"
"61","SFBay","Coon Island","NA",2050393,38.1982,-122.3231,"NA",.25,"8/23/2005",8,2005,1925.92,"0","0","NA","0","0",0,"NA","0","0","Salicornia pacifica",0,"NA",0,"NA",0,1,0,"NA","NA","481.48","NA","NA","NA","NA","NA","NA","NA","NA","NA","NA","NA","NA"
"r3-3-2","SFBay","Rush Ranch","NA",2051248,38.19617,-122.0303,"NA",.11,"7/14/2014",7,2014,624,"0","50","HIGH","40","60",0,"NA","0","0","Schoenoplectus americanus",35,"Typha domingensis",5,"NA",0,5,0,"NA","NA","NA","NA","NA","NA","NA","NA","NA","NA","NA","NA","NA","NA","NA"
"r3-3-4","SFBay","Rush Ranch","NA",2051248,38.19607,-122.0304,"NA",.11,"7/14/2014",7,2014,1070,"0","60","HIGH","80","20",0,"NA","0","0","Calystegia sepium",50,"Typha domingensis",25,"Schoenoplectus americanus",3,5,0,"NA","NA","NA","NA","NA","NA","NA","NA","NA","NA","NA","NA","NA","NA","NA"
"r3-3-5","SFBay","Rush Ranch","NA",2051248,38.19608,-122.0303,"NA",.11,"7/14/2014",7,2014,707,"2","70","HIGH","40","60",0,"NA","0","0","Schoenoplectus americanus",50,"Phragmites australis",10,"NA",0,5,0,"NA","NA","NA","NA","NA","NA","NA","NA","NA","NA","NA","NA","NA","NA","NA"
"r3-3-3","SFBay","Rush Ranch","NA",2051248,38.19617,-122.0304,"NA",.11,"7/14/2014",7,2014,1190,"0","50","HIGH","70","30",0,"NA","0","0","Schoenoplectus americanus",30,"Phragmites australis",20,"Typha domingensis",15,5,0,"NA","NA","NA","NA","NA","NA","NA","NA","NA","NA","NA","NA","NA","NA","NA"
"r3-3-1","SFBay","Rush Ranch","NA",2051248,38.19617,-122.0302,"NA",.11,"7/14/2014",7,2014,679,"1","50","MOD","60","40",0,"NA","0","0","Juncus balticus",30,"Schoenoplectus americanus",20,"Jaumea carnosa",10,5,0,"NA","NA","NA","NA","NA","NA","NA","NA","NA","NA","NA","NA","NA","NA","NA"
"r3-2-5","SFBay","Rush Ranch","NA",2051249,38.19608,-122.03,"NA",.11,"7/14/2014",7,2014,381.76,"0","50","HIGH","45","55",0,"NA","0","0","Typha domingensis",45,"NA",0,"NA",0,5,0,"NA","NA","NA","NA","NA","NA","NA","NA","NA","NA","NA","NA","NA","NA","NA"
"r3-2-1","SFBay","Rush Ranch","NA",2051249,38.19616,-122.0299,"NA",.11,"7/14/2014",7,2014,587,"0","60","HIGH","20","80",0,"NA","0","0","Schoenoplectus americanus",15,"Schoenoplectus acutus",5,"NA",0,5,0,"NA","NA","NA","NA","NA","NA","NA","NA","NA","NA","NA","NA","NA","NA","NA"
"r3-2-4","SFBay","Rush Ranch","NA",2051249,38.19608,-122.0301,"NA",.11,"7/14/2014",7,2014,470,"0","30","HIGH","25","75",0,"NA","0","0","Schoenoplectus americanus",75,"NA",0,"NA",0,5,0,"NA","NA","NA","NA","NA","NA","NA","NA","NA","NA","NA","NA","NA","NA","NA"
"r3-2-2","SFBay","Rush Ranch","NA",2051249,38.19617,-122.03,"NA",.11,"7/14/2014",7,2014,578,"2","40","HIGH","20","80",0,"NA","0","0","Schoenoplectus americanus",80,"NA",0,"NA",0,5,0,"NA","NA","NA","NA","NA","NA","NA","NA","NA","NA","NA","NA","NA","NA","NA"
"r3-2-3","SFBay","Rush Ranch","NA",2051249,38.19617,-122.0301,"NA",.11,"7/14/2014",7,2014,400,"1","40","HIGH","40","60",0,"NA","0","0","Schoenoplectus americanus",50,"Potentilla anserina",10,"Salicornia pacifica",1,5,0,"NA","NA","NA","NA","NA","NA","NA","NA","NA","NA","NA","NA","NA","NA","NA"
"r3-1-2","SFBay","Rush Ranch","NA",2051250,38.19616,-122.0296,"NA",.11,"7/14/2014",7,2014,1600,"0","80","LOW","75","25",0,"NA","0","0","Schoenoplectus americanus",50,"Typha domingensis",20,"Schoenoplectus acutus",5,6,0,"NA","NA","NA","NA","NA","NA","NA","NA","NA","NA","NA","NA","NA","NA","NA"
"r3-1-6","SFBay","Rush Ranch","NA",2051250,38.19605,-122.0295,"NA",.11,"7/14/2014",7,2014,1451.06,"0","90","HIGH","50","50",0,"NA","0","0","Schoenoplectus acutus",50,"NA",0,"NA",0,6,0,"NA","NA","NA","NA","NA","NA","NA","NA","NA","NA","NA","NA","NA","NA","NA"
"r3-1-5","SFBay","Rush Ranch","NA",2051250,38.19607,-122.0296,"NA",.11,"7/14/2014",7,2014,809.53,"0","40","HIGH","50","50",0,"NA","0","0","Schoenoplectus acutus",30,"Typha domingensis",15,"Calystegia sepium",5,6,0,"NA","NA","NA","NA","NA","NA","NA","NA","NA","NA","NA","NA","NA","NA","NA"
"r3-1-4","SFBay","Rush Ranch","NA",2051250,38.19607,-122.0297,"NA",.11,"7/14/2014",7,2014,692,"0","40","HIGH","40","60",0,"NA","0","0","Calystegia sepium",20,"Typha domingensis",15,"Schoenoplectus acutus",3,6,0,"NA","NA","NA","NA","NA","NA","NA","NA","NA","NA","NA","NA","NA","NA","NA"
"r3-1-3","SFBay","Rush Ranch","NA",2051250,38.19616,-122.0297,"NA",.11,"7/14/2014",7,2014,1508,"1","50","LOW","85","15",0,"NA","0","0","Schoenoplectus americanus",70,"Typha domingensis",10,"Schoenoplectus acutus",5,6,0,"NA","NA","NA","NA","NA","NA","NA","NA","NA","NA","NA","NA","NA","NA","NA"
"r3-1-1","SFBay","Rush Ranch","NA",2051250,38.19612,-122.0295,"NA",.11,"7/14/2014",7,2014,743.22,"1","140","LOW","15","45",40,"NA","0","0","Schoenoplectus acutus",0,"Schoenoplectus californicus",0,"Typha domingensis",0,6,0,"NA","NA","NA","NA","NA","NA","NA","NA","NA","NA","NA","NA","NA","NA","NA"
"60","SFBay","Coon Island","NA",2055744,38.19859,-122.3234,"NA",.25,"7/27/2005",7,2005,861.24,"0","0","NA","0","0",0,"NA","0","0","Schoenoplectus acutus",0,"NA",0,"NA",0,2,0,"NA","NA","283.17","NA","NA","NA","NA","NA","NA","NA","NA","NA","NA","NA","NA"
"59","SFBay","Coon Island","NA",2055744,38.1986,-122.3234,"NA",.25,"7/27/2005",7,2005,359.32,"0","0","NA","0","0",0,"NA","0","0","Schoenoplectus acutus",0,"NA",0,"NA",0,2,0,"NA","NA","110.77","NA","NA","NA","NA","NA","NA","NA","NA","NA","NA","NA","NA"
"26-10","SFBay","Rush Ranch","26",2059275,38.19703,-122.0307,"10",.0625,"10/19/2007",10,2007,678.4,"NA","NA","NA","NA","NA",0,"0","NA","NA","Triglochin maritima",85,"Triglochin maritima",62.5,"Potentilla anserina",15,2,0,"NA","NA","97.30","16.00","2.24","NA","NA","NA","NA","NA","NA","NA","NA","NA","NA"
"26-4","SFBay","Rush Ranch","26",2059275,38.19703,-122.0305,"4",.0625,"10/19/2007",10,2007,681.6,"NA","NA","NA","NA","NA",0,"37.5","NA","NA","Triglochin maritima",62.5,"Triglochin maritima",62.5,"Triglochin maritima",62.5,2,0,"NA","NA","120.40","16.00","5.00","NA","NA","NA","NA","NA","NA","NA","NA","NA","NA"
"26-1","SFBay","Rush Ranch","26",2059276,38.19703,-122.0302,"1",.0625,"10/19/2007",10,2007,320,"NA","NA","NA","NA","NA",0,"37.5","NA","NA","Triglochin maritima",62.5,"Potentilla anserina",37.5,"Grindelia stricta var. angustifolia",15,4,0,"NA","NA","140.90","16.00","3.16","NA","NA","NA","NA","NA","NA","NA","NA","NA","NA"
"26-1","SFBay","Rush Ranch","26",2059276,38.19703,-122.0303,"1",.0625,"10/19/2007",10,2007,811.2,"NA","NA","NA","NA","NA",0,"37.5","NA","NA","Triglochin maritima",62.5,"Potentilla anserina",37.5,"Grindelia stricta var. angustifolia",15,4,0,"NA","NA","256.10","16.00","5.00","NA","NA","NA","NA","NA","NA","NA","NA","NA","NA"
"26-3","SFBay","Rush Ranch","26",2059276,38.19703,-122.0304,"3",.0625,"10/19/2007",10,2007,942.4,"NA","NA","NA","NA","NA",0,"0","NA","NA","Triglochin maritima",97.5,"Triglochin maritima",37.5,"Pluchea odorata",15,4,0,"NA","NA","127.20","16.00","4.12","NA","NA","NA","NA","NA","NA","NA","NA","NA","NA"
"26-4","SFBay","Rush Ranch","26",2059276,38.19703,-122.0304,"4",.0625,"10/19/2007",10,2007,508.8,"NA","NA","NA","NA","NA",0,"37.5","NA","NA","Triglochin maritima",62.5,"Triglochin maritima",62.5,"Triglochin maritima",62.5,4,0,"NA","NA","189.20","16.00","4.24","NA","NA","NA","NA","NA","NA","NA","NA","NA","NA"
"28","SFBay","Coon Island","NA",2082496,38.20153,-122.3262,"NA",.25,"7/27/2005",7,2005,478.24,"0","0","NA","0","0",0,"NA","0","0","Spartina foliosa",0,"NA",0,"NA",0,5,0,"NA","NA","144.71","NA","NA","NA","NA","NA","NA","NA","NA","NA","NA","NA","NA"
"30","SFBay","Coon Island","NA",2082496,38.20134,-122.3262,"NA",.25,"7/27/2005",7,2005,557.28,"0","0","NA","0","0",0,"NA","0","0","Spartina foliosa",0,"NA",0,"NA",0,5,0,"NA","NA","150.21","NA","NA","NA","NA","NA","NA","NA","NA","NA","NA","NA","NA"
"26","SFBay","Coon Island","NA",2082496,38.20147,-122.3263,"NA",.25,"7/27/2005",7,2005,381.36,"0","0","NA","0","0",0,"NA","0","0","Spartina foliosa",0,"NA",0,"NA",0,5,0,"NA","NA","115.88","NA","NA","NA","NA","NA","NA","NA","NA","NA","NA","NA","NA"
"29","SFBay","Coon Island","NA",2082496,38.20133,-122.3261,"NA",.25,"7/27/2005",7,2005,536.4,"0","0","NA","0","0",0,"NA","0","0","Spartina foliosa",0,"NA",0,"NA",0,5,0,"NA","NA","134.10","NA","NA","NA","NA","NA","NA","NA","NA","NA","NA","NA","NA"
"27","SFBay","Coon Island","NA",2082496,38.20148,-122.3264,"NA",.25,"7/27/2005",7,2005,516.36,"0","0","NA","0","0",0,"NA","0","0","Spartina foliosa",0,"NA",0,"NA",0,5,0,"NA","NA","141.01","NA","NA","NA","NA","NA","NA","NA","NA","NA","NA","NA","NA"
"25","SFBay","Coon Island","NA",2087845,38.202,-122.3273,"NA",.25,"7/27/2005",7,2005,1058.8,"0","0","NA","0","0",0,"NA","0","0","Schoenoplectus californicus",0,"NA",0,"NA",0,2,0,"NA","NA","495.62","NA","NA","NA","NA","NA","NA","NA","NA","NA","NA","NA","NA"
"24","SFBay","Coon Island","NA",2087845,38.20198,-122.3272,"NA",.25,"7/27/2005",7,2005,466.96,"0","0","NA","0","0",0,"NA","0","0","Schoenoplectus californicus",0,"NA",0,"NA",0,2,0,"NA","NA","286.73","NA","NA","NA","NA","NA","NA","NA","NA","NA","NA","NA","NA"
"22","SFBay","Coon Island","NA",2090522,38.20218,-122.327,"NA",.25,"7/27/2005",7,2005,1005.32,"0","0","NA","0","0",0,"NA","0","0","Schoenoplectus americanus",0,"NA",0,"NA",0,5,0,"NA","NA","266.68","NA","NA","NA","NA","NA","NA","NA","NA","NA","NA","NA","NA"
"23","SFBay","Coon Island","NA",2090522,38.20213,-122.327,"NA",.25,"7/27/2005",7,2005,454.4,"0","0","NA","0","0",0,"NA","0","0","Schoenoplectus americanus",0,"NA",0,"NA",0,5,0,"NA","NA","149.87","NA","NA","NA","NA","NA","NA","NA","NA","NA","NA","NA","NA"
"20","SFBay","Coon Island","NA",2090522,38.20222,-122.327,"NA",.25,"7/27/2005",7,2005,873.76,"0","0","NA","0","0",0,"NA","0","0","Schoenoplectus americanus",0,"NA",0,"NA",0,5,0,"NA","NA","303.32","NA","NA","NA","NA","NA","NA","NA","NA","NA","NA","NA","NA"
"19","SFBay","Coon Island","NA",2090522,38.20227,-122.327,"NA",.25,"7/27/2005",7,2005,836.92,"0","0","NA","0","0",0,"NA","0","0","Schoenoplectus americanus",0,"NA",0,"NA",0,5,0,"NA","NA","267.18","NA","NA","NA","NA","NA","NA","NA","NA","NA","NA","NA","NA"
"21","SFBay","Coon Island","NA",2090522,38.20222,-122.327,"NA",.25,"7/27/2005",7,2005,517.08,"0","0","NA","0","0",0,"NA","0","0","Schoenoplectus americanus",0,"NA",0,"NA",0,5,0,"NA","NA","219.66","NA","NA","NA","NA","NA","NA","NA","NA","NA","NA","NA","NA"
"18","SFBay","Coon Island","NA",2093197,38.20263,-122.3273,"NA",.25,"7/27/2005",7,2005,1530.68,"0","0","NA","0","0",0,"NA","0","0","Typha angustifolia",0,"NA",0,"NA",0,2,0,"NA","NA","541.14","NA","NA","NA","NA","NA","NA","NA","NA","NA","NA","NA","NA"
"17","SFBay","Coon Island","NA",2093197,38.20263,-122.3272,"NA",.25,"7/27/2005",7,2005,1815.64,"0","0","NA","0","0",0,"NA","0","0","Typha angustifolia",0,"NA",0,"NA",0,2,0,"NA","NA","671.87","NA","NA","NA","NA","NA","NA","NA","NA","NA","NA","NA","NA"
"15","SFBay","Coon Island","NA",2095874,38.20281,-122.3269,"NA",.25,"7/27/2005",7,2005,1514.12,"0","0","NA","0","0",0,"NA","0","0","Schoenoplectus acutus",0,"NA",0,"NA",0,2,0,"NA","NA","844.95","NA","NA","NA","NA","NA","NA","NA","NA","NA","NA","NA","NA"
"16","SFBay","Coon Island","NA",2095874,38.20273,-122.3269,"NA",.25,"7/27/2005",7,2005,1540.04,"0","0","NA","0","0",0,"NA","0","0","Schoenoplectus acutus",0,"NA",0,"NA",0,2,0,"NA","NA","880.32","NA","NA","NA","NA","NA","NA","NA","NA","NA","NA","NA","NA"
"13","SFBay","Coon Island","NA",2098551,38.20296,-122.3267,"NA",.25,"7/27/2005",7,2005,944.16,"0","0","NA","0","0",0,"NA","0","0","Bolboschoenus maritimus",0,"NA",0,"NA",0,3,0,"NA","NA","370.19","NA","NA","NA","NA","NA","NA","NA","NA","NA","NA","NA","NA"
"14","SFBay","Coon Island","NA",2098551,38.20298,-122.3267,"NA",.25,"7/27/2005",7,2005,920.92,"0","0","NA","0","0",0,"NA","0","0","Bolboschoenus maritimus",0,"NA",0,"NA",0,3,0,"NA","NA","404.93","NA","NA","NA","NA","NA","NA","NA","NA","NA","NA","NA","NA"
"12","SFBay","Coon Island","NA",2098551,38.20311,-122.3265,"NA",.25,"7/27/2005",7,2005,1350.08,"0","0","NA","0","0",0,"NA","0","0","Schoenoplectus californicus",0,"NA",0,"NA",0,3,0,"NA","NA","498.57","NA","NA","NA","NA","NA","NA","NA","NA","NA","NA","NA","NA"
"3","SFBay","Coon Island","NA",2101227,38.20337,-122.3266,"NA",.25,"7/27/2005",7,2005,612.32,"0","0","NA","0","0",0,"NA","0","0","Bolboschoenus maritimus",0,"NA",0,"NA",0,3,0,"NA","NA","265.31","NA","NA","NA","NA","NA","NA","NA","NA","NA","NA","NA","NA"
"1","SFBay","Coon Island","NA",2101227,38.20332,-122.3267,"NA",.25,"7/27/2005",7,2005,1053.48,"0","0","NA","0","0",0,"NA","0","0","Bolboschoenus maritimus",0,"NA",0,"NA",0,3,0,"NA","NA","399.49","NA","NA","NA","NA","NA","NA","NA","NA","NA","NA","NA","NA"
"2","SFBay","Coon Island","NA",2101227,38.20333,-122.3266,"NA",.25,"7/27/2005",7,2005,664.12,"0","0","NA","0","0",0,"NA","0","0","Bolboschoenus maritimus",0,"NA",0,"NA",0,3,0,"NA","NA","241.09","NA","NA","NA","NA","NA","NA","NA","NA","NA","NA","NA","NA"
"11","SFBay","Coon Island","NA",2101228,38.20329,-122.3263,"NA",.25,"7/27/2005",7,2005,1807.04,"0","0","NA","0","0",0,"NA","0","0","Schoenoplectus californicus",0,"NA",0,"NA",0,2,0,"NA","NA","549.84","NA","NA","NA","NA","NA","NA","NA","NA","NA","NA","NA","NA"
"10","SFBay","Coon Island","NA",2101228,38.20322,-122.3263,"NA",.25,"7/27/2005",7,2005,1126.52,"0","0","NA","0","0",0,"NA","0","0","Schoenoplectus californicus",0,"NA",0,"NA",0,2,0,"NA","NA","309.89","NA","NA","NA","NA","NA","NA","NA","NA","NA","NA","NA","NA"
"6","SFBay","Coon Island","NA",2103903,38.20361,-122.3266,"NA",.25,"7/27/2005",7,2005,1055.88,"0","0","NA","0","0",0,"NA","0","0","Schoenoplectus acutus",0,"NA",0,"NA",0,3,0,"NA","NA","526.38","NA","NA","NA","NA","NA","NA","NA","NA","NA","NA","NA","NA"
"4","SFBay","Coon Island","NA",2103903,38.20353,-122.3265,"NA",.25,"7/27/2005",7,2005,1015.04,"0","0","NA","0","0",0,"NA","0","0","Schoenoplectus acutus",0,"NA",0,"NA",0,3,0,"NA","NA","615.75","NA","NA","NA","NA","NA","NA","NA","NA","NA","NA","NA","NA"
"5","SFBay","Coon Island","NA",2103903,38.20358,-122.3265,"NA",.25,"7/27/2005",7,2005,946,"0","0","NA","0","0",0,"NA","0","0","Schoenoplectus acutus",0,"NA",0,"NA",0,3,0,"NA","NA","333.62","NA","NA","NA","NA","NA","NA","NA","NA","NA","NA","NA","NA"
"8","SFBay","Coon Island","NA",2106579,38.20388,-122.3266,"NA",.25,"7/27/2005",7,2005,1396.64,"0","0","NA","0","0",0,"NA","0","0","Typha angustifolia",0,"NA",0,"NA",0,3,0,"NA","NA","541.61","NA","NA","NA","NA","NA","NA","NA","NA","NA","NA","NA","NA"
"7","SFBay","Coon Island","NA",2106579,38.20392,-122.3267,"NA",.25,"7/27/2005",7,2005,712,"0","0","NA","0","0",0,"NA","0","0","Typha angustifolia",0,"NA",0,"NA",0,3,0,"NA","NA","398.87","NA","NA","NA","NA","NA","NA","NA","NA","NA","NA","NA","NA"
"9","SFBay","Coon Island","NA",2106579,38.20389,-122.3265,"NA",.25,"7/27/2005",7,2005,1503.28,"0","0","NA","0","0",0,"NA","0","0","Typha angustifolia",0,"NA",0,"NA",0,3,0,"NA","NA","590.56","NA","NA","NA","NA","NA","NA","NA","NA","NA","NA","NA","NA"
"r4-2-1","SFBay","Rush Ranch","NA",2110120,38.20214,-122.0302,"NA",.11,"7/31/2014",7,2014,544.21,"0","120","MED","20","80",0,"NA","0","0","Schoenoplectus acutus",20,"NA",0,"NA",0,6,0,"NA","NA","NA","NA","NA","NA","NA","NA","NA","NA","NA","NA","NA","NA","NA"
"r4-2-3","SFBay","Rush Ranch","NA",2110120,38.20207,-122.0302,"NA",.11,"7/31/2014",7,2014,288.02,"0","50","HIGH","30","70",0,"NA","0","0","Schoenoplectus acutus",30,"NA",0,"NA",0,6,0,"NA","NA","NA","NA","NA","NA","NA","NA","NA","NA","NA","NA","NA","NA","NA"
"r4-2-2","SFBay","Rush Ranch","NA",2110120,38.20214,-122.0303,"NA",.11,"7/31/2014",7,2014,993.81,"0","75","MED","40","60",0,"NA","0","0","Schoenoplectus acutus",40,"NA",0,"NA",0,6,0,"NA","NA","NA","NA","NA","NA","NA","NA","NA","NA","NA","NA","NA","NA","NA"
"r4-2-5","SFBay","Rush Ranch","NA",2110120,38.202,-122.0302,"NA",.11,"7/31/2014",7,2014,612.33,"0","20","HIGH","25","75",0,"NA","0","0","Schoenoplectus acutus",20,"Juncus sp.",5,"NA",0,6,0,"NA","NA","NA","NA","NA","NA","NA","NA","NA","NA","NA","NA","NA","NA","NA"
"r4-2-4","SFBay","Rush Ranch","NA",2110120,38.20207,-122.0303,"NA",.11,"7/31/2014",7,2014,870.76,"0","75","MED","25","75",0,"NA","0","0","Schoenoplectus acutus",25,"NA",0,"NA",0,6,0,"NA","NA","NA","NA","NA","NA","NA","NA","NA","NA","NA","NA","NA","NA","NA"
"r4-2-6","SFBay","Rush Ranch","NA",2110120,38.202,-122.0303,"NA",.11,"7/31/2014",7,2014,543.61,"0","25","HIGH","30","70",0,"NA","0","0","Schoenoplectus acutus",30,"NA",0,"NA",0,6,0,"NA","NA","NA","NA","NA","NA","NA","NA","NA","NA","NA","NA","NA","NA","NA"
"r4-5-6","SFBay","Rush Ranch","NA",2110121,38.202,-122.0298,"NA",.11,"7/31/2014",7,2014,417,"0","25","LOW","50","40",10,"NA","0","0","Typha domingensis",20,"Juncus balticus",10,"Schoenoplectus acutus",5,6,0,"NA","NA","NA","NA","NA","NA","NA","NA","NA","NA","NA","NA","NA","NA","NA"
"r4-5-3","SFBay","Rush Ranch","NA",2110121,38.20207,-122.0299,"NA",.11,"7/31/2014",7,2014,1007.78,"0","20","MED","40","60",0,"NA","0","0","Schoenoplectus acutus",40,"NA",0,"NA",0,6,0,"NA","NA","NA","NA","NA","NA","NA","NA","NA","NA","NA","NA","NA","NA","NA"
"r4-5-4","SFBay","Rush Ranch","NA",2110121,38.20207,-122.0298,"NA",.11,"7/31/2014",7,2014,769,"0","120","HIGH","60","40",0,"NA","0","0","Schoenoplectus acutus",25,"Lepidium latifolium",10,"Typha domingensis",5,6,0,"NA","NA","NA","NA","NA","NA","NA","NA","NA","NA","NA","NA","NA","NA","NA"
"r4-5-5","SFBay","Rush Ranch","NA",2110121,38.202,-122.0299,"NA",.11,"7/31/2014",7,2014,1038.36,"0","50","HIGH","65","35",0,"NA","0","0","Schoenoplectus acutus",65,"NA",0,"NA",0,6,0,"NA","NA","NA","NA","NA","NA","NA","NA","NA","NA","NA","NA","NA","NA","NA"
"r4-5-2","SFBay","Rush Ranch","NA",2110121,38.20214,-122.0298,"NA",.11,"7/31/2014",7,2014,2373,"0","100","HIGH","75","25",0,"NA","0","0","Schoenoplectus acutus",30,"Lepidium latifolium",30,"Typha domingensis",15,6,0,"NA","NA","NA","NA","NA","NA","NA","NA","NA","NA","NA","NA","NA","NA","NA"
"r4-5-1","SFBay","Rush Ranch","NA",2110121,38.20214,-122.03,"NA",.11,"7/31/2014",7,2014,932.15,"0","75","MED","60","40",0,"NA","0","0","Schoenoplectus acutus",60,"NA",0,"NA",0,6,0,"NA","NA","NA","NA","NA","NA","NA","NA","NA","NA","NA","NA","NA","NA","NA"
"r4-1-1","SFBay","Rush Ranch","NA",2112796,38.20241,-122.0302,"NA",.11,"7/31/2014",7,2014,2485,"0","125","HIGH","65","35",0,"NA","0","0","Lepidium latifolium",35,"Schoenoplectus acutus",25,"Typha domingensis",5,6,0,"NA","NA","NA","NA","NA","NA","NA","NA","NA","NA","NA","NA","NA","NA","NA"
"r4-1-5","SFBay","Rush Ranch","NA",2112796,38.20227,-122.0302,"NA",.11,"7/31/2014",7,2014,1334.65,"0","20","HIGH","50","50",0,"NA","0","0","Schoenoplectus acutus",35,"Typha domingensis",15,"NA",0,6,0,"NA","NA","NA","NA","NA","NA","NA","NA","NA","NA","NA","NA","NA","NA","NA"
"r4-1-3","SFBay","Rush Ranch","NA",2112796,38.20232,-122.0302,"NA",.11,"7/31/2014",7,2014,587.5,"0","25","HIGH","75","25",0,"NA","0","0","Lepidium latifolium",40,"Schoenoplectus acutus",25,"Typha domingensis",10,6,0,"NA","NA","NA","NA","NA","NA","NA","NA","NA","NA","NA","NA","NA","NA","NA"
"r4-1-2","SFBay","Rush Ranch","NA",2112796,38.20241,-122.0303,"NA",.11,"7/31/2014",7,2014,980,"0","50","HIGH","70","30",0,"NA","0","0","Lepidium latifolium",50,"Schoenoplectus acutus",20,"NA",0,6,0,"NA","NA","NA","NA","NA","NA","NA","NA","NA","NA","NA","NA","NA","NA","NA"
"r4-1-6","SFBay","Rush Ranch","NA",2112796,38.20227,-122.0303,"NA",.11,"7/31/2014",7,2014,2485,"0","80","MED","75","25",0,"NA","0","0","Lepidium latifolium",40,"Schoenoplectus acutus",30,"UNKNOWN- TOOK SAMPLE",5,6,0,"NA","NA","NA","NA","NA","NA","NA","NA","NA","NA","NA","NA","NA","NA","NA"
"r4-1-4","SFBay","Rush Ranch","NA",2112796,38.20234,-122.0303,"NA",.11,"7/31/2014",7,2014,845,"0","50","HIGH","95","5",0,"NA","0","0","Lepidium latifolium",85,"Schoenoplectus acutus",10,"NA",0,6,0,"NA","NA","NA","NA","NA","NA","NA","NA","NA","NA","NA","NA","NA","NA","NA"
"r4-4-1","SFBay","Rush Ranch","NA",2112797,38.20241,-122.03,"NA",.11,"7/31/2014",7,2014,647.74,"0","100","MED","60","40",0,"NA","0","0","Schoenoplectus acutus",60,"NA",0,"NA",0,6,0,"NA","NA","NA","NA","NA","NA","NA","NA","NA","NA","NA","NA","NA","NA","NA"
"r4-4-6","SFBay","Rush Ranch","NA",2112797,38.20227,-122.0298,"NA",.11,"7/31/2014",7,2014,663,"0","20","LOW","85","15",0,"NA","0","0","Lepidium latifolium",75,"Typha domingensis",10,"NA",0,6,0,"NA","NA","NA","NA","NA","NA","NA","NA","NA","NA","NA","NA","NA","NA","NA"
"r4-4-5","SFBay","Rush Ranch","NA",2112797,38.20227,-122.03,"NA",.11,"7/31/2014",7,2014,359.61,"0","25","HIGH","20","80",0,"NA","0","0","Schoenoplectus acutus",20,"NA",0,"NA",0,6,0,"NA","NA","NA","NA","NA","NA","NA","NA","NA","NA","NA","NA","NA","NA","NA"
"r4-4-4","SFBay","Rush Ranch","NA",2112797,38.20234,-122.0298,"NA",.11,"7/31/2014",7,2014,1921,"0","120","HIGH","65","35",0,"NA","0","0","Schoenoplectus acutus",40,"Lepidium latifolium",20,"Typha domingensis",5,6,0,"NA","NA","NA","NA","NA","NA","NA","NA","NA","NA","NA","NA","NA","NA","NA"
"r4-4-3","SFBay","Rush Ranch","NA",2112797,38.20234,-122.03,"NA",.11,"7/31/2014",7,2014,546,"0","10","LOW","100","0",0,"NA","0","0","Juncus balticus",85,"Schoenoplectus americanus",7.5,"Schoenoplectus acutus",7.5,6,0,"NA","NA","NA","NA","NA","NA","NA","NA","NA","NA","NA","NA","NA","NA","NA"
"r4-4-2","SFBay","Rush Ranch","NA",2112797,38.2024,-122.0298,"NA",.11,"7/31/2014",7,2014,325.91,"0","110","HIGH","50","50",0,"NA","0","0","Schoenoplectus acutus",50,"NA",0,"NA",0,6,0,"NA","NA","NA","NA","NA","NA","NA","NA","NA","NA","NA","NA","NA","NA","NA"
"r1-7-5","SFBay","Rush Ranch","NA",2120830,38.20313,-122.0281,"NA",.11,"7/16/2014",7,2014,1559,"0","10","LOW","70","30",0,"NA","0","0","Lepidium latifolium",55,"Typha domingensis",15,"NA",0,6,0,"NA","NA","NA","NA","NA","NA","NA","NA","NA","NA","NA","NA","NA","NA","NA"
"r1-7-6","SFBay","Rush Ranch","NA",2120830,38.20305,-122.0281,"NA",.11,"7/16/2014",7,2014,416,"0","75","LOW","60","40",0,"NA","0","0","Lepidium latifolium",50,"Typha domingensis",10,"NA",0,6,0,"NA","NA","NA","NA","NA","NA","NA","NA","NA","NA","NA","NA","NA","NA","NA"
"r1-7-2","SFBay","Rush Ranch","NA",2120830,38.20313,-122.0282,"NA",.11,"7/16/2014",7,2014,1566,"0","5","LOW","70","30",0,"NA","0","0","Typha domingensis",60,"Calystegia sepium",10,"NA",0,6,0,"NA","NA","NA","NA","NA","NA","NA","NA","NA","NA","NA","NA","NA","NA","NA"
"r1-7-3","SFBay","Rush Ranch","NA",2120830,38.20321,-122.0282,"NA",.11,"7/16/2014",7,2014,3021,"0","40","LOW","95","5",0,"NA","0","0","Lepidium latifolium",90,"Typha domingensis",5,"NA",0,6,0,"NA","NA","NA","NA","NA","NA","NA","NA","NA","NA","NA","NA","NA","NA","NA"
"r1-7-1","SFBay","Rush Ranch","NA",2120830,38.20305,-122.0282,"NA",.11,"7/16/2014",7,2014,454.11,"0","40","HIGH","50","50",0,"NA","0","0","Typha domingensis",30,"Calystegia sepium",20,"NA",0,6,0,"NA","NA","NA","NA","NA","NA","NA","NA","NA","NA","NA","NA","NA","NA","NA"
"r1-7-4","SFBay","Rush Ranch","NA",2120830,38.20321,-122.0281,"NA",.11,"7/16/2014",7,2014,786,"0","5","LOW","90","5",5,"NA","0","0","Juncus balticus",40,"Lepidium latifolium",30,"Potentilla anserina",20,6,0,"NA","NA","NA","NA","NA","NA","NA","NA","NA","NA","NA","NA","NA","NA","NA"
"r1-3-3","SFBay","Rush Ranch","NA",2120832,38.20317,-122.0276,"NA",.11,"7/16/2014",7,2014,576,"1","50","HIGH","50","50",0,"NA","0","0","Schoenoplectus americanus",50,"NA",0,"NA",0,5,0,"NA","NA","NA","NA","NA","NA","NA","NA","NA","NA","NA","NA","NA","NA","NA"
"r1-3-2","SFBay","Rush Ranch","NA",2120832,38.20317,-122.0275,"NA",.11,"7/16/2014",7,2014,428,"0","0","NONE","100","0",0,"NA","0","0","Lepidium latifolium",70,"Juncus balticus",25,"Schoenoplectus americanus",5,5,0,"NA","NA","NA","NA","NA","NA","NA","NA","NA","NA","NA","NA","NA","NA","NA"
"r1-3-4","SFBay","Rush Ranch","NA",2120832,38.20309,-122.0276,"NA",.11,"7/16/2014",7,2014,988,"0","0","NONE","100","0",0,"NA","0","0","Triglochin maritima",65,"Lepidium latifolium",30,"Schoenoplectus americanus",5,5,0,"NA","NA","NA","NA","NA","NA","NA","NA","NA","NA","NA","NA","NA","NA","NA"
"r1-3-5","SFBay","Rush Ranch","NA",2120832,38.20308,-122.0275,"NA",.11,"7/16/2014",7,2014,134,"0","30","MOD","50","50",0,"NA","0","0","Triglochin maritima",25,"Lepidium latifolium",20,"Schoenoplectus americanus",5,5,0,"NA","NA","NA","NA","NA","NA","NA","NA","NA","NA","NA","NA","NA","NA","NA"
"r1-3-1","SFBay","Rush Ranch","NA",2120832,38.20317,-122.0274,"NA",.11,"7/16/2014",7,2014,532,"0","0","NONE","100","0",0,"NA","0","0","Lepidium latifolium",60,"Juncus balticus",35,"Schoenoplectus americanus",5,5,0,"NA","NA","NA","NA","NA","NA","NA","NA","NA","NA","NA","NA","NA","NA","NA"
"r1-2-1","SFBay","Rush Ranch","NA",2120833,38.20317,-122.027,"NA",.11,"7/16/2014",7,2014,291,"0","50","HIGH","50","50",0,"NA","0","0","Schoenoplectus americanus",50,"NA",0,"NA",0,5,0,"NA","NA","NA","NA","NA","NA","NA","NA","NA","NA","NA","NA","NA","NA","NA"
"r1-2-2","SFBay","Rush Ranch","NA",2120833,38.20317,-122.0271,"NA",.11,"7/16/2014",7,2014,675,"0","25","HIGH","60","40",0,"NA","0","0","Lepidium latifolium",45,"Schoenoplectus americanus",10,"Calystegia sepium",5,5,0,"NA","NA","NA","NA","NA","NA","NA","NA","NA","NA","NA","NA","NA","NA","NA"
"r1-2-3","SFBay","Rush Ranch","NA",2120833,38.20317,-122.0272,"NA",.11,"7/16/2014",7,2014,399,"0","0","NONE","70","15",15,"NA","0","0","Lepidium latifolium",60,"Typha domingensis",10,"NA",0,5,0,"NA","NA","NA","NA","NA","NA","NA","NA","NA","NA","NA","NA","NA","NA","NA"
"r1-2-4","SFBay","Rush Ranch","NA",2120833,38.20308,-122.0272,"NA",.11,"7/16/2014",7,2014,915,"0","0","NONE","75","25",10,"NA","0","0","Lepidium latifolium",50,"Typha domingensis",25,"NA",0,5,0,"NA","NA","NA","NA","NA","NA","NA","NA","NA","NA","NA","NA","NA","NA","NA"
"r1-2-5","SFBay","Rush Ranch","NA",2120833,38.20308,-122.0271,"NA",.11,"7/16/2014",7,2014,701,"0","70","HIGH","30","70",0,"NA","0","0","Schoenoplectus americanus",30,"NA",0,"NA",0,5,0,"NA","NA","NA","NA","NA","NA","NA","NA","NA","NA","NA","NA","NA","NA","NA"
"r1-1-3","SFBay","Rush Ranch","NA",2120834,38.20317,-122.0269,"NA",.11,"7/16/2014",7,2014,579,"0","0","NONE","90","10",0,"NA","0","0","Triglochin maritima",50,"Distichlis spicata",20,"Atriplex triangularis",20,5,0,"NA","NA","NA","NA","NA","NA","NA","NA","NA","NA","NA","NA","NA","NA","NA"
"r1-1-1","SFBay","Rush Ranch","NA",2120834,38.20317,-122.0267,"NA",.11,"7/16/2014",7,2014,1537,"0","0","NONE","85","15",0,"NA","0","0","Salicornia pacifica",85,"NA",0,"NA",0,5,0,"NA","NA","NA","NA","NA","NA","NA","NA","NA","NA","NA","NA","NA","NA","NA"
"r1-1-4","SFBay","Rush Ranch","NA",2120834,38.20308,-122.0269,"NA",.11,"7/16/2014",7,2014,513,"0","20","LOW","80","20",0,"NA","0","0","Juncus balticus",65,"Schoenoplectus americanus",15,"NA",0,5,0,"NA","NA","NA","NA","NA","NA","NA","NA","NA","NA","NA","NA","NA","NA","NA"
"r1-1-5","SFBay","Rush Ranch","NA",2120834,38.20308,-122.0268,"NA",.11,"7/16/2014",7,2014,1025,"0","0","NONE","85","15",0,"NA","0","0","Salicornia pacifica",70,"Distichlis spicata",5,"Juncus balticus",5,5,0,"NA","NA","NA","NA","NA","NA","NA","NA","NA","NA","NA","NA","NA","NA","NA"
"r1-1-2","SFBay","Rush Ranch","NA",2120834,38.20317,-122.0268,"NA",.11,"7/16/2014",7,2014,857,"0","0","NONE","80","20",0,"NA","0","0","Atriplex triangularis",50,"Distichlis spicata",25,"Triglochin maritima",5,5,0,"NA","NA","NA","NA","NA","NA","NA","NA","NA","NA","NA","NA","NA","NA","NA"
"5-7","SFBay","Rush Ranch","5",2123489,38.20354,-122.0339,"7",.0625,"7/19/2007",7,2007,773.6,"NA","NA","NA","NA","NA",0,"0","NA","NA","Salicornia virginica",62.5,"Salicornia virginica",37.5,"Salicornia virginica",3,4,4,"NA","NA","149.95","0.00","4.12","NA","NA","NA","NA","NA","NA","NA","NA","NA","NA"
"5-8","SFBay","Rush Ranch","5",2123489,38.20354,-122.0339,"8",.0625,"7/19/2007",7,2007,823.36,"NA","NA","NA","NA","NA",0,"0","NA","NA","Schoenoplectus americanus",62.5,"Lepidium latifolium",37.5,"Euthamia occidentalis",3,4,4,"NA","NA","126.89","0.00","4.00","NA","NA","NA","NA","NA","NA","NA","NA","NA","NA"
"5-5","SFBay","Rush Ranch","5",2123489,38.20354,-122.0338,"5",.0625,"7/19/2007",7,2007,1380.16,"NA","NA","NA","NA","NA",0,"0","NA","NA","Typha angustifolia",85,"Typha angustifolia",37.5,"Typha angustifolia",37.5,4,4,"NA","NA","275.57","0.00","5.00","NA","NA","NA","NA","NA","NA","NA","NA","NA","NA"
"5-8","SFBay","Rush Ranch","5",2123489,38.20354,-122.034,"8",.0625,"7/19/2007",7,2007,1316.64,"NA","NA","NA","NA","NA",0,"0","NA","NA","Schoenoplectus americanus",62.5,"Lepidium latifolium",37.5,"Euthamia occidentalis",3,4,4,"NA","NA","153.51","0.00","5.66","NA","NA","NA","NA","NA","NA","NA","NA","NA","NA"
"5-2","SFBay","Rush Ranch","5",2123490,38.20354,-122.0336,"2",.0625,"7/19/2007",7,2007,565.12,"NA","NA","NA","NA","NA",0,"0","NA","NA","Triglochin maritima",62.5,"Salicornia virginica",37.5,"Salicornia virginica",37.5,3,4,"NA","NA","160.31","0.00","3.61","NA","NA","NA","NA","NA","NA","NA","NA","NA","NA"
"5-1","SFBay","Rush Ranch","5",2123490,38.20354,-122.0335,"1",.0625,"7/19/2007",7,2007,657.28,"NA","NA","NA","NA","NA",0,"0","NA","NA","Triglochin maritima",62.5,"Salicornia virginica",15,"Salicornia virginica",15,3,4,"NA","NA","312.66","0.00","1.00","NA","NA","NA","NA","NA","NA","NA","NA","NA","NA"
"5-4","SFBay","Rush Ranch","5",2123490,38.20354,-122.0337,"4",.0625,"7/19/2007",7,2007,47.04,"NA","NA","NA","NA","NA",0,"0","NA","NA","Triglochin maritima",62.5,"Triglochin maritima",62.5,"Triglochin maritima",15,3,4,"NA","NA","115.04","0.00","5.83","NA","NA","NA","NA","NA","NA","NA","NA","NA","NA"
"r1-9-2","SFBay","Rush Ranch","NA",2123505,38.20338,-122.0284,"NA",.11,"7/16/2014",7,2014,428.06,"0","130","MOD","70","30",0,"NA","0","0","Schoenoplectus acutus",69,"Schoenoplectus americanus",1,"NA",0,3,0,"NA","NA","NA","NA","NA","NA","NA","NA","NA","NA","NA","NA","NA","NA","NA"
"r1-9-3","SFBay","Rush Ranch","NA",2123505,38.20331,-122.0283,"NA",.11,"7/16/2014",7,2014,1303.22,"0","75","MOD","80","20",0,"NA","0","0","Schoenoplectus acutus",80,"NA",0,"NA",0,3,0,"NA","NA","NA","NA","NA","NA","NA","NA","NA","NA","NA","NA","NA","NA","NA"
"r1-9-1","SFBay","Rush Ranch","NA",2123505,38.20344,-122.0285,"NA",.11,"7/16/2014",7,2014,999.36,"0","125","MOD","80","20",0,"NA","0","0","Schoenoplectus acutus",79,"Schoenoplectus americanus",1,"NA",0,3,0,"NA","NA","NA","NA","NA","NA","NA","NA","NA","NA","NA","NA","NA","NA","NA"
"r1-8-6","SFBay","Rush Ranch","NA",2123506,38.20333,-122.0281,"NA",.11,"7/16/2014",7,2014,314,"0","40","HIGH","30","70",0,"NA","0","0","Schoenoplectus americanus",70,"NA",0,"NA",0,6,0,"NA","NA","NA","NA","NA","NA","NA","NA","NA","NA","NA","NA","NA","NA","NA"
"r1-8-2","SFBay","Rush Ranch","NA",2123506,38.20343,-122.0282,"NA",.11,"7/16/2014",7,2014,663,"0","30","MOD","85","15",0,"NA","0","0","Juncus balticus",80,"Schoenoplectus americanus",5,"NA",0,6,0,"NA","NA","NA","NA","NA","NA","NA","NA","NA","NA","NA","NA","NA","NA","NA"
"r1-8-5","SFBay","Rush Ranch","NA",2123506,38.20341,-122.0281,"NA",.11,"7/16/2014",7,2014,574,"0","30","MOD","60","40",0,"NA","0","0","Schoenoplectus americanus",30,"Potentilla anserina",30,"NA",0,6,0,"NA","NA","NA","NA","NA","NA","NA","NA","NA","NA","NA","NA","NA","NA","NA"
"r1-8-3","SFBay","Rush Ranch","NA",2123506,38.20354,-122.0282,"NA",.11,"7/16/2014",7,2014,522.69,"0","75","HIGH","50","50",0,"NA","0","0","Schoenoplectus acutus",49,"Calystegia sepium",1,"NA",0,6,0,"NA","NA","NA","NA","NA","NA","NA","NA","NA","NA","NA","NA","NA","NA","NA"
"r1-8-1","SFBay","Rush Ranch","NA",2123506,38.20333,-122.0283,"NA",.11,"7/16/2014",7,2014,1089,"0","60","HIGH","75","25",0,"NA","0","0","Schoenoplectus acutus",70,"Schoenoplectus americanus",5,"NA",0,6,0,"NA","NA","NA","NA","NA","NA","NA","NA","NA","NA","NA","NA","NA","NA","NA"
"r1-8-4","SFBay","Rush Ranch","NA",2123506,38.20349,-122.0281,"NA",.11,"7/16/2014",7,2014,625,"0","40","MOD","75","20",0,"NA","0","0","Calystegia sepium",55,"Schoenoplectus americanus",15,"Juncus balticus",5,6,0,"NA","NA","NA","NA","NA","NA","NA","NA","NA","NA","NA","NA","NA","NA","NA"
"r2-5-6","SFBay","Rush Ranch","NA",2134206,38.20457,-122.0296,"NA",.11,"7/15/2014",7,2014,700,"0","5","LOW","95","5",0,"NA","0","0","Juncus balticus",65,"Salicornia pacifica",25,"Glaux maritima",5,6,0,"NA","NA","NA","NA","NA","NA","NA","NA","NA","NA","NA","NA","NA","NA","NA"
"r2-5-5","SFBay","Rush Ranch","NA",2134206,38.20449,-122.0296,"NA",.11,"7/15/2014",7,2014,719,"0","35","MOD","20","80",0,"NA","0","0","Salicornia pacifica",15,"Schoenoplectus americanus",4,"Juncus balticus",1,6,0,"NA","NA","NA","NA","NA","NA","NA","NA","NA","NA","NA","NA","NA","NA","NA"
"r2-5-3","SFBay","Rush Ranch","NA",2134206,38.20442,-122.0295,"NA",.11,"7/15/2014",7,2014,319,"0","70","HIGH","15","85",0,"NA","0","0","Baccharis douglasii",10,"Schoenoplectus americanus",5,"NA",0,6,0,"NA","NA","NA","NA","NA","NA","NA","NA","NA","NA","NA","NA","NA","NA","NA"
"r2-5-1","SFBay","Rush Ranch","NA",2134206,38.20457,-122.0295,"NA",.11,"7/15/2014",7,2014,1481,"0","10","LOW","80","20",0,"NA","0","0","Salicornia pacifica",45,"Juncus balticus",35,"Triglochin maritima",0,6,0,"NA","NA","NA","NA","NA","NA","NA","NA","NA","NA","NA","NA","NA","NA","NA"
"r2-5-2","SFBay","Rush Ranch","NA",2134206,38.2045,-122.0295,"NA",.11,"7/15/2014",7,2014,346,"0","60","HIGH","25","75",0,"NA","0","0","Schoenoplectus americanus",14,"Potentilla anserina",10,"Juncus balticus",1,6,0,"NA","NA","NA","NA","NA","NA","NA","NA","NA","NA","NA","NA","NA","NA","NA"
"r2-5-4","SFBay","Rush Ranch","NA",2134206,38.20441,-122.0296,"NA",.11,"7/15/2014",7,2014,175,"0","60","MOD","20","80",0,"NA","0","0","Schoenoplectus americanus",20,"NA",0,"NA",0,6,0,"NA","NA","NA","NA","NA","NA","NA","NA","NA","NA","NA","NA","NA","NA","NA"
"r2-3-4","SFBay","Rush Ranch","NA",2134207,38.20443,-122.0292,"NA",.11,"7/15/2014",7,2014,298.42,"0","60","HIGH","25","75",0,"NA","0","0","Schoenoplectus acutus",24,"Schoenoplectus americanus",1,"NA",0,6,0,"NA","NA","NA","NA","NA","NA","NA","NA","NA","NA","NA","NA","NA","NA","NA"
"r2-3-3","SFBay","Rush Ranch","NA",2134207,38.20443,-122.0291,"NA",.11,"7/15/2014",7,2014,100.55,"0","50","MOD","20","80",0,"NA","0","0","Schoenoplectus acutus",20,"NA",0,"NA",0,6,0,"NA","NA","NA","NA","NA","NA","NA","NA","NA","NA","NA","NA","NA","NA","NA"
"r2-3-1","SFBay","Rush Ranch","NA",2134207,38.20457,-122.0291,"NA",.11,"7/15/2014",7,2014,436,"0","75","MOD","20","80",0,"NA","0","0","Schoenoplectus acutus",10,"Schoenoplectus americanus",10,"NA",0,6,0,"NA","NA","NA","NA","NA","NA","NA","NA","NA","NA","NA","NA","NA","NA","NA"
"r2-3-5","SFBay","Rush Ranch","NA",2134207,38.20449,-122.0292,"NA",.11,"7/15/2014",7,2014,150.28,"0","70","HIGH","5","95",0,"NA","0","0","Schoenoplectus acutus",5,"NA",0,"NA",0,6,0,"NA","NA","NA","NA","NA","NA","NA","NA","NA","NA","NA","NA","NA","NA","NA"
"r2-3-6","SFBay","Rush Ranch","NA",2134207,38.20456,-122.0292,"NA",.11,"7/15/2014",7,2014,547,"0","50","MOD","40","60",0,"NA","0","0","Schoenoplectus americanus",40,"NA",0,"NA",0,6,0,"NA","NA","NA","NA","NA","NA","NA","NA","NA","NA","NA","NA","NA","NA","NA"
"r2-3-2","SFBay","Rush Ranch","NA",2134207,38.2045,-122.0291,"NA",.11,"7/15/2014",7,2014,249.09,"0","75","LOW","20","80",0,"NA","0","0","Schoenoplectus acutus",20,"NA",0,"NA",0,6,0,"NA","NA","NA","NA","NA","NA","NA","NA","NA","NA","NA","NA","NA","NA","NA"
"r2-4-3","SFBay","Rush Ranch","NA",2136882,38.2047,-122.0294,"NA",.11,"7/15/2014",7,2014,562,"0","0","NONE","100","0",0,"NA","0","0","Juncus balticus",65,"Salicornia pacifica",25,"Atriplex triangularis",5,6,0,"NA","NA","NA","NA","NA","NA","NA","NA","NA","NA","NA","NA","NA","NA","NA"
"r2-4-2","SFBay","Rush Ranch","NA",2136882,38.20477,-122.0294,"NA",.11,"7/15/2014",7,2014,732,"0","60","MOD","30","70",0,"NA","0","0","Schoenoplectus americanus",29,"Potentilla anserina",1,"NA",0,6,0,"NA","NA","NA","NA","NA","NA","NA","NA","NA","NA","NA","NA","NA","NA","NA"
"r2-4-5","SFBay","Rush Ranch","NA",2136882,38.20477,-122.0296,"NA",.11,"7/15/2014",7,2014,666,"0","65","HIGH","40","60",0,"NA","0","0","Schoenoplectus americanus",40,"NA",0,"NA",0,6,0,"NA","NA","NA","NA","NA","NA","NA","NA","NA","NA","NA","NA","NA","NA","NA"
"r2-4-6","SFBay","Rush Ranch","NA",2136882,38.20485,-122.0296,"NA",.11,"7/15/2014",7,2014,245,"0","85","MOD","65","35",0,"NA","0","0","Schoenoplectus americanus",55,"Typha latifolia",5,"Schoenoplectus acutus",5,6,0,"NA","NA","NA","NA","NA","NA","NA","NA","NA","NA","NA","NA","NA","NA","NA"
"r2-4-4","SFBay","Rush Ranch","NA",2136882,38.2047,-122.0296,"NA",.11,"7/15/2014",7,2014,289,"0","0","NONE","100","0",0,"NA","0","0","Juncus balticus",70,"Salicornia pacifica",25,"Triglochin maritima",5,6,0,"NA","NA","NA","NA","NA","NA","NA","NA","NA","NA","NA","NA","NA","NA","NA"
"r2-4-1","SFBay","Rush Ranch","NA",2136882,38.20485,-122.0294,"NA",.11,"7/15/2014",7,2014,315,"0","55","HIGH","15","85",0,"NA","0","0","Schoenoplectus americanus",13,"Calystegia sepium",2,"NA",0,6,0,"NA","NA","NA","NA","NA","NA","NA","NA","NA","NA","NA","NA","NA","NA","NA"
"r2-2-1","SFBay","Rush Ranch","NA",2136883,38.20483,-122.0291,"NA",.11,"7/15/2014",7,2014,751,"0","25","HIGH","20","80",0,"NA","0","0","Schoenoplectus americanus",20,"NA",0,"NA",0,6,0,"NA","NA","NA","NA","NA","NA","NA","NA","NA","NA","NA","NA","NA","NA","NA"
"r2-2-4","SFBay","Rush Ranch","NA",2136883,38.20471,-122.0292,"NA",.11,"7/15/2014",7,2014,647,"0","25","MOD","40","60",0,"NA","0","0","Schoenoplectus americanus",40,"NA",0,"NA",0,6,0,"NA","NA","NA","NA","NA","NA","NA","NA","NA","NA","NA","NA","NA","NA","NA"
"r2-2-5","SFBay","Rush Ranch","NA",2136883,38.20477,-122.0292,"NA",.11,"7/15/2014",7,2014,446,"0","20","MOD","35","65",0,"NA","0","0","Schoenoplectus americanus",35,"NA",0,"NA",0,6,0,"NA","NA","NA","NA","NA","NA","NA","NA","NA","NA","NA","NA","NA","NA","NA"
"r2-2-2","SFBay","Rush Ranch","NA",2136883,38.20477,-122.0291,"NA",.11,"7/15/2014",7,2014,929,"0","50","MOD","50","50",0,"NA","0","0","Schoenoplectus americanus",50,"NA",0,"NA",0,6,0,"NA","NA","NA","NA","NA","NA","NA","NA","NA","NA","NA","NA","NA","NA","NA"
"r2-2-6","SFBay","Rush Ranch","NA",2136883,38.20484,-122.0292,"NA",.11,"7/15/2014",7,2014,995,"70","75","HIGH","50","50",0,"NA","0","0","Schoenoplectus americanus",50,"NA",0,"NA",0,6,0,"NA","NA","NA","NA","NA","NA","NA","NA","NA","NA","NA","NA","NA","NA","NA"
"r2-2-3","SFBay","Rush Ranch","NA",2136883,38.2047,-122.0291,"NA",.11,"7/15/2014",7,2014,531,"0","10","HIGH","30","70",0,"NA","0","0","Schoenoplectus americanus",30,"NA",0,"NA",0,6,0,"NA","NA","NA","NA","NA","NA","NA","NA","NA","NA","NA","NA","NA","NA","NA"
"r2-1-5","SFBay","Rush Ranch","NA",2139559,38.20504,-122.0291,"NA",.11,"7/15/2014",7,2014,115,"0","50","HIGH","50","50",0,"NA","0","0","Schoenoplectus americanus",50,"NA",0,"NA",0,6,0,"NA","NA","NA","NA","NA","NA","NA","NA","NA","NA","NA","NA","NA","NA","NA"
"r2-1-1","SFBay","Rush Ranch","NA",2139559,38.2051,-122.0292,"NA",.11,"7/15/2014",7,2014,872,"0","75","MOD","50","50",0,"NA","0","0","Schoenoplectus acutus",25,"Schoenoplectus americanus",25,"NA",0,6,0,"NA","NA","NA","NA","NA","NA","NA","NA","NA","NA","NA","NA","NA","NA","NA"
"r2-1-4","SFBay","Rush Ranch","NA",2139559,38.20496,-122.0291,"NA",.11,"7/15/2014",7,2014,513,"0","10","LOW","75","25",0,"NA","0","0","ANCA",25,"Jaumea carnosa",25,"Schoenoplectus americanus",25,6,0,"NA","NA","NA","NA","NA","NA","NA","NA","NA","NA","NA","NA","NA","NA","NA"
"r2-1-2","SFBay","Rush Ranch","NA",2139559,38.20504,-122.0292,"NA",.11,"7/15/2014",7,2014,366,"0","50","MOD","30","70",0,"NA","0","0","Schoenoplectus americanus",30,"NA",0,"NA",0,6,0,"NA","NA","NA","NA","NA","NA","NA","NA","NA","NA","NA","NA","NA","NA","NA"
"r2-1-6","SFBay","Rush Ranch","NA",2139559,38.2051,-122.0291,"NA",.11,"7/15/2014",7,2014,226,"0","50","MOD","20","80",0,"NA","0","0","Schoenoplectus americanus",10,"Schoenoplectus americanus",10,"NA",0,6,0,"NA","NA","NA","NA","NA","NA","NA","NA","NA","NA","NA","NA","NA","NA","NA"
"r2-1-3","SFBay","Rush Ranch","NA",2139559,38.20497,-122.0292,"NA",.11,"7/15/2014",7,2014,394,"0","75","MOD","30","70",0,"NA","0","0","Schoenoplectus americanus",30,"NA",0,"NA",0,6,0,"NA","NA","NA","NA","NA","NA","NA","NA","NA","NA","NA","NA","NA","NA","NA"
"r6-5-2","SFBay","Rush Ranch","NA",2152932,38.20641,-122.0315,"NA",.11,"7/30/2014",7,2014,700,"0","10","LOW","85","15",0,"NA","0","0","Lepidium latifolium",62.5,"Schoenoplectus americanus",15,"Calystegia sepium",.5,6,0,"NA","NA","NA","NA","NA","NA","NA","NA","NA","NA","NA","NA","NA","NA","NA"
"r6-5-1","SFBay","Rush Ranch","NA",2152932,38.20649,-122.0315,"NA",.11,"7/30/2014",7,2014,392,"0","5","LOW","97.5","0.5",0,"NA","0","0","Lepidium latifolium",97.5,"Schoenoplectus americanus",.5,"NA",0,6,0,"NA","NA","NA","NA","NA","NA","NA","NA","NA","NA","NA","NA","NA","NA","NA"
"r6-5-6","SFBay","Rush Ranch","NA",2152932,38.20648,-122.0316,"NA",.11,"7/30/2014",7,2014,277,"0","15","MED","85","15",0,"NA","0","0","Lepidium latifolium",85,"Calystegia sepium",37.5,"Typha angustifolia",.5,6,0,"NA","NA","NA","NA","NA","NA","NA","NA","NA","NA","NA","NA","NA","NA","NA"
"r6-5-4","SFBay","Rush Ranch","NA",2152932,38.20633,-122.0316,"NA",.11,"7/30/2014",7,2014,707,"0","40","MED","37.5","62.5",0,"NA","0","0","Lepidium latifolium",37.5,"Schoenoplectus americanus",15,"Calystegia sepium",.5,6,0,"NA","NA","NA","NA","NA","NA","NA","NA","NA","NA","NA","NA","NA","NA","NA"
"r6-5-5","SFBay","Rush Ranch","NA",2152932,38.20641,-122.0316,"NA",.11,"7/30/2014",7,2014,317,"0","20","MED","62.5","37.5",0,"NA","0","0","Lepidium latifolium",62.5,"Schoenoplectus americanus",.5,"Typha angustifolia",.5,6,0,"NA","NA","NA","NA","NA","NA","NA","NA","NA","NA","NA","NA","NA","NA","NA"
"r6-5-3","SFBay","Rush Ranch","NA",2152932,38.20633,-122.0315,"NA",.11,"7/30/2014",7,2014,246,"0","20","MED","62.5","37.5",0,"NA","0","0","Lepidium latifolium",37.5,"Schoenoplectus americanus",15,"NA",0,6,0,"NA","NA","NA","NA","NA","NA","NA","NA","NA","NA","NA","NA","NA","NA","NA"
"r6-4-6","SFBay","Rush Ranch","NA",2152933,38.20649,-122.0313,"NA",.11,"7/30/2014",7,2014,1585,"0","0","NONE","85","15",0,"NA","0","0","Salicornia pacifica",62.5,"Glaux maritima",15,"Triglochin maritima",15,6,0,"NA","NA","NA","NA","NA","NA","NA","NA","NA","NA","NA","NA","NA","NA","NA"
"r6-4-3","SFBay","Rush Ranch","NA",2152933,38.20634,-122.0311,"NA",.11,"7/30/2014",7,2014,2077,"0","0","NONE","97.5","15",.5,"NA","0","0","Salicornia pacifica",37.5,"Glaux maritima",15,"Atriplex triangularis",15,6,0,"NA","NA","NA","NA","NA","NA","NA","NA","NA","NA","NA","NA","NA","NA","NA"
"r6-4-1","SFBay","Rush Ranch","NA",2152933,38.20649,-122.0311,"NA",.11,"7/30/2014",7,2014,753,"0","0","NONE","85","0.5",15,"NA","0","0","Atriplex triangularis",37.5,"Juncus balticus",15,"Glaux maritima",15,6,0,"NA","NA","NA","NA","NA","NA","NA","NA","NA","NA","NA","NA","NA","NA","NA"
"r6-4-2","SFBay","Rush Ranch","NA",2152933,38.20642,-122.0311,"NA",.11,"7/30/2014",7,2014,1999,"0","0","NONE","85","15",.5,"NA","0","0","Salicornia pacifica",62.5,"Triglochin maritima",15,"Glaux maritima",15,6,0,"NA","NA","NA","NA","NA","NA","NA","NA","NA","NA","NA","NA","NA","NA","NA"
"r6-4-4","SFBay","Rush Ranch","NA",2152933,38.20634,-122.0313,"NA",.11,"7/30/2014",7,2014,866,"0","0","NONE","85","15",15,"NA","0","0","Salicornia pacifica",62.5,"Triglochin maritima",15,"Distichlis spicata",15,6,0,"NA","NA","NA","NA","NA","NA","NA","NA","NA","NA","NA","NA","NA","NA","NA"
"r6-4-5","SFBay","Rush Ranch","NA",2152933,38.20642,-122.0313,"NA",.11,"7/30/2014",7,2014,2075,"0","0","NONE","97.5","15",.5,"NA","0","0","Salicornia pacifica",97.5,"Jaumea carnosa",.5,"Distichlis spicata",.5,6,0,"NA","NA","NA","NA","NA","NA","NA","NA","NA","NA","NA","NA","NA","NA","NA"
"r6-3-1","SFBay","Rush Ranch","NA",2155609,38.20676,-122.0311,"NA",.11,"7/30/2014",7,2014,807,"0","0","NONE","97.5","0.5",0,"NA","0","0","Salicornia pacifica",15,"Glaux maritima",37.5,"Triglochin maritima",15,6,0,"NA","NA","NA","NA","NA","NA","NA","NA","NA","NA","NA","NA","NA","NA","NA"
"r6-3-2","SFBay","Rush Ranch","NA",2155609,38.20667,-122.0311,"NA",.11,"7/30/2014",7,2014,526,"0","30","LOW","37.5","62.5",.5,"NA","0","0","Lepidium latifolium",37.5,"Schoenoplectus americanus",.5,"NA",0,6,0,"NA","NA","NA","NA","NA","NA","NA","NA","NA","NA","NA","NA","NA","NA","NA"
"r6-3-4","SFBay","Rush Ranch","NA",2155609,38.20659,-122.0313,"NA",.11,"7/30/2014",7,2014,460,"0","0","NONE","97.5","0.5",0,"NA","0","0","Salicornia pacifica",37.5,"Atriplex triangularis",15,"Schoenoplectus americanus",15,6,0,"NA","NA","NA","NA","NA","NA","NA","NA","NA","NA","NA","NA","NA","NA","NA"
"r6-3-6","SFBay","Rush Ranch","NA",2155609,38.20675,-122.0313,"NA",.11,"7/30/2014",7,2014,2433,"0","0","NONE","97.5","15",0,"NA","0","0","Salicornia pacifica",97.5,"Distichlis spicata",15,"Triglochin maritima",.5,6,0,"NA","NA","NA","NA","NA","NA","NA","NA","NA","NA","NA","NA","NA","NA","NA"
"r6-3-3","SFBay","Rush Ranch","NA",2155609,38.2066,-122.0311,"NA",.11,"7/30/2014",7,2014,721,"0","70","MED","62.5","62.5",0,"NA","0","0","Schoenoplectus americanus",37.5,"Calystegia sepium",37.5,"NA",0,6,0,"NA","NA","NA","NA","NA","NA","NA","NA","NA","NA","NA","NA","NA","NA","NA"
"r6-3-5","SFBay","Rush Ranch","NA",2155609,38.20667,-122.0313,"NA",.11,"7/30/2014",7,2014,301,"0","15","MED","37.5","85",15,"NA","0","0","Lepidium latifolium",15,"Distichlis spicata",15,"Apium graveolens",37.5,6,0,"NA","NA","NA","NA","NA","NA","NA","NA","NA","NA","NA","NA","NA","NA","NA"
"r6-2-3","SFBay","Rush Ranch","NA",2158285,38.20687,-122.0311,"NA",.11,"7/30/2014",7,2014,483,"0","20","MED","37.5","85",15,"NA","0","0","Triglochin maritima",15,"Juncus balticus",15,"Distichlis spicata",15,6,0,"NA","NA","NA","NA","NA","NA","NA","NA","NA","NA","NA","NA","NA","NA","NA"
"r6-2-4","SFBay","Rush Ranch","NA",2158285,38.20687,-122.0313,"NA",.11,"7/30/2014",7,2014,506,"0","10","LOW","85","15",.5,"NA","0","0","Salicornia pacifica",85,"Glaux maritima",15,"Distichlis spicata",15,6,0,"NA","NA","NA","NA","NA","NA","NA","NA","NA","NA","NA","NA","NA","NA","NA"
"r6-2-6","SFBay","Rush Ranch","NA",2158285,38.20704,-122.0313,"NA",.11,"7/30/2014",7,2014,634,"0","5","LOW","85","15",.5,"NA","0","0","Lepidium latifolium",85,"Schoenoplectus americanus",15,"NA",0,6,0,"NA","NA","NA","NA","NA","NA","NA","NA","NA","NA","NA","NA","NA","NA","NA"
"r6-2-5","SFBay","Rush Ranch","NA",2158285,38.20694,-122.0313,"NA",.11,"7/30/2014",7,2014,1253,"0","0","NONE","97.5","15",.5,"NA","0","0","Salicornia pacifica",37.5,"Glaux maritima",15,"Atriplex triangularis",15,6,0,"NA","NA","NA","NA","NA","NA","NA","NA","NA","NA","NA","NA","NA","NA","NA"
"r6-2-2","SFBay","Rush Ranch","NA",2158285,38.20694,-122.0311,"NA",.11,"7/30/2014",7,2014,2827,"0","20","LOW","97.5","15",0,"NA","0","0","Salicornia pacifica",85,"Glaux maritima",15,"Juncus balticus",15,6,0,"NA","NA","NA","NA","NA","NA","NA","NA","NA","NA","NA","NA","NA","NA","NA"
"r6-2-1","SFBay","Rush Ranch","NA",2158285,38.20703,-122.0311,"NA",.11,"7/30/2014",7,2014,1095,"0","0","NONE","15","85",0,"NA","0","0","Apium graveolens",97.5,"Schoenoplectus americanus",.5,"Lepidium latifolium",.5,6,0,"NA","NA","NA","NA","NA","NA","NA","NA","NA","NA","NA","NA","NA","NA","NA"
"r6-1-6","SFBay","Rush Ranch","NA",2160961,38.20733,-122.0312,"NA",.11,"7/30/2014",7,2014,733,"0","30","MOD","37.5","62.5",15,"NA","0","0","Lepidium latifolium",97.5,"Schoenoplectus americanus",.5,"NA",0,6,0,"NA","NA","NA","NA","NA","NA","NA","NA","NA","NA","NA","NA","NA","NA","NA"
"r6-1-1","SFBay","Rush Ranch","NA",2160961,38.20728,-122.0311,"NA",.11,"7/30/2014",7,2014,282,"0","40","MOD","62.5","62.5",.5,"NA","0","0","Schoenoplectus americanus",15,"Apium graveolens",15,"Distichlis spicata",15,6,0,"NA","NA","NA","NA","NA","NA","NA","NA","NA","NA","NA","NA","NA","NA","NA"
"r6-1-5","SFBay","Rush Ranch","NA",2160961,38.20721,-122.0313,"NA",.11,"7/30/2014",7,2014,144,"0","30","HIGH","15","97.5",0,"NA","0","0","Potentilla anserina",15,"Schoenoplectus americanus",.5,"Calystegia sepium",15,6,0,"NA","NA","NA","NA","NA","NA","NA","NA","NA","NA","NA","NA","NA","NA","NA"
"r6-1-3","SFBay","Rush Ranch","NA",2160961,38.20714,-122.0311,"NA",.11,"7/30/2014",7,2014,552,"0","50","MOD","62.5","62.5",0,"NA","0","0","Schoenoplectus americanus",15,"Atriplex triangularis",15,"Potentilla anserina",.5,6,0,"NA","NA","NA","NA","NA","NA","NA","NA","NA","NA","NA","NA","NA","NA","NA"
"r6-1-2","SFBay","Rush Ranch","NA",2160961,38.2072,-122.0311,"NA",.11,"7/30/2014",7,2014,446,"0","50","HIGH","37.5","97.5",0,"NA","0","0","Schoenoplectus americanus",37.5,"Potentilla anserina",.5,"NA",0,6,0,"NA","NA","NA","NA","NA","NA","NA","NA","NA","NA","NA","NA","NA","NA","NA"
"r6-1-4","SFBay","Rush Ranch","NA",2160961,38.20714,-122.0312,"NA",.11,"7/30/2014",7,2014,829,"0","10","LOW","97.5","0.5",0,"NA","0","0","Calystegia sepium",62.5,"Schoenoplectus americanus",15,"Atriplex triangularis",15,6,0,"NA","NA","NA","NA","NA","NA","NA","NA","NA","NA","NA","NA","NA","NA","NA"
"g6-1-1","SFBay","Rush Ranch","NA",2179698,38.20914,-122.0294,"NA",.11,"6/27/2014",6,2014,583,"5","50","HIGH","50","50",0,"NA","0","0","Schoenoplectus americanus",50,"NA",0,"NA",0,6,0,"NA","NA","NA","NA","NA","NA","NA","NA","NA","NA","NA","NA","NA","NA","NA"
"g6-1-5","SFBay","Rush Ranch","NA",2179698,38.20905,-122.0294,"NA",.11,"6/27/2014",6,2014,279.98,"5","15","HIGH","60","35",5,"NA","0","0","Typha domingensis",60,"NA",0,"NA",0,6,0,"NA","NA","NA","NA","NA","NA","NA","NA","NA","NA","NA","NA","NA","NA","NA"
"g6-1-2","SFBay","Rush Ranch","NA",2179698,38.20914,-122.0294,"NA",.11,"6/27/2014",6,2014,632,"5","50","MOD","60","40",0,"NA","0","0","Schoenoplectus americanus",59,"Typha domingensis",1,"NA",0,6,0,"NA","NA","NA","NA","NA","NA","NA","NA","NA","NA","NA","NA","NA","NA","NA"
"g6-1-3","SFBay","Rush Ranch","NA",2179698,38.20914,-122.0295,"NA",.11,"6/27/2014",6,2014,107.87,"5","30","HIGH","20","80",0,"NA","0","0","Typha domingensis",20,"NA",0,"NA",0,6,0,"NA","NA","NA","NA","NA","NA","NA","NA","NA","NA","NA","NA","NA","NA","NA"
"g6-1-4","SFBay","Rush Ranch","NA",2179698,38.20905,-122.0295,"NA",.11,"6/27/2014",6,2014,615.86,"2","40","HIGH","60","40",0,"NA","0","0","Typha domingensis",60,"NA",0,"NA",0,6,0,"NA","NA","NA","NA","NA","NA","NA","NA","NA","NA","NA","NA","NA","NA","NA"
"g6-1-6","SFBay","Rush Ranch","NA",2179698,38.20905,-122.0293,"NA",.11,"6/27/2014",6,2014,911.05,"5","6","LOW","42","23",35,"NA","0","0","Typha domingensis",40,"Schoenoplectus americanus",2,"NA",0,6,0,"NA","NA","NA","NA","NA","NA","NA","NA","NA","NA","NA","NA","NA","NA","NA"
"g5-3-3","SFBay","Rush Ranch","NA",2182372,38.20942,-122.0302,"NA",.11,"6/27/2014",6,2014,2218.59,"10","50","LOW","77","13",10,"NA","0","0","Typha domingensis",75,"Bolboschoenus maritimus",2,"NA",0,6,0,"NA","NA","NA","NA","NA","NA","NA","NA","NA","NA","NA","NA","NA","NA","NA"
"g5-3-1","SFBay","Rush Ranch","NA",2182372,38.20942,-122.03,"NA",.11,"6/27/2014",6,2014,409.91,"5","20","HIGH","45","50",5,"NA","0","0","Typha domingensis",45,"NA",0,"NA",0,6,0,"NA","NA","NA","NA","NA","NA","NA","NA","NA","NA","NA","NA","NA","NA","NA"
"g5-3-5","SFBay","Rush Ranch","NA",2182372,38.20932,-122.0301,"NA",.11,"6/27/2014",6,2014,2670.56,"5","15","LOW","90","5",5,"NA","0","0","Typha domingensis",85,"Bolboschoenus maritimus",5,"NA",0,6,0,"NA","NA","NA","NA","NA","NA","NA","NA","NA","NA","NA","NA","NA","NA","NA"
"g5-3-4","SFBay","Rush Ranch","NA",2182372,38.20932,-122.0302,"NA",.11,"6/27/2014",6,2014,475.95,"10","20","LOW","75","10",15,"NA","0","0","Typha domingensis",75,"NA",0,"NA",0,6,0,"NA","NA","NA","NA","NA","NA","NA","NA","NA","NA","NA","NA","NA","NA","NA"
"g5-3-6","SFBay","Rush Ranch","NA",2182372,38.20932,-122.03,"NA",.11,"6/27/2014",6,2014,764.19,"5","5","LOW","85","10",5,"NA","0","0","Typha domingensis",85,"NA",0,"NA",0,6,0,"NA","NA","NA","NA","NA","NA","NA","NA","NA","NA","NA","NA","NA","NA","NA"
"g5-3-2","SFBay","Rush Ranch","NA",2182372,38.20942,-122.0301,"NA",.11,"6/27/2014",6,2014,679,"15","25","HIGH","20","58",2,"NA","0","0","Typha domingensis",18,"Schoenoplectus americanus",2,"NA",0,6,0,"NA","NA","NA","NA","NA","NA","NA","NA","NA","NA","NA","NA","NA","NA","NA"
"g5-2-2","SFBay","Rush Ranch","NA",2182373,38.20941,-122.0298,"NA",.11,"6/27/2014",6,2014,697.72,"20","45","HIGH","40","60",0,"NA","0","0","Typha domingensis",40,"NA",0,"NA",0,6,0,"NA","NA","NA","NA","NA","NA","NA","NA","NA","NA","NA","NA","NA","NA","NA"
"g5-2-3","SFBay","Rush Ranch","NA",2182373,38.20941,-122.0299,"NA",.11,"6/27/2014",6,2014,239.53,"10","60","HIGH","42","55",3,"NA","0","0","Typha domingensis",45,"NA",0,"NA",0,6,0,"NA","NA","NA","NA","NA","NA","NA","NA","NA","NA","NA","NA","NA","NA","NA"
"g5-2-5","SFBay","Rush Ranch","NA",2182373,38.20932,-122.0298,"NA",.11,"6/27/2014",6,2014,169.66,"5","10","HIGH","40","60",0,"NA","0","0","Typha domingensis",40,"NA",0,"NA",0,6,0,"NA","NA","NA","NA","NA","NA","NA","NA","NA","NA","NA","NA","NA","NA","NA"
"g5-2-6","SFBay","Rush Ranch","NA",2182373,38.20932,-122.0297,"NA",.11,"6/27/2014",6,2014,183.81,"1","20","HIGH","40","60",0,"NA","0","0","Typha domingensis",30,"Schoenoplectus acutus",10,"NA",0,6,0,"NA","NA","NA","NA","NA","NA","NA","NA","NA","NA","NA","NA","NA","NA","NA"
"g5-2-1","SFBay","Rush Ranch","NA",2182373,38.20941,-122.0297,"NA",.11,"6/27/2014",6,2014,329.94,"10","40","HIGH","25","75",0,"NA","0","0","Typha domingensis",25,"NA",0,"NA",0,6,0,"NA","NA","NA","NA","NA","NA","NA","NA","NA","NA","NA","NA","NA","NA","NA"
"g5-2-4","SFBay","Rush Ranch","NA",2182373,38.20932,-122.0299,"NA",.11,"6/27/2014",6,2014,0,"10","50","HIGH","80","20",0,"NA","0","0","Typha domingensis",80,"NA",0,"NA",0,6,0,"NA","NA","NA","NA","NA","NA","NA","NA","NA","NA","NA","NA","NA","NA","NA"
"g5-1-6","SFBay","Rush Ranch","NA",2182374,38.20932,-122.0294,"NA",.11,"6/27/2014",6,2014,337.13,"5","15","HIGH","30","65",5,"NA","0","0","Typha domingensis",30,"NA",0,"NA",0,6,0,"NA","NA","NA","NA","NA","NA","NA","NA","NA","NA","NA","NA","NA","NA","NA"
"g5-1-4","SFBay","Rush Ranch","NA",2182374,38.20932,-122.0295,"NA",.11,"6/27/2014",6,2014,836.01,"15","30","HIGH","40","60",0,"NA","0","0","Typha domingensis",40,"NA",0,"NA",0,6,0,"NA","NA","NA","NA","NA","NA","NA","NA","NA","NA","NA","NA","NA","NA","NA"
"g5-1-2","SFBay","Rush Ranch","NA",2182374,38.20941,-122.0294,"NA",.11,"6/27/2014",6,2014,253.02,"20","30","HIGH","30","70",0,"NA","0","0","Typha domingensis",30,"NA",0,"NA",0,6,0,"NA","NA","NA","NA","NA","NA","NA","NA","NA","NA","NA","NA","NA","NA","NA"
"g5-1-5","SFBay","Rush Ranch","NA",2182374,38.20932,-122.0294,"NA",.11,"6/27/2014",6,2014,0,"2","18","HIGH","1","98",0,"NA","0","0","Typha domingensis",1,"NA",0,"NA",0,6,0,"NA","NA","NA","NA","NA","NA","NA","NA","NA","NA","NA","NA","NA","NA","NA"
"g5-1-3","SFBay","Rush Ranch","NA",2182374,38.20941,-122.0295,"NA",.11,"6/27/2014",6,2014,198.25,"15","20","HIGH","27","70",3,"NA","0","0","Typha domingensis",27,"NA",0,"NA",0,6,0,"NA","NA","NA","NA","NA","NA","NA","NA","NA","NA","NA","NA","NA","NA","NA"
"g5-1-1","SFBay","Rush Ranch","NA",2182374,38.20941,-122.0294,"NA",.11,"6/27/2014",6,2014,645.66,"15","20","HIGH","30","69",1,"NA","0","0","Typha domingensis",30,"NA",0,"NA",0,6,0,"NA","NA","NA","NA","NA","NA","NA","NA","NA","NA","NA","NA","NA","NA","NA"
"g4-1-6","SFBay","Rush Ranch","NA",2187715,38.20998,-122.0331,"NA",.11,"6/3/2014",6,2014,217,"0","100","HIGH","15","80",5,"NA","0","0","Schoenoplectus americanus",0,"Schoenoplectus acutus",0,"NA",0,6,0,"NA","NA","NA","NA","NA","NA","NA","NA","NA","NA","NA","NA","NA","NA","NA"
"g4-1-2","SFBay","Rush Ranch","NA",2187715,38.20989,-122.0332,"NA",.11,"6/3/2014",6,2014,349,"0","100","HIGH","20","80",0,"NA","0","0","Schoenoplectus americanus",0,"NA",0,"NA",0,6,0,"NA","NA","NA","NA","NA","NA","NA","NA","NA","NA","NA","NA","NA","NA","NA"
"g4-1-5","SFBay","Rush Ranch","NA",2187715,38.20998,-122.0332,"NA",.11,"6/3/2014",6,2014,674,"0","100","HIGH","40","60",0,"NA","0","0","Schoenoplectus americanus",0,"NA",0,"NA",0,6,0,"NA","NA","NA","NA","NA","NA","NA","NA","NA","NA","NA","NA","NA","NA","NA"
"g4-1-1","SFBay","Rush Ranch","NA",2187715,38.20989,-122.0333,"NA",.11,"6/3/2014",6,2014,648.65,"3","100","MOD","15","75",10,"NA","0","0","Schoenoplectus acutus",0,"Typha domingensis",0,"NA",0,6,0,"NA","NA","NA","NA","NA","NA","NA","NA","NA","NA","NA","NA","NA","NA","NA"
"g4-1-4","SFBay","Rush Ranch","NA",2187715,38.20998,-122.0333,"NA",.11,"6/3/2014",6,2014,1066,"2.5","120","HIGH","75","15",10,"NA","0","0","Schoenoplectus americanus",0,"NA",0,"NA",0,6,0,"NA","NA","NA","NA","NA","NA","NA","NA","NA","NA","NA","NA","NA","NA","NA"
"g4-1-3","SFBay","Rush Ranch","NA",2187715,38.20989,-122.0331,"NA",.11,"6/3/2014",6,2014,554,"0","120","HIGH","25","75",0,"NA","0","0","Schoenoplectus americanus",0,"Schoenoplectus acutus",0,"NA",0,6,0,"NA","NA","NA","NA","NA","NA","NA","NA","NA","NA","NA","NA","NA","NA","NA"
"g4-2-1","SFBay","Rush Ranch","NA",2187716,38.20989,-122.033,"NA",.11,"6/3/2014",6,2014,725.94,"0","0","LOW","25","55",20,"NA","0","0","Typha domingensis",0,"NA",0,"NA",0,6,0,"NA","NA","NA","NA","NA","NA","NA","NA","NA","NA","NA","NA","NA","NA","NA"
"g4-2-6","SFBay","Rush Ranch","NA",2187716,38.20998,-122.0328,"NA",.11,"6/3/2014",6,2014,1259.03,"3","100","MOD","50","35",15,"NA","0","0","Typha domingensis",0,"Bolboschoenus maritimus",0,"NA",0,6,0,"NA","NA","NA","NA","NA","NA","NA","NA","NA","NA","NA","NA","NA","NA","NA"
"g4-2-2","SFBay","Rush Ranch","NA",2187716,38.20989,-122.0329,"NA",.11,"6/3/2014",6,2014,457.88,"1","100","LOW","15","45",40,"NA","0","0","Typha domingensis",0,"Phragmites australis",0,"NA",0,6,0,"NA","NA","NA","NA","NA","NA","NA","NA","NA","NA","NA","NA","NA","NA","NA"
"g4-2-5","SFBay","Rush Ranch","NA",2187716,38.20998,-122.0329,"NA",.11,"6/3/2014",6,2014,455.98,"1","75","MOD","45","35",10,"NA","0","0","Typha domingensis",0,"NA",0,"NA",0,6,0,"NA","NA","NA","NA","NA","NA","NA","NA","NA","NA","NA","NA","NA","NA","NA"
"g4-2-4","SFBay","Rush Ranch","NA",2187716,38.20998,-122.033,"NA",.11,"6/3/2014",6,2014,638,"0","50","HIGH","60","40",0,"NA","0","0","Schoenoplectus americanus",0,"NA",0,"NA",0,6,0,"NA","NA","NA","NA","NA","NA","NA","NA","NA","NA","NA","NA","NA","NA","NA"
"g4-2-3","SFBay","Rush Ranch","NA",2187716,38.20989,-122.0328,"NA",.11,"6/3/2014",6,2014,1775.95,"1","20","LOW","25","50",25,"NA","0","0","Typha domingensis",0,"NA",0,"NA",0,6,0,"NA","NA","NA","NA","NA","NA","NA","NA","NA","NA","NA","NA","NA","NA","NA"
"g3-1-4","SFBay","Rush Ranch","NA",2190391,38.21025,-122.0333,"NA",.11,"6/3/2014",6,2014,1386.07,"1","20","LOW","50","25",25,"NA","0","0","Typha domingensis",0,"NA",0,"NA",0,6,0,"NA","NA","NA","NA","NA","NA","NA","NA","NA","NA","NA","NA","NA","NA","NA"
"g3-1-6","SFBay","Rush Ranch","NA",2190391,38.21025,-122.0331,"NA",.11,"6/3/2014",6,2014,234,"0","75","HIGH","30","70",0,"NA","0","0","Schoenoplectus americanus",0,"NA",0,"NA",0,6,0,"NA","NA","NA","NA","NA","NA","NA","NA","NA","NA","NA","NA","NA","NA","NA"
"g3-1-3","SFBay","Rush Ranch","NA",2190391,38.21016,-122.0331,"NA",.11,"6/3/2014",6,2014,383,"0","50","HIGH","25","75",0,"NA","0","0","Schoenoplectus americanus",0,"Typha domingensis",0,"NA",0,6,0,"NA","NA","NA","NA","NA","NA","NA","NA","NA","NA","NA","NA","NA","NA","NA"
"g3-1-1","SFBay","Rush Ranch","NA",2190391,38.21016,-122.0333,"NA",.11,"6/3/2014",6,2014,436.93,"0","50","HIGH","40","60",0,"NA","0","0","Schoenoplectus acutus",0,"Lepidium latifolium",0,"NA",0,6,0,"NA","NA","NA","NA","NA","NA","NA","NA","NA","NA","NA","NA","NA","NA","NA"
"g3-1-2","SFBay","Rush Ranch","NA",2190391,38.21016,-122.0332,"NA",.11,"6/3/2014",6,2014,149.06,"0","120","MOD","25","65",10,"NA","0","0","Typha domingensis",0,"Schoenoplectus americanus",0,"NA",0,6,0,"NA","NA","NA","NA","NA","NA","NA","NA","NA","NA","NA","NA","NA","NA","NA"
"g3-1-5","SFBay","Rush Ranch","NA",2190391,38.21025,-122.0332,"NA",.11,"6/3/2014",6,2014,433,"0","75","HIGH","35","65",0,"NA","0","0","Schoenoplectus americanus",0,"NA",0,"NA",0,6,0,"NA","NA","NA","NA","NA","NA","NA","NA","NA","NA","NA","NA","NA","NA","NA"
"g3-2-2","SFBay","Rush Ranch","NA",2190392,38.21016,-122.0329,"NA",.11,"6/3/2014",6,2014,897.4,"0","75","LOW","25","55",20,"NA","0","0","Typha domingensis",0,"NA",0,"NA",0,6,0,"NA","NA","NA","NA","NA","NA","NA","NA","NA","NA","NA","NA","NA","NA","NA"
"g3-2-5","SFBay","Rush Ranch","NA",2190392,38.21025,-122.0329,"NA",.11,"6/3/2014",6,2014,1065.36,"0","50","MOD","50","50",0,"NA","0","0","Typha domingensis",0,"Schoenoplectus acutus",0,"NA",0,6,0,"NA","NA","NA","NA","NA","NA","NA","NA","NA","NA","NA","NA","NA","NA","NA"
"g3-2-1","SFBay","Rush Ranch","NA",2190392,38.21016,-122.033,"NA",.11,"6/3/2014",6,2014,0,"0","50","HIGH","0","100",0,"NA","0","0","Schoenoplectus americanus",0,"NA",0,"NA",0,6,0,"NA","NA","NA","NA","NA","NA","NA","NA","NA","NA","NA","NA","NA","NA","NA"
"g3-2-4","SFBay","Rush Ranch","NA",2190392,38.21025,-122.033,"NA",.11,"6/3/2014",6,2014,786,"0","100","HIGH","50","50",0,"NA","0","0","Schoenoplectus americanus",0,"NA",0,"NA",0,6,0,"NA","NA","NA","NA","NA","NA","NA","NA","NA","NA","NA","NA","NA","NA","NA"
"g3-2-3","SFBay","Rush Ranch","NA",2190392,38.21016,-122.0328,"NA",.11,"6/3/2014",6,2014,1486,"2","50","LOW","100","0",0,"NA","0","0","Phragmites australis",0,"Typha domingensis",0,"NA",0,6,0,"NA","NA","NA","NA","NA","NA","NA","NA","NA","NA","NA","NA","NA","NA","NA"
"g3-2-6","SFBay","Rush Ranch","NA",2190392,38.21025,-122.0328,"NA",.11,"6/3/2014",6,2014,948,"0","0","NA","100","0",0,"NA","0","0","Phragmites australis",0,"Typha domingensis",0,"NA",0,6,0,"NA","NA","NA","NA","NA","NA","NA","NA","NA","NA","NA","NA","NA","NA","NA"
"g2-1-2","SFBay","Rush Ranch","NA",2198418,38.21098,-122.0335,"NA",.11,"6/5/2014",6,2014,173,"0","55","HIGH","15","85",0,"NA","0","0","Schoenoplectus americanus",0,"NA",0,"NA",0,6,0,"NA","NA","NA","NA","NA","NA","NA","NA","NA","NA","NA","NA","NA","NA","NA"
"g2-1-3","SFBay","Rush Ranch","NA",2198418,38.21098,-122.0334,"NA",.11,"6/5/2014",6,2014,1385.69,"1","15","HIGH","60","40",0,"NA","0","0","Typha domingensis",0,"NA",0,"NA",0,6,0,"NA","NA","NA","NA","NA","NA","NA","NA","NA","NA","NA","NA","NA","NA","NA"
"g2-1-6","SFBay","Rush Ranch","NA",2198418,38.21106,-122.0334,"NA",.11,"6/5/2014",6,2014,190.21,"0","45","HIGH","40","60",0,"NA","0","0","Typha domingensis",0,"NA",0,"NA",0,6,0,"NA","NA","NA","NA","NA","NA","NA","NA","NA","NA","NA","NA","NA","NA","NA"
"g2-1-5","SFBay","Rush Ranch","NA",2198418,38.21107,-122.0335,"NA",.11,"6/5/2014",6,2014,1258,"0","70","HIGH","70","30",0,"NA","0","0","Schoenoplectus americanus",0,"NA",0,"NA",0,6,0,"NA","NA","NA","NA","NA","NA","NA","NA","NA","NA","NA","NA","NA","NA","NA"
"g2-1-4","SFBay","Rush Ranch","NA",2198418,38.21107,-122.0336,"NA",.11,"6/5/2014",6,2014,603,"0","100","HIGH","20","80",0,"NA","0","0","Schoenoplectus americanus",0,"NA",0,"NA",0,6,0,"NA","NA","NA","NA","NA","NA","NA","NA","NA","NA","NA","NA","NA","NA","NA"
"g2-1-1","SFBay","Rush Ranch","NA",2198418,38.21098,-122.0337,"NA",.11,"6/5/2014",6,2014,811,"0","55","HIGH","25","75",0,"NA","0","0","Schoenoplectus americanus",0,"NA",0,"NA",0,6,0,"NA","NA","NA","NA","NA","NA","NA","NA","NA","NA","NA","NA","NA","NA","NA"
"g2-2-3","SFBay","Rush Ranch","NA",2198419,38.21097,-122.0331,"NA",.11,"6/5/2014",6,2014,1381.65,"0","15","HIGH","60","25",15,"NA","0","0","Typha domingensis",0,"NA",0,"NA",0,6,0,"NA","NA","NA","NA","NA","NA","NA","NA","NA","NA","NA","NA","NA","NA","NA"
"g2-2-6","SFBay","Rush Ranch","NA",2198419,38.21106,-122.0331,"NA",.11,"6/5/2014",6,2014,638.25,"1","40","HIGH","40","45",15,"NA","0","0","Typha domingensis",0,"NA",0,"NA",0,6,0,"NA","NA","NA","NA","NA","NA","NA","NA","NA","NA","NA","NA","NA","NA","NA"
"g2-2-2","SFBay","Rush Ranch","NA",2198419,38.21101,-122.0331,"NA",.11,"6/5/2014",6,2014,878.06,"5","50","HIGH","50","30",20,"NA","0","0","Typha domingensis",0,"NA",0,"NA",0,6,0,"NA","NA","NA","NA","NA","NA","NA","NA","NA","NA","NA","NA","NA","NA","NA"
"g2-2-1","SFBay","Rush Ranch","NA",2198419,38.21097,-122.0333,"NA",.11,"6/5/2014",6,2014,182.24,"0","5","HIGH","33","66",0,"NA","0","0","Typha domingensis",0,"Schoenoplectus acutus",0,"NA",0,6,0,"NA","NA","NA","NA","NA","NA","NA","NA","NA","NA","NA","NA","NA","NA","NA"
"g2-2-5","SFBay","Rush Ranch","NA",2198419,38.21106,-122.0332,"NA",.11,"6/5/2014",6,2014,1141.58,"1","10","HIGH","50","40",10,"NA","0","0","Typha domingensis",0,"NA",0,"NA",0,6,0,"NA","NA","NA","NA","NA","NA","NA","NA","NA","NA","NA","NA","NA","NA","NA"
"g2-2-4","SFBay","Rush Ranch","NA",2198419,38.21106,-122.0333,"NA",.11,"6/5/2014",6,2014,644.9,"0","15","HIGH","60","40",0,"NA","0","0","Typha domingensis",0,"Schoenoplectus acutus",0,"NA",0,6,0,"NA","NA","NA","NA","NA","NA","NA","NA","NA","NA","NA","NA","NA","NA","NA"
"g1-1-2","SFBay","Rush Ranch","NA",2201094,38.21125,-122.0335,"NA",.11,"6/5/2014",6,2014,516.46,"5","145","HIGH","15","85",0,"NA","0","0","Typha domingensis",0,"NA",0,"NA",0,6,0,"NA","NA","NA","NA","NA","NA","NA","NA","NA","NA","NA","NA","NA","NA","NA"
"g1-1-1","SFBay","Rush Ranch","NA",2201094,38.21125,-122.0336,"NA",.11,"6/5/2014",6,2014,212.47,"1","100","HIGH","15","85",0,"NA","0","0","Typha domingensis",0,"Schoenoplectus acutus",0,"NA",0,6,0,"NA","NA","NA","NA","NA","NA","NA","NA","NA","NA","NA","NA","NA","NA","NA"
"g1-1-6","SFBay","Rush Ranch","NA",2201094,38.21133,-122.0334,"NA",.11,"6/5/2014",6,2014,270.69,"0","3","LOW","35","30",35,"NA","0","0","Typha domingensis",0,"NA",0,"NA",0,6,0,"NA","NA","NA","NA","NA","NA","NA","NA","NA","NA","NA","NA","NA","NA","NA"
"g1-1-4","SFBay","Rush Ranch","NA",2201094,38.21134,-122.0336,"NA",.11,"6/5/2014",6,2014,757.06,"0","20","HIGH","55","45",0,"NA","0","0","Typha domingensis",0,"NA",0,"NA",0,6,0,"NA","NA","NA","NA","NA","NA","NA","NA","NA","NA","NA","NA","NA","NA","NA"
"g1-1-3","SFBay","Rush Ranch","NA",2201094,38.21125,-122.0334,"NA",.11,"6/5/2014",6,2014,85.79,"2","100","LOW","50","40",10,"NA","0","0","Typha domingensis",0,"NA",0,"NA",0,6,0,"NA","NA","NA","NA","NA","NA","NA","NA","NA","NA","NA","NA","NA","NA","NA"
"g1-1-5","SFBay","Rush Ranch","NA",2201094,38.21133,-122.0335,"NA",.11,"6/5/2014",6,2014,797.74,"0","10","LOW","45","30",25,"NA","0","0","Typha domingensis",0,"NA",0,"NA",0,6,0,"NA","NA","NA","NA","NA","NA","NA","NA","NA","NA","NA","NA","NA","NA","NA"
"g1-2-2","SFBay","Rush Ranch","NA",2201095,38.21124,-122.0332,"NA",.11,"6/5/2014",6,2014,410,"0","50","HIGH","75","25",0,"NA","0","0","Schoenoplectus acutus",0,"NA",0,"NA",0,6,0,"NA","NA","NA","NA","NA","NA","NA","NA","NA","NA","NA","NA","NA","NA","NA"
"g1-2-6","SFBay","Rush Ranch","NA",2201095,38.21133,-122.0331,"NA",.11,"6/5/2014",6,2014,555.65,"0","75","HIGH","20","60",0,"NA","0","0","Typha domingensis",0,"NA",0,"NA",0,6,0,"NA","NA","NA","NA","NA","NA","NA","NA","NA","NA","NA","NA","NA","NA","NA"
"g1-2-5","SFBay","Rush Ranch","NA",2201095,38.21133,-122.0332,"NA",.11,"6/5/2014",6,2014,747.92,"0","75","HIGH","30","70",0,"NA","0","0","Typha domingensis",0,"NA",0,"NA",0,6,0,"NA","NA","NA","NA","NA","NA","NA","NA","NA","NA","NA","NA","NA","NA","NA"
"g1-2-3","SFBay","Rush Ranch","NA",2201095,38.21124,-122.0331,"NA",.11,"6/5/2014",6,2014,1955,"0","0","NA","100","0",0,"NA","0","0","Lepidium latifolium",0,"Salicornia pacifica",0,"NA",0,6,0,"NA","NA","NA","NA","NA","NA","NA","NA","NA","NA","NA","NA","NA","NA","NA"
"g1-2-4","SFBay","Rush Ranch","NA",2201095,38.21133,-122.0333,"NA",.11,"6/5/2014",6,2014,1196.85,"1","75","MOD","20","75",5,"NA","0","0","Typha domingensis",0,"NA",0,"NA",0,6,0,"NA","NA","NA","NA","NA","NA","NA","NA","NA","NA","NA","NA","NA","NA","NA"
"g1-2-1","SFBay","Rush Ranch","NA",2201095,38.21124,-122.0333,"NA",.11,"6/5/2014",6,2014,527.92,"1","75","MOD","40","50",15,"NA","0","0","Typha domingensis",0,"NA",0,"NA",0,6,0,"NA","NA","NA","NA","NA","NA","NA","NA","NA","NA","NA","NA","NA","NA","NA"
"14","SFBay","Bull Island","NA",2264522,38.21964,-122.3061,"NA",.25,"7/18/2005",7,2005,879.44,"0","0","NA","0","0",0,"NA","0","0","Bolboschoenus maritimus",0,"NA",0,"NA",0,1,0,"NA","NA","327.36","NA","NA","NA","NA","NA","NA","NA","NA","NA","NA","NA","NA"
"13","SFBay","Bull Island","NA",2264523,38.21967,-122.306,"NA",.25,"7/18/2005",7,2005,1069.48,"0","0","NA","0","0",0,"NA","0","0","Bolboschoenus maritimus",0,"NA",0,"NA",0,1,0,"NA","NA","348.10","NA","NA","NA","NA","NA","NA","NA","NA","NA","NA","NA","NA"
"15","SFBay","Bull Island","NA",2267199,38.22001,-122.306,"NA",.25,"7/18/2005",7,2005,855.84,"0","0","NA","0","0",0,"NA","0","0","Bolboschoenus maritimus_Schoenoplectus americanus",0,"NA",0,"NA",0,1,0,"NA","NA","312.27","NA","NA","NA","NA","NA","NA","NA","NA","NA","NA","NA","NA"
"12","SFBay","Bull Island","NA",2269875,38.22017,-122.3059,"NA",.25,"7/18/2005",7,2005,1561.68,"0","0","NA","0","0",0,"NA","0","0","Bolboschoenus maritimus",0,"NA",0,"NA",0,2,0,"NA","NA","488.77","NA","NA","NA","NA","NA","NA","NA","NA","NA","NA","NA","NA"
"11","SFBay","Bull Island","NA",2269875,38.22022,-122.3059,"NA",.25,"7/18/2005",7,2005,1374.64,"0","0","NA","0","0",0,"NA","0","0","Bolboschoenus maritimus",0,"NA",0,"NA",0,2,0,"NA","NA","491.29","NA","NA","NA","NA","NA","NA","NA","NA","NA","NA","NA","NA"
"10","SFBay","Bull Island","NA",2272551,38.22046,-122.3058,"NA",.25,"7/18/2005",7,2005,2317.04,"0","0","NA","0","0",0,"NA","0","0","Typha sp.",0,"NA",0,"NA",0,7,0,"NA","NA","910.82","NA","NA","NA","NA","NA","NA","NA","NA","NA","NA","NA","NA"
"8","SFBay","Bull Island","NA",2272551,38.22052,-122.3058,"NA",.25,"7/18/2005",7,2005,2014.2,"0","0","NA","0","0",0,"NA","0","0","Typha sp.",0,"NA",0,"NA",0,7,0,"NA","NA","530.22","NA","NA","NA","NA","NA","NA","NA","NA","NA","NA","NA","NA"
"9","SFBay","Bull Island","NA",2272551,38.22049,-122.3058,"NA",.25,"7/18/2005",7,2005,1969.32,"0","0","NA","0","0",0,"NA","0","0","Typha sp.",0,"NA",0,"NA",0,7,0,"NA","NA","977.21","NA","NA","NA","NA","NA","NA","NA","NA","NA","NA","NA","NA"
"17","SFBay","Bull Island","NA",2272551,38.22059,-122.3057,"NA",.25,"7/18/2005",7,2005,896.48,"0","0","NA","0","0",0,"NA","0","0","Typha sp.",0,"NA",0,"NA",0,7,0,"NA","NA","289.50","NA","NA","NA","NA","NA","NA","NA","NA","NA","NA","NA","NA"
"7","SFBay","Bull Island","NA",2272551,38.22065,-122.3058,"NA",.25,"7/18/2005",7,2005,832.96,"0","0","NA","0","0",0,"NA","0","0","Schoenoplectus acutus",0,"NA",0,"NA",0,7,0,"NA","NA","504.08","NA","NA","NA","NA","NA","NA","NA","NA","NA","NA","NA","NA"
"6","SFBay","Bull Island","NA",2272551,38.22063,-122.3058,"NA",.25,"7/18/2005",7,2005,855.92,"0","0","NA","0","0",0,"NA","0","0","Schoenoplectus acutus",0,"NA",0,"NA",0,7,0,"NA","NA","412.23","NA","NA","NA","NA","NA","NA","NA","NA","NA","NA","NA","NA"
"16","SFBay","Bull Island","NA",2272551,38.22059,-122.3057,"NA",.25,"7/18/2005",7,2005,1336.8,"0","0","NA","0","0",0,"NA","0","0","Typha sp.",0,"NA",0,"NA",0,7,0,"NA","NA","544.87","NA","NA","NA","NA","NA","NA","NA","NA","NA","NA","NA","NA"
"2","SFBay","Bull Island","NA",2275227,38.22084,-122.3057,"NA",.25,"7/18/2005",7,2005,1560.76,"0","0","NA","0","0",0,"NA","0","0","Bolboschoenus maritimus",0,"NA",0,"NA",0,5,0,"NA","NA","506.77","NA","NA","NA","NA","NA","NA","NA","NA","NA","NA","NA","NA"
"5","SFBay","Bull Island","NA",2275227,38.22075,-122.3059,"NA",.25,"7/18/2005",7,2005,976.4,"0","0","NA","0","0",0,"NA","0","0","Schoenoplectus americanus",0,"NA",0,"NA",0,5,0,"NA","NA","381.01","NA","NA","NA","NA","NA","NA","NA","NA","NA","NA","NA","NA"
"3","SFBay","Bull Island","NA",2275227,38.22081,-122.3059,"NA",.25,"7/18/2005",7,2005,792.2,"0","0","NA","0","0",0,"NA","0","0","Schoenoplectus americanus",0,"NA",0,"NA",0,5,0,"NA","NA","204.85","NA","NA","NA","NA","NA","NA","NA","NA","NA","NA","NA","NA"
"4","SFBay","Bull Island","NA",2275227,38.22081,-122.3059,"NA",.25,"7/18/2005",7,2005,685.4,"0","0","NA","0","0",0,"NA","0","0","Schoenoplectus americanus",0,"NA",0,"NA",0,5,0,"NA","NA","177.61","NA","NA","NA","NA","NA","NA","NA","NA","NA","NA","NA","NA"
"1","SFBay","Bull Island","NA",2275227,38.22087,-122.3057,"NA",.25,"7/18/2005",7,2005,1359.76,"0","0","NA","0","0",0,"NA","0","0","Bolboschoenus maritimus",0,"NA",0,"NA",0,5,0,"NA","NA","494.20","NA","NA","NA","NA","NA","NA","NA","NA","NA","NA","NA","NA"
"26","SFBay","Bull Island","NA",2293964,38.22268,-122.3041,"NA",.25,"7/19/2005",7,2005,2147.92,"0","0","NA","0","0",0,"NA","0","0","Schoenoplectus acutus",0,"NA",0,"NA",0,4,0,"NA","NA","631.48","NA","NA","NA","NA","NA","NA","NA","NA","NA","NA","NA","NA"
"29","SFBay","Bull Island","NA",2293964,38.22269,-122.304,"NA",.25,"7/19/2005",7,2005,985.4,"0","0","NA","0","0",0,"NA","0","0","Schoenoplectus acutus",0,"NA",0,"NA",0,4,0,"NA","NA","460.46","NA","NA","NA","NA","NA","NA","NA","NA","NA","NA","NA","NA"
"27","SFBay","Bull Island","NA",2293964,38.22271,-122.3041,"NA",.25,"7/19/2005",7,2005,677.8,"0","0","NA","0","0",0,"NA","0","0","Schoenoplectus acutus",0,"NA",0,"NA",0,4,0,"NA","NA","366.75","NA","NA","NA","NA","NA","NA","NA","NA","NA","NA","NA","NA"
"28","SFBay","Bull Island","NA",2293964,38.22272,-122.304,"NA",.25,"7/19/2005",7,2005,1354.4,"0","0","NA","0","0",0,"NA","0","0","Schoenoplectus acutus",0,"NA",0,"NA",0,4,0,"NA","NA","569.60","NA","NA","NA","NA","NA","NA","NA","NA","NA","NA","NA","NA"
"34","SFBay","Bull Island","NA",2296639,38.22287,-122.3043,"NA",.25,"7/19/2005",7,2005,1098.96,"0","0","NA","0","0",0,"NA","0","0","Schoenoplectus acutus",0,"NA",0,"NA",0,1,0,"NA","NA","408.19","NA","NA","NA","NA","NA","NA","NA","NA","NA","NA","NA","NA"
"32","SFBay","Bull Island","NA",2296640,38.22282,-122.3041,"NA",.25,"7/19/2005",7,2005,1475.76,"0","0","NA","0","0",0,"NA","0","0","Typha sp.",0,"NA",0,"NA",0,5,0,"NA","NA","551.77","NA","NA","NA","NA","NA","NA","NA","NA","NA","NA","NA","NA"
"30","SFBay","Bull Island","NA",2296640,38.22281,-122.3041,"NA",.25,"7/19/2005",7,2005,2041.36,"0","0","NA","0","0",0,"NA","0","0","Typha sp.",0,"NA",0,"NA",0,5,0,"NA","NA","894.46","NA","NA","NA","NA","NA","NA","NA","NA","NA","NA","NA","NA"
"31","SFBay","Bull Island","NA",2296640,38.22283,-122.3042,"NA",.25,"7/19/2005",7,2005,2133.16,"0","0","NA","0","0",0,"NA","0","0","Typha sp.",0,"NA",0,"NA",0,5,0,"NA","NA","550.57","NA","NA","NA","NA","NA","NA","NA","NA","NA","NA","NA","NA"
"33","SFBay","Bull Island","NA",2296640,38.22285,-122.3043,"NA",.25,"7/19/2005",7,2005,1577.52,"0","0","NA","0","0",0,"NA","0","0","Schoenoplectus acutus",0,"NA",0,"NA",0,5,0,"NA","NA","682.01","NA","NA","NA","NA","NA","NA","NA","NA","NA","NA","NA","NA"
"35","SFBay","Bull Island","NA",2296640,38.22283,-122.3042,"NA",.25,"7/19/2005",7,2005,857.08,"0","0","NA","0","0",0,"NA","0","0","Schoenoplectus acutus",0,"NA",0,"NA",0,5,0,"NA","NA","407.43","NA","NA","NA","NA","NA","NA","NA","NA","NA","NA","NA","NA"
"18","SFBay","Bull Island","NA",2299307,38.2232,-122.3072,"NA",.25,"7/19/2005",7,2005,784.52,"0","0","NA","0","0",0,"NA","0","0","Bolboschoenus maritimus",0,"NA",0,"NA",0,3,0,"NA","NA","286.46","NA","NA","NA","NA","NA","NA","NA","NA","NA","NA","NA","NA"
"21","SFBay","Bull Island","NA",2299307,38.22335,-122.3071,"NA",.25,"7/19/2005",7,2005,781.64,"0","0","NA","0","0",0,"NA","0","0","Schoenoplectus americanus",0,"NA",0,"NA",0,3,0,"NA","NA","257.14","NA","NA","NA","NA","NA","NA","NA","NA","NA","NA","NA","NA"
"19","SFBay","Bull Island","NA",2299307,38.22319,-122.3071,"NA",.25,"7/19/2005",7,2005,894.72,"0","0","NA","0","0",0,"NA","0","0","Bolboschoenus maritimus",0,"NA",0,"NA",0,3,0,"NA","NA","346.29","NA","NA","NA","NA","NA","NA","NA","NA","NA","NA","NA","NA"
"37","SFBay","Bull Island","NA",2299317,38.2231,-122.3039,"NA",.25,"7/19/2005",7,2005,1116.96,"0","0","NA","0","0",0,"NA","0","0","Bolboschoenus maritimus",0,"NA",0,"NA",0,2,0,"NA","NA","361.19","NA","NA","NA","NA","NA","NA","NA","NA","NA","NA","NA","NA"
"36","SFBay","Bull Island","NA",2299317,38.22312,-122.3039,"NA",.25,"7/19/2005",7,2005,896.84,"0","0","NA","0","0",0,"NA","0","0","Bolboschoenus maritimus",0,"NA",0,"NA",0,2,0,"NA","NA","391.19","NA","NA","NA","NA","NA","NA","NA","NA","NA","NA","NA","NA"
"23","SFBay","Bull Island","NA",2301983,38.22345,-122.3071,"NA",.25,"7/19/2005",7,2005,1660.64,"0","0","NA","0","0",0,"NA","0","0","Typha sp.",0,"NA",0,"NA",0,5,0,"NA","NA","620.54","NA","NA","NA","NA","NA","NA","NA","NA","NA","NA","NA","NA"
"25","SFBay","Bull Island","NA",2301983,38.22344,-122.3074,"NA",.25,"7/19/2005",7,2005,1001,"0","0","NA","0","0",0,"NA","0","0","Schoenoplectus acutus",0,"NA",0,"NA",0,5,0,"NA","NA","397.06","NA","NA","NA","NA","NA","NA","NA","NA","NA","NA","NA","NA"
"22","SFBay","Bull Island","NA",2301983,38.22342,-122.3071,"NA",.25,"7/19/2005",7,2005,1219.84,"0","0","NA","0","0",0,"NA","0","0","Schoenoplectus americanus",0,"NA",0,"NA",0,5,0,"NA","NA","369.28","NA","NA","NA","NA","NA","NA","NA","NA","NA","NA","NA","NA"
"20","SFBay","Bull Island","NA",2301983,38.22337,-122.3071,"NA",.25,"7/19/2005",7,2005,762.44,"0","0","NA","0","0",0,"NA","0","0","Schoenoplectus americanus",0,"NA",0,"NA",0,5,0,"NA","NA","254.69","NA","NA","NA","NA","NA","NA","NA","NA","NA","NA","NA","NA"
"24","SFBay","Bull Island","NA",2301983,38.22363,-122.3072,"NA",.25,"7/19/2005",7,2005,1785.84,"0","0","NA","0","0",0,"NA","0","0","Typha sp.",0,"NA",0,"NA",0,5,0,"NA","NA","676.05","NA","NA","NA","NA","NA","NA","NA","NA","NA","NA","NA","NA"
"h2-5-3","SFBay","Rush Ranch","NA",2436615,38.23492,-122.022,"NA",.11,"6/26/2014",6,2014,0,"0","5","HIGH","0","100",0,"NA","0","0","0",0,"NA",0,"NA",0,6,0,"NA","NA","NA","NA","NA","NA","NA","NA","NA","NA","NA","NA","NA","NA","NA"
"h2-5-1","SFBay","Rush Ranch","NA",2436615,38.235,-122.0219,"NA",.11,"6/26/2014",6,2014,9,"0","10","HIGH","10","90",0,"NA","0","0","Distichlis spicata",8,"Bolboschoenus maritimus",2,"NA",0,6,0,"NA","NA","NA","NA","NA","NA","NA","NA","NA","NA","NA","NA","NA","NA","NA"
"h2-5-5","SFBay","Rush Ranch","NA",2436615,38.23507,-122.022,"NA",.11,"6/26/2014",6,2014,28,"0","20","HIGH","20","80",0,"NA","0","0","Salsola soda",15,"Distichlis spicata",5,"NA",0,6,0,"NA","NA","NA","NA","NA","NA","NA","NA","NA","NA","NA","NA","NA","NA","NA"
"h2-5-4","SFBay","Rush Ranch","NA",2436615,38.235,-122.022,"NA",.11,"6/26/2014",6,2014,959,"0","5","LOW","75","25",0,"NA","0","0","Salsola soda",70,"Distichlis spicata",5,"NA",0,6,0,"NA","NA","NA","NA","NA","NA","NA","NA","NA","NA","NA","NA","NA","NA","NA"
"h2-5-6","SFBay","Rush Ranch","NA",2436615,38.23507,-122.0219,"NA",.11,"6/26/2014",6,2014,14,"0","15","HIGH","20","80",0,"NA","0","0","Distichlis spicata",15,"Salsola soda",5,"NA",0,6,0,"NA","NA","NA","NA","NA","NA","NA","NA","NA","NA","NA","NA","NA","NA","NA"
"h2-5-2","SFBay","Rush Ranch","NA",2436615,38.23492,-122.0219,"NA",.11,"6/26/2014",6,2014,46,"0","5","HIGH","15","85",0,"NA","0","0","Distichlis spicata",10,"Salsola soda",5,"NA",0,6,0,"NA","NA","NA","NA","NA","NA","NA","NA","NA","NA","NA","NA","NA","NA","NA"
"h2-4-2","SFBay","Rush Ranch","NA",2439291,38.23528,-122.0219,"NA",.11,"6/26/2014",6,2014,0,"0","40","HIGH","3","97",0,"NA","0","0","Salsola soda",3,"NA",0,"NA",0,6,0,"NA","NA","NA","NA","NA","NA","NA","NA","NA","NA","NA","NA","NA","NA","NA"
"h2-4-3","SFBay","Rush Ranch","NA",2439291,38.23518,-122.0219,"NA",.11,"6/26/2014",6,2014,0,"0","35","HIGH","0","100",0,"NA","0","0","0",0,"NA",0,"NA",0,6,0,"NA","NA","NA","NA","NA","NA","NA","NA","NA","NA","NA","NA","NA","NA","NA"
"h2-4-1","SFBay","Rush Ranch","NA",2439291,38.23534,-122.0219,"NA",.11,"6/26/2014",6,2014,817,"0","15","LOW","90","5",0,"NA","0","0","Salsola soda",55,"Atriplex triangularis",40,"NA",0,6,0,"NA","NA","NA","NA","NA","NA","NA","NA","NA","NA","NA","NA","NA","NA","NA"
"h2-4-6","SFBay","Rush Ranch","NA",2439291,38.23534,-122.022,"NA",.11,"6/26/2014",6,2014,265,"0","25","MOD","80","20",0,"NA","0","0","Salsola soda",80,"NA",0,"NA",0,6,0,"NA","NA","NA","NA","NA","NA","NA","NA","NA","NA","NA","NA","NA","NA","NA"
"h2-4-4","SFBay","Rush Ranch","NA",2439291,38.23518,-122.022,"NA",.11,"6/26/2014",6,2014,66,"0","35","HIGH","15","85",0,"NA","0","0","Salsola soda",15,"NA",0,"NA",0,6,0,"NA","NA","NA","NA","NA","NA","NA","NA","NA","NA","NA","NA","NA","NA","NA"
"h2-4-5","SFBay","Rush Ranch","NA",2439291,38.23527,-122.022,"NA",.11,"6/26/2014",6,2014,1098,"0","30","MOD","60","40",0,"NA","0","0","Salsola soda",60,"NA",0,"NA",0,6,0,"NA","NA","NA","NA","NA","NA","NA","NA","NA","NA","NA","NA","NA","NA","NA"
"h2-3-1","SFBay","Rush Ranch","NA",2441967,38.23561,-122.0218,"NA",.11,"6/26/2014",6,2014,56,"0","10","HIGH","25","75",0,"NA","0","0","Distichlis spicata",23,"Salsola soda",2,"NA",0,6,0,"NA","NA","NA","NA","NA","NA","NA","NA","NA","NA","NA","NA","NA","NA","NA"
"h2-3-2","SFBay","Rush Ranch","NA",2441967,38.23553,-122.0218,"NA",.11,"6/26/2014",6,2014,1173,"0","15","LOW","95","5",0,"NA","0","0","Atriplex triangularis",75,"Salicornia pacifica",15,"Frankenia salina",3,6,0,"NA","NA","NA","NA","NA","NA","NA","NA","NA","NA","NA","NA","NA","NA","NA"
"h2-3-4","SFBay","Rush Ranch","NA",2441967,38.23544,-122.022,"NA",.11,"6/26/2014",6,2014,24,"0","50","MOD","30","70",0,"NA","0","0","Atriplex triangularis",20,"Salsola soda",5,"Frankenia salina",3,6,0,"NA","NA","NA","NA","NA","NA","NA","NA","NA","NA","NA","NA","NA","NA","NA"
"h2-3-3","SFBay","Rush Ranch","NA",2441967,38.23545,-122.0218,"NA",.11,"6/26/2014",6,2014,1132,"0","35","LOW","80","20",0,"NA","0","0","Salsola soda",75,"Atriplex triangularis",5,"NA",0,6,0,"NA","NA","NA","NA","NA","NA","NA","NA","NA","NA","NA","NA","NA","NA","NA"
"h2-3-5","SFBay","Rush Ranch","NA",2441967,38.23553,-122.022,"NA",.11,"6/26/2014",6,2014,143,"0","25","MOD","45","55",0,"NA","0","0","Salicornia pacifica",30,"Atriplex triangularis",10,"Salsola soda",5,6,0,"NA","NA","NA","NA","NA","NA","NA","NA","NA","NA","NA","NA","NA","NA","NA"
"h2-3-6","SFBay","Rush Ranch","NA",2441967,38.23561,-122.022,"NA",.11,"6/26/2014",6,2014,3,"0","10","HIGH","5","95",0,"NA","0","0","Distichlis spicata",5,"NA",0,"NA",0,6,0,"NA","NA","NA","NA","NA","NA","NA","NA","NA","NA","NA","NA","NA","NA","NA"
"h2-2-1","SFBay","Rush Ranch","NA",2444643,38.23588,-122.0218,"NA",.11,"6/26/2014",6,2014,24,"0","25","MOD","15","75",10,"NA","0","0","Salicornia pacifica",15,"NA",0,"NA",0,6,0,"NA","NA","NA","NA","NA","NA","NA","NA","NA","NA","NA","NA","NA","NA","NA"
"h2-2-2","SFBay","Rush Ranch","NA",2444643,38.23581,-122.0218,"NA",.11,"6/26/2014",6,2014,6,"0","20","MOD","15","80",5,"NA","0","0","Salicornia pacifica",15,"NA",0,"NA",0,6,0,"NA","NA","NA","NA","NA","NA","NA","NA","NA","NA","NA","NA","NA","NA","NA"
"h2-2-4","SFBay","Rush Ranch","NA",2444643,38.23573,-122.022,"NA",.11,"6/26/2014",6,2014,0,"0","0","NA","0","0",100,"NA","0","0","0",0,"NA",0,"NA",0,6,0,"NA","NA","NA","NA","NA","NA","NA","NA","NA","NA","NA","NA","NA","NA","NA"
"h2-2-6","SFBay","Rush Ranch","NA",2444643,38.23588,-122.022,"NA",.11,"6/26/2014",6,2014,443,"0","15","LOW","50","10",40,"NA","0","0","Salicornia pacifica",50,"NA",0,"NA",0,6,0,"NA","NA","NA","NA","NA","NA","NA","NA","NA","NA","NA","NA","NA","NA","NA"
"h2-2-3","SFBay","Rush Ranch","NA",2444643,38.23573,-122.0218,"NA",.11,"6/26/2014",6,2014,117,"0","30","MOD","10","85",5,"NA","0","0","Salicornia pacifica",10,"Distichlis spicata",3,"Salsola soda",2,6,0,"NA","NA","NA","NA","NA","NA","NA","NA","NA","NA","NA","NA","NA","NA","NA"
"h2-2-5","SFBay","Rush Ranch","NA",2444643,38.23581,-122.022,"NA",.11,"6/26/2014",6,2014,0,"0","5","LOW","0","5",95,"NA","0","0","0",0,"NA",0,"NA",0,6,0,"NA","NA","NA","NA","NA","NA","NA","NA","NA","NA","NA","NA","NA","NA","NA"
"h2-1-4","SFBay","Rush Ranch","NA",2447319,38.236,-122.0219,"NA",.11,"6/26/2014",6,2014,0,"0","10","LOW","35","10",55,"NA","0","0","Salicornia pacifica",35,"NA",0,"NA",0,6,0,"NA","NA","NA","NA","NA","NA","NA","NA","NA","NA","NA","NA","NA","NA","NA"
"h2-1-3","SFBay","Rush Ranch","NA",2447319,38.236,-122.0218,"NA",.11,"6/26/2014",6,2014,163,"0","10","LOW","75","15",10,"NA","0","0","Salicornia pacifica",75,"NA",0,"NA",0,6,0,"NA","NA","NA","NA","NA","NA","NA","NA","NA","NA","NA","NA","NA","NA","NA"
"h2-1-5","SFBay","Rush Ranch","NA",2447319,38.23607,-122.0219,"NA",.11,"6/26/2014",6,2014,13,"0","25","MOD","15","40",35,"NA","0","0","Salicornia pacifica",15,"NA",0,"NA",0,6,0,"NA","NA","NA","NA","NA","NA","NA","NA","NA","NA","NA","NA","NA","NA","NA"
"h2-1-6","SFBay","Rush Ranch","NA",2447319,38.23615,-122.0219,"NA",.11,"6/26/2014",6,2014,60,"0","25","MOD","20","65",15,"NA","0","0","Salicornia pacifica",20,"Cotula coronopifolia",20,"NA",0,6,0,"NA","NA","NA","NA","NA","NA","NA","NA","NA","NA","NA","NA","NA","NA","NA"
"h2-1-2","SFBay","Rush Ranch","NA",2447319,38.23607,-122.0218,"NA",.11,"6/26/2014",6,2014,221,"0","10","MOD","40","35",25,"NA","0","0","Salicornia pacifica",35,"Salsola soda",5,"NA",0,6,0,"NA","NA","NA","NA","NA","NA","NA","NA","NA","NA","NA","NA","NA","NA","NA"
"h2-1-1","SFBay","Rush Ranch","NA",2447319,38.23614,-122.0218,"NA",.11,"6/26/2014",6,2014,605,"0","5","LOW","30","15",5,"NA","0","0","Salicornia pacifica",75,"Distichlis spicata",5,"NA",0,6,0,"NA","NA","NA","NA","NA","NA","NA","NA","NA","NA","NA","NA","NA","NA","NA"
