Stn Id,Stn Name,CIMIS Region,Date,Jul,ETo (mm),qc,Precip (mm),qc,Sol Rad (W/sq.m),qc,Avg Vap Pres (kPa),qc,Max Air Temp (C),qc,Min Air Temp (C),qc,Avg Air Temp (C),qc,Max Rel Hum (%),qc,Min Rel Hum (%),qc,Avg Rel Hum (%),qc,Dew Point (C),qc,Avg Wind Speed (m/s),qc,Wind Run (km),qc,Avg Soil Temp (C),qc
140,Twitchell Island,San Francisco Bay,5/1/2018,121,6.14, ,0.00, ,336,R,1.1, ,23.0, ,9.5, ,15.8, ,83, ,44, ,62, ,8.6, ,4.6, ,395.1, ,16.4, 
140,Twitchell Island,San Francisco Bay,5/2/2018,122,6.01, ,0.00, ,351,R,1.2, ,23.7, ,10.0, ,16.1, ,87, ,46, ,67, ,9.8, ,4.3, ,367.9, ,16.7, 
140,Twitchell Island,San Francisco Bay,5/3/2018,123,5.71, ,0.00, ,349,R,1.3, ,21.4, ,11.0, ,15.0, ,90, ,54, ,74, ,10.4, ,5.7, ,493.1, ,16.7, 
140,Twitchell Island,San Francisco Bay,5/4/2018,124,6.00, ,0.00, ,343,R,1.3, ,27.9, ,8.8, ,18.4, ,93, ,31, ,60, ,10.6, ,3.2, ,276.8, ,17.0, 
140,Twitchell Island,San Francisco Bay,5/5/2018,125,4.78, ,0.00, ,230, ,1.2, ,24.0, ,11.0, ,17.1, ,84, ,42, ,63, ,9.9, ,4.3, ,367.5, ,17.2, 
140,Twitchell Island,San Francisco Bay,5/6/2018,126,6.14, ,0.00, ,321, ,1.2, ,22.7, ,11.0, ,16.2, ,85, ,46, ,64, ,9.4, ,5.6, ,483.4, ,16.7, 
140,Twitchell Island,San Francisco Bay,5/7/2018,127,6.91, ,0.00, ,360,R,1.2, ,28.0, ,12.8, ,19.8, ,76, ,35, ,54, ,10.3, ,4.1, ,355.3, ,17.4, 
140,Twitchell Island,San Francisco Bay,5/8/2018,128,7.47, ,0.00, ,356,R,1.3, ,26.1, ,10.2, ,19.2, ,84, ,37, ,57, ,10.5, ,5.4, ,463.1, ,17.8, 
140,Twitchell Island,San Francisco Bay,5/9/2018,129,7.04, ,0.00, ,359,R,1.3, ,23.9, ,14.7, ,18.2, ,90, ,43, ,64, ,11.3, ,5.9, ,510.8, ,18.0, 
140,Twitchell Island,San Francisco Bay,5/10/2018,130,6.76, ,0.00, ,340, ,1.3, ,26.1, ,12.9, ,18.7, ,81, ,44, ,61, ,11.0, ,5.3, ,457.3, ,18.0, 
140,Twitchell Island,San Francisco Bay,5/11/2018,131,8.69, ,0.00, ,358,R,0.9, ,27.5, ,14.0, ,20.9, ,74, ,19, ,36, ,5.3, ,5.3, ,454.5, ,18.2, 
140,Twitchell Island,San Francisco Bay,5/12/2018,132,7.65, ,0.00, ,345,R,1.0, ,27.8, ,12.5, ,19.4, ,83, ,26, ,46, ,7.5, ,5.2, ,447.2, ,18.4, 
140,Twitchell Island,San Francisco Bay,5/13/2018,133,6.25, ,0.00, ,344,R,1.3, ,20.5, ,12.2, ,15.4, ,86, ,56, ,72, ,10.3, ,7.0,Y,600.7,Y,18.0, 
140,Twitchell Island,San Francisco Bay,5/14/2018,134,6.02, ,0.00, ,343, ,1.2, ,20.0, ,11.5, ,14.8, ,84, ,61, ,73, ,10.1, ,6.7, ,575.2, ,17.5, 
140,Twitchell Island,San Francisco Bay,5/15/2018,135,6.17, ,0.00, ,330, ,1.2, ,20.1, ,12.4, ,15.4, ,82, ,54, ,68, ,9.6, ,6.1, ,531.0, ,17.4, 
140,Twitchell Island,San Francisco Bay,5/16/2018,136,5.63, ,0.00, ,307, ,1.2, ,21.5, ,12.3, ,15.8, ,84, ,47, ,66, ,9.4, ,4.5, ,392.7, ,17.5, 
140,Twitchell Island,San Francisco Bay,5/17/2018,137,6.22, ,0.00, ,342, ,1.3, ,25.3, ,12.1, ,17.2, ,85, ,45, ,67, ,11.1, ,4.7, ,405.8, ,18.0, 
140,Twitchell Island,San Francisco Bay,5/18/2018,138,6.14, ,0.00, ,339, ,1.4, ,25.1, ,10.9, ,17.3, ,89, ,54, ,70, ,11.8, ,4.6, ,398.6, ,18.3, 
140,Twitchell Island,San Francisco Bay,5/19/2018,139,6.65, ,0.00, ,347, ,1.2, ,22.1, ,12.6, ,16.4, ,79, ,52, ,65, ,9.8, ,5.8, ,502.9, ,18.4, 
140,Twitchell Island,San Francisco Bay,5/20/2018,140,5.55, ,0.00, ,303, ,1.2, ,21.2, ,9.2, ,15.0, ,91, ,54, ,70, ,9.6, ,4.2, ,360.2, ,18.1, 
140,Twitchell Island,San Francisco Bay,5/21/2018,141,6.31, ,0.00, ,340, ,1.3, ,25.9, ,8.5, ,17.3, ,94, ,48, ,67, ,11.1, ,3.6, ,307.7, ,18.1, 
140,Twitchell Island,San Francisco Bay,5/22/2018,142,5.86, ,0.00, ,340, ,1.3, ,22.0, ,10.6, ,16.0, ,91, ,58, ,74, ,11.4, ,4.5, ,385.3, ,18.6, 
140,Twitchell Island,San Francisco Bay,5/23/2018,143,5.81, ,0.00, ,333, ,1.3, ,19.8, ,12.4, ,15.3, ,84, ,60, ,74, ,10.7, ,5.7, ,495.8, ,18.4, 
140,Twitchell Island,San Francisco Bay,5/24/2018,144,5.62, ,0.00, ,310, ,1.2, ,20.1, ,11.8, ,14.9, ,85, ,59, ,73, ,10.1, ,6.0, ,516.2, ,18.0, 
140,Twitchell Island,San Francisco Bay,5/25/2018,145,1.93, ,0.20, ,120, ,1.2, ,19.1, ,12.6, ,15.2, ,86, ,57, ,71, ,9.9, ,2.7, ,233.2, ,17.5, 
140,Twitchell Island,San Francisco Bay,5/26/2018,146,4.60, ,0.00, ,265, ,1.4, ,24.0, ,12.8, ,17.2, ,86, ,54, ,70, ,11.7, ,3.2, ,278.2, ,17.9, 
140,Twitchell Island,San Francisco Bay,5/27/2018,147,7.09, ,0.00, ,349, ,1.4, ,30.4, ,13.7, ,21.5, ,83, ,38, ,54, ,11.7, ,3.6, ,313.1, ,19.1, 
140,Twitchell Island,San Francisco Bay,5/28/2018,148,7.49, ,0.00, ,351, ,1.4, ,34.3, ,14.5, ,25.1, ,71, ,30, ,45, ,12.4, ,2.6, ,224.5, ,20.5, 
140,Twitchell Island,San Francisco Bay,5/29/2018,149,7.86, ,0.00, ,346, ,1.5, ,32.8, ,16.6, ,24.6, ,71, ,34, ,47, ,12.6, ,3.4, ,297.5, ,21.4, 
140,Twitchell Island,San Francisco Bay,5/30/2018,150,6.43, ,0.00, ,314, ,1.1, ,22.2, ,11.1, ,16.8, ,70, ,43, ,56, ,7.9, ,4.9, ,424.1, ,20.6, 
140,Twitchell Island,San Francisco Bay,5/31/2018,151,6.24, ,0.00, ,348, ,1.1, ,21.9, ,11.0, ,16.0, ,74, ,45, ,60, ,8.2, ,4.2, ,360.3, ,19.9, 
140,Twitchell Island,San Francisco Bay,6/1/2018,152,6.87, ,0.00, ,354, ,1.2, ,29.1, ,11.8, ,20.0, ,81, ,33, ,52, ,9.9, ,3.3, ,284.5, ,20.2, 
140,Twitchell Island,San Francisco Bay,6/2/2018,153,7.34, ,0.00, ,353, ,1.3, ,36.0,Y,14.4, ,25.2, ,66, ,25, ,41, ,10.9, ,2.2, ,187.3, ,21.2, 
140,Twitchell Island,San Francisco Bay,6/3/2018,154,7.55, ,0.00, ,353, ,1.4, ,34.7, ,12.0, ,25.1, ,83, ,25, ,44, ,12.2, ,2.3, ,202.9, ,21.9, 
140,Twitchell Island,San Francisco Bay,6/4/2018,155,8.70, ,0.00, ,354, ,1.2, ,28.5, ,15.7, ,21.8, ,60, ,27, ,44, ,9.0, ,5.3, ,461.2, ,22.0, 
140,Twitchell Island,San Francisco Bay,6/5/2018,156,7.26, ,0.00, ,366,R,1.1, ,27.0, ,13.6, ,19.2, ,65, ,33, ,51, ,8.7, ,4.1, ,351.4, ,21.5, 
140,Twitchell Island,San Francisco Bay,6/6/2018,157,6.45, ,0.00, ,349, ,1.2, ,24.2, ,11.3, ,17.5, ,80, ,48, ,62, ,10.2, ,3.5, ,304.7, ,21.1, 
140,Twitchell Island,San Francisco Bay,6/7/2018,158,6.70, ,0.00, ,352, ,1.3, ,25.3, ,12.1, ,18.5, ,85, ,44, ,61, ,10.9, ,3.9, ,337.3, ,21.0, 
140,Twitchell Island,San Francisco Bay,6/8/2018,159,8.06, ,0.00, ,356, ,1.2, ,28.3, ,14.1, ,20.5, ,70, ,34, ,50, ,9.7, ,5.4, ,470.3, ,21.3, 
140,Twitchell Island,San Francisco Bay,6/9/2018,160,6.47, ,0.00, ,316, ,1.3, ,23.1, ,13.2, ,18.1, ,85, ,46, ,63, ,10.8, ,4.4, ,383.6, ,21.2, 
140,Twitchell Island,San Francisco Bay,6/10/2018,161,7.17, ,0.00, ,360, ,1.0, ,25.9, ,11.3, ,18.5, ,74, ,24, ,45, ,6.3, ,3.7, ,323.9, ,21.0, 
140,Twitchell Island,San Francisco Bay,6/11/2018,162,7.54, ,0.00, ,359, ,1.2, ,31.4, ,14.3, ,22.5, ,63, ,28, ,46, ,10.3, ,3.6, ,312.5, ,21.5, 
140,Twitchell Island,San Francisco Bay,6/12/2018,163,8.04, ,0.00, ,361, ,1.4, ,34.3, ,15.5, ,25.6, ,72, ,25, ,43, ,11.9, ,3.2, ,275.0, ,22.5, 
140,Twitchell Island,San Francisco Bay,6/13/2018,164,8.03, ,0.00, ,364,R,1.4, ,33.6, ,17.0, ,24.6, ,65, ,30, ,45, ,12.0, ,3.5, ,303.9, ,23.0, 
140,Twitchell Island,San Francisco Bay,6/14/2018,165,7.41, ,0.00, ,365,R,1.2, ,30.4, ,14.1, ,21.7, ,73, ,32, ,48, ,10.0, ,3.3, ,288.7, ,23.0, 
140,Twitchell Island,San Francisco Bay,6/15/2018,166,6.90, ,0.00, ,356, ,1.3, ,25.9, ,13.1, ,18.8, ,85, ,40, ,60, ,11.0, ,3.7, ,322.9, ,22.6, 
140,Twitchell Island,San Francisco Bay,6/16/2018,167,6.65, ,0.00, ,358, ,1.4, ,25.1, ,12.8, ,17.6, ,86, ,51, ,67, ,11.5, ,4.5, ,389.9, ,22.1, 
140,Twitchell Island,San Francisco Bay,6/17/2018,168,5.70, ,0.00, ,329, ,1.3, ,25.7, ,11.1, ,18.4, ,84, ,44, ,62, ,11.0, ,2.8, ,238.4, ,21.8, 
140,Twitchell Island,San Francisco Bay,6/18/2018,169,7.11, ,0.00, ,353, ,1.4, ,28.4, ,14.0, ,19.9, ,87, ,38, ,61, ,12.3, ,4.8, ,414.5, ,22.1, 
140,Twitchell Island,San Francisco Bay,6/19/2018,170,7.38, ,0.00, ,355, ,1.5, ,30.1, ,13.8, ,20.7, ,86, ,40, ,60, ,12.6, ,4.7, ,406.1, ,22.4, 
140,Twitchell Island,San Francisco Bay,6/20/2018,171,7.60, ,0.00, ,369,R,1.3, ,27.5, ,12.8, ,19.4, ,86, ,34, ,57, ,10.7, ,5.0, ,431.0, ,22.4, 
140,Twitchell Island,San Francisco Bay,6/21/2018,172,7.53, ,0.00, ,367,R,1.3, ,32.3, ,13.5, ,22.2, ,74, ,30, ,48, ,10.7, ,3.5, ,298.8, ,22.4, 
140,Twitchell Island,San Francisco Bay,6/22/2018,173,7.94, ,0.00, ,361, ,1.3, ,38.9, ,16.9, ,26.7, ,64, ,24, ,38, ,11.4, ,2.5, ,219.8, ,23.2, 
140,Twitchell Island,San Francisco Bay,6/23/2018,174,9.07, ,0.00, ,361, ,1.3, ,39.3, ,19.5, ,29.7,Y,50, ,19, ,31,Y,10.8,Y,3.2, ,278.0, ,24.1, 
140,Twitchell Island,San Francisco Bay,6/24/2018,175,8.48, ,0.00, ,356, ,1.5, ,27.8, ,15.4, ,21.3, ,85, ,38, ,58, ,12.8, ,7.2,Y,624.0,Y,24.1, 
140,Twitchell Island,San Francisco Bay,6/25/2018,176,6.98, ,0.00, ,353, ,1.5, ,27.0, ,14.8, ,20.1, ,86, ,46, ,63, ,12.7, ,4.9, ,421.3, ,23.2, 
140,Twitchell Island,San Francisco Bay,6/26/2018,177,7.51, ,0.00, ,362, ,1.3, ,31.9, ,13.8, ,22.2, ,76, ,24, ,47, ,10.4, ,3.1, ,269.5, ,23.2, 
140,Twitchell Island,San Francisco Bay,6/27/2018,178,7.20, ,0.00, ,365,R,1.4, ,27.5, ,13.4, ,19.3, ,86, ,41, ,61, ,11.6, ,4.2, ,362.9, ,23.2, 
140,Twitchell Island,San Francisco Bay,6/28/2018,179,7.66, ,0.00, ,356, ,1.2, ,29.3, ,13.1, ,21.2, ,82, ,33, ,50, ,10.2, ,3.9, ,339.6, ,23.0, 
140,Twitchell Island,San Francisco Bay,6/29/2018,180,8.24, ,0.00, ,355, ,1.3, ,34.0, ,15.8, ,24.6, ,69, ,26, ,43, ,11.3, ,3.9, ,335.8, ,23.5, 
140,Twitchell Island,San Francisco Bay,6/30/2018,181,8.55, ,0.00, ,353, ,1.4, ,38.9,Y,15.8, ,27.3, ,70, ,20, ,38, ,11.7, ,3.2, ,278.2, ,24.2, 
140,Twitchell Island,San Francisco Bay,7/1/2018,182,8.31, ,0.00, ,348, ,1.5, ,29.4, ,15.3, ,21.6, ,86, ,40, ,60, ,13.4, ,6.8, ,584.8, ,24.3, 
140,Twitchell Island,San Francisco Bay,7/2/2018,183,6.49, ,0.00, ,284, ,1.5, ,26.1, ,14.5, ,19.1, ,89, ,48, ,68, ,13.1, ,5.9, ,511.8, ,23.2, 
140,Twitchell Island,San Francisco Bay,7/3/2018,184,5.87, ,0.00, ,285, ,1.5, ,27.7, ,14.0, ,19.6, ,88, ,43, ,64, ,12.6, ,4.3, ,373.8, ,23.0, 
140,Twitchell Island,San Francisco Bay,7/4/2018,185,6.64, ,0.00, ,355, ,1.4, ,23.7, ,13.7, ,18.0, ,84, ,53, ,67, ,11.8, ,4.8, ,418.7, ,22.9, 
140,Twitchell Island,San Francisco Bay,7/5/2018,186,6.80, ,0.00, ,361,R,1.3, ,31.5, ,12.7, ,21.5, ,91, ,24, ,52, ,11.2, ,3.0, ,256.4, ,22.9, 
140,Twitchell Island,San Francisco Bay,7/6/2018,187,6.82, ,0.00, ,273, ,1.4, ,35.0, ,18.1, ,25.2, ,64, ,24, ,43, ,11.6, ,3.2, ,273.1, ,23.5, 
140,Twitchell Island,San Francisco Bay,7/7/2018,188,8.55, ,0.00, ,340, ,1.1, ,34.5, ,18.7, ,25.6, ,60, ,15, ,34, ,8.8, ,3.7, ,323.4, ,23.9, 
140,Twitchell Island,San Francisco Bay,7/8/2018,189,8.83, ,0.00, ,335, ,1.0,Y,33.3, ,18.2, ,25.0, ,58, ,14, ,33,Y,7.5,Y,4.3, ,368.8, ,23.8, 
140,Twitchell Island,San Francisco Bay,7/9/2018,190,8.69, ,0.00, ,325, ,1.1, ,35.2, ,16.8, ,25.6, ,56, ,21, ,33, ,8.2, ,4.3, ,372.6, ,23.8, 
140,Twitchell Island,San Francisco Bay,7/10/2018,191,8.77, ,0.00, ,346, ,1.2, ,34.9, ,19.0, ,26.2, ,57, ,23, ,36, ,10.0, ,3.9, ,335.8, ,24.2, 
140,Twitchell Island,San Francisco Bay,7/11/2018,192,7.40, ,0.00, ,347, ,1.4, ,34.8, ,14.4, ,24.4, ,80, ,21, ,45, ,11.6, ,2.5, ,219.4, ,24.1, 
140,Twitchell Island,San Francisco Bay,7/12/2018,193,8.19, ,0.00, ,326, ,1.3, ,33.1, ,16.5, ,24.2, ,79, ,23, ,44, ,11.1, ,4.7, ,409.2, ,24.2, 
140,Twitchell Island,San Francisco Bay,7/13/2018,194,8.41, ,0.00, ,295, ,1.4, ,33.2, ,19.8, ,25.4, ,61, ,30, ,42, ,11.7, ,5.0, ,434.1, ,24.2, 
140,Twitchell Island,San Francisco Bay,7/14/2018,195,8.43, ,0.00, ,312, ,1.5, ,31.6, ,17.4, ,23.3, ,73, ,29, ,51, ,12.6, ,6.5, ,560.0, ,24.2, 
140,Twitchell Island,San Francisco Bay,7/15/2018,196,7.32, ,0.00, ,299, ,1.4, ,29.7, ,15.6, ,21.8, ,81, ,36, ,55, ,12.3, ,6.1, ,524.1, ,23.8, 
140,Twitchell Island,San Francisco Bay,7/16/2018,197,8.05, ,0.00, ,322, ,1.4, ,33.7, ,15.0, ,23.0, ,82, ,24, ,49, ,11.8, ,5.8, ,500.5, ,23.7, 
140,Twitchell Island,San Francisco Bay,7/17/2018,198,7.70, ,0.00, ,321, ,1.4, ,34.6, ,15.1, ,24.2, ,82, ,22, ,48, ,12.4, ,4.8, ,412.0, ,23.9, 
140,Twitchell Island,San Francisco Bay,7/18/2018,199,7.20, ,0.00, ,296, ,1.6, ,35.8, ,14.3, ,24.9, ,85, ,28, ,50, ,13.7, ,3.8, ,328.7, ,24.2, 
140,Twitchell Island,San Francisco Bay,7/19/2018,200,7.49, ,0.00, ,305, ,1.4, ,35.0, ,16.0, ,24.0, ,84, ,22, ,46, ,11.6, ,4.2, ,363.4, ,24.4, 
140,Twitchell Island,San Francisco Bay,7/20/2018,201,7.13, ,0.00, ,308, ,1.6, ,32.2, ,15.6, ,23.5, ,83, ,36, ,55, ,13.9, ,3.9, ,338.0, ,24.3, 
140,Twitchell Island,San Francisco Bay,7/21/2018,202,8.25, ,0.00, ,306, ,1.4, ,31.0, ,17.2, ,23.6, ,83, ,26, ,48, ,12.0, ,5.6, ,480.2, ,24.2, 
140,Twitchell Island,San Francisco Bay,7/22/2018,203,7.80, ,0.00, ,302, ,1.5, ,31.6, ,16.8, ,23.1, ,84, ,28, ,54, ,13.3, ,6.1, ,527.2, ,24.0, 
140,Twitchell Island,San Francisco Bay,7/23/2018,204,7.39, ,0.00, ,277, ,1.5, ,33.9, ,17.7, ,24.3, ,72, ,29, ,48, ,12.6, ,5.3, ,454.9, ,24.2, 
140,Twitchell Island,San Francisco Bay,7/24/2018,205,8.38, ,0.00, ,329, ,1.5, ,33.9, ,17.3, ,24.5, ,78, ,32, ,50, ,13.4, ,5.4, ,470.5, ,24.4, 
140,Twitchell Island,San Francisco Bay,7/25/2018,206,9.19, ,0.00, ,335, ,1.3, ,34.9, ,18.1, ,25.8, ,67, ,23, ,40, ,11.2, ,5.4, ,463.3, ,24.5, 
140,Twitchell Island,San Francisco Bay,7/26/2018,207,8.83, ,0.00, ,321, ,1.4, ,33.7, ,17.1, ,24.3, ,70, ,27, ,46, ,12.1, ,6.0, ,520.0, ,24.5, 
140,Twitchell Island,San Francisco Bay,7/27/2018,208,8.14, ,0.00, ,331, ,1.4, ,32.5, ,15.7, ,22.8, ,78, ,28, ,51, ,12.0, ,5.9, ,513.6, ,24.2, 
140,Twitchell Island,San Francisco Bay,7/28/2018,209,7.53, ,0.00, ,307, ,1.4, ,33.9, ,15.3, ,23.3, ,78, ,31, ,50, ,12.3, ,4.7, ,405.0, ,24.1, 
140,Twitchell Island,San Francisco Bay,7/29/2018,210,6.76, ,0.00, ,249, ,1.4, ,32.2, ,15.8, ,22.6, ,77, ,30, ,50, ,11.7, ,5.0, ,427.7, ,23.8, 
140,Twitchell Island,San Francisco Bay,7/30/2018,211,7.34, ,0.00, ,281, ,1.4, ,33.2, ,16.4, ,23.7, ,74, ,28, ,47, ,11.9, ,4.8, ,412.6, ,23.7, 
140,Twitchell Island,San Francisco Bay,7/31/2018,212,7.85, ,0.00, ,297, ,1.4, ,32.7, ,16.9, ,24.1, ,70, ,29, ,46, ,11.8, ,4.7, ,409.4, ,23.9, 
140,Twitchell Island,San Francisco Bay,8/1/2018,213,8.03, ,0.00, ,311, ,1.3, ,31.5, ,15.9, ,23.2, ,73, ,25, ,45, ,10.5, ,4.9, ,421.0, ,23.9, 
140,Twitchell Island,San Francisco Bay,8/2/2018,214,7.93, ,0.00, ,319, ,1.3, ,31.7, ,15.7, ,22.7, ,71, ,27, ,46, ,10.4, ,5.1, ,443.1, ,23.7, 
140,Twitchell Island,San Francisco Bay,8/3/2018,215,6.78, ,0.00, ,287, ,1.3, ,34.8, ,11.1, ,23.9, ,86, ,26, ,43, ,10.5, ,2.9, ,254.1, ,23.5, 
140,Twitchell Island,San Francisco Bay,8/4/2018,216,8.55, ,0.00, ,301, ,1.1,Y,34.0, ,19.8,Y,25.8, ,53, ,21, ,34,Y,8.8,Y,4.4, ,375.9, ,23.9, 
140,Twitchell Island,San Francisco Bay,8/5/2018,217,7.05, ,0.00, ,269, ,1.2, ,31.1, ,17.4, ,23.3, ,62, ,28, ,43, ,10.0, ,4.2, ,362.7, ,23.8, 
140,Twitchell Island,San Francisco Bay,8/6/2018,218,7.63, ,0.00, ,276, ,1.2, ,33.9, ,17.3, ,24.7, ,63, ,23, ,37, ,9.2, ,4.1, ,351.7, ,23.7, 
140,Twitchell Island,San Francisco Bay,8/7/2018,219,6.93, ,0.00, ,246, ,1.2, ,29.7, ,17.8, ,23.3, ,62, ,28, ,42, ,9.7, ,4.2, ,363.1, ,23.6, 
140,Twitchell Island,San Francisco Bay,8/8/2018,220,6.00, ,0.00, ,278, ,1.5, ,33.8, ,16.0, ,23.3, ,77, ,32, ,52, ,12.9, ,2.7, ,230.3, ,23.6, 
140,Twitchell Island,San Francisco Bay,8/9/2018,221,6.43, ,0.00, ,298, ,1.5, ,36.0, ,15.8, ,25.4, ,74, ,26, ,47, ,13.2, ,2.0, ,169.1, ,23.9, 
140,Twitchell Island,San Francisco Bay,8/10/2018,222,7.38, ,0.00, ,270, ,1.3, ,34.7, ,17.0, ,26.4, ,66, ,25, ,38, ,10.9, ,3.3, ,285.3, ,24.1, 
140,Twitchell Island,San Francisco Bay,8/11/2018,223,9.03,R,0.00, ,301, ,1.2, ,34.4, ,21.8,R,26.9, ,45, ,19, ,33, ,9.2, ,4.6, ,399.0, ,24.3, 
140,Twitchell Island,San Francisco Bay,8/12/2018,224,6.77, ,0.00, ,298, ,1.3, ,34.0, ,13.7, ,24.5, ,76, ,22, ,44, ,11.4, ,2.4, ,203.9, ,24.1, 
140,Twitchell Island,San Francisco Bay,8/13/2018,225,6.67, ,0.00, ,299, ,1.5, ,29.6, ,15.9, ,21.8, ,80, ,32, ,56, ,12.7, ,3.7, ,320.5, ,24.0, 
140,Twitchell Island,San Francisco Bay,8/14/2018,226,6.19, ,0.00, ,297, ,1.5, ,26.7, ,13.9, ,19.6, ,82, ,47, ,66, ,13.2, ,4.9, ,419.2, ,23.5, 
140,Twitchell Island,San Francisco Bay,8/15/2018,227,6.24, ,0.00, ,296, ,1.5, ,28.1, ,15.6, ,20.4, ,83, ,43, ,65, ,13.5, ,4.8, ,415.0, ,23.2, 
140,Twitchell Island,San Francisco Bay,8/16/2018,228,6.24, ,0.00, ,271, ,1.5, ,31.7, ,16.3, ,22.6, ,82, ,28, ,53, ,12.6, ,4.2, ,359.9, ,23.3, 
140,Twitchell Island,San Francisco Bay,8/17/2018,229,6.82, ,0.00, ,298, ,1.3, ,35.0, ,15.5, ,24.1, ,83, ,16, ,42, ,10.4, ,3.3, ,282.7, ,23.6, 
140,Twitchell Island,San Francisco Bay,8/18/2018,230,7.28, ,0.00, ,305, ,1.2, ,36.5, ,12.8, ,25.1, ,79, ,19, ,38, ,9.6, ,3.0, ,258.2, ,23.5, 
140,Twitchell Island,San Francisco Bay,8/19/2018,231,6.94, ,0.00, ,302, ,1.3, ,33.6, ,12.9, ,22.9, ,81, ,24, ,46, ,10.8, ,3.4, ,291.8, ,23.6, 
140,Twitchell Island,San Francisco Bay,8/20/2018,232,6.19, ,0.00, ,299, ,1.4, ,29.8, ,13.9, ,20.1, ,88, ,37, ,61, ,12.4, ,4.2, ,365.3, ,23.3, 
140,Twitchell Island,San Francisco Bay,8/21/2018,233,5.19, ,0.00, ,269, ,1.5, ,23.1, ,13.9, ,17.6, ,88, ,58, ,75, ,13.0, ,5.7, ,496.0, ,22.7, 
140,Twitchell Island,San Francisco Bay,8/22/2018,234,5.68, ,0.00, ,278, ,1.5, ,26.7, ,15.6, ,19.7, ,85, ,46, ,67, ,13.5, ,4.8, ,418.2, ,22.5, 
140,Twitchell Island,San Francisco Bay,8/23/2018,235,5.82, ,0.00, ,270, ,1.4, ,25.1, ,15.0, ,18.8, ,81, ,45, ,66, ,12.2, ,5.6, ,480.7, ,22.3, 
140,Twitchell Island,San Francisco Bay,8/24/2018,236,5.05, ,0.00, ,260, ,1.5, ,26.1, ,14.4, ,18.7, ,85, ,47, ,69, ,12.8, ,4.0, ,345.1, ,22.1, 
140,Twitchell Island,San Francisco Bay,8/25/2018,237,5.20, ,0.00, ,265, ,1.4, ,29.8, ,13.3, ,19.7, ,93, ,34, ,63, ,12.4, ,2.9, ,254.8, ,22.1, 
140,Twitchell Island,San Francisco Bay,8/26/2018,238,5.82, ,0.00, ,296, ,1.4, ,26.9, ,13.4, ,18.7, ,89, ,40, ,65, ,12.0, ,4.6, ,398.4, ,22.1, 
140,Twitchell Island,San Francisco Bay,8/27/2018,239,5.30, ,0.00, ,277, ,1.5, ,24.6, ,14.3, ,18.6, ,86, ,54, ,70, ,13.1, ,4.7, ,407.5, ,22.0, 
140,Twitchell Island,San Francisco Bay,8/28/2018,240,5.38, ,0.00, ,279, ,1.5, ,23.6, ,14.9, ,18.4, ,86, ,57, ,71, ,13.0, ,5.0, ,432.0, ,21.9, 
140,Twitchell Island,San Francisco Bay,8/29/2018,241,5.58, ,0.00, ,281, ,1.5, ,25.4, ,15.5, ,19.3, ,85, ,48, ,67, ,12.9, ,4.5, ,388.7, ,21.9, 
140,Twitchell Island,San Francisco Bay,8/30/2018,242,4.39, ,0.00, ,242, ,1.5, ,25.0, ,11.7, ,18.6, ,95, ,46, ,68, ,12.7, ,2.6, ,226.6, ,21.7, 
140,Twitchell Island,San Francisco Bay,8/31/2018,243,5.52, ,0.00, ,273, ,1.5, ,30.3, ,15.0, ,21.1, ,86, ,36, ,60, ,13.1, ,3.6, ,307.4, ,21.9, 
140,Twitchell Island,San Francisco Bay,9/1/2018,244,6.25, ,0.00, ,267, ,1.4, ,30.1, ,15.5, ,22.0, ,78, ,34, ,54, ,12.3, ,4.6, ,396.7, ,22.2, 
140,Twitchell Island,San Francisco Bay,9/2/2018,245,5.88, ,0.00, ,266, ,1.5, ,34.3, ,13.2, ,22.5, ,85, ,30, ,53, ,12.5, ,3.2, ,274.1, ,22.3, 
140,Twitchell Island,San Francisco Bay,9/3/2018,246,5.83, ,0.00, ,258, ,1.5, ,29.4, ,14.3, ,20.4, ,87, ,38, ,61, ,12.7, ,5.1, ,437.2, ,22.2, 
140,Twitchell Island,San Francisco Bay,9/4/2018,247,5.63, ,0.00, ,264, ,1.5, ,31.2, ,14.5, ,21.0, ,87, ,30, ,59, ,12.6, ,4.3, ,368.3, ,22.1, 
140,Twitchell Island,San Francisco Bay,9/5/2018,248,5.45, ,0.00, ,265, ,1.5, ,25.9, ,14.3, ,18.8, ,89, ,45, ,68, ,12.7, ,5.2, ,450.9, ,21.9, 
140,Twitchell Island,San Francisco Bay,9/6/2018,249,5.68, ,0.00, ,274, ,1.4, ,29.6, ,13.4, ,20.2, ,90, ,33, ,60, ,12.2, ,4.6, ,399.3, ,21.6, 
140,Twitchell Island,San Francisco Bay,9/7/2018,250,5.99, ,0.00, ,271, ,1.4, ,34.2, ,14.7, ,23.7, ,79, ,24, ,47, ,11.6, ,2.9, ,252.4, ,22.0, 
140,Twitchell Island,San Francisco Bay,9/8/2018,251,6.85, ,0.00, ,272, ,1.2, ,32.4, ,17.9, ,23.9, ,60, ,23, ,40, ,9.3, ,4.1, ,355.6, ,22.3, 
140,Twitchell Island,San Francisco Bay,9/9/2018,252,6.05, ,0.00, ,268, ,1.3, ,32.8, ,15.8, ,23.4, ,71, ,24, ,44, ,10.4, ,3.2, ,277.9, ,22.4, 
140,Twitchell Island,San Francisco Bay,9/10/2018,253,6.05, ,0.00, ,264, ,1.2, ,33.8, ,12.4, ,23.2, ,70, ,24, ,44, ,10.2, ,3.6, ,313.3, ,22.4, 
140,Twitchell Island,San Francisco Bay,9/11/2018,254,6.82, ,0.00, ,265, ,1.1, ,30.1, ,17.1, ,22.4, ,59, ,22, ,40, ,8.2, ,4.9, ,421.0, ,22.3, 
140,Twitchell Island,San Francisco Bay,9/12/2018,255,5.11, ,0.00, ,207, ,1.2, ,25.3, ,15.0, ,19.0, ,66, ,39, ,53, ,9.2, ,4.9, ,419.1, ,21.8, 
140,Twitchell Island,San Francisco Bay,9/13/2018,256,5.23, ,0.00, ,245, ,1.2, ,26.3, ,14.5, ,19.3, ,73, ,32, ,53, ,9.5, ,3.9, ,340.8, ,21.5, 
140,Twitchell Island,San Francisco Bay,9/14/2018,257,4.66, ,0.00, ,245, ,1.2, ,30.4, ,8.1,Y,18.4, ,95, ,28, ,55, ,9.2, ,2.2, ,192.9, ,21.1, 
140,Twitchell Island,San Francisco Bay,9/15/2018,258,5.25, ,0.00, ,258, ,1.2, ,24.2, ,14.1, ,18.3, ,74, ,35, ,56, ,9.3, ,4.2, ,365.0, ,21.0, 
140,Twitchell Island,San Francisco Bay,9/16/2018,259,4.79, ,0.00, ,258, ,1.2, ,26.4, ,10.8, ,18.6, ,84, ,28, ,56, ,9.6, ,3.3, ,284.5, ,20.9, 
140,Twitchell Island,San Francisco Bay,9/17/2018,260,4.49, ,0.00, ,251, ,1.3, ,26.6, ,7.0,Y,17.3, ,95, ,39, ,66, ,10.8, ,2.5, ,215.6, ,20.6, 
140,Twitchell Island,San Francisco Bay,9/18/2018,261,4.42, ,0.00, ,250, ,1.2, ,27.9, ,7.3,Y,17.7, ,94, ,32, ,61, ,10.1, ,2.4, ,203.7, ,20.4, 
140,Twitchell Island,San Francisco Bay,9/19/2018,262,4.87, ,0.00, ,243, ,1.2, ,32.6, ,11.4, ,21.1, ,84, ,23, ,50, ,10.3, ,2.6, ,221.5, ,20.7, 
140,Twitchell Island,San Francisco Bay,9/20/2018,263,5.06, ,0.00, ,244, ,1.0, ,35.2, ,13.7, ,23.3, ,60, ,16, ,35, ,7.1, ,1.7, ,143.7, ,21.0, 
140,Twitchell Island,San Francisco Bay,9/21/2018,264,5.00, ,0.00, ,241, ,1.1, ,34.4, ,8.6, ,21.1, ,91, ,19, ,44, ,8.5, ,2.3, ,194.4, ,20.7, 
140,Twitchell Island,San Francisco Bay,9/22/2018,265,5.36, ,0.00, ,238, ,1.2, ,30.6, ,13.6, ,21.4, ,83, ,26, ,47, ,9.5, ,3.3, ,283.4, ,21.0, 
140,Twitchell Island,San Francisco Bay,9/23/2018,266,5.20, ,0.00, ,239, ,1.1, ,31.2, ,13.6, ,21.9, ,67, ,19, ,42, ,8.4, ,2.8, ,243.5, ,21.2, 
140,Twitchell Island,San Francisco Bay,9/24/2018,267,5.09, ,0.00, ,238, ,1.1, ,34.2, ,8.9, ,21.8, ,85, ,16, ,41, ,7.9, ,2.3, ,195.6, ,20.8, 
140,Twitchell Island,San Francisco Bay,9/25/2018,268,5.28, ,0.00, ,232, ,1.1, ,32.9, ,14.1, ,22.7, ,76, ,20, ,41, ,8.8, ,3.1, ,264.0, ,21.1, 
140,Twitchell Island,San Francisco Bay,9/26/2018,269,4.71, ,0.00, ,224, ,1.2, ,36.9, ,9.8, ,23.2, ,86, ,16, ,42, ,9.7, ,1.9, ,166.6, ,21.2, 
140,Twitchell Island,San Francisco Bay,9/27/2018,270,4.86, ,0.00, ,217, ,1.3, ,34.1, ,13.1, ,22.2, ,79, ,25, ,49, ,10.9, ,3.3, ,282.9, ,21.3, 
140,Twitchell Island,San Francisco Bay,9/28/2018,271,4.46, ,0.00, ,218, ,1.4, ,23.3, ,13.4, ,17.3, ,87, ,48, ,69, ,11.6, ,6.2, ,533.6, ,20.8, 
140,Twitchell Island,San Francisco Bay,9/29/2018,272,3.73, ,0.00, ,212, ,1.4, ,25.5, ,14.9, ,18.6, ,85, ,48, ,67, ,12.4, ,2.9, ,249.5, ,20.5, 
140,Twitchell Island,San Francisco Bay,9/30/2018,273,3.54, ,0.00, ,194, ,1.5, ,26.9, ,11.6, ,19.6, ,97, ,42, ,65, ,12.8, ,1.9, ,168.0, ,20.7, 
140,Twitchell Island,San Francisco Bay,10/1/2018,274,2.99, ,0.00, ,151, ,1.4, ,27.5, ,15.5, ,20.6, ,80, ,40, ,59, ,12.3, ,1.9, ,161.7, ,20.9, 
140,Twitchell Island,San Francisco Bay,10/2/2018,275,3.43, ,0.10, ,179, ,1.7,Y,30.1, ,17.2, ,22.3, ,83, ,42, ,63,Y,14.9,Y,2.4, ,207.2, ,21.2, 
140,Twitchell Island,San Francisco Bay,10/3/2018,276,3.05, ,1.00, ,161, ,1.8,Y,26.7, ,15.6, ,20.5, ,92, ,53, ,73,Y,15.4,Y,3.0, ,261.5, ,21.5, 
140,Twitchell Island,San Francisco Bay,10/4/2018,277,3.36, ,0.00, ,183, ,1.5, ,23.7, ,14.3, ,18.3, ,87, ,55, ,73, ,13.4, ,3.5, ,300.7, ,21.0, 
140,Twitchell Island,San Francisco Bay,10/5/2018,278,3.58, ,0.00, ,195, ,1.4, ,26.1, ,13.5, ,18.8, ,85, ,46, ,65, ,12.1, ,2.9, ,249.9, ,20.4, 
140,Twitchell Island,San Francisco Bay,10/6/2018,279,4.93, ,0.00, ,204, ,1.2, ,27.0, ,14.9, ,20.7, ,79, ,27, ,47, ,9.1, ,3.8, ,330.8, ,20.4, 
140,Twitchell Island,San Francisco Bay,10/7/2018,280,6.96, ,0.00, ,211, ,0.8, ,27.2, ,16.9, ,21.3, ,48, ,18, ,30, ,3.2, ,5.7, ,493.6, ,20.3, 
140,Twitchell Island,San Francisco Bay,10/8/2018,281,4.48, ,0.00, ,203, ,0.9, ,30.4, ,11.9, ,20.2, ,73, ,20, ,38, ,5.4, ,2.1, ,179.1, ,20.1, 
140,Twitchell Island,San Francisco Bay,10/9/2018,282,3.88, ,0.00, ,199, ,1.3, ,28.5, ,10.4, ,17.9, ,93, ,30, ,62, ,10.5, ,3.1, ,268.4, ,19.7, 
140,Twitchell Island,San Francisco Bay,10/10/2018,283,3.56, ,0.00, ,196, ,1.3, ,23.5, ,12.0, ,16.9, ,90, ,43, ,68, ,11.0, ,3.8, ,324.7, ,19.6, 
140,Twitchell Island,San Francisco Bay,10/11/2018,284,3.44, ,0.00, ,190, ,1.3, ,26.3, ,12.9, ,17.4, ,87, ,39, ,65, ,10.8, ,4.0, ,341.7, ,19.4, 
140,Twitchell Island,San Francisco Bay,10/12/2018,285,4.77, ,0.00, ,195, ,0.9, ,30.4, ,11.7, ,20.6, ,79, ,17, ,37, ,5.4, ,2.9, ,248.6, ,19.3, 
140,Twitchell Island,San Francisco Bay,10/13/2018,286,4.26, ,0.00, ,197, ,0.9, ,30.2, ,8.2, ,19.1, ,80, ,19, ,42, ,6.0, ,2.8, ,239.8, ,19.3, 
140,Twitchell Island,San Francisco Bay,10/14/2018,287,5.72, ,0.00, ,199, ,0.7, ,27.9, ,11.5, ,19.6, ,87, ,12, ,32, ,2.3, ,4.5, ,385.9, ,19.2, 
140,Twitchell Island,San Francisco Bay,10/15/2018,288,5.35, ,0.00, ,199, ,0.5,Y,29.2, ,13.1, ,19.2, ,44, ,9, ,21,Y,-3.9,Y,3.4, ,297.8, ,18.8, 
140,Twitchell Island,San Francisco Bay,10/16/2018,289,3.91, ,0.00, ,193, ,0.7, ,30.1, ,3.5, ,17.5, ,79, ,13, ,35, ,1.8, ,1.8, ,154.3, ,18.4, 
140,Twitchell Island,San Francisco Bay,10/17/2018,290,3.03, ,0.00, ,185, ,1.0, ,28.3, ,4.7, ,16.5, ,90, ,21, ,54, ,7.1, ,1.4, ,123.6, ,18.0, 
140,Twitchell Island,San Francisco Bay,10/18/2018,291,3.02, ,0.00, ,182, ,1.2, ,29.6, ,8.0, ,17.7, ,93, ,24, ,57, ,9.1, ,1.7, ,148.8, ,18.2, 
140,Twitchell Island,San Francisco Bay,10/19/2018,292,3.15, ,0.40, ,181, ,1.0, ,31.8, ,6.6, ,17.7, ,96, ,20, ,51, ,7.5, ,1.3, ,111.5, ,18.2, 
140,Twitchell Island,San Francisco Bay,10/20/2018,293,2.94, ,0.00, ,180, ,1.1, ,29.0, ,6.1, ,17.6, ,97, ,24, ,57, ,8.8, ,1.2, ,99.5, ,18.2, 
140,Twitchell Island,San Francisco Bay,10/21/2018,294,3.24, ,0.00, ,177, ,1.2, ,25.4, ,8.7, ,17.0, ,91, ,37, ,64, ,10.2, ,3.4, ,295.7, ,18.4, 
140,Twitchell Island,San Francisco Bay,10/22/2018,295,3.29, ,0.00, ,177, ,1.3, ,23.0, ,11.9, ,16.0, ,90, ,41, ,69, ,10.3, ,5.5,Y,473.6,Y,18.2, 
140,Twitchell Island,San Francisco Bay,10/23/2018,296,2.69, ,0.00, ,161, ,1.2, ,20.9, ,12.0, ,15.1, ,86, ,48, ,70, ,9.6, ,4.4, ,383.6, ,17.7, 
140,Twitchell Island,San Francisco Bay,10/24/2018,297,2.71, ,0.00, ,165, ,1.3, ,25.6, ,7.2, ,17.0, ,93, ,27, ,64, ,10.3, ,2.4, ,208.1, ,17.9, 
140,Twitchell Island,San Francisco Bay,10/25/2018,298,2.76, ,0.00, ,168, ,1.3, ,28.5, ,9.5, ,18.0, ,95, ,33, ,62, ,10.6, ,1.7, ,144.7, ,18.4, 
140,Twitchell Island,San Francisco Bay,10/26/2018,299,2.47, ,0.00, ,159, ,1.3, ,29.9, ,7.6, ,17.4, ,97, ,33, ,66, ,10.9, ,0.8, ,72.9, ,18.3, 
140,Twitchell Island,San Francisco Bay,10/27/2018,300,2.77, ,0.00, ,155, ,1.5, ,27.8, ,7.8, ,18.4, ,99, ,39, ,69, ,12.6, ,2.1, ,184.0, ,18.4, 
140,Twitchell Island,San Francisco Bay,10/28/2018,301,3.43, ,0.00, ,155, ,1.5, ,24.7, ,13.5, ,18.7, ,80, ,56, ,68, ,12.8, ,4.9, ,426.6, ,18.8, 
140,Twitchell Island,San Francisco Bay,10/29/2018,302,3.13, ,0.00, ,145, ,1.0, ,24.1, ,12.7, ,16.7, ,77, ,24, ,51, ,6.4, ,3.2, ,278.9, ,18.1, 
140,Twitchell Island,San Francisco Bay,10/30/2018,303,4.80, ,0.00, ,163, ,0.6, ,25.1, ,14.1, ,18.7, ,55, ,16, ,29, ,0.5, ,3.9, ,334.3, ,17.6, 
140,Twitchell Island,San Francisco Bay,10/31/2018,304,3.12, ,0.00, ,148, ,0.7, ,24.8, ,8.1, ,17.3, ,64, ,21, ,38, ,2.8, ,1.9, ,163.8, ,17.4, 
140,Twitchell Island,San Francisco Bay,11/1/2018,305,2.76, ,0.00, ,146, ,1.2, ,29.6,Y,6.9, ,17.5, ,91, ,29, ,58, ,9.1, ,1.4, ,122.6, ,17.6, 
140,Twitchell Island,San Francisco Bay,11/2/2018,306,2.65, ,0.00, ,154, ,1.2, ,28.9, ,6.6, ,17.2, ,93, ,33, ,60, ,9.5, ,1.3, ,111.4, ,17.6, 
140,Twitchell Island,San Francisco Bay,11/3/2018,307,3.05, ,0.00, ,131, ,0.8, ,29.8,Y,11.8, ,19.2,Y,66, ,16, ,38,Y,4.5,Y,1.6, ,134.4, ,17.7, 
140,Twitchell Island,San Francisco Bay,11/4/2018,308,3.03, ,0.00, ,152, ,1.0, ,26.9, ,10.9, ,18.4,Y,67, ,23, ,46,Y,6.4,Y,1.7, ,150.5, ,17.5, 
140,Twitchell Island,San Francisco Bay,11/5/2018,309,3.53, ,0.00, ,153, ,0.8, ,27.3, ,9.7, ,18.3,Y,77, ,11, ,39,Y,4.1,Y,2.3, ,201.8, ,17.5, 
140,Twitchell Island,San Francisco Bay,11/6/2018,310,2.86, ,0.00, ,155, ,0.7, ,26.4, ,5.4, ,15.0, ,83, ,17, ,41, ,2.0, ,1.5, ,126.3, ,16.8, 
140,Twitchell Island,San Francisco Bay,11/7/2018,311,3.09, ,0.00, ,150, ,0.6, ,24.6, ,2.3, ,13.9, ,91, ,17, ,41, ,0.8, ,1.9, ,164.8, ,15.9, 
140,Twitchell Island,San Francisco Bay,11/8/2018,312,5.28, ,0.00, ,143, ,0.4,Y,22.5, ,3.2, ,15.7, ,44, ,14, ,21,Y,-6.6,Y,4.9,Y,424.7,Y,15.7, 
140,Twitchell Island,San Francisco Bay,11/9/2018,313,2.00, ,0.00, ,114, ,0.5,Y,19.3, ,1.1, ,9.6, ,79, ,17, ,41,Y,-2.8,Y,1.2, ,103.9, ,14.9, 
140,Twitchell Island,San Francisco Bay,11/10/2018,314,1.35, ,0.00, ,86, ,0.6,Y,18.9, ,-0.6, ,7.7, ,87, ,22, ,55,Y,-0.8,Y,1.1, ,94.1, ,13.9, 
140,Twitchell Island,San Francisco Bay,11/11/2018,315,2.26, ,0.00, ,132, ,0.6,Y,21.5, ,0.3, ,9.8, ,85, ,17, ,46,Y,-1.2,Y,1.4, ,117.8, ,13.5, 
140,Twitchell Island,San Francisco Bay,11/12/2018,316,1.72, ,0.00, ,125, ,0.7, ,21.7, ,-2.0,Y,8.8, ,91, ,23, ,60, ,1.5, ,0.9, ,74.6, ,13.4, 
140,Twitchell Island,San Francisco Bay,11/13/2018,317,1.08, ,0.00, ,77, ,0.7, ,17.7, ,1.0, ,8.9, ,85, ,30, ,59, ,1.4, ,1.1, ,94.9, ,13.3, 
140,Twitchell Island,San Francisco Bay,11/14/2018,318,1.48, ,0.00, ,107, ,0.6, ,18.9, ,-0.4, ,8.1, ,93, ,26, ,59, ,0.6, ,0.9, ,79.7, ,12.9, 
140,Twitchell Island,San Francisco Bay,11/15/2018,319,1.16, ,0.00, ,93, ,0.7, ,16.4, ,-1.3, ,7.0, ,95, ,37, ,71, ,2.0, ,0.9, ,80.0, ,12.5, 
140,Twitchell Island,San Francisco Bay,11/16/2018,320,1.15, ,0.00, ,92, ,0.7, ,19.6, ,-0.9, ,7.5, ,96, ,27, ,67, ,1.7, ,0.7, ,58.6, ,12.2, 
140,Twitchell Island,San Francisco Bay,11/17/2018,321,1.27, ,0.00, ,100, ,0.7, ,19.7, ,-1.0, ,8.2, ,94, ,32, ,69, ,2.8, ,0.8, ,72.0, ,12.1, 
140,Twitchell Island,San Francisco Bay,11/18/2018,322,1.46, ,0.00, ,110, ,0.7, ,20.0, ,-2.0, ,7.4, ,99, ,30, ,71, ,2.6, ,0.9, ,77.2, ,12.2, 
140,Twitchell Island,San Francisco Bay,11/19/2018,323,1.53, ,0.00, ,103, ,0.7, ,19.3, ,0.4, ,8.7, ,94, ,33, ,65, ,2.6, ,1.1, ,97.1, ,12.1, 
140,Twitchell Island,San Francisco Bay,11/20/2018,324,1.41, ,0.00, ,110, ,0.7, ,21.0, ,0.9, ,8.9, ,95, ,28, ,65, ,2.6, ,0.9, ,75.8, ,12.2, 
140,Twitchell Island,San Francisco Bay,11/21/2018,325,0.28, ,14.40,R,2, ,1.4, ,13.7, ,10.3, ,12.4, ,100, ,74, ,99, ,12.3, ,1.9, ,167.4, ,12.9, 
140,Twitchell Island,San Francisco Bay,11/22/2018,326,1.38, ,12.60, ,91, ,1.3, ,18.2, ,7.6, ,13.3, ,100, ,61, ,83, ,10.5, ,3.2, ,275.0, ,13.3, 
140,Twitchell Island,San Francisco Bay,11/23/2018,327,0.17, ,19.80, ,32, ,1.5, ,14.5, ,11.7, ,13.1, ,100, ,92, ,98, ,12.8, ,5.1,Y,442.6,Y,13.7, 
140,Twitchell Island,San Francisco Bay,11/24/2018,328,0.68, ,0.10, ,69, ,1.5,Y,20.0, ,11.2, ,14.5, ,100, ,75, ,92,Y,13.3,Y,2.0, ,174.4, ,14.6, 
140,Twitchell Island,San Francisco Bay,11/25/2018,329,1.67, ,0.00, ,119, ,1.2, ,20.3, ,7.5, ,13.5, ,100, ,44, ,76, ,9.4, ,1.5, ,132.0, ,14.6, 
140,Twitchell Island,San Francisco Bay,11/26/2018,330,0.88, ,0.00, ,84, ,1.2, ,19.4, ,4.7, ,11.6, ,100, ,69, ,91, ,10.2, ,1.1, ,93.2, ,14.0, 
140,Twitchell Island,San Francisco Bay,11/27/2018,331,0.10, ,3.20, ,28, ,1.4, ,14.9, ,5.4, ,11.9, ,100, ,87, ,98, ,11.5, ,1.4, ,120.4, ,13.9, 
140,Twitchell Island,San Francisco Bay,11/28/2018,332,0.64, ,6.60, ,65, ,1.5,Y,17.8, ,12.3,Y,14.1, ,99, ,82, ,96,Y,13.4,Y,3.3, ,285.6, ,14.6, 
140,Twitchell Island,San Francisco Bay,11/29/2018,333,0.53, ,16.00, ,48, ,1.3, ,14.8, ,9.6, ,12.6, ,98, ,82, ,91, ,11.2, ,4.7, ,402.4, ,14.4, 
140,Twitchell Island,San Francisco Bay,11/30/2018,334,1.43, ,0.00, ,112, ,1.0, ,18.6, ,8.6, ,11.5, ,90, ,45, ,74, ,7.0, ,2.5, ,214.5, ,13.7, 
140,Twitchell Island,San Francisco Bay,12/1/2018,335,1.36, ,16.20, ,96, ,1.0, ,14.9, ,6.2, ,10.9, ,99, ,58, ,80, ,7.5, ,3.2, ,279.2, ,13.2, 
140,Twitchell Island,San Francisco Bay,12/2/2018,336,1.51, ,0.00, ,129, ,0.9, ,15.3, ,3.3, ,8.6, ,94, ,50, ,78, ,5.0, ,1.8, ,153.5, ,12.3, 
140,Twitchell Island,San Francisco Bay,12/3/2018,337,1.33, ,0.00, ,116, ,0.9, ,13.5, ,3.2, ,7.9, ,98, ,59, ,80, ,4.7, ,1.9, ,163.0, ,11.7, 
140,Twitchell Island,San Francisco Bay,12/4/2018,338,0.36, ,0.20, ,29, ,0.9, ,11.1, ,7.2, ,8.7, ,90, ,72, ,79, ,5.4, ,1.9, ,159.8, ,11.8, 
140,Twitchell Island,San Francisco Bay,12/5/2018,339,1.08, ,7.50, ,86, ,1.1, ,14.2, ,8.4, ,10.4, ,95, ,76, ,87, ,8.2, ,3.2, ,272.2, ,12.0, 
140,Twitchell Island,San Francisco Bay,12/6/2018,340,1.76, ,0.00, ,122, ,0.9, ,17.1, ,5.9, ,11.0, ,92, ,47, ,70, ,5.8, ,1.8, ,157.7, ,12.3, 
140,Twitchell Island,San Francisco Bay,12/7/2018,341,1.37, ,0.00, ,126, ,0.9, ,18.9, ,2.2, ,8.8, ,100, ,53, ,84, ,6.2, ,1.1, ,95.5, ,11.7, 
140,Twitchell Island,San Francisco Bay,12/8/2018,342,1.31, ,0.00, ,121, ,1.0, ,17.9, ,4.3, ,9.1, ,100, ,54, ,90, ,7.4, ,1.7, ,145.3, ,11.5, 
140,Twitchell Island,San Francisco Bay,12/9/2018,343,0.00, ,0.20, ,17, ,1.1, ,10.5, ,4.3, ,8.5, ,100, ,93, ,99, ,8.3, ,1.4, ,117.0, ,11.9, 
140,Twitchell Island,San Francisco Bay,12/10/2018,344,0.90, ,0.00, ,80, ,1.1, ,17.3, ,7.3, ,10.2, ,100, ,60, ,89, ,8.4, ,1.5, ,125.4, ,11.9, 
140,Twitchell Island,San Francisco Bay,12/11/2018,345,1.35, ,0.00, ,130,R,0.9, ,17.7, ,4.9, ,9.5, ,98, ,50, ,77, ,5.7, ,1.2, ,102.0, ,11.6, 
140,Twitchell Island,San Francisco Bay,12/12/2018,346,1.60, ,0.00, ,126, ,0.9, ,17.4, ,4.6, ,10.0, ,97, ,44, ,75, ,5.9, ,2.0, ,174.0, ,11.4, 
140,Twitchell Island,San Francisco Bay,12/13/2018,347,1.18, ,0.00, ,109, ,1.0, ,17.0, ,1.4, ,7.9, ,100, ,63, ,90, ,6.4, ,1.4, ,123.9, ,10.9, 
140,Twitchell Island,San Francisco Bay,12/14/2018,348,0.62, ,0.50, ,52, ,1.2, ,17.2, ,5.8, ,10.1, ,100, ,66, ,93, ,9.1, ,2.0, ,170.9, ,11.0, 
140,Twitchell Island,San Francisco Bay,12/15/2018,349,0.72, ,0.00, ,80, ,1.1, ,14.4, ,5.2, ,9.6, ,100, ,79, ,94, ,8.7, ,1.1, ,93.6, ,11.7, 
140,Twitchell Island,San Francisco Bay,12/16/2018,350,0.05, ,31.60, ,19, ,1.2, ,12.8, ,5.1, ,9.9, ,100, ,86, ,98, ,9.7, ,1.9, ,166.9, ,11.3, 
140,Twitchell Island,San Francisco Bay,12/17/2018,351,1.09, ,7.00, ,102, ,1.2, ,16.7, ,6.7, ,11.5, ,100, ,71, ,91, ,10.1, ,1.4, ,118.5, ,12.0, 
140,Twitchell Island,San Francisco Bay,12/18/2018,352,1.31, ,0.10, ,117, ,1.2, ,17.7, ,5.7, ,11.0, ,100, ,64, ,89, ,9.3, ,1.2, ,101.5, ,12.1, 
140,Twitchell Island,San Francisco Bay,12/19/2018,353,0.64, ,0.00, ,70, ,1.2, ,17.4, ,6.0, ,10.6, ,100, ,77, ,97, ,10.1, ,1.1, ,91.9, ,12.2, 
140,Twitchell Island,San Francisco Bay,12/20/2018,354,0.08, ,0.10, ,26, ,1.2, ,11.8, ,6.7, ,10.2, ,100, ,90, ,97, ,9.7, ,1.2, ,106.2, ,12.1, 
140,Twitchell Island,San Francisco Bay,12/21/2018,355,0.30, ,1.70, ,42, ,1.2, ,14.3, ,5.9, ,10.4, ,100, ,87, ,98, ,10.0, ,1.3, ,109.5, ,12.3, 
140,Twitchell Island,San Francisco Bay,12/22/2018,356,0.93, ,0.00, ,83, ,0.8, ,13.5, ,3.0, ,8.8, ,91, ,56, ,75, ,4.6, ,1.2, ,105.5, ,11.5, 
140,Twitchell Island,San Francisco Bay,12/23/2018,357,0.84, ,0.00, ,75, ,1.0, ,14.5, ,5.1, ,9.7, ,100, ,69, ,87, ,7.5, ,1.3, ,115.4, ,11.4, 
140,Twitchell Island,San Francisco Bay,12/24/2018,358,0.28, ,9.60, ,37, ,1.2, ,13.1, ,6.9, ,10.3, ,100, ,86, ,95, ,9.6, ,2.8, ,241.4, ,11.7, 
140,Twitchell Island,San Francisco Bay,12/25/2018,359,2.00, ,11.00, ,131,R,0.9, ,17.0, ,6.4, ,11.4, ,100, ,44, ,71, ,6.2, ,4.0, ,345.3, ,11.5, 
140,Twitchell Island,San Francisco Bay,12/26/2018,360,1.41, ,0.00, ,132,R,0.8, ,17.3, ,2.4, ,9.6, ,100, ,45, ,69, ,4.2, ,1.4, ,125.1, ,11.1, 
140,Twitchell Island,San Francisco Bay,12/27/2018,361,2.43, ,0.00, ,135,R,0.7, ,14.8, ,3.3, ,8.9, ,100, ,35, ,61, ,1.7, ,4.1, ,356.9, ,10.4, 
140,Twitchell Island,San Francisco Bay,12/28/2018,362,2.11, ,0.00, ,138,R,0.6, ,14.0, ,4.3, ,8.5, ,62, ,33, ,50, ,-1.4, ,3.7, ,322.1, ,9.7, 
140,Twitchell Island,San Francisco Bay,12/29/2018,363,1.28, ,0.00, ,129, ,0.7, ,15.4, ,-0.1, ,6.5, ,100, ,43, ,71, ,1.7, ,1.1, ,95.3, ,9.3, 
140,Twitchell Island,San Francisco Bay,12/30/2018,364,1.28, ,0.00, ,134,R,0.8, ,16.3, ,-0.3, ,6.6, ,100, ,51, ,83, ,4.0, ,1.4, ,121.6, ,9.2, 
140,Twitchell Island,San Francisco Bay,12/31/2018,365,3.21, ,0.00, ,139,R,0.5, ,13.0, ,3.2, ,8.4, ,95, ,30, ,50, ,-1.5, ,5.6,Y,484.9,Y,9.1, 
140,Twitchell Island,San Francisco Bay,1/1/2019,001,2.42, ,0.00, ,141,R,0.4, ,14.5, ,1.1, ,6.9, ,82, ,23, ,45, ,-4.2, ,3.7, ,322.1, ,8.4, 
140,Twitchell Island,San Francisco Bay,1/2/2019,002,1.29, ,0.00, ,137,R,0.6, ,11.8, ,-1.3, ,4.5, ,98, ,46, ,76, ,0.6, ,1.2, ,101.6, ,8.0, 
140,Twitchell Island,San Francisco Bay,1/3/2019,003,1.13, ,0.00, ,116, ,0.7, ,14.3, ,-1.8, ,5.2, ,100, ,53, ,82, ,2.4, ,1.3, ,110.5, ,7.9, 
140,Twitchell Island,San Francisco Bay,1/4/2019,004,1.22, ,0.20,H,125, ,0.8, ,13.9, ,-0.4, ,5.3, ,100, ,55, ,86, ,3.1, ,1.1, ,90.9, ,8.1, 
140,Twitchell Island,San Francisco Bay,1/5/2019,005,0.39, ,7.20, ,29, ,0.9, ,11.8, ,0.9, ,7.0, ,100, ,71, ,94, ,6.1, ,3.2, ,274.0, ,8.1, 
140,Twitchell Island,San Francisco Bay,1/6/2019,006,0.00, ,10.80, ,16, ,1.1, ,10.2, ,5.4, ,8.4, ,100, ,96, ,99, ,8.3, ,7.1,R,616.6,R,8.9, 
140,Twitchell Island,San Francisco Bay,1/7/2019,007,0.93, ,0.00, ,89, ,1.2, ,15.9, ,7.8, ,10.8, ,100, ,73, ,94, ,9.9, ,1.9, ,163.4, ,9.9, 
140,Twitchell Island,San Francisco Bay,1/8/2019,008,0.02, ,0.00, ,22, ,1.2, ,13.3, ,8.4, ,10.3, ,100, ,89, ,99, ,10.0, ,1.7, ,147.2, ,10.5, 
140,Twitchell Island,San Francisco Bay,1/9/2019,009,0.94, ,0.00, ,78, ,1.4,Y,17.0, ,8.0, ,12.8, ,100, ,82, ,93,Y,11.7,Y,3.2, ,275.9, ,11.2, 
140,Twitchell Island,San Francisco Bay,1/10/2019,010,0.37, ,0.00, ,52, ,1.2, ,11.1, ,6.5, ,9.4, ,100, ,100, ,100, ,9.3, ,1.1, ,96.4, ,11.3, 
140,Twitchell Island,San Francisco Bay,1/11/2019,011,0.47, ,0.00, ,52, ,1.3, ,14.0, ,9.2, ,10.9, ,100, ,84, ,97, ,10.4, ,2.2, ,186.1, ,11.5, 
140,Twitchell Island,San Francisco Bay,1/12/2019,012,1.11, ,0.00, ,117, ,1.1, ,14.3, ,5.0, ,9.2, ,100, ,81, ,97, ,8.7, ,1.3, ,110.1, ,11.4, 
140,Twitchell Island,San Francisco Bay,1/13/2019,013,1.30, ,0.00, ,118, ,1.0, ,17.4, ,3.6, ,8.8, ,100, ,64, ,92, ,7.5, ,1.5, ,127.4, ,10.9, 
140,Twitchell Island,San Francisco Bay,1/14/2019,014,0.28, ,0.00, ,39, ,1.1, ,11.4, ,4.9, ,8.5, ,100, ,81, ,96, ,7.9, ,1.8, ,154.3, ,10.6, 
140,Twitchell Island,San Francisco Bay,1/15/2019,015,0.02, ,0.20, ,19, ,1.2, ,12.0, ,8.6, ,9.8, ,100, ,96, ,99, ,9.7, ,4.1, ,356.0, ,10.5, 
140,Twitchell Island,San Francisco Bay,1/16/2019,016,0.09, ,0.00, ,17, ,1.4, ,14.0, ,10.4, ,12.3, ,100, ,89, ,96, ,11.6, ,6.5,Y,562.5,Y,11.0, 
140,Twitchell Island,San Francisco Bay,1/17/2019,017,1.21, ,0.10, ,84, ,1.3, ,16.9, ,9.7, ,12.7, ,99, ,72, ,86, ,10.5, ,3.2, ,278.2, ,11.7, 
140,Twitchell Island,San Francisco Bay,1/18/2019,018,1.14, ,0.00, ,97, ,1.3, ,18.2, ,9.4, ,12.4, ,100, ,65, ,88, ,10.4, ,1.0, ,87.8, ,12.0, 
140,Twitchell Island,San Francisco Bay,1/19/2019,019,1.63, ,0.00, ,138, ,1.4,Y,18.5, ,10.5, ,13.5,Y,100, ,70, ,90,Y,11.9,Y,1.1, ,95.4, ,12.6, 
140,Twitchell Island,San Francisco Bay,1/20/2019,020,0.83, ,0.00, ,69, ,1.3, ,16.9, ,8.3, ,12.0, ,100, ,77, ,92, ,10.7, ,4.0, ,342.0, ,12.6, 
140,Twitchell Island,San Francisco Bay,1/21/2019,021,1.93, ,0.00, ,164,R,0.9, ,16.4, ,6.9, ,10.5, ,85, ,49, ,72, ,5.6, ,3.6, ,312.1, ,11.8, 
140,Twitchell Island,San Francisco Bay,1/22/2019,022,2.27, ,0.00, ,163,R,0.7, ,16.4, ,4.1, ,9.6, ,96, ,35, ,60, ,2.2, ,3.0, ,256.8, ,11.1, 
140,Twitchell Island,San Francisco Bay,1/23/2019,023,1.78, ,0.40,H,162,R,0.9, ,16.7, ,1.7, ,8.3, ,100, ,50, ,81, ,5.2, ,1.4, ,121.7, ,10.4, 
140,Twitchell Island,San Francisco Bay,1/24/2019,024,1.88, ,0.00, ,167,R,0.9, ,17.3, ,2.0, ,8.4, ,100, ,55, ,84, ,5.9, ,1.1, ,91.3, ,10.2, 
140,Twitchell Island,San Francisco Bay,1/25/2019,025,1.97, ,0.10, ,171,R,1.0, ,19.8, ,1.3, ,9.5, ,100, ,46, ,83, ,6.7, ,1.1, ,93.1, ,10.1, 
140,Twitchell Island,San Francisco Bay,1/26/2019,026,1.33, ,0.10, ,120, ,1.1, ,16.1, ,2.2, ,8.9, ,100, ,73, ,94, ,7.9, ,1.0, ,85.1, ,10.1, 
140,Twitchell Island,San Francisco Bay,1/27/2019,027,1.87, ,0.20, ,153, ,1.1, ,21.9,Y,4.5, ,11.3, ,100, ,46, ,85, ,8.8, ,1.2, ,101.8, ,10.6, 
140,Twitchell Island,San Francisco Bay,1/28/2019,028,1.12, ,0.00, ,96, ,1.2, ,17.8, ,7.0, ,11.1, ,100, ,67, ,91, ,9.7, ,0.9, ,81.6, ,11.0, 
140,Twitchell Island,San Francisco Bay,1/29/2019,029,1.81, ,0.20, ,145, ,1.3, ,19.3, ,7.3, ,12.4, ,100, ,66, ,89, ,10.7, ,1.2, ,99.6, ,11.4, 
140,Twitchell Island,San Francisco Bay,1/30/2019,030,1.56, ,0.00, ,140, ,1.3, ,18.7, ,6.5, ,12.0, ,100, ,70, ,93, ,11.0, ,1.2, ,99.6, ,11.7, 
140,Twitchell Island,San Francisco Bay,1/31/2019,031,1.85, ,0.30, ,151, ,1.4,Y,19.3, ,7.9, ,13.0, ,100, ,68, ,92,Y,11.7,Y,1.3, ,113.1, ,12.2, 
140,Twitchell Island,San Francisco Bay,2/1/2019,032,0.62, ,16.20, ,68, ,1.3, ,15.2, ,7.2, ,11.4, ,100, ,87, ,97, ,11.0, ,3.2, ,273.3, ,12.1, 
140,Twitchell Island,San Francisco Bay,2/2/2019,033,1.46, ,13.60, ,97, ,1.2, ,16.8, ,10.7, ,12.8, ,99, ,60, ,84, ,10.1, ,5.7,Y,493.1,Y,12.3, 
140,Twitchell Island,San Francisco Bay,2/3/2019,034,1.19, ,1.50, ,102, ,1.2, ,14.4, ,7.9, ,11.2, ,100, ,72, ,89, ,9.4, ,5.5,Y,479.2,Y,12.1, 
140,Twitchell Island,San Francisco Bay,2/4/2019,035,0.97, ,26.70, ,93, ,1.0, ,11.9, ,2.9, ,8.0, ,99, ,69, ,90, ,6.6, ,4.2, ,365.0, ,11.5, 
140,Twitchell Island,San Francisco Bay,2/5/2019,036,1.82, ,0.00, ,180,R,0.7, ,12.6, ,1.3, ,5.3, ,100, ,49, ,78, ,1.8, ,2.1, ,179.5, ,10.2, 
140,Twitchell Island,San Francisco Bay,2/6/2019,037,1.92, ,0.00, ,191,R,0.7, ,14.0, ,-0.2, ,6.2, ,99, ,53, ,76, ,2.4, ,1.5, ,131.9, ,9.6, 
140,Twitchell Island,San Francisco Bay,2/7/2019,038,1.62, ,0.00, ,161, ,0.8, ,13.0, ,0.1, ,6.2, ,100, ,56, ,80, ,3.1, ,1.5, ,127.4, ,9.3, 
140,Twitchell Island,San Francisco Bay,2/8/2019,039,0.95, ,7.00, ,95, ,0.9, ,11.8, ,3.1, ,7.3, ,100, ,65, ,89, ,5.5, ,1.9, ,162.0, ,9.6, 
140,Twitchell Island,San Francisco Bay,2/9/2019,040,0.83, ,11.10, ,83, ,1.0, ,11.9, ,3.3, ,8.0, ,100, ,81, ,93, ,7.0, ,3.3, ,289.3, ,9.9, 
140,Twitchell Island,San Francisco Bay,2/10/2019,041,2.28, ,3.40, ,194,R,0.8, ,11.6, ,3.2, ,6.9, ,100, ,56, ,79, ,3.5, ,2.9, ,252.5, ,9.8, 
140,Twitchell Island,San Francisco Bay,2/11/2019,042,1.87, ,0.00, ,173, ,0.8, ,14.0, ,-0.3, ,5.9, ,100, ,53, ,81, ,2.9, ,1.3, ,113.5, ,9.3, 
140,Twitchell Island,San Francisco Bay,2/12/2019,043,0.35, ,5.30, ,50, ,0.8, ,8.9,Y,1.4, ,5.5, ,100, ,73, ,90, ,4.1, ,1.4, ,124.6, ,8.9, 
140,Twitchell Island,San Francisco Bay,2/13/2019,044,0.54, ,38.50, ,29, ,1.2, ,15.2, ,6.9, ,11.4, ,99, ,72, ,88, ,9.5, ,6.3,Y,548.2,Y,9.2, 
140,Twitchell Island,San Francisco Bay,2/14/2019,045,1.17, ,15.70, ,103, ,1.3, ,16.2, ,9.0, ,12.6, ,99, ,75, ,88, ,10.6, ,5.7,Y,489.9,Y,10.8, 
140,Twitchell Island,San Francisco Bay,2/15/2019,046,1.20, ,5.70,H,109, ,0.9, ,11.9, ,4.2, ,8.2, ,97, ,71, ,83, ,5.4, ,2.8, ,245.5, ,10.6, 
140,Twitchell Island,San Francisco Bay,2/16/2019,047,2.18, ,3.50, ,174, ,0.9, ,13.1, ,5.1, ,8.4, ,99, ,62, ,80, ,5.2, ,4.1, ,354.0, ,10.0, 
140,Twitchell Island,San Francisco Bay,2/17/2019,048,2.15, ,0.10, ,188, ,0.8, ,13.4, ,4.3, ,7.5, ,89, ,56, ,77, ,3.6, ,2.1, ,183.3, ,9.8, 
140,Twitchell Island,San Francisco Bay,2/18/2019,049,3.09, ,0.00, ,226,R,0.6, ,13.1, ,3.2, ,7.8, ,74, ,36, ,53, ,-1.1, ,3.4, ,298.0, ,9.3, 
140,Twitchell Island,San Francisco Bay,2/19/2019,050,2.68, ,0.00, ,225,R,0.6, ,15.1, ,2.2, ,7.7, ,95, ,36, ,59, ,0.3, ,1.9, ,167.9, ,8.9, 
140,Twitchell Island,San Francisco Bay,2/20/2019,051,2.11, ,0.00, ,172, ,0.8, ,15.7, ,2.9, ,8.2, ,97, ,50, ,77, ,4.4, ,2.2, ,190.3, ,9.2, 
140,Twitchell Island,San Francisco Bay,2/21/2019,052,3.55, ,0.00, ,230,R,0.6, ,13.6, ,2.4, ,8.2, ,97, ,34, ,58, ,0.4, ,4.2, ,365.0, ,9.2, 
140,Twitchell Island,San Francisco Bay,2/22/2019,053,3.29, ,0.00, ,237,R,0.5, ,15.8, ,0.5, ,7.7, ,80, ,28, ,46, ,-3.2, ,3.1, ,263.7, ,8.8,Y
140,Twitchell Island,San Francisco Bay,2/23/2019,054,1.98, ,0.00, ,163, ,0.7, ,14.8, ,-0.4, ,7.2, ,100, ,42, ,71, ,2.3, ,1.1, ,98.4, ,8.4,Y
140,Twitchell Island,San Francisco Bay,2/24/2019,055,1.89, ,0.00, ,145, ,1.0, ,16.9, ,6.2, ,10.2, ,100, ,55, ,80, ,6.9, ,1.4, ,124.2, ,9.3, 
140,Twitchell Island,San Francisco Bay,2/25/2019,056,0.90, ,6.90, ,51, ,1.1, ,13.8, ,7.2, ,11.3, ,100, ,68, ,83, ,8.4, ,3.8, ,325.1, ,10.0, 
140,Twitchell Island,San Francisco Bay,2/26/2019,057,0.21, ,29.80, ,19, ,1.2, ,13.6, ,10.7, ,11.9, ,99, ,73, ,90, ,10.2, ,3.7, ,322.4, ,10.5, 
140,Twitchell Island,San Francisco Bay,2/27/2019,058,1.03, ,11.70, ,80, ,1.3, ,17.0, ,10.1, ,12.3, ,100, ,79, ,90, ,10.7, ,6.0,Y,521.7,Y,10.9, 
140,Twitchell Island,San Francisco Bay,2/28/2019,059,2.54, ,0.20, ,196, ,1.0, ,15.6, ,7.2, ,11.0, ,94, ,54, ,76, ,6.9, ,1.7, ,144.7, ,11.3, 
140,Twitchell Island,San Francisco Bay,3/1/2019,060,1.37, ,0.00, ,117, ,1.0, ,16.1, ,7.9, ,11.1, ,93, ,56, ,79, ,7.5, ,1.6, ,136.1, ,11.3, 
140,Twitchell Island,San Francisco Bay,3/2/2019,061,0.25, ,22.50, ,49, ,1.3, ,12.7, ,9.5, ,11.0, ,100, ,94, ,99, ,10.9, ,2.2, ,189.0, ,11.4, 
140,Twitchell Island,San Francisco Bay,3/3/2019,062,1.34, ,0.00, ,119, ,1.3, ,17.2, ,10.1, ,12.4, ,100, ,83, ,92, ,11.2, ,2.4, ,209.3, ,11.7, 
140,Twitchell Island,San Francisco Bay,3/4/2019,063,1.87, ,0.00, ,150, ,1.1, ,16.1, ,7.6, ,11.6, ,99, ,66, ,83, ,8.9, ,1.3, ,116.1, ,11.9, 
140,Twitchell Island,San Francisco Bay,3/5/2019,064,0.59, ,1.30, ,62, ,1.3, ,13.9, ,9.5, ,11.7, ,100, ,84, ,95, ,11.0, ,3.8, ,327.8, ,12.0, 
140,Twitchell Island,San Francisco Bay,3/6/2019,065,1.75, ,21.90, ,138, ,1.4, ,16.4, ,11.1, ,13.1, ,100, ,74, ,92, ,11.8, ,5.3, ,461.5, ,12.3, 
140,Twitchell Island,San Francisco Bay,3/7/2019,066,1.27, ,0.00, ,96, ,1.0, ,13.6, ,5.6, ,10.3, ,100, ,63, ,81, ,7.2, ,2.4, ,210.4, ,12.2, 
140,Twitchell Island,San Francisco Bay,3/8/2019,067,3.71, ,0.00, ,252,R,0.8, ,14.1, ,5.3, ,9.4, ,85, ,48, ,66, ,3.4, ,4.5, ,392.9, ,11.4, 
140,Twitchell Island,San Francisco Bay,3/9/2019,068,1.70, ,1.30, ,130, ,1.0, ,13.5, ,5.1, ,8.8, ,95, ,69, ,84, ,6.3, ,3.7, ,315.4, ,10.9, 
140,Twitchell Island,San Francisco Bay,3/10/2019,069,1.86, ,8.50, ,157, ,1.0, ,15.8, ,6.2, ,10.0, ,100, ,57, ,85, ,7.6, ,2.5, ,213.6, ,11.1, 
140,Twitchell Island,San Francisco Bay,3/11/2019,070,4.07, ,0.00, ,264,R,0.9, ,19.6, ,5.7, ,12.0, ,87, ,32, ,61, ,4.8, ,3.0, ,255.7, ,11.0, 
140,Twitchell Island,San Francisco Bay,3/12/2019,071,3.83, ,0.00, ,227, ,0.9, ,18.6, ,8.4, ,12.7, ,84, ,43, ,62, ,5.5, ,4.7, ,408.3, ,11.3, 
140,Twitchell Island,San Francisco Bay,3/13/2019,072,4.88, ,0.00, ,269,R,0.6, ,17.5, ,7.5, ,11.8, ,62, ,26, ,42, ,-0.8, ,4.8, ,417.5, ,11.1, 
140,Twitchell Island,San Francisco Bay,3/14/2019,073,4.20, ,0.20,H,326,R,0.7, ,20.1, ,4.3, ,13.7, ,94, ,27, ,46, ,2.2, ,2.0, ,173.1, ,11.0, 
140,Twitchell Island,San Francisco Bay,3/15/2019,074,3.71, ,0.00, ,268,R,0.9, ,23.1, ,4.0, ,11.9, ,100, ,24, ,62, ,4.9, ,1.5, ,130.9, ,10.8, 
140,Twitchell Island,San Francisco Bay,3/16/2019,075,3.81, ,0.00, ,273,R,1.0, ,24.2, ,3.4, ,13.1, ,100, ,29, ,64, ,6.3, ,1.0, ,87.7, ,11.0, 
140,Twitchell Island,San Francisco Bay,3/17/2019,076,3.74, ,0.00, ,257,R,1.1, ,24.2, ,4.5, ,14.0, ,100, ,38, ,70, ,8.7, ,1.3, ,109.2, ,11.5, 
140,Twitchell Island,San Francisco Bay,3/18/2019,077,4.06, ,0.00, ,272,R,1.2, ,26.2, ,5.3, ,16.1, ,100, ,38, ,68, ,10.1, ,1.5, ,130.3, ,11.9, 
140,Twitchell Island,San Francisco Bay,3/19/2019,078,3.20, ,2.20, ,183, ,1.2, ,24.1, ,8.4, ,16.3, ,100, ,43, ,67, ,10.2, ,2.5, ,215.9, ,12.6, 
140,Twitchell Island,San Francisco Bay,3/20/2019,079,3.14, ,9.30, ,219, ,1.2, ,17.8, ,5.6, ,12.7, ,98, ,53, ,83, ,9.9, ,3.3, ,281.2, ,12.9, 
140,Twitchell Island,San Francisco Bay,3/21/2019,080,3.85, ,0.00, ,280,R,1.1, ,18.4, ,5.8, ,12.2, ,100, ,39, ,76, ,8.0, ,2.4, ,208.2, ,12.6, 
140,Twitchell Island,San Francisco Bay,3/22/2019,081,1.07, ,8.30, ,96, ,1.2, ,15.6, ,5.5, ,11.6, ,100, ,68, ,91, ,10.2, ,1.6, ,137.9, ,12.5, 
140,Twitchell Island,San Francisco Bay,3/23/2019,082,3.88, ,8.00, ,260, ,1.2, ,17.8, ,9.5, ,13.3, ,100, ,51, ,80, ,9.9, ,2.9, ,250.5, ,12.8, 
140,Twitchell Island,San Francisco Bay,3/24/2019,083,3.41, ,0.00, ,246, ,1.1, ,18.9, ,6.1, ,12.3, ,100, ,52, ,80, ,8.9, ,1.5, ,125.7, ,12.7, 
140,Twitchell Island,San Francisco Bay,3/25/2019,084,1.44, ,5.20, ,104, ,1.3, ,18.6, ,6.8, ,12.6, ,100, ,57, ,89, ,10.7, ,2.6, ,221.3, ,12.6, 
140,Twitchell Island,San Francisco Bay,3/26/2019,085,3.44, ,2.00, ,241, ,1.3, ,20.2, ,10.2, ,14.4, ,100, ,56, ,81, ,11.3, ,1.6, ,141.3, ,13.0, 
140,Twitchell Island,San Francisco Bay,3/27/2019,086,1.88, ,11.20, ,127, ,1.3, ,17.4, ,8.5, ,13.7, ,100, ,61, ,82, ,10.6, ,3.4, ,289.6, ,13.4, 
140,Twitchell Island,San Francisco Bay,3/28/2019,087,2.86, ,1.40, ,200, ,1.1, ,18.2, ,7.2, ,11.6, ,100, ,58, ,84, ,9.0, ,1.8, ,156.1, ,12.9, 
140,Twitchell Island,San Francisco Bay,3/29/2019,088,4.06, ,0.10, ,292,R,1.1, ,19.9, ,4.6, ,12.2, ,100, ,51, ,79, ,8.6, ,2.1, ,183.3, ,12.7, 
140,Twitchell Island,San Francisco Bay,3/30/2019,089,4.69, ,0.00, ,301,R,1.1, ,21.0, ,8.3, ,14.4, ,96, ,45, ,69, ,8.8, ,2.8, ,241.7, ,12.9, 
140,Twitchell Island,San Francisco Bay,3/31/2019,090,4.72, ,0.00, ,294,R,1.1, ,24.4, ,7.6, ,15.9, ,95, ,39, ,62, ,8.7, ,1.9, ,166.7, ,13.3, 
140,Twitchell Island,San Francisco Bay,4/1/2019,091,1.79, ,2.10, ,130, ,1.3, ,21.5, ,9.7, ,15.0, ,100, ,49, ,77, ,11.0, ,1.2, ,100.1, ,13.7, 
140,Twitchell Island,San Francisco Bay,4/2/2019,092,2.83, ,1.60, ,197, ,1.4,Y,19.1, ,10.7, ,14.6, ,100, ,66, ,85,Y,12.2,Y,2.3, ,203.0, ,13.9, 
140,Twitchell Island,San Francisco Bay,4/3/2019,093,2.49, ,0.00, ,177, ,1.4, ,18.8, ,10.5, ,14.6, ,100, ,67, ,83, ,11.8, ,1.8, ,152.9, ,14.1, 
140,Twitchell Island,San Francisco Bay,4/4/2019,094,1.86, ,0.00, ,143, ,1.4, ,19.3, ,10.0, ,14.4, ,98, ,67, ,83, ,11.5, ,1.8, ,158.8, ,14.2, 
140,Twitchell Island,San Francisco Bay,4/5/2019,095,1.19, ,3.90, ,108, ,1.4, ,17.7, ,7.5, ,12.8, ,100, ,78, ,93, ,11.7, ,1.6, ,138.5, ,13.9, 
140,Twitchell Island,San Francisco Bay,4/6/2019,096,3.24, ,0.00, ,218, ,1.5,Y,21.5, ,10.3, ,15.5, ,100, ,60, ,84,Y,12.7,Y,1.8, ,152.0, ,14.1, 
140,Twitchell Island,San Francisco Bay,4/7/2019,097,4.43, ,0.00, ,293,R,1.6,Y,22.6, ,9.9, ,16.9, ,100, ,69, ,84,Y,14.2,Y,2.1, ,182.3, ,14.6, 
140,Twitchell Island,San Francisco Bay,4/8/2019,098,3.30, ,0.00, ,211, ,1.7,R,23.3, ,13.6,Y,17.7, ,96, ,71, ,,R,,I,2.8, ,245.2, ,15.4, 
140,Twitchell Island,San Francisco Bay,4/9/2019,099,5.34, ,0.00, ,314,R,1.0, ,21.2, ,11.2, ,15.6, ,94, ,29, ,59, ,7.6, ,3.9, ,336.9, ,15.2, 
140,Twitchell Island,San Francisco Bay,4/10/2019,100,6.12, ,0.00, ,329,R,0.9, ,22.6, ,10.5, ,15.7, ,85, ,32, ,52, ,5.8, ,4.2, ,365.3, ,14.7, 
140,Twitchell Island,San Francisco Bay,4/11/2019,101,3.52, ,0.00, ,199, ,1.1, ,20.6, ,10.9, ,15.0, ,83, ,46, ,66, ,8.6, ,3.7, ,323.3, ,14.5, 
140,Twitchell Island,San Francisco Bay,4/12/2019,102,5.86, ,0.00, ,331,R,1.1, ,23.7, ,9.2, ,15.9, ,86, ,31, ,60, ,8.2, ,3.8, ,325.6, ,14.3, 
140,Twitchell Island,San Francisco Bay,4/13/2019,103,4.86, ,0.00, ,311,R,1.3, ,25.0, ,10.1, ,17.0, ,91, ,45, ,67, ,10.8, ,2.0, ,174.9, ,14.9, 
140,Twitchell Island,San Francisco Bay,4/14/2019,104,5.16, ,0.00, ,296, ,1.2, ,21.2, ,7.6, ,15.1, ,94, ,51, ,70, ,9.7, ,3.5, ,300.4, ,14.9, 
140,Twitchell Island,San Francisco Bay,4/15/2019,105,1.93, ,2.10, ,116, ,1.0, ,16.2, ,9.8, ,12.3, ,100, ,45, ,73, ,7.6, ,3.3, ,285.6, ,14.2, 
140,Twitchell Island,San Francisco Bay,4/16/2019,106,4.40, ,0.40, ,296, ,1.3, ,21.2, ,10.1, ,14.4, ,100, ,50, ,77, ,10.5, ,2.7, ,235.8, ,14.1, 
140,Twitchell Island,San Francisco Bay,4/17/2019,107,5.14, ,0.00, ,334,R,1.4, ,24.2, ,11.0, ,16.8, ,90, ,52, ,71, ,11.5, ,2.3, ,201.6, ,14.6, 
140,Twitchell Island,San Francisco Bay,4/18/2019,108,5.33, ,0.00, ,331,R,1.5,Y,28.1, ,7.7, ,18.6, ,100, ,47, ,71,Y,13.1,Y,1.5, ,127.1, ,15.2, 
140,Twitchell Island,San Francisco Bay,4/19/2019,109,5.22, ,0.00, ,301, ,1.6,Y,26.5, ,11.0, ,18.6, ,95, ,54, ,73,Y,13.7,Y,2.7, ,230.7, ,16.0, 
140,Twitchell Island,San Francisco Bay,4/20/2019,110,5.30, ,0.00, ,310, ,1.3, ,20.5, ,11.6, ,15.4, ,86, ,53, ,74, ,10.7, ,4.7, ,409.0, ,15.8, 
140,Twitchell Island,San Francisco Bay,4/21/2019,111,5.83, ,0.00, ,344,R,1.3, ,24.1, ,9.6, ,16.4, ,94, ,47, ,68, ,10.6, ,3.6, ,315.1, ,15.3, 
140,Twitchell Island,San Francisco Bay,4/22/2019,112,6.92, ,0.00, ,347,R,1.1, ,29.8, ,10.3, ,20.3, ,88, ,23, ,47, ,8.6, ,2.9, ,251.0, ,15.5, 
140,Twitchell Island,San Francisco Bay,4/23/2019,113,6.18, ,0.20,H,341,R,1.4, ,33.3,Y,12.0, ,22.1,Y,86, ,28, ,53,Y,12.0,Y,1.7, ,147.5, ,16.3, 
140,Twitchell Island,San Francisco Bay,4/24/2019,114,5.88,R,0.00, ,334,R,1.8,R,32.0, ,12.9, ,22.4,Y,93, ,49, ,,R,,I,1.7, ,147.6, ,17.2, 
140,Twitchell Island,San Francisco Bay,4/25/2019,115,6.43, ,0.00, ,346,R,1.5, ,28.5, ,12.0, ,20.5, ,95, ,45, ,63, ,13.1, ,2.8, ,243.0, ,17.7, 
140,Twitchell Island,San Francisco Bay,4/26/2019,116,6.01, ,0.00, ,344,R,1.5, ,28.4, ,11.2, ,19.2, ,92, ,47, ,67, ,12.9, ,2.9, ,253.0, ,17.4, 
140,Twitchell Island,San Francisco Bay,4/27/2019,117,5.98, ,0.00, ,338,R,1.3, ,23.2, ,12.0, ,16.9, ,85, ,52, ,70, ,11.3, ,4.3, ,367.3, ,17.2, 
140,Twitchell Island,San Francisco Bay,4/28/2019,118,5.36, ,0.00, ,333,R,1.4, ,24.6, ,10.9, ,16.1, ,91, ,54, ,74, ,11.5, ,3.5, ,303.4, ,16.8, 
140,Twitchell Island,San Francisco Bay,4/29/2019,119,5.74, ,0.00, ,342,R,1.3, ,21.6, ,11.0, ,15.6, ,91, ,59, ,75, ,11.1, ,5.4, ,466.9, ,16.5, 
140,Twitchell Island,San Francisco Bay,4/30/2019,120,5.57, ,0.00, ,341,R,1.2, ,21.5, ,12.3, ,16.0, ,86, ,51, ,68, ,10.2, ,3.8, ,326.9, ,16.4, 
140,Twitchell Island,San Francisco Bay,5/1/2019,121,5.96, ,0.00, ,351,R,1.2, ,26.3, ,10.9, ,17.2, ,94, ,28, ,59, ,9.2, ,2.8, ,240.5, ,16.7, 
140,Twitchell Island,San Francisco Bay,5/2/2019,122,6.14, ,0.00, ,350,R,1.1, ,28.1, ,5.1, ,17.7, ,92, ,30, ,52, ,7.8, ,2.3, ,196.5, ,16.8, 
140,Twitchell Island,San Francisco Bay,5/3/2019,123,5.99, ,0.00, ,343,R,1.2, ,27.6, ,8.2, ,18.0, ,89, ,31, ,57, ,9.2, ,2.4, ,209.8, ,16.9, 
140,Twitchell Island,San Francisco Bay,5/4/2019,124,6.03, ,0.00, ,350,R,1.2, ,24.9, ,9.5, ,15.8, ,90, ,36, ,66, ,9.6, ,4.2, ,360.7, ,16.8, 
140,Twitchell Island,San Francisco Bay,5/5/2019,125,5.86, ,0.00, ,335, ,1.2, ,19.5, ,10.5, ,14.1, ,89, ,56, ,72, ,9.1, ,6.2, ,531.4, ,16.2, 
140,Twitchell Island,San Francisco Bay,5/6/2019,126,5.11, ,0.00, ,306, ,1.3, ,19.8, ,11.6, ,14.7, ,87, ,62, ,76, ,10.5, ,4.3, ,373.5, ,16.0, 
140,Twitchell Island,San Francisco Bay,5/7/2019,127,5.41, ,0.00, ,330, ,1.3, ,22.6, ,10.8, ,15.9, ,91, ,56, ,75, ,11.3, ,3.7, ,322.6, ,16.3, 
140,Twitchell Island,San Francisco Bay,5/8/2019,128,5.49, ,0.00, ,327, ,1.5, ,24.5, ,12.4, ,16.8, ,90, ,56, ,77, ,12.7, ,4.6, ,397.0, ,16.8, 
140,Twitchell Island,San Francisco Bay,5/9/2019,129,5.39, ,0.00, ,318, ,1.4, ,20.4, ,12.6, ,15.6, ,92, ,64, ,80, ,12.1, ,5.8, ,503.9, ,16.8, 
140,Twitchell Island,San Francisco Bay,5/10/2019,130,5.95, ,0.00, ,332, ,1.4, ,28.2, ,11.4, ,18.4, ,95, ,38, ,67, ,12.0, ,3.7, ,323.0, ,17.0, 
140,Twitchell Island,San Francisco Bay,5/11/2019,131,5.64, ,0.00, ,335, ,1.4, ,25.8, ,12.4, ,17.3, ,90, ,46, ,71, ,12.0, ,3.6, ,312.2, ,17.4, 
140,Twitchell Island,San Francisco Bay,5/12/2019,132,6.35, ,0.00, ,333, ,1.3, ,24.8, ,12.0, ,17.6, ,89, ,44, ,65, ,11.1, ,4.8, ,413.9, ,17.5, 
140,Twitchell Island,San Francisco Bay,5/13/2019,133,6.88, ,0.00, ,324, ,1.2, ,25.9, ,12.8, ,17.8, ,86, ,32, ,59, ,9.6, ,5.6, ,480.8, ,17.5, 
140,Twitchell Island,San Francisco Bay,5/14/2019,134,4.43, ,0.00, ,213, ,1.3, ,21.2, ,12.3, ,15.9, ,85, ,55, ,71, ,10.6, ,5.7, ,490.1, ,17.4, 
140,Twitchell Island,San Francisco Bay,5/15/2019,135,1.05, ,16.00, ,77, ,1.5,Y,19.8, ,12.0, ,15.9, ,96, ,72, ,86,Y,13.4,Y,3.5, ,298.4, ,17.2, 
140,Twitchell Island,San Francisco Bay,5/16/2019,136,2.78, ,3.90, ,175, ,1.2, ,16.6, ,10.6, ,13.4, ,95, ,71, ,80, ,10.0, ,4.2, ,363.3, ,16.7, 
140,Twitchell Island,San Francisco Bay,5/17/2019,137,5.49, ,0.00, ,303, ,1.1, ,20.6, ,11.2, ,15.0, ,82, ,43, ,64, ,8.3, ,4.4, ,377.0, ,16.8, 
140,Twitchell Island,San Francisco Bay,5/18/2019,138,1.07, ,17.60, ,94, ,1.2, ,15.9, ,9.8, ,12.7, ,99, ,59, ,84, ,10.0, ,3.5, ,304.8, ,16.4, 
140,Twitchell Island,San Francisco Bay,5/19/2019,139,2.77, ,12.30, ,197, ,1.2, ,18.4, ,8.9, ,12.1, ,100, ,58, ,88, ,10.1, ,2.1, ,184.6, ,15.7, 
140,Twitchell Island,San Francisco Bay,5/20/2019,140,5.29, ,0.00, ,326, ,1.2, ,20.9, ,6.9, ,14.0, ,100, ,53, ,74, ,9.5, ,3.1, ,268.7, ,16.0, 
140,Twitchell Island,San Francisco Bay,5/21/2019,141,4.03, ,1.10, ,224, ,1.2, ,18.9, ,11.4, ,14.2, ,83, ,59, ,75, ,9.8, ,5.2, ,445.8, ,16.3, 
140,Twitchell Island,San Francisco Bay,5/22/2019,142,5.86, ,0.00, ,309, ,1.2, ,25.8, ,9.9, ,17.3, ,99, ,34, ,62, ,10.0, ,3.6, ,307.2, ,16.5, 
140,Twitchell Island,San Francisco Bay,5/23/2019,143,5.99, ,0.00, ,314, ,1.4, ,27.3, ,14.3, ,19.6, ,85, ,39, ,61, ,12.0, ,3.3, ,282.9, ,17.5, 
140,Twitchell Island,San Francisco Bay,5/24/2019,144,5.98, ,0.00, ,326, ,1.4, ,24.6, ,12.8, ,17.3, ,90, ,52, ,71, ,12.1, ,4.4, ,380.1, ,17.9, 
140,Twitchell Island,San Francisco Bay,5/25/2019,145,5.14, ,0.00, ,289, ,1.3, ,23.9, ,11.0, ,16.5, ,92, ,47, ,68, ,10.5, ,3.8, ,327.8, ,17.7, 
140,Twitchell Island,San Francisco Bay,5/26/2019,146,4.25, ,0.30, ,231, ,1.1, ,18.2, ,9.5, ,13.5, ,90, ,51, ,70, ,8.1, ,4.7, ,403.8, ,17.1, 
140,Twitchell Island,San Francisco Bay,5/27/2019,147,4.28, ,0.00, ,246, ,1.3, ,22.3, ,9.9, ,15.6, ,92, ,53, ,71, ,10.4, ,2.5, ,217.7, ,16.8, 
140,Twitchell Island,San Francisco Bay,5/28/2019,148,6.01, ,0.00, ,321, ,1.4, ,26.1, ,12.1, ,18.6, ,91, ,46, ,67, ,12.3, ,3.5, ,300.8, ,17.4, 
140,Twitchell Island,San Francisco Bay,5/29/2019,149,6.17, ,0.00, ,308, ,1.5, ,28.4, ,11.7, ,19.8, ,94, ,43, ,64, ,12.8, ,3.4, ,296.4, ,18.1, 
140,Twitchell Island,San Francisco Bay,5/30/2019,150,5.81, ,0.00, ,301, ,1.4, ,25.4, ,12.7, ,18.1, ,88, ,51, ,69, ,12.4, ,4.3, ,371.5, ,18.4, 
140,Twitchell Island,San Francisco Bay,5/31/2019,151,6.11, ,0.00, ,307, ,1.5, ,30.1, ,12.6, ,21.0, ,92, ,40, ,62, ,13.4, ,3.5, ,306.2, ,18.6, 
140,Twitchell Island,San Francisco Bay,6/1/2019,152,6.95, ,0.00, ,323, ,1.6, ,30.6, ,14.7, ,21.6, ,84, ,42, ,61, ,13.7, ,4.3, ,375.6, ,19.2, 
140,Twitchell Island,San Francisco Bay,6/2/2019,153,6.34, ,0.00, ,321, ,1.5, ,25.1, ,13.1, ,18.0, ,93, ,55, ,74, ,13.2, ,6.4, ,550.7, ,19.1, 
140,Twitchell Island,San Francisco Bay,6/3/2019,154,6.38, ,0.00, ,323, ,1.6, ,30.1, ,13.1, ,21.0, ,89, ,47, ,66, ,14.3, ,4.0, ,347.2, ,19.0, 
140,Twitchell Island,San Francisco Bay,6/4/2019,155,6.86, ,0.00, ,325, ,1.8,Y,34.6, ,14.8, ,24.8, ,85, ,42, ,58,Y,15.9,Y,2.5, ,216.0, ,19.8, 
140,Twitchell Island,San Francisco Bay,6/5/2019,156,7.52, ,0.00, ,320, ,1.7,Y,34.5, ,19.5,Y,26.2,Y,63, ,39, ,50,Y,15.0,Y,3.4, ,290.1, ,20.6, 
140,Twitchell Island,San Francisco Bay,6/6/2019,157,8.50, ,0.00, ,332, ,1.1, ,26.2, ,14.4, ,20.4, ,64, ,29, ,46, ,8.4, ,6.3, ,544.6, ,20.1, 
140,Twitchell Island,San Francisco Bay,6/7/2019,158,7.50, ,0.00, ,338, ,0.9, ,26.9, ,12.0, ,19.1, ,71, ,14, ,41, ,5.4, ,4.3, ,368.6, ,19.1, 
140,Twitchell Island,San Francisco Bay,6/8/2019,159,9.22, ,0.00, ,339, ,0.8,Y,30.4, ,15.2, ,23.1, ,40, ,19, ,27,Y,3.0,Y,4.6, ,399.7, ,18.9, 
140,Twitchell Island,San Francisco Bay,6/9/2019,160,7.49, ,0.00, ,319, ,1.0, ,35.0, ,15.5, ,25.0, ,64, ,19, ,32, ,7.3, ,2.2, ,186.7, ,19.3, 
140,Twitchell Island,San Francisco Bay,6/10/2019,161,6.83, ,0.00, ,306, ,1.4, ,39.4,Y,17.0, ,27.7,Y,67, ,19, ,38,Y,12.3,Y,1.5,Y,133.7,Y,20.1, 
140,Twitchell Island,San Francisco Bay,6/11/2019,162,7.16, ,0.00, ,306, ,1.6, ,41.4,Y,17.8, ,29.2,Y,73, ,19, ,39,Y,13.9,Y,1.7,Y,142.6,Y,21.0, 
140,Twitchell Island,San Francisco Bay,6/12/2019,163,8.00,R,0.00, ,315, ,1.6, ,37.7,Y,18.7,Y,28.3,Y,60, ,27, ,41,Y,13.6,Y,3.2, ,276.7, ,21.8, 
140,Twitchell Island,San Francisco Bay,6/13/2019,164,7.71, ,0.00, ,316, ,1.5, ,26.5, ,14.8, ,20.4, ,82, ,48, ,63, ,13.1, ,7.4,Y,639.4,Y,21.1, 
140,Twitchell Island,San Francisco Bay,6/14/2019,165,6.76, ,0.00, ,320, ,1.5, ,27.8, ,13.7, ,19.4, ,88, ,47, ,66, ,12.8, ,5.7, ,491.0, ,20.5, 
140,Twitchell Island,San Francisco Bay,6/15/2019,166,6.17, ,0.00, ,314, ,1.4, ,23.9, ,12.5, ,17.2, ,88, ,51, ,70, ,11.6, ,5.4, ,469.4, ,20.1, 
140,Twitchell Island,San Francisco Bay,6/16/2019,167,6.44, ,0.00, ,318, ,1.5, ,27.3, ,12.5, ,18.9, ,92, ,50, ,69, ,13.0, ,5.0, ,433.5, ,19.8, 
140,Twitchell Island,San Francisco Bay,6/17/2019,168,6.87, ,0.00, ,316, ,1.6, ,31.4, ,14.0, ,22.1, ,86, ,40, ,61, ,14.2, ,4.0, ,344.7, ,20.3, 
140,Twitchell Island,San Francisco Bay,6/18/2019,169,7.82, ,0.00, ,329, ,1.7,Y,31.8, ,16.5, ,23.5, ,78, ,41, ,58,Y,14.7,Y,4.8, ,416.7, ,21.0, 
140,Twitchell Island,San Francisco Bay,6/19/2019,170,7.01, ,0.00, ,319, ,1.6,Y,28.7, ,14.8, ,20.3, ,90, ,47, ,69,Y,14.4,Y,6.4, ,551.0, ,20.9, 
140,Twitchell Island,San Francisco Bay,6/20/2019,171,7.21, ,0.00, ,336, ,1.5, ,25.7, ,14.4, ,19.3, ,90, ,47, ,65, ,12.6, ,6.1, ,528.5, ,20.1, 
140,Twitchell Island,San Francisco Bay,6/21/2019,172,7.42, ,0.00, ,345, ,1.3, ,28.9, ,14.1, ,20.9, ,82, ,33, ,52, ,10.7, ,4.4, ,377.6, ,20.0, 
140,Twitchell Island,San Francisco Bay,6/22/2019,173,8.74, ,0.00, ,345, ,1.1, ,34.3, ,15.1, ,25.3, ,65, ,19, ,34, ,8.3, ,3.6, ,307.3, ,20.5, 
140,Twitchell Island,San Francisco Bay,6/23/2019,174,7.73, ,0.00, ,341, ,1.4, ,36.3, ,12.9, ,25.4, ,78, ,25, ,43, ,11.8, ,2.6, ,222.2, ,20.9, 
140,Twitchell Island,San Francisco Bay,6/24/2019,175,7.39, ,0.00, ,309, ,1.4, ,32.0, ,15.4, ,23.6, ,77, ,31, ,49, ,12.1, ,3.6, ,309.7, ,21.2, 
140,Twitchell Island,San Francisco Bay,6/25/2019,176,8.54, ,0.00, ,342, ,1.2, ,30.2, ,17.0, ,22.7, ,59, ,31, ,45, ,10.2, ,5.0, ,432.3, ,21.2, 
140,Twitchell Island,San Francisco Bay,6/26/2019,177,7.28, ,0.00, ,347, ,1.3, ,24.2, ,14.7, ,19.0, ,83, ,47, ,59, ,10.9, ,5.0, ,434.2, ,20.7, 
140,Twitchell Island,San Francisco Bay,6/27/2019,178,6.53, ,0.00, ,306, ,1.3, ,25.4, ,13.4, ,18.6, ,90, ,34, ,59, ,10.4, ,4.4, ,379.2, ,20.2, 
140,Twitchell Island,San Francisco Bay,6/28/2019,179,6.17, ,0.00, ,283, ,1.2, ,29.1, ,14.6, ,20.9, ,68, ,27, ,49, ,9.9, ,3.2, ,276.0, ,20.3, 
140,Twitchell Island,San Francisco Bay,6/29/2019,180,6.43, ,0.00, ,306, ,1.1, ,30.2, ,13.0, ,21.1, ,75, ,19, ,45, ,8.8, ,2.8, ,240.2, ,20.3, 
140,Twitchell Island,San Francisco Bay,6/30/2019,181,7.42, ,0.00, ,352, ,1.3, ,30.8, ,15.6, ,22.0, ,68, ,28, ,48, ,10.4, ,3.2, ,279.3, ,20.6, 
140,Twitchell Island,San Francisco Bay,7/1/2019,182,7.44, ,0.00, ,344, ,1.3, ,29.1, ,12.7, ,21.1, ,81, ,31, ,52, ,10.7, ,3.7, ,323.1, ,20.7, 
140,Twitchell Island,San Francisco Bay,7/2/2019,183,7.11, ,0.00, ,303, ,1.3, ,29.3, ,16.5, ,21.8, ,64, ,35, ,50, ,10.8, ,4.0, ,348.1, ,20.9, 
140,Twitchell Island,San Francisco Bay,7/3/2019,184,7.18, ,0.00, ,324, ,1.4, ,29.8, ,15.8, ,21.6, ,73, ,37, ,53, ,11.6, ,3.9, ,341.1, ,21.1, 
140,Twitchell Island,San Francisco Bay,7/4/2019,185,7.02, ,0.00, ,330, ,1.5, ,31.6, ,13.9, ,22.2, ,80, ,32, ,54, ,12.5, ,3.2, ,274.1, ,21.2, 
140,Twitchell Island,San Francisco Bay,7/5/2019,186,7.32, ,0.00, ,324, ,1.4, ,32.3, ,13.4, ,22.9, ,84, ,29, ,52, ,12.5, ,3.5, ,302.6, ,21.6, 
140,Twitchell Island,San Francisco Bay,7/6/2019,187,7.06, ,0.00, ,305, ,1.4, ,32.1, ,13.6, ,22.7, ,80, ,31, ,50, ,11.7, ,3.3, ,281.6, ,21.7, 
140,Twitchell Island,San Francisco Bay,7/7/2019,188,6.88, ,0.00, ,311, ,1.3, ,28.6, ,13.6, ,20.7, ,75, ,38, ,53, ,10.7, ,3.7, ,321.7, ,21.5, 
140,Twitchell Island,San Francisco Bay,7/8/2019,189,6.53, ,0.00, ,322, ,1.4, ,24.6, ,10.9, ,18.6, ,88, ,49, ,65, ,11.8, ,3.9, ,335.9, ,21.1, 
140,Twitchell Island,San Francisco Bay,7/9/2019,190,6.21, ,0.00, ,300, ,1.5, ,28.5, ,14.4, ,20.2, ,83, ,40, ,64, ,13.1, ,4.3, ,370.1, ,20.9, 
140,Twitchell Island,San Francisco Bay,7/10/2019,191,6.33, ,0.00, ,288, ,1.7, ,29.2, ,17.3, ,22.1, ,88, ,42, ,64, ,14.8, ,4.9, ,421.3, ,21.5, 
140,Twitchell Island,San Francisco Bay,7/11/2019,192,7.51, ,0.00, ,311, ,1.6, ,31.6, ,18.1, ,23.6, ,73, ,36, ,55, ,14.0, ,4.8, ,414.7, ,21.9, 
140,Twitchell Island,San Francisco Bay,7/12/2019,193,7.34, ,0.00, ,326, ,1.6, ,34.0, ,16.2, ,24.1, ,81, ,31, ,53, ,13.9, ,3.8, ,328.1, ,22.1, 
140,Twitchell Island,San Francisco Bay,7/13/2019,194,7.00, ,0.00, ,289, ,1.5, ,33.9, ,16.6, ,24.6, ,75, ,27, ,47, ,12.7, ,3.6, ,312.8, ,22.5, 
140,Twitchell Island,San Francisco Bay,7/14/2019,195,7.66, ,0.00, ,291, ,1.4, ,31.1, ,19.0, ,24.4, ,58, ,31, ,45, ,11.6, ,4.6, ,398.7, ,22.6, 
140,Twitchell Island,San Francisco Bay,7/15/2019,196,7.46, ,0.00, ,256, ,1.4, ,33.2, ,19.6, ,25.4, ,61, ,29, ,43, ,12.0, ,4.9, ,423.4, ,22.7, 
140,Twitchell Island,San Francisco Bay,7/16/2019,197,6.91, ,0.00, ,281, ,1.5, ,31.4, ,15.5, ,23.5, ,78, ,32, ,51, ,12.8, ,4.1, ,352.3, ,22.8, 
140,Twitchell Island,San Francisco Bay,7/17/2019,198,6.18, ,0.00, ,308, ,1.6, ,34.4, ,13.7, ,23.9, ,83, ,33, ,54, ,13.9, ,1.9, ,167.4, ,22.5, 
140,Twitchell Island,San Francisco Bay,7/18/2019,199,6.22, ,0.00, ,291, ,1.6, ,29.6, ,17.2, ,22.6, ,78, ,41, ,59, ,14.2, ,3.6, ,308.0, ,22.9, 
140,Twitchell Island,San Francisco Bay,7/19/2019,200,6.30, ,0.00, ,311, ,1.6, ,29.5, ,15.3, ,21.0, ,88, ,41, ,64, ,13.9, ,4.1, ,357.9, ,22.5, 
140,Twitchell Island,San Francisco Bay,7/20/2019,201,6.56, ,0.00, ,303, ,1.5, ,27.2, ,15.4, ,20.3, ,86, ,37, ,63, ,13.2, ,5.8, ,499.0, ,21.8, 
140,Twitchell Island,San Francisco Bay,7/21/2019,202,6.15, ,0.00, ,271, ,1.4, ,32.2, ,14.4, ,22.8, ,89, ,26, ,52, ,12.5, ,3.7, ,316.9, ,21.9, 
140,Twitchell Island,San Francisco Bay,7/22/2019,203,7.48, ,0.00, ,300, ,1.5, ,35.8, ,17.7, ,26.1, ,68, ,28, ,43, ,12.7, ,3.3, ,281.0, ,22.8, 
140,Twitchell Island,San Francisco Bay,7/23/2019,204,7.44, ,0.00, ,285, ,1.3, ,33.4, ,15.5, ,24.9, ,73, ,26, ,41, ,10.9, ,3.6, ,308.0, ,23.1, 
140,Twitchell Island,San Francisco Bay,7/24/2019,205,7.39, ,0.00, ,317, ,1.3, ,37.8, ,12.7, ,26.6, ,81, ,12, ,37, ,10.6, ,2.3, ,201.8, ,23.0, 
140,Twitchell Island,San Francisco Bay,7/25/2019,206,7.80, ,0.00, ,291, ,1.1,Y,36.5, ,16.0, ,26.9, ,65, ,11, ,31,Y,8.3,Y,2.9, ,247.1, ,23.4, 
140,Twitchell Island,San Francisco Bay,7/26/2019,207,7.03, ,0.00, ,299, ,1.5, ,32.7, ,16.2, ,23.3, ,79, ,28, ,52, ,12.8, ,3.9, ,333.1, ,23.3, 
140,Twitchell Island,San Francisco Bay,7/27/2019,208,6.96, ,0.00, ,331, ,1.5, ,38.5, ,14.8, ,26.3, ,85, ,21, ,44, ,12.9, ,2.1, ,184.4, ,23.2, 
140,Twitchell Island,San Francisco Bay,7/28/2019,209,8.03, ,0.00, ,323, ,1.5, ,39.7,Y,14.9, ,28.0, ,83, ,20, ,39, ,12.8, ,2.8, ,242.2, ,23.8, 
140,Twitchell Island,San Francisco Bay,7/29/2019,210,6.75, ,0.00, ,270, ,1.4, ,30.3, ,16.7, ,23.0, ,78, ,37, ,51, ,12.3, ,4.2, ,364.7, ,23.6, 
140,Twitchell Island,San Francisco Bay,7/30/2019,211,6.52, ,0.00, ,284, ,1.3, ,29.6, ,15.6, ,21.6, ,77, ,29, ,52, ,11.3, ,4.3, ,371.9, ,22.7, 
140,Twitchell Island,San Francisco Bay,7/31/2019,212,6.62, ,0.00, ,316, ,1.5, ,33.3, ,14.3, ,22.5, ,87, ,23, ,54, ,12.6, ,3.1, ,269.3, ,22.5, 
140,Twitchell Island,San Francisco Bay,8/1/2019,213,6.21, ,0.00, ,273, ,1.6, ,29.0, ,15.6, ,21.8, ,85, ,44, ,62, ,14.1, ,4.3, ,367.5, ,22.6, 
140,Twitchell Island,San Francisco Bay,8/2/2019,214,6.95, ,0.00, ,302, ,1.6, ,33.4, ,17.4, ,24.2, ,80, ,34, ,53, ,14.1, ,4.1, ,357.1, ,22.8, 
140,Twitchell Island,San Francisco Bay,8/3/2019,215,7.10, ,0.00, ,322, ,1.6, ,36.9, ,18.6, ,25.8, ,74, ,23, ,48, ,13.9, ,3.1, ,267.9, ,23.3, 
140,Twitchell Island,San Francisco Bay,8/4/2019,216,6.76, ,0.00, ,305, ,1.7, ,33.6, ,15.2, ,23.7, ,89, ,32, ,57, ,14.7, ,3.4, ,291.9, ,23.4, 
140,Twitchell Island,San Francisco Bay,8/5/2019,217,5.69, ,0.00, ,245, ,1.5, ,35.2, ,15.6, ,23.7, ,87, ,20, ,52, ,13.2, ,3.0, ,258.5, ,23.1, 
140,Twitchell Island,San Francisco Bay,8/6/2019,218,6.85, ,0.00, ,287, ,1.5, ,34.6, ,17.5, ,24.8, ,78, ,24, ,48, ,13.1, ,3.3, ,282.2, ,23.4, 
140,Twitchell Island,San Francisco Bay,8/7/2019,219,6.06, ,0.00, ,251, ,1.5, ,31.0, ,16.0, ,22.4, ,80, ,33, ,55, ,12.9, ,4.3, ,371.4, ,23.1, 
140,Twitchell Island,San Francisco Bay,8/8/2019,220,6.31, ,0.00, ,267, ,1.4, ,27.3, ,15.6, ,20.9, ,74, ,42, ,56, ,11.9, ,5.1, ,438.6, ,22.2, 
140,Twitchell Island,San Francisco Bay,8/9/2019,221,6.16, ,0.00, ,258, ,1.5, ,29.0, ,17.1, ,21.9, ,85, ,37, ,55, ,12.5, ,4.5, ,391.2, ,21.9, 
140,Twitchell Island,San Francisco Bay,8/10/2019,222,5.79, ,0.00, ,274, ,1.7,Y,28.1, ,17.7, ,21.9, ,86, ,42, ,65,Y,15.2,Y,4.4, ,383.7, ,22.4, 
140,Twitchell Island,San Francisco Bay,8/11/2019,223,6.50, ,0.00, ,308, ,1.5, ,33.4, ,16.2, ,23.5, ,87, ,30, ,53, ,13.3, ,3.2, ,272.9, ,22.3, 
140,Twitchell Island,San Francisco Bay,8/12/2019,224,6.92, ,0.00, ,311, ,1.4, ,36.6, ,17.6, ,26.1, ,65, ,23, ,41, ,11.9, ,2.4, ,210.0, ,22.6, 
140,Twitchell Island,San Francisco Bay,8/13/2019,225,6.69, ,0.00, ,315, ,1.4, ,38.9,Y,13.2, ,26.8,Y,85, ,19, ,41,Y,12.3,Y,1.8, ,159.6, ,23.0, 
140,Twitchell Island,San Francisco Bay,8/14/2019,226,6.97,R,0.00, ,312, ,1.5, ,38.9,Y,15.8, ,28.4,Y,81, ,22, ,39,Y,13.0,Y,2.0, ,169.1, ,23.7, 
140,Twitchell Island,San Francisco Bay,8/15/2019,227,6.95,R,0.00, ,303, ,1.6, ,40.9,Y,15.5, ,28.8,Y,86, ,25, ,40,Y,14.0,Y,2.0, ,174.6, ,24.2, 
140,Twitchell Island,San Francisco Bay,8/16/2019,228,7.53,R,0.00, ,304, ,1.6, ,39.0,Y,16.2, ,27.8,Y,77, ,25, ,42,Y,13.7,Y,2.9, ,251.6, ,24.3, 
140,Twitchell Island,San Francisco Bay,8/17/2019,229,6.21, ,0.00, ,284, ,1.6, ,28.6, ,16.5, ,21.3, ,84, ,43, ,63, ,14.0, ,5.0, ,431.0, ,23.0, 
140,Twitchell Island,San Francisco Bay,8/18/2019,230,5.72, ,0.00, ,295, ,1.6, ,28.8, ,15.6, ,20.3, ,86, ,43, ,66, ,13.7, ,4.4, ,378.7, ,21.8, 
140,Twitchell Island,San Francisco Bay,8/19/2019,231,4.74, ,0.00, ,240, ,1.6, ,27.7, ,15.1, ,20.3, ,88, ,46, ,67, ,13.9, ,4.4, ,376.4, ,21.5, 
140,Twitchell Island,San Francisco Bay,8/20/2019,232,5.24, ,0.00, ,242, ,1.6, ,28.7, ,16.1, ,20.9, ,84, ,43, ,65, ,14.1, ,4.9, ,424.1, ,21.5, 
140,Twitchell Island,San Francisco Bay,8/21/2019,233,6.61, ,0.00, ,284, ,1.7, ,33.5, ,17.4, ,24.9, ,76, ,30, ,53, ,14.7, ,3.9, ,339.1, ,22.2, 
140,Twitchell Island,San Francisco Bay,8/22/2019,234,6.74, ,0.00, ,285, ,1.9,Y,37.4, ,21.2,Y,27.6,Y,82, ,30, ,50,Y,16.4,Y,3.5, ,301.6, ,23.7, 
140,Twitchell Island,San Francisco Bay,8/23/2019,235,6.72, ,0.00, ,285, ,1.7, ,34.1, ,16.9, ,25.0, ,79, ,33, ,53, ,14.7, ,3.6, ,310.4, ,23.7, 
140,Twitchell Island,San Francisco Bay,8/24/2019,236,6.74, ,0.00, ,267, ,1.6, ,32.3, ,16.8, ,23.9, ,87, ,34, ,54, ,14.1, ,4.8, ,415.7, ,23.0, 
140,Twitchell Island,San Francisco Bay,8/25/2019,237,6.82, ,0.00, ,264, ,1.5, ,35.3, ,16.5, ,26.4, ,79, ,29, ,43, ,12.7, ,3.3, ,281.9, ,23.5, 
140,Twitchell Island,San Francisco Bay,8/26/2019,238,7.80, ,0.00, ,284, ,1.3, ,37.2, ,19.7,Y,27.4, ,56, ,24, ,36, ,10.9, ,4.0, ,342.4, ,23.6, 
140,Twitchell Island,San Francisco Bay,8/27/2019,239,7.35, ,0.00, ,251, ,1.2, ,34.8, ,15.8, ,26.0, ,68, ,20, ,35, ,9.5, ,4.0, ,347.5, ,23.5, 
140,Twitchell Island,San Francisco Bay,8/28/2019,240,6.17, ,0.00, ,232, ,1.6, ,28.0, ,18.1, ,22.1, ,77, ,44, ,59, ,13.8, ,6.3, ,542.9, ,23.1, 
140,Twitchell Island,San Francisco Bay,8/29/2019,241,5.96, ,0.00, ,259, ,1.7, ,28.0, ,18.4, ,22.0, ,81, ,47, ,64, ,14.9, ,5.8, ,498.2, ,22.6, 
140,Twitchell Island,San Francisco Bay,8/30/2019,242,5.53, ,0.00, ,276, ,1.6, ,35.5, ,17.3, ,23.9, ,79, ,29, ,54, ,14.2, ,2.9, ,246.3, ,22.7, 
140,Twitchell Island,San Francisco Bay,8/31/2019,243,5.93, ,0.00, ,290, ,1.5, ,36.7, ,12.8, ,25.3, ,92, ,20, ,46, ,12.8, ,2.1, ,177.8, ,23.2, 
140,Twitchell Island,San Francisco Bay,9/1/2019,244,6.52, ,0.00, ,281, ,1.4, ,35.9, ,18.7, ,26.8, ,64, ,19, ,40, ,12.2, ,2.7, ,236.3, ,23.7, 
140,Twitchell Island,San Francisco Bay,9/2/2019,245,6.63, ,0.00, ,263, ,1.4, ,34.3, ,18.6, ,25.3, ,68, ,25, ,44, ,12.3, ,3.8, ,324.5, ,23.8, 
140,Twitchell Island,San Francisco Bay,9/3/2019,246,5.94, ,0.00, ,265, ,1.5, ,33.0, ,16.6, ,23.6, ,80, ,24, ,50, ,12.6, ,4.0, ,342.1, ,23.3, 
140,Twitchell Island,San Francisco Bay,9/4/2019,247,5.69, ,0.00, ,234, ,1.5, ,36.4, ,16.2, ,25.3, ,72, ,24, ,45, ,12.6, ,2.8, ,238.4, ,23.3, 
140,Twitchell Island,San Francisco Bay,9/5/2019,248,4.56, ,0.00, ,192, ,1.5, ,30.0, ,16.9, ,21.9, ,80, ,34, ,58, ,13.3, ,4.5, ,389.3, ,22.9, 
140,Twitchell Island,San Francisco Bay,9/6/2019,249,5.89, ,0.00, ,271, ,1.5, ,31.6, ,16.4, ,22.4, ,81, ,31, ,54, ,12.7, ,4.0, ,346.6, ,22.4, 
140,Twitchell Island,San Francisco Bay,9/7/2019,250,4.82, ,0.00, ,228, ,1.5, ,24.3, ,14.6, ,19.4, ,83, ,54, ,67, ,13.2, ,4.8, ,417.9, ,21.8, 
140,Twitchell Island,San Francisco Bay,9/8/2019,251,4.77, ,0.00, ,232, ,1.5, ,28.7, ,16.5, ,21.4, ,77, ,34, ,57, ,12.6, ,3.4, ,295.6, ,21.5, 
140,Twitchell Island,San Francisco Bay,9/9/2019,252,5.63, ,0.00, ,238, ,1.4, ,28.8, ,16.8, ,21.2, ,77, ,36, ,57, ,12.3, ,4.8, ,415.4, ,21.7, 
140,Twitchell Island,San Francisco Bay,9/10/2019,253,4.66, ,0.00, ,231, ,1.4, ,27.8, ,12.3, ,20.6, ,86, ,35, ,57, ,11.7, ,3.1, ,270.8, ,21.4, 
140,Twitchell Island,San Francisco Bay,9/11/2019,254,4.90, ,0.00, ,246, ,1.4, ,33.0, ,15.5, ,22.9, ,83, ,20, ,51, ,12.3, ,2.6, ,221.5, ,21.9, 
140,Twitchell Island,San Francisco Bay,9/12/2019,255,5.24, ,0.00, ,260, ,1.3, ,35.1, ,11.1, ,23.7, ,89, ,18, ,44, ,10.9, ,1.6, ,136.3, ,22.1, 
140,Twitchell Island,San Francisco Bay,9/13/2019,256,5.25, ,0.00, ,263, ,1.3, ,38.5,Y,12.0, ,24.6, ,90, ,13, ,41, ,10.4, ,1.3, ,115.4, ,22.1, 
140,Twitchell Island,San Francisco Bay,9/14/2019,257,5.27, ,0.00, ,260, ,1.4, ,36.5, ,12.5, ,24.4, ,88, ,19, ,44, ,11.4, ,1.6, ,140.1, ,22.3, 
140,Twitchell Island,San Francisco Bay,9/15/2019,258,5.02, ,0.00, ,209, ,1.5, ,29.4, ,14.9, ,21.0, ,82, ,33, ,61, ,13.1, ,4.4, ,382.0, ,22.0, 
140,Twitchell Island,San Francisco Bay,9/16/2019,259,3.73, ,3.20, ,172, ,1.5, ,24.6, ,16.0, ,19.9, ,91, ,43, ,66, ,13.4, ,4.2, ,361.2, ,21.2, 
140,Twitchell Island,San Francisco Bay,9/17/2019,260,4.78, ,0.00, ,250, ,1.3, ,27.2, ,13.4, ,19.7, ,82, ,26, ,57, ,11.0, ,3.3, ,282.9, ,20.3, 
140,Twitchell Island,San Francisco Bay,9/18/2019,261,3.71, ,0.00, ,182, ,1.6, ,26.2, ,16.1, ,20.0, ,84, ,48, ,66, ,13.5, ,3.5, ,303.4, ,20.6, 
140,Twitchell Island,San Francisco Bay,9/19/2019,262,4.45, ,0.00, ,241, ,1.3, ,27.6, ,11.1, ,19.4, ,91, ,31, ,57, ,10.7, ,2.4, ,207.8, ,20.3, 
140,Twitchell Island,San Francisco Bay,9/20/2019,263,4.93, ,0.00, ,239, ,1.2, ,30.2, ,11.0, ,21.5, ,74, ,22, ,45, ,9.1, ,2.3, ,195.2, ,20.5, 
140,Twitchell Island,San Francisco Bay,9/21/2019,264,5.16, ,0.00, ,244, ,1.2, ,31.6, ,12.8, ,22.6, ,71, ,24, ,43, ,9.5, ,2.3, ,196.9, ,20.8, 
140,Twitchell Island,San Francisco Bay,9/22/2019,265,4.30, ,0.00, ,213, ,1.3, ,32.0, ,10.3, ,21.4, ,92, ,28, ,52, ,11.2, ,1.8, ,159.0, ,20.8, 
140,Twitchell Island,San Francisco Bay,9/23/2019,266,5.41, ,0.00, ,226, ,1.3, ,33.0, ,15.8, ,24.1, ,85, ,24, ,44, ,11.0, ,3.4, ,290.8, ,21.3, 
140,Twitchell Island,San Francisco Bay,9/24/2019,267,6.37, ,0.00, ,238, ,1.1, ,37.6, ,20.2,Y,28.2,Y,43, ,17, ,30,Y,8.7,Y,3.0, ,256.3, ,22.1, 
140,Twitchell Island,San Francisco Bay,9/25/2019,268,4.69, ,0.00, ,231, ,1.5, ,36.6, ,17.6, ,26.5,Y,72, ,26, ,44,Y,13.4,Y,1.4, ,122.6, ,22.8,Y
140,Twitchell Island,San Francisco Bay,9/26/2019,269,5.82, ,0.00, ,221, ,1.6, ,27.1, ,17.9,Y,22.6, ,82, ,45, ,60, ,14.4, ,6.6,Y,569.8,Y,22.6,Y
140,Twitchell Island,San Francisco Bay,9/27/2019,270,4.04, ,0.00, ,192, ,1.5, ,23.8, ,14.0, ,18.5, ,85, ,58, ,72, ,13.4, ,5.8, ,498.4, ,21.1, 
140,Twitchell Island,San Francisco Bay,9/28/2019,271,3.85, ,0.00, ,186, ,1.1, ,23.2, ,8.6, ,16.5, ,85, ,31, ,58, ,8.2, ,4.0, ,348.2, ,19.5, 
140,Twitchell Island,San Francisco Bay,9/29/2019,272,4.36, ,0.00, ,226, ,1.0, ,21.5, ,7.0, ,15.1, ,91, ,30, ,57, ,6.6, ,3.9, ,334.3, ,18.5, 
140,Twitchell Island,San Francisco Bay,9/30/2019,273,3.79, ,0.00, ,223, ,1.0, ,21.0, ,7.2, ,14.7, ,90, ,34, ,59, ,6.8, ,3.2, ,273.5, ,18.3, 
140,Twitchell Island,San Francisco Bay,10/1/2019,274,4.18, ,0.00, ,222, ,0.9, ,24.6, ,8.1, ,15.9, ,81, ,21, ,49, ,5.0, ,2.6, ,226.5, ,17.9, 
140,Twitchell Island,San Francisco Bay,10/2/2019,275,3.98, ,0.00, ,229, ,0.8, ,27.8, ,6.1, ,16.7, ,93, ,19, ,44, ,4.5, ,2.0, ,169.8, ,18.0, 
140,Twitchell Island,San Francisco Bay,10/3/2019,276,4.34, ,0.00, ,222, ,1.0, ,25.3, ,5.5, ,16.3, ,93, ,28, ,53, ,6.7, ,3.0, ,258.6, ,18.1, 
140,Twitchell Island,San Francisco Bay,10/4/2019,277,4.58, ,0.00, ,225, ,0.9, ,25.8, ,10.4, ,17.1, ,69, ,19, ,44, ,4.6, ,3.3, ,288.1, ,17.8, 
140,Twitchell Island,San Francisco Bay,10/5/2019,278,4.31, ,0.00, ,219, ,0.9, ,28.7, ,7.5, ,18.0, ,76, ,19, ,42, ,5.0, ,1.8, ,154.7, ,18.2, 
140,Twitchell Island,San Francisco Bay,10/6/2019,279,4.10, ,0.00, ,217, ,1.0, ,31.6, ,8.4, ,19.7, ,79, ,20, ,42, ,6.4, ,1.5, ,129.4, ,18.5, 
140,Twitchell Island,San Francisco Bay,10/7/2019,280,4.14, ,0.00, ,213, ,1.0, ,35.0, ,10.9, ,20.8, ,80, ,15, ,42, ,7.4, ,1.4, ,124.4, ,18.9, 
140,Twitchell Island,San Francisco Bay,10/8/2019,281,4.37, ,0.00, ,196, ,1.1, ,30.6, ,9.0, ,20.5, ,87, ,21, ,44, ,7.9, ,2.2, ,194.2, ,19.0, 
140,Twitchell Island,San Francisco Bay,10/9/2019,282,6.13, ,0.00, ,195, ,0.6,Y,24.7, ,11.7, ,18.9, ,65, ,13, ,26,Y,-1.2,Y,5.2, ,449.8, ,18.4, 
140,Twitchell Island,San Francisco Bay,10/10/2019,283,5.57, ,0.00, ,201, ,0.4,Y,25.6, ,6.7, ,16.9, ,67, ,11, ,23,Y,-4.2,Y,3.9, ,338.9, ,17.7, 
140,Twitchell Island,San Francisco Bay,10/11/2019,284,3.46, ,0.00, ,192, ,0.7, ,27.5, ,5.0, ,15.1, ,83, ,18, ,42, ,2.4, ,1.4, ,119.4, ,17.2, 
140,Twitchell Island,San Francisco Bay,10/12/2019,285,3.25, ,0.00, ,202, ,0.8, ,28.8, ,3.1,Y,14.9, ,92, ,17, ,50, ,4.6, ,1.1, ,97.5, ,16.9, 
140,Twitchell Island,San Francisco Bay,10/13/2019,286,3.53, ,0.00, ,199, ,0.8, ,29.1, ,5.9, ,16.3, ,86, ,19, ,45, ,4.5, ,1.7, ,147.0, ,17.0, 
140,Twitchell Island,San Francisco Bay,10/14/2019,287,3.49, ,0.00, ,204, ,1.0, ,26.5, ,6.7, ,16.8, ,83, ,23, ,50, ,6.2, ,2.3, ,201.6, ,17.1, 
140,Twitchell Island,San Francisco Bay,10/15/2019,288,3.07, ,0.00, ,202, ,1.0, ,27.7, ,5.1, ,16.0, ,96, ,27, ,57, ,7.5, ,1.3, ,113.3, ,17.3, 
140,Twitchell Island,San Francisco Bay,10/16/2019,289,2.63, ,0.00, ,132, ,1.1, ,23.1, ,4.7, ,15.5, ,95, ,33, ,63, ,8.4, ,2.5, ,213.7, ,17.2, 
140,Twitchell Island,San Francisco Bay,10/17/2019,290,3.73, ,0.00, ,191, ,1.2, ,24.1, ,12.9, ,16.9, ,87, ,33, ,63, ,9.8, ,4.2, ,363.7, ,17.6, 
140,Twitchell Island,San Francisco Bay,10/18/2019,291,3.29, ,0.00, ,170, ,1.1, ,22.2, ,11.0, ,15.8, ,81, ,47, ,64, ,9.0, ,3.8, ,330.3, ,17.3, 
140,Twitchell Island,San Francisco Bay,10/19/2019,292,3.03, ,0.00, ,153, ,1.3, ,22.3, ,13.2, ,16.8, ,89, ,57, ,70, ,11.3, ,4.1, ,350.4, ,17.5, 
140,Twitchell Island,San Francisco Bay,10/20/2019,293,3.78, ,0.00, ,187, ,1.1, ,25.1, ,12.8, ,18.2, ,91, ,24, ,51, ,7.9, ,3.1, ,267.8, ,17.7, 
140,Twitchell Island,San Francisco Bay,10/21/2019,294,4.25, ,0.00, ,187, ,1.0, ,30.3, ,9.4, ,19.5, ,89, ,20, ,45, ,7.3, ,2.5, ,213.4, ,18.0, 
140,Twitchell Island,San Francisco Bay,10/22/2019,295,3.35, ,0.00, ,186, ,1.1, ,30.5, ,7.3, ,18.7, ,83, ,26, ,50, ,8.0, ,1.5, ,129.3, ,17.9, 
140,Twitchell Island,San Francisco Bay,10/23/2019,296,4.61,R,0.00, ,175, ,0.9, ,31.5, ,10.7, ,22.3,Y,82, ,16, ,33,Y,5.5,Y,2.8, ,238.3, ,18.2, 
140,Twitchell Island,San Francisco Bay,10/24/2019,297,4.09, ,0.00, ,181, ,0.7, ,32.2, ,8.1, ,19.6, ,65, ,11, ,30, ,1.7, ,1.8, ,157.9, ,18.2, 
140,Twitchell Island,San Francisco Bay,10/25/2019,298,2.99, ,0.00, ,177, ,0.9, ,33.6,Y,6.9, ,17.4, ,82, ,17, ,46, ,5.8, ,1.1, ,98.2, ,17.5, 
140,Twitchell Island,San Francisco Bay,10/26/2019,299,2.64, ,0.00, ,149, ,0.9, ,27.1, ,6.4, ,16.8, ,84, ,27, ,48, ,5.9, ,1.4, ,123.2, ,17.3, 
140,Twitchell Island,San Francisco Bay,10/27/2019,300,7.26, ,0.00, ,177, ,0.4,Y,22.4, ,12.1, ,16.1, ,27, ,13, ,21,Y,-6.5,Y,7.8,R,675.0,R,16.2, 
140,Twitchell Island,San Francisco Bay,10/28/2019,301,3.12, ,0.60, ,179,R,0.4,Y,24.0, ,3.5, ,12.9, ,68, ,11, ,28,Y,-5.4,Y,1.8, ,158.9, ,15.7, 
140,Twitchell Island,San Francisco Bay,10/29/2019,302,4.07, ,0.00, ,172, ,0.4,Y,21.3, ,2.1, ,12.6, ,80, ,13, ,30,Y,-4.7,Y,3.4, ,290.9, ,14.8, 
140,Twitchell Island,San Francisco Bay,10/30/2019,303,3.04, ,0.00, ,172, ,0.4,Y,23.2, ,-0.7,Y,11.4, ,68, ,12, ,29,Y,-6.1,Y,1.7, ,144.5, ,14.5, 
140,Twitchell Island,San Francisco Bay,10/31/2019,304,2.64, ,0.00, ,173, ,0.5,Y,24.6, ,0.2,Y,11.5, ,76, ,11, ,37,Y,-2.7,Y,1.3, ,111.6, ,14.2, 
140,Twitchell Island,San Francisco Bay,11/1/2019,305,2.36, ,0.00, ,167, ,0.7, ,26.0, ,0.7, ,11.2, ,93, ,15, ,49, ,1.0, ,0.9, ,75.8, ,13.9, 
140,Twitchell Island,San Francisco Bay,11/2/2019,306,2.34, ,0.00, ,163, ,0.7, ,24.8, ,1.5, ,11.8, ,84, ,23, ,52, ,2.3, ,0.8, ,70.2, ,14.1, 
140,Twitchell Island,San Francisco Bay,11/3/2019,307,2.41, ,0.00, ,160, ,0.8, ,28.6,Y,3.1, ,13.1, ,91, ,16, ,51, ,3.1, ,0.7, ,58.6, ,14.3, 
140,Twitchell Island,San Francisco Bay,11/4/2019,308,2.41, ,0.00, ,156, ,0.8, ,27.5, ,3.8, ,13.9, ,87, ,21, ,51, ,3.8, ,0.9, ,75.2, ,14.7, 
140,Twitchell Island,San Francisco Bay,11/5/2019,309,2.37, ,0.00, ,157, ,0.9, ,28.9,Y,3.4, ,14.6, ,86, ,23, ,53, ,5.2, ,0.8, ,66.5, ,14.9, 
140,Twitchell Island,San Francisco Bay,11/6/2019,310,2.33, ,0.00, ,152, ,1.0, ,27.5,Y,4.6, ,14.8, ,96, ,29, ,61, ,7.2, ,1.2, ,107.2, ,15.1, 
140,Twitchell Island,San Francisco Bay,11/7/2019,311,2.21, ,0.00, ,146, ,1.1, ,27.1, ,3.7, ,14.2, ,98, ,33, ,67, ,8.2, ,1.4, ,121.3, ,15.3, 
140,Twitchell Island,San Francisco Bay,11/8/2019,312,2.47, ,0.00, ,151, ,1.0, ,27.7,Y,4.2, ,15.2, ,99, ,24, ,61, ,7.7, ,1.4, ,122.2, ,15.5, 
140,Twitchell Island,San Francisco Bay,11/9/2019,313,2.27, ,0.00, ,146, ,1.0, ,27.9,Y,5.4, ,15.2, ,95, ,29, ,59, ,7.3, ,1.2, ,107.9, ,15.6, 
140,Twitchell Island,San Francisco Bay,11/10/2019,314,2.07, ,0.00, ,140, ,1.0, ,26.4, ,4.8, ,13.9, ,98, ,31, ,65, ,7.5, ,0.9, ,81.6, ,15.5, 
140,Twitchell Island,San Francisco Bay,11/11/2019,315,2.09, ,0.00, ,138, ,1.1, ,28.2,Y,5.9, ,14.9, ,97, ,29, ,64, ,8.0, ,0.8, ,70.0, ,15.7, 
140,Twitchell Island,San Francisco Bay,11/12/2019,316,1.98, ,0.00, ,126, ,1.1, ,25.9,Y,7.0, ,14.5, ,94, ,33, ,64, ,7.7, ,1.0, ,84.5, ,15.6, 
140,Twitchell Island,San Francisco Bay,11/13/2019,317,1.70, ,0.00, ,106, ,1.1, ,25.8,Y,6.4, ,14.7, ,97, ,37, ,67, ,8.7, ,1.3, ,116.0, ,15.4, 
140,Twitchell Island,San Francisco Bay,11/14/2019,318,1.88, ,0.00, ,105, ,1.3, ,19.6, ,9.6, ,14.2, ,88, ,59, ,78, ,10.4, ,4.0, ,349.5, ,15.5, 
140,Twitchell Island,San Francisco Bay,11/15/2019,319,1.93, ,0.00, ,131, ,1.2, ,22.1, ,9.4, ,14.5, ,92, ,48, ,75, ,10.1, ,2.0, ,177.0, ,15.5, 
140,Twitchell Island,San Francisco Bay,11/16/2019,320,1.69, ,0.00, ,114, ,1.2, ,23.0, ,4.9, ,13.6, ,99, ,43, ,76, ,9.5, ,1.5, ,133.8, ,15.6, 
140,Twitchell Island,San Francisco Bay,11/17/2019,321,1.82, ,0.00, ,130, ,1.2, ,26.7,Y,5.7, ,13.6, ,99, ,38, ,74, ,9.1, ,0.9, ,77.9, ,15.2, 
140,Twitchell Island,San Francisco Bay,11/18/2019,322,1.84, ,0.10, ,129, ,1.2, ,27.1,Y,3.5, ,13.8, ,100, ,37, ,74, ,9.3, ,0.9, ,78.7, ,15.0, 
140,Twitchell Island,San Francisco Bay,11/19/2019,323,2.40, ,0.00, ,127, ,1.2, ,19.7, ,8.2, ,14.8, ,98, ,50, ,71, ,9.6, ,4.1, ,352.3, ,15.2, 
140,Twitchell Island,San Francisco Bay,11/20/2019,324,4.02, ,0.00, ,104, ,0.7, ,21.2, ,8.6, ,14.9, ,81, ,24, ,42, ,2.1, ,4.9,Y,424.7,Y,14.8, 
140,Twitchell Island,San Francisco Bay,11/21/2019,325,1.54, ,0.00, ,121, ,1.0, ,18.8, ,6.0, ,11.6, ,96, ,49, ,74, ,7.1, ,1.4, ,118.3, ,14.6, 
140,Twitchell Island,San Francisco Bay,11/22/2019,326,1.78, ,0.00, ,122, ,0.9, ,21.6, ,3.4, ,11.3, ,99, ,38, ,70, ,6.1, ,1.2, ,107.4, ,14.1, 
140,Twitchell Island,San Francisco Bay,11/23/2019,327,1.85, ,0.00, ,125, ,0.9, ,21.7, ,2.4, ,11.0, ,97, ,32, ,68, ,5.3, ,1.0, ,88.7, ,13.6, 
140,Twitchell Island,San Francisco Bay,11/24/2019,328,1.65, ,0.00, ,123, ,0.8, ,23.2,Y,0.6, ,9.9, ,100, ,32, ,69, ,4.5, ,1.1, ,91.9, ,13.1, 
140,Twitchell Island,San Francisco Bay,11/25/2019,329,3.41, ,0.00, ,129, ,0.6, ,17.9, ,0.9, ,10.8, ,97, ,19, ,43, ,-1.2, ,3.8, ,326.1, ,12.5, 
140,Twitchell Island,San Francisco Bay,11/26/2019,330,1.12, ,11.70, ,39, ,0.7, ,12.5, ,6.6, ,8.9, ,92, ,38, ,58, ,1.0, ,4.3, ,367.8, ,11.8, 
140,Twitchell Island,San Francisco Bay,11/27/2019,331,1.07, ,0.80, ,76, ,0.9, ,12.4, ,4.3, ,7.7, ,93, ,60, ,81, ,4.7, ,3.4, ,289.9, ,11.0, 
140,Twitchell Island,San Francisco Bay,11/28/2019,332,0.58, ,0.10, ,59, ,0.8, ,10.0, ,3.0, ,6.1, ,97, ,73, ,88, ,4.3, ,2.3, ,195.1, ,11.0, 
140,Twitchell Island,San Francisco Bay,11/29/2019,333,1.36, ,0.20, ,110, ,0.8, ,12.8, ,3.0, ,6.9, ,95, ,50, ,78, ,3.3, ,2.5, ,219.4, ,10.4, 
140,Twitchell Island,San Francisco Bay,11/30/2019,334,0.64, ,2.40, ,25, ,0.8, ,9.0, ,2.1, ,6.3, ,97, ,73, ,84, ,3.9, ,6.2,Y,531.9,Y,9.3,Y
140,Twitchell Island,San Francisco Bay,12/1/2019,335,0.38, ,5.30, ,21, ,1.1, ,11.5, ,8.0, ,10.2, ,95, ,85, ,92, ,9.0, ,9.7,R,834.6,R,10.1, 
140,Twitchell Island,San Francisco Bay,12/2/2019,336,0.14, ,6.60, ,29, ,1.3, ,13.1, ,10.6, ,11.5, ,100, ,92, ,97, ,10.9, ,3.0, ,258.7, ,11.8, 
140,Twitchell Island,San Francisco Bay,12/3/2019,337,0.49, ,0.00, ,55, ,1.3, ,15.9, ,7.6, ,11.3, ,100, ,85, ,98, ,10.9, ,1.5, ,126.1, ,12.7, 
140,Twitchell Island,San Francisco Bay,12/4/2019,338,0.01, ,12.50, ,16, ,1.4, ,13.7, ,10.6, ,11.9, ,100, ,95, ,99, ,11.8, ,1.5, ,127.8, ,12.9, 
140,Twitchell Island,San Francisco Bay,12/5/2019,339,0.35, ,0.00, ,46, ,1.4, ,14.0, ,10.6, ,12.3, ,100, ,90, ,98, ,12.0, ,1.2, ,107.8, ,13.5, 
140,Twitchell Island,San Francisco Bay,12/6/2019,340,1.35, ,0.50, ,83, ,1.4, ,18.7, ,10.0, ,13.7, ,100, ,71, ,87, ,11.6, ,3.1, ,263.5, ,13.9, 
140,Twitchell Island,San Francisco Bay,12/7/2019,341,1.56, ,20.50, ,91, ,1.5,Y,20.1, ,10.8, ,14.3,Y,100, ,57, ,89,Y,12.6,Y,3.7, ,317.2, ,14.2, 
140,Twitchell Island,San Francisco Bay,12/8/2019,342,1.09, ,2.50, ,97, ,1.4, ,20.0, ,8.1, ,13.0, ,100, ,65, ,92, ,11.8, ,1.2, ,104.4, ,14.2, 
140,Twitchell Island,San Francisco Bay,12/9/2019,343,1.34, ,0.10, ,127, ,1.2, ,16.4, ,7.1, ,11.2, ,100, ,73, ,92, ,9.9, ,1.7, ,147.5, ,13.8, 
140,Twitchell Island,San Francisco Bay,12/10/2019,344,0.43, ,3.40, ,51, ,1.2, ,13.8, ,5.6, ,10.4, ,100, ,81, ,95, ,9.7, ,1.1, ,93.7, ,13.2, 
140,Twitchell Island,San Francisco Bay,12/11/2019,345,0.04, ,0.10, ,24, ,1.3, ,12.3, ,9.9, ,11.2, ,100, ,97, ,99, ,11.0, ,1.7, ,150.7, ,13.2, 
140,Twitchell Island,San Francisco Bay,12/12/2019,346,0.62, ,0.30, ,64, ,1.5,Y,18.0, ,11.4, ,13.6, ,100, ,82, ,97,Y,13.2,Y,1.9, ,160.7, ,13.6, 
140,Twitchell Island,San Francisco Bay,12/13/2019,347,0.06, ,1.60, ,25, ,1.5,Y,14.7, ,11.4,Y,13.2, ,100, ,99, ,100,Y,13.1,Y,1.5, ,126.1, ,14.3,Y
140,Twitchell Island,San Francisco Bay,12/14/2019,348,1.58, ,0.00, ,127, ,1.1, ,14.6, ,8.5, ,11.7, ,99, ,59, ,82, ,8.6, ,4.6, ,395.6, ,13.3, 
140,Twitchell Island,San Francisco Bay,12/15/2019,349,1.44, ,0.00, ,130,R,0.9, ,16.0, ,4.1, ,9.3, ,92, ,45, ,73, ,4.7, ,2.0, ,176.2, ,11.9, 
140,Twitchell Island,San Francisco Bay,12/16/2019,350,1.43, ,0.00, ,135,R,0.8, ,15.5, ,3.3, ,7.7, ,97, ,43, ,76, ,3.6, ,1.4, ,121.2, ,11.2, 
140,Twitchell Island,San Francisco Bay,12/17/2019,351,1.02, ,0.00, ,90, ,0.8, ,12.9, ,2.8, ,7.0, ,100, ,54, ,84, ,4.5, ,2.1, ,177.4, ,10.5, 
140,Twitchell Island,San Francisco Bay,12/18/2019,352,0.49, ,5.60, ,47, ,1.0, ,13.3, ,5.1, ,8.8, ,100, ,80, ,92, ,7.6, ,2.4, ,210.4, ,10.8, 
140,Twitchell Island,San Francisco Bay,12/19/2019,353,0.42, ,0.00, ,58, ,1.1, ,13.3, ,5.5, ,8.7, ,100, ,92, ,100, ,8.6, ,1.0, ,82.6, ,11.5, 
140,Twitchell Island,San Francisco Bay,12/20/2019,354,0.92, ,0.20, ,96, ,1.1, ,14.0, ,5.0, ,8.8, ,100, ,82, ,98, ,8.4, ,1.1, ,96.8, ,11.5, 
140,Twitchell Island,San Francisco Bay,12/21/2019,355,0.32, ,0.10, ,47, ,1.0, ,11.5, ,4.9, ,7.7, ,100, ,92, ,99, ,7.6, ,0.8, ,72.5, ,11.3, 
140,Twitchell Island,San Francisco Bay,12/22/2019,356,0.03, ,15.10, ,19, ,1.0, ,12.1, ,1.0, ,7.6, ,100, ,87, ,99, ,7.5, ,1.7, ,149.0, ,10.8, 
140,Twitchell Island,San Francisco Bay,12/23/2019,357,1.40, ,0.10, ,123, ,0.9, ,15.1, ,3.1, ,8.1, ,100, ,52, ,86, ,6.0, ,2.0, ,173.1, ,10.5, 
140,Twitchell Island,San Francisco Bay,12/24/2019,358,1.17, ,0.10, ,112, ,0.9, ,11.7, ,0.6, ,6.3, ,100, ,65, ,90, ,4.7, ,1.3, ,114.2, ,9.7, 
140,Twitchell Island,San Francisco Bay,12/25/2019,359,0.82, ,3.60, ,68, ,1.0, ,11.3, ,6.6, ,8.6, ,100, ,76, ,90, ,7.0, ,3.2, ,276.1, ,9.9, 
140,Twitchell Island,San Francisco Bay,12/26/2019,360,1.93, ,0.00, ,131,R,0.7, ,14.8, ,4.3, ,9.5, ,89, ,40, ,61, ,2.3, ,3.6, ,309.5, ,9.9, 
140,Twitchell Island,San Francisco Bay,12/27/2019,361,1.64, ,0.00, ,136,R,0.7, ,17.8, ,1.7, ,8.4, ,94, ,39, ,60, ,1.1, ,1.9, ,160.9, ,9.5, 
140,Twitchell Island,San Francisco Bay,12/28/2019,362,1.36, ,0.00, ,134,R,0.8, ,15.7, ,-0.3, ,6.3, ,100, ,48, ,83, ,3.6, ,1.2, ,107.1, ,8.9, 
140,Twitchell Island,San Francisco Bay,12/29/2019,363,0.35, ,6.50, ,39, ,1.0, ,12.3, ,4.5, ,8.0, ,100, ,76, ,94, ,7.1, ,2.2, ,188.3, ,9.1, 
140,Twitchell Island,San Francisco Bay,12/30/2019,364,1.49, ,0.00, ,136,R,1.0, ,16.3, ,2.8, ,9.6, ,100, ,57, ,83, ,6.9, ,2.1, ,182.3, ,9.8, 
140,Twitchell Island,San Francisco Bay,12/31/2019,365,1.24, ,0.00, ,121, ,0.9, ,15.8, ,0.7, ,7.5, ,100, ,56, ,88, ,5.7, ,1.2, ,104.3, ,9.7, 
140,Twitchell Island,San Francisco Bay,1/1/2020,001,1.04, ,0.00, ,98, ,1.1, ,18.0, ,3.4, ,9.1, ,100, ,73, ,94, ,8.1, ,1.3, ,116.6, ,9.9, 
140,Twitchell Island,San Francisco Bay,1/2/2020,002,1.43, ,0.00, ,132,R,1.0, ,17.9, ,3.8, ,10.3, ,100, ,56, ,83, ,7.6, ,1.5, ,126.1, ,10.3, 
140,Twitchell Island,San Francisco Bay,1/3/2020,003,1.17, ,0.00, ,122, ,1.0, ,14.2, ,2.8, ,7.8, ,100, ,79, ,96, ,7.2, ,1.5, ,126.8, ,10.2, 
140,Twitchell Island,San Francisco Bay,1/4/2020,004,1.11, ,0.30, ,99, ,1.1, ,15.8, ,2.6, ,9.1, ,100, ,76, ,95, ,8.4, ,1.5, ,126.1, ,10.1, 
140,Twitchell Island,San Francisco Bay,1/5/2020,005,1.67, ,0.00, ,142,R,1.0, ,16.4, ,5.2, ,10.1, ,99, ,48, ,78, ,6.3, ,2.5, ,211.9, ,10.2, 
140,Twitchell Island,San Francisco Bay,1/6/2020,006,1.50, ,0.00, ,143,R,0.8, ,16.6, ,2.0, ,8.4, ,100, ,46, ,75, ,4.2, ,1.3, ,109.2, ,9.9, 
140,Twitchell Island,San Francisco Bay,1/7/2020,007,0.55, ,0.10, ,81, ,0.9, ,9.6, ,0.9, ,5.0, ,100, ,88, ,100, ,5.0, ,1.6, ,137.4, ,9.2, 
140,Twitchell Island,San Francisco Bay,1/8/2020,008,0.64, ,0.10, ,77, ,1.0, ,12.6, ,4.5, ,7.7, ,100, ,86, ,98, ,7.4, ,1.6, ,140.2, ,9.4, 
140,Twitchell Island,San Francisco Bay,1/9/2020,009,0.41, ,4.70, ,56, ,1.1, ,12.2, ,4.7, ,8.4, ,100, ,77, ,96, ,7.8, ,2.3, ,198.5, ,9.8, 
140,Twitchell Island,San Francisco Bay,1/10/2020,010,1.43, ,0.00, ,144,R,0.8, ,12.9, ,2.0, ,7.6, ,100, ,57, ,81, ,4.6, ,1.4, ,124.2, ,9.4, 
140,Twitchell Island,San Francisco Bay,1/11/2020,011,1.80, ,0.00, ,143,R,1.0, ,15.6, ,5.8, ,9.7, ,100, ,56, ,83, ,7.0, ,2.5, ,212.1, ,9.7, 
140,Twitchell Island,San Francisco Bay,1/12/2020,012,1.04, ,0.00, ,90, ,0.9, ,12.9, ,5.1, ,8.2, ,97, ,64, ,83, ,5.4, ,2.6, ,226.5, ,9.4, 
140,Twitchell Island,San Francisco Bay,1/13/2020,013,1.47, ,0.40, ,120, ,1.0, ,14.1, ,3.8, ,10.0, ,99, ,62, ,83, ,7.1, ,2.6, ,226.4, ,9.6, 
140,Twitchell Island,San Francisco Bay,1/14/2020,014,1.90, ,2.30, ,154,R,0.9, ,13.5, ,2.6, ,9.4, ,98, ,55, ,79, ,6.0, ,3.2, ,279.5, ,10.1, 
140,Twitchell Island,San Francisco Bay,1/15/2020,015,1.22, ,0.00, ,113, ,0.8, ,11.5, ,1.3, ,6.5, ,100, ,63, ,87, ,4.5, ,1.2, ,105.8, ,9.5, 
140,Twitchell Island,San Francisco Bay,1/16/2020,016,0.43, ,10.00, ,38, ,0.9, ,10.3, ,4.6, ,7.5, ,100, ,78, ,90, ,5.9, ,3.9, ,333.8, ,8.8, 
140,Twitchell Island,San Francisco Bay,1/17/2020,017,0.57, ,0.00, ,74, ,0.9, ,8.9, ,3.8, ,5.6, ,100, ,99, ,100, ,5.6, ,1.7, ,143.6, ,8.7, 
140,Twitchell Island,San Francisco Bay,1/18/2020,018,1.28, ,0.00, ,114, ,0.9, ,14.0, ,3.6, ,7.3, ,100, ,61, ,89, ,5.6, ,1.5, ,128.9, ,9.1, 
140,Twitchell Island,San Francisco Bay,1/19/2020,019,0.05, ,0.00, ,27, ,0.9, ,7.6, ,2.3, ,5.4, ,100, ,93, ,100, ,5.3, ,1.7, ,145.3, ,8.9, 
140,Twitchell Island,San Francisco Bay,1/20/2020,020,0.33, ,0.00, ,48, ,1.0, ,10.4, ,3.7, ,6.9, ,100, ,93, ,100, ,6.8, ,1.1, ,99.1, ,8.9, 
140,Twitchell Island,San Francisco Bay,1/21/2020,021,0.89, ,0.40, ,83, ,1.2, ,14.7, ,2.4, ,10.2, ,100, ,86, ,98, ,9.8, ,2.3, ,195.3, ,9.6, 
140,Twitchell Island,San Francisco Bay,1/22/2020,022,1.70, ,0.60, ,148, ,1.3, ,18.5, ,7.5, ,12.2, ,100, ,63, ,90, ,10.7, ,1.1, ,98.2, ,11.1, 
140,Twitchell Island,San Francisco Bay,1/23/2020,023,0.77, ,0.00, ,77, ,1.2, ,14.7, ,5.0, ,10.2, ,100, ,85, ,97, ,9.8, ,1.1, ,92.4, ,10.9, 
140,Twitchell Island,San Francisco Bay,1/24/2020,024,1.82, ,0.00, ,152,R,1.3, ,19.1, ,5.6, ,12.0, ,100, ,69, ,92, ,10.8, ,1.6, ,135.5, ,11.4, 
140,Twitchell Island,San Francisco Bay,1/25/2020,025,0.88, ,0.70, ,97, ,1.4,Y,15.7, ,7.6, ,11.6, ,100, ,95, ,100,Y,11.5,Y,1.4, ,117.3, ,12.0, 
140,Twitchell Island,San Francisco Bay,1/26/2020,026,2.01, ,4.70, ,155,R,1.3,Y,17.3, ,9.8, ,13.5,Y,100, ,67, ,86,Y,11.2,Y,3.2, ,279.6, ,12.5, 
140,Twitchell Island,San Francisco Bay,1/27/2020,027,2.03, ,0.00, ,161,R,1.2, ,16.6, ,8.5, ,12.5, ,96, ,71, ,85, ,9.9, ,3.7, ,318.1, ,12.1, 
140,Twitchell Island,San Francisco Bay,1/28/2020,028,1.01, ,0.20, ,97, ,1.3, ,17.1, ,6.7, ,11.4, ,100, ,72, ,94, ,10.4, ,2.4, ,203.4, ,12.0, 
140,Twitchell Island,San Francisco Bay,1/29/2020,029,2.26, ,0.00, ,164,R,1.2, ,18.7, ,7.8, ,12.4, ,100, ,55, ,80, ,9.1, ,2.7, ,230.9, ,12.0, 
140,Twitchell Island,San Francisco Bay,1/30/2020,030,1.48, ,0.00, ,126, ,1.2, ,20.4, ,6.5, ,10.8, ,100, ,54, ,90, ,9.2, ,1.6, ,140.3, ,11.8, 
140,Twitchell Island,San Francisco Bay,1/31/2020,031,1.85, ,0.00, ,159, ,1.2, ,19.4, ,5.7, ,11.4, ,100, ,64, ,90, ,9.9, ,1.0, ,82.4, ,11.8, 
140,Twitchell Island,San Francisco Bay,2/1/2020,032,1.18, ,0.20, ,122, ,1.2, ,20.5, ,3.7, ,10.1, ,100, ,67, ,96, ,9.5, ,0.7, ,60.9, ,11.7, 
140,Twitchell Island,San Francisco Bay,2/2/2020,033,2.58, ,0.00, ,165,R,0.9, ,15.1, ,4.9, ,10.8, ,100, ,25, ,69, ,5.4, ,4.1, ,356.4, ,11.1, 
140,Twitchell Island,San Francisco Bay,2/3/2020,034,3.33, ,0.00, ,197,R,0.5, ,13.2, ,3.1, ,7.4, ,85, ,22, ,46, ,-3.4, ,4.5, ,385.5, ,9.6, 
140,Twitchell Island,San Francisco Bay,2/4/2020,035,2.64, ,0.00, ,188,R,0.5, ,14.4, ,2.5, ,7.6, ,70, ,28, ,46, ,-3.2, ,3.3, ,288.7, ,9.2, 
140,Twitchell Island,San Francisco Bay,2/5/2020,036,2.23, ,0.00, ,184,R,0.7, ,18.0, ,1.0, ,9.0, ,95, ,38, ,59, ,1.4, ,1.4, ,123.6, ,9.2, 
140,Twitchell Island,San Francisco Bay,2/6/2020,037,2.16, ,0.00, ,191,R,0.8, ,20.2, ,2.4, ,9.3, ,100, ,41, ,73, ,4.6, ,1.1, ,95.0, ,9.6, 
140,Twitchell Island,San Francisco Bay,2/7/2020,038,2.23, ,0.00, ,194,R,0.9, ,20.4, ,3.4, ,10.2, ,100, ,45, ,76, ,6.1, ,1.1, ,94.8, ,9.9, 
140,Twitchell Island,San Francisco Bay,2/8/2020,039,2.34, ,0.00, ,183,R,0.9, ,18.2, ,0.8, ,9.8, ,100, ,33, ,77, ,5.9, ,2.3, ,195.1, ,10.1, 
140,Twitchell Island,San Francisco Bay,2/9/2020,040,4.80, ,0.00, ,203,R,0.5, ,17.3, ,8.1, ,12.1, ,48, ,31, ,39, ,-1.5, ,6.8,Y,587.9,Y,9.9, 
140,Twitchell Island,San Francisco Bay,2/10/2020,041,4.75, ,0.00, ,208,R,0.5, ,23.1,Y,9.5, ,15.2,Y,53, ,21, ,32,Y,-1.5,Y,4.7, ,410.1, ,10.2, 
140,Twitchell Island,San Francisco Bay,2/11/2020,042,3.44,R,0.00, ,208,R,0.7, ,24.4,Y,2.6, ,13.2, ,92, ,21, ,48, ,2.6, ,2.0, ,172.5, ,10.7, 
140,Twitchell Island,San Francisco Bay,2/12/2020,043,2.68, ,0.00, ,208,R,0.9, ,23.0,Y,3.4, ,11.3, ,99, ,32, ,67, ,5.5, ,1.3, ,112.4, ,10.7, 
140,Twitchell Island,San Francisco Bay,2/13/2020,044,2.43, ,0.00, ,203,R,1.1, ,16.5, ,1.0, ,9.7, ,100, ,67, ,87, ,7.7, ,2.3, ,201.6, ,10.5, 
140,Twitchell Island,San Francisco Bay,2/14/2020,045,2.28, ,0.00, ,195,R,1.1, ,19.9, ,3.1, ,10.9, ,100, ,50, ,82, ,7.9, ,1.8, ,156.3, ,10.5, 
140,Twitchell Island,San Francisco Bay,2/15/2020,046,2.36, ,0.00, ,190,R,1.1, ,21.0, ,2.5, ,11.5, ,100, ,51, ,77, ,7.7, ,1.2, ,105.1, ,10.8, 
140,Twitchell Island,San Francisco Bay,2/16/2020,047,3.10, ,0.00, ,204,R,1.1, ,19.3, ,10.0, ,13.5, ,96, ,52, ,70, ,8.1, ,4.2, ,364.3, ,11.2, 
140,Twitchell Island,San Francisco Bay,2/17/2020,048,4.55, ,0.00, ,211,R,0.6, ,22.4, ,9.8, ,15.1,Y,96, ,16, ,38,Y,0.7,Y,3.8, ,330.8, ,11.5, 
140,Twitchell Island,San Francisco Bay,2/18/2020,049,3.35, ,0.00, ,227,R,0.6, ,21.9, ,4.7, ,12.8, ,68, ,23, ,39, ,-0.6, ,1.7, ,149.8, ,11.4, 
140,Twitchell Island,San Francisco Bay,2/19/2020,050,3.17, ,0.00, ,220,R,0.7, ,21.3, ,1.7, ,10.8, ,97, ,28, ,56, ,2.5, ,1.5, ,130.4, ,10.9, 
140,Twitchell Island,San Francisco Bay,2/20/2020,051,3.07, ,0.00, ,210,R,0.9, ,21.8, ,3.3, ,12.0, ,99, ,36, ,61, ,4.7, ,1.6, ,136.6, ,10.9, 
140,Twitchell Island,San Francisco Bay,2/21/2020,052,3.51, ,0.00, ,221,R,0.8, ,24.6,Y,4.5, ,14.1, ,89, ,26, ,50, ,3.8, ,1.7, ,149.0, ,11.4, 
140,Twitchell Island,San Francisco Bay,2/22/2020,053,3.41, ,0.00, ,205,R,1.0, ,22.0, ,5.9, ,13.6, ,93, ,41, ,66, ,7.3, ,3.2, ,273.0, ,11.9, 
140,Twitchell Island,San Francisco Bay,2/23/2020,054,2.93, ,0.00, ,223,R,1.1, ,18.8, ,2.0, ,11.7, ,100, ,51, ,77, ,7.8, ,2.0, ,173.6, ,11.7, 
140,Twitchell Island,San Francisco Bay,2/24/2020,055,3.84, ,0.00, ,235,R,0.9, ,24.7,Y,5.7, ,14.3, ,99, ,16, ,57, ,5.8, ,2.6, ,224.8, ,12.1, 
140,Twitchell Island,San Francisco Bay,2/25/2020,056,4.11,R,0.00, ,239,R,0.7, ,25.8,Y,6.0, ,15.8,Y,79, ,22, ,39,Y,2.0,Y,2.2, ,187.2, ,12.2, 
140,Twitchell Island,San Francisco Bay,2/26/2020,057,3.29, ,0.00, ,234,R,1.1, ,26.3,R,5.9, ,14.2, ,98, ,35, ,67, ,8.1, ,1.2, ,107.3, ,12.3, 
140,Twitchell Island,San Francisco Bay,2/27/2020,058,3.70,R,0.00, ,238,R,1.0, ,26.8,R,4.4, ,14.5, ,100, ,28, ,62, ,7.4, ,1.3, ,112.4, ,12.5, 
140,Twitchell Island,San Francisco Bay,2/28/2020,059,3.17,R,0.00, ,208, ,1.1, ,26.7,R,5.8, ,15.0,Y,100, ,35, ,67,Y,8.8,Y,1.5, ,129.8, ,12.7, 
140,Twitchell Island,San Francisco Bay,2/29/2020,060,4.38, ,0.00, ,235,R,0.9, ,18.3, ,9.8, ,13.3, ,76, ,44, ,61, ,6.0, ,5.6, ,485.6, ,12.2, 
140,Twitchell Island,San Francisco Bay,3/1/2020,061,3.79, ,0.00, ,178, ,0.6, ,15.9, ,8.9, ,11.8, ,72, ,34, ,47, ,0.8, ,4.4, ,381.0, ,11.1, 
140,Twitchell Island,San Francisco Bay,3/2/2020,062,5.80, ,0.00, ,255,R,0.5, ,22.6, ,7.8, ,14.9, ,52, ,16, ,30, ,-2.4, ,5.2, ,445.7, ,10.9, 
140,Twitchell Island,San Francisco Bay,3/3/2020,063,3.79, ,0.00, ,253,R,0.9, ,26.0,Y,5.2, ,14.4, ,82, ,29, ,53, ,5.0, ,1.6, ,140.6, ,12.3, 
140,Twitchell Island,San Francisco Bay,3/4/2020,064,3.69, ,0.00, ,250,R,1.0, ,28.6,R,6.7, ,15.4, ,96, ,28, ,57, ,7.0, ,1.2, ,103.0, ,12.7, 
140,Twitchell Island,San Francisco Bay,3/5/2020,065,3.42, ,0.00, ,236,R,1.3, ,19.6, ,10.7, ,14.0, ,97, ,61, ,80, ,10.6, ,4.6, ,393.6, ,13.0, 
140,Twitchell Island,San Francisco Bay,3/6/2020,066,2.87, ,0.00, ,190, ,1.1, ,17.3, ,9.8, ,12.7, ,92, ,62, ,78, ,8.9, ,4.2, ,358.8, ,12.6, 
140,Twitchell Island,San Francisco Bay,3/7/2020,067,1.45, ,1.60, ,120, ,1.1, ,14.2, ,8.1, ,10.8, ,96, ,74, ,85, ,8.5, ,2.7, ,233.6, ,12.4, 
140,Twitchell Island,San Francisco Bay,3/8/2020,068,1.53, ,0.40, ,124, ,1.0, ,16.3, ,5.4, ,10.6, ,100, ,63, ,81, ,7.4, ,1.2, ,105.5, ,12.2, 
140,Twitchell Island,San Francisco Bay,3/9/2020,069,3.41, ,0.00, ,244,R,1.0, ,21.2, ,5.4, ,13.1, ,95, ,42, ,64, ,6.5, ,1.4, ,119.8, ,12.7, 
140,Twitchell Island,San Francisco Bay,3/10/2020,070,3.94, ,0.00, ,222, ,1.0, ,25.3, ,8.9, ,15.1, ,79, ,28, ,55, ,6.2, ,2.5, ,215.7, ,12.7, 
140,Twitchell Island,San Francisco Bay,3/11/2020,071,3.77, ,0.00, ,256,R,1.2, ,24.2, ,8.6, ,15.9, ,100, ,36, ,67, ,9.7, ,1.9, ,160.9, ,13.5, 
140,Twitchell Island,San Francisco Bay,3/12/2020,072,4.92, ,0.00, ,270,R,1.1, ,24.6, ,8.0, ,16.7, ,100, ,32, ,58, ,8.3, ,3.6, ,308.8, ,13.8, 
140,Twitchell Island,San Francisco Bay,3/13/2020,073,4.16, ,0.90,H,261,R,1.1, ,20.1, ,10.2, ,14.2, ,84, ,56, ,70, ,8.8, ,4.9, ,419.5, ,13.7, 
140,Twitchell Island,San Francisco Bay,3/14/2020,074,1.08, ,4.10, ,86, ,1.1, ,12.2, ,9.3, ,10.6, ,95, ,76, ,85, ,8.3, ,3.7, ,320.0, ,12.5, 
140,Twitchell Island,San Francisco Bay,3/15/2020,075,1.50, ,7.10, ,106, ,1.0, ,13.1, ,7.0, ,9.8, ,98, ,63, ,82, ,6.8, ,3.9, ,337.8, ,11.5, 
140,Twitchell Island,San Francisco Bay,3/16/2020,076,0.84, ,10.70, ,94, ,0.9, ,10.9,Y,4.6, ,7.1, ,100, ,77, ,89, ,5.4, ,2.0, ,172.2, ,11.1, 
140,Twitchell Island,San Francisco Bay,3/17/2020,077,2.37, ,0.00, ,186, ,0.9, ,15.3, ,3.8, ,8.7, ,99, ,52, ,81, ,5.6, ,2.4, ,210.0, ,11.0, 
140,Twitchell Island,San Francisco Bay,3/18/2020,078,1.71, ,0.10, ,138, ,1.0, ,14.2, ,7.0, ,9.9, ,98, ,58, ,81, ,6.9, ,1.5, ,130.7, ,11.9, 
140,Twitchell Island,San Francisco Bay,3/19/2020,079,3.34, ,0.00, ,261,R,1.0, ,19.0, ,5.5, ,11.3, ,100, ,43, ,72, ,6.4, ,1.4, ,118.3, ,12.7, 
140,Twitchell Island,San Francisco Bay,3/20/2020,080,3.40, ,0.00, ,243, ,1.0, ,20.3, ,3.3, ,11.4, ,100, ,39, ,71, ,6.4, ,1.4, ,121.3, ,12.6, 
140,Twitchell Island,San Francisco Bay,3/21/2020,081,3.40, ,0.00, ,239, ,1.1, ,18.7, ,4.0, ,11.8, ,100, ,49, ,77, ,8.0, ,1.7, ,149.8, ,12.8, 
140,Twitchell Island,San Francisco Bay,3/22/2020,082,3.48, ,0.00, ,243, ,1.1, ,23.4, ,3.6, ,13.0, ,100, ,35, ,73, ,8.2, ,2.1, ,181.4, ,13.0, 
140,Twitchell Island,San Francisco Bay,3/23/2020,083,3.93, ,0.00, ,256, ,1.1, ,16.5, ,7.6, ,12.3, ,100, ,62, ,75, ,8.0, ,4.0, ,346.3, ,12.9, 
140,Twitchell Island,San Francisco Bay,3/24/2020,084,2.23, ,0.90, ,155, ,1.0, ,16.2, ,5.2, ,10.5, ,99, ,53, ,78, ,6.9, ,2.4, ,207.9, ,12.5, 
140,Twitchell Island,San Francisco Bay,3/25/2020,085,4.06, ,0.00, ,289,R,0.8, ,15.2, ,2.5, ,9.3, ,100, ,45, ,72, ,4.4, ,2.9, ,248.4, ,11.7, 
140,Twitchell Island,San Francisco Bay,3/26/2020,086,3.81, ,0.00, ,276,R,0.8, ,17.3, ,3.7, ,10.0, ,94, ,34, ,64, ,3.5, ,2.6, ,226.8, ,11.5, 
140,Twitchell Island,San Francisco Bay,3/27/2020,087,4.43, ,0.00, ,289,R,0.9, ,16.6, ,6.7, ,11.1, ,85, ,50, ,68, ,5.5, ,4.4, ,380.7, ,11.5, 
140,Twitchell Island,San Francisco Bay,3/28/2020,088,1.71, ,3.60, ,135, ,1.1, ,15.1, ,6.5, ,10.7, ,100, ,68, ,89, ,9.0, ,1.5, ,133.5, ,12.3, 
140,Twitchell Island,San Francisco Bay,3/29/2020,089,2.79, ,0.00, ,201, ,1.2, ,18.3, ,8.8, ,12.4, ,100, ,51, ,81, ,9.3, ,1.8, ,158.5, ,13.1, 
140,Twitchell Island,San Francisco Bay,3/30/2020,090,4.21, ,0.00, ,287,R,1.1, ,19.2, ,8.5, ,13.5, ,95, ,54, ,73, ,8.9, ,2.8, ,239.8, ,13.4, 
140,Twitchell Island,San Francisco Bay,3/31/2020,091,4.35, ,0.00, ,274, ,1.3, ,20.6, ,7.8, ,14.3, ,99, ,62, ,80, ,10.9, ,4.3, ,368.4, ,13.9, 
140,Twitchell Island,San Francisco Bay,4/1/2020,092,4.63, ,0.00, ,307,R,0.9, ,20.0, ,7.7, ,12.9, ,85, ,30, ,58, ,4.9, ,3.6, ,312.5, ,13.2, 
140,Twitchell Island,San Francisco Bay,4/2/2020,093,5.71, ,0.00, ,323,R,0.6, ,21.0, ,7.3, ,13.3, ,63, ,17, ,38, ,-0.7, ,4.0, ,341.8, ,12.9, 
140,Twitchell Island,San Francisco Bay,4/3/2020,094,4.98, ,0.00, ,308,R,0.8, ,19.9, ,7.7, ,12.9, ,74, ,33, ,54, ,3.8, ,4.0, ,341.8, ,12.5, 
140,Twitchell Island,San Francisco Bay,4/4/2020,095,1.40, ,23.40, ,94, ,1.2, ,15.4, ,9.5, ,11.7, ,100, ,60, ,84, ,9.0, ,3.7, ,320.4, ,12.5, 
140,Twitchell Island,San Francisco Bay,4/5/2020,096,0.90, ,11.90, ,83, ,1.2, ,14.2, ,8.5, ,11.1, ,100, ,72, ,88, ,9.3, ,3.3, ,281.2, ,12.7, 
140,Twitchell Island,San Francisco Bay,4/6/2020,097,1.82, ,0.90, ,156, ,1.0, ,14.1, ,4.8, ,9.0, ,100, ,62, ,87, ,6.9, ,2.0, ,173.4, ,12.3, 
140,Twitchell Island,San Francisco Bay,4/7/2020,098,4.24, ,0.00, ,314,R,1.0, ,20.7, ,3.4, ,12.1, ,100, ,46, ,74, ,7.6, ,1.9, ,167.3, ,12.5, 
140,Twitchell Island,San Francisco Bay,4/8/2020,099,3.06, ,0.00, ,96, ,1.3, ,19.4, ,11.4, ,14.2, ,99, ,61, ,79, ,10.6, ,3.5, ,302.9, ,13.9, 
140,Twitchell Island,San Francisco Bay,4/9/2020,100,1.98, ,0.10, ,161, ,1.3, ,17.0, ,10.9, ,13.0, ,100, ,66, ,86, ,10.7, ,2.0, ,171.4, ,13.6, 
140,Twitchell Island,San Francisco Bay,4/10/2020,101,4.58, ,0.00, ,304,R,1.3, ,21.1, ,8.1, ,14.8, ,100, ,56, ,77, ,10.9, ,2.8, ,238.3, ,14.2, 
140,Twitchell Island,San Francisco Bay,4/11/2020,102,4.53, ,0.00, ,311,R,1.3, ,18.5, ,10.6, ,13.6, ,93, ,70, ,83, ,10.9, ,4.5, ,392.2, ,14.0, 
140,Twitchell Island,San Francisco Bay,4/12/2020,103,4.23, ,0.00, ,274, ,1.4, ,22.0, ,10.3, ,15.0, ,96, ,59, ,80, ,11.5, ,3.1, ,265.2, ,14.4, 
140,Twitchell Island,San Francisco Bay,4/13/2020,104,5.46, ,0.00, ,330,R,1.1, ,25.6, ,9.7, ,16.2, ,90, ,18, ,58, ,8.1, ,3.3, ,288.6, ,14.7, 
140,Twitchell Island,San Francisco Bay,4/14/2020,105,6.71, ,0.00, ,344,R,0.6, ,27.9, ,10.9, ,18.7, ,48, ,16, ,29, ,0.5, ,3.1, ,265.2, ,14.9, 
140,Twitchell Island,San Francisco Bay,4/15/2020,106,5.57, ,0.00, ,317,R,1.0, ,29.8, ,6.1, ,18.2, ,84, ,25, ,49, ,7.2, ,1.7, ,150.2, ,15.1, 
140,Twitchell Island,San Francisco Bay,4/16/2020,107,4.90, ,0.00, ,292, ,1.3, ,23.8, ,11.7, ,16.0, ,91, ,51, ,73, ,11.2, ,3.8, ,324.7, ,15.7, 
140,Twitchell Island,San Francisco Bay,4/17/2020,108,4.68, ,0.00, ,277, ,1.2, ,18.9, ,11.6, ,14.1, ,88, ,62, ,76, ,10.0, ,5.5, ,471.0, ,15.1, 
140,Twitchell Island,San Francisco Bay,4/18/2020,109,4.93, ,0.00, ,293, ,1.1, ,19.5, ,11.0, ,14.4, ,85, ,52, ,67, ,8.3, ,3.7, ,320.6, ,15.1, 
140,Twitchell Island,San Francisco Bay,4/19/2020,110,4.88, ,0.00, ,307, ,1.2, ,19.8, ,6.8, ,14.3, ,99, ,52, ,71, ,9.1, ,3.2, ,278.1, ,15.1, 
140,Twitchell Island,San Francisco Bay,4/20/2020,111,4.10,R,0.00, ,217, ,1.1, ,19.3, ,11.5, ,14.4, ,81, ,57, ,69, ,8.9, ,4.1, ,357.0, ,15.1, 
140,Twitchell Island,San Francisco Bay,4/21/2020,112,5.88, ,0.00, ,334,R,1.2, ,23.8, ,10.5, ,16.4, ,92, ,43, ,65, ,9.8, ,4.6, ,401.2, ,15.4, 
140,Twitchell Island,San Francisco Bay,4/22/2020,113,6.11, ,0.00, ,327,R,1.3, ,26.8, ,10.1, ,18.8, ,82, ,36, ,62, ,11.3, ,3.9, ,339.1, ,16.3, 
140,Twitchell Island,San Francisco Bay,4/23/2020,114,6.15, ,0.00, ,322,R,1.5, ,27.9, ,14.6,Y,20.4, ,92, ,41, ,62, ,12.9, ,3.9, ,334.5, ,17.3, 
140,Twitchell Island,San Francisco Bay,4/24/2020,115,6.95, ,0.00, ,329,R,1.2, ,32.8,Y,14.3, ,22.7,Y,63, ,25, ,42,Y,9.1,Y,3.0, ,260.1, ,17.5, 
140,Twitchell Island,San Francisco Bay,4/25/2020,116,6.46, ,0.00, ,299, ,1.3, ,31.3, ,16.5,Y,23.0,Y,70, ,31, ,47,Y,11.2,Y,3.2, ,273.0, ,18.1, 
140,Twitchell Island,San Francisco Bay,4/26/2020,117,7.20, ,0.00, ,328,R,1.2, ,27.1, ,14.6, ,20.1, ,78, ,32, ,50, ,9.3, ,4.7, ,410.2, ,17.8, 
140,Twitchell Island,San Francisco Bay,4/27/2020,118,6.80, ,0.00, ,307, ,1.2, ,29.1, ,13.7, ,20.6, ,68, ,31, ,49, ,9.5, ,4.2, ,363.1, ,17.4, 
140,Twitchell Island,San Francisco Bay,4/28/2020,119,6.41, ,0.00, ,317, ,1.5, ,32.6,Y,16.1,Y,22.9,Y,80, ,33, ,54,Y,12.9,Y,3.1, ,269.5, ,18.5, 
140,Twitchell Island,San Francisco Bay,4/29/2020,120,5.67, ,0.00, ,253, ,1.4, ,25.4, ,14.3, ,18.7, ,84, ,42, ,64, ,11.8, ,4.9, ,425.3, ,18.2, 
140,Twitchell Island,San Francisco Bay,4/30/2020,121,7.35, ,0.00, ,308, ,1.1, ,26.4, ,14.1, ,18.6, ,80, ,32, ,50, ,8.0, ,5.7, ,494.6, ,17.4, 
140,Twitchell Island,San Francisco Bay,5/1/2020,122,7.06, ,0.00, ,322, ,1.0, ,26.1, ,12.2, ,18.3, ,83, ,26, ,45, ,6.3, ,4.7, ,403.7, ,16.7, 
140,Twitchell Island,San Francisco Bay,5/2/2020,123,5.29, ,0.00, ,280, ,1.4, ,22.2, ,13.8, ,17.4, ,87, ,56, ,72, ,12.3, ,4.7, ,407.5, ,17.2, 
140,Twitchell Island,San Francisco Bay,5/3/2020,124,6.20, ,0.00, ,334,R,1.0, ,23.3, ,9.8, ,16.9, ,91, ,36, ,52, ,7.1, ,3.5, ,301.6, ,17.2, 
140,Twitchell Island,San Francisco Bay,5/4/2020,125,6.48, ,0.00, ,308, ,0.9, ,28.3, ,11.2, ,19.0, ,75, ,23, ,41, ,5.7, ,3.6, ,307.3, ,16.9, 
140,Twitchell Island,San Francisco Bay,5/5/2020,126,7.46, ,0.00, ,333, ,1.0, ,26.7, ,12.6, ,18.9, ,70, ,31, ,45, ,6.8, ,4.9, ,423.1, ,17.2, 
140,Twitchell Island,San Francisco Bay,5/6/2020,127,7.21, ,0.00, ,336, ,0.9, ,30.0, ,12.2, ,20.2, ,73, ,8, ,38, ,5.4, ,3.8, ,325.3, ,17.5, 
140,Twitchell Island,San Francisco Bay,5/7/2020,128,7.58, ,0.00, ,330, ,0.8, ,35.2,Y,10.8, ,23.6,Y,65, ,12, ,28,Y,3.9,Y,2.8, ,237.6, ,18.2, 
140,Twitchell Island,San Francisco Bay,5/8/2020,129,6.80, ,0.00, ,320, ,1.1, ,36.6,Y,8.6, ,23.7,Y,80, ,15, ,37,Y,8.4,Y,1.9, ,160.0, ,18.8, 
140,Twitchell Island,San Francisco Bay,5/9/2020,130,6.90, ,0.00, ,333, ,1.2, ,30.6, ,13.6, ,20.8, ,76, ,25, ,51, ,10.2, ,3.7, ,316.1, ,19.3, 
140,Twitchell Island,San Francisco Bay,5/10/2020,131,6.42, ,0.00, ,325, ,1.3, ,23.4, ,12.8, ,16.8, ,87, ,43, ,66, ,10.4, ,5.7, ,491.9, ,18.6, 
140,Twitchell Island,San Francisco Bay,5/11/2020,132,4.50, ,0.40, ,254, ,1.3, ,25.4, ,11.6, ,16.8, ,89, ,28, ,67, ,10.6, ,3.3, ,282.9, ,18.3, 
140,Twitchell Island,San Francisco Bay,5/12/2020,133,4.82, ,0.00, ,259, ,1.3, ,20.9, ,10.9, ,15.9, ,91, ,51, ,69, ,10.3, ,3.7, ,321.0, ,18.1, 
140,Twitchell Island,San Francisco Bay,5/13/2020,134,3.12, ,0.00, ,182, ,1.2, ,23.2, ,7.1, ,15.4, ,97, ,49, ,71, ,10.1, ,2.3, ,202.7, ,17.5, 
140,Twitchell Island,San Francisco Bay,5/14/2020,135,3.40, ,0.00, ,205, ,1.4, ,22.2, ,9.5, ,16.2, ,92, ,57, ,74, ,11.7, ,2.5, ,214.2, ,17.7, 
140,Twitchell Island,San Francisco Bay,5/15/2020,136,6.27, ,0.00, ,328, ,1.3, ,26.5, ,13.0, ,18.7, ,92, ,40, ,59, ,10.5, ,3.5, ,305.4, ,18.3, 
140,Twitchell Island,San Francisco Bay,5/16/2020,137,7.06, ,0.10, ,313, ,1.2, ,25.1, ,14.9, ,19.2, ,74, ,45, ,55, ,9.9, ,4.9, ,425.8, ,18.6, 
140,Twitchell Island,San Francisco Bay,5/17/2020,138,3.75, ,2.70, ,192, ,1.5, ,25.2, ,14.2, ,18.2, ,96, ,44, ,70, ,12.7, ,2.9, ,254.5, ,19.0, 
140,Twitchell Island,San Francisco Bay,5/18/2020,139,5.67, ,2.00, ,324, ,1.2, ,21.2, ,11.7, ,16.2, ,95, ,44, ,68, ,10.2, ,3.4, ,294.0, ,18.3, 
140,Twitchell Island,San Francisco Bay,5/19/2020,140,4.51, ,0.00, ,258, ,1.2, ,22.5, ,11.3, ,16.3, ,92, ,42, ,66, ,9.9, ,3.0, ,263.3, ,17.8, 
140,Twitchell Island,San Francisco Bay,5/20/2020,141,5.80, ,0.00, ,352,R,1.2, ,25.1, ,8.1, ,17.3, ,99, ,37, ,63, ,10.2, ,2.1, ,178.8, ,18.0, 
140,Twitchell Island,San Francisco Bay,5/21/2020,142,6.64, ,0.00, ,344, ,1.3, ,28.1, ,13.5, ,20.4, ,84, ,34, ,54, ,10.7, ,3.5, ,306.3, ,19.0, 
140,Twitchell Island,San Francisco Bay,5/22/2020,143,6.91, ,0.30,H,358,R,1.0, ,27.0, ,13.2, ,19.3, ,74, ,15, ,46, ,7.3, ,3.8, ,329.0, ,18.8, 
140,Twitchell Island,San Francisco Bay,5/23/2020,144,8.25, ,0.00, ,369,R,0.8, ,30.6, ,14.3, ,21.6, ,70, ,17, ,33, ,4.5, ,3.8, ,330.0, ,18.8, 
140,Twitchell Island,San Francisco Bay,5/24/2020,145,7.85, ,0.00, ,361,R,1.1, ,34.7, ,12.7, ,24.0, ,70, ,18, ,36, ,7.9, ,2.9, ,253.6, ,19.6, 
140,Twitchell Island,San Francisco Bay,5/25/2020,146,7.56, ,0.00, ,352, ,1.3, ,37.2,Y,13.4, ,26.4,Y,71, ,23, ,38,Y,11.0,Y,2.1, ,177.5, ,21.0, 
140,Twitchell Island,San Francisco Bay,5/26/2020,147,7.51,R,0.00, ,350, ,1.6,Y,38.4,Y,16.8, ,28.2,Y,74, ,26, ,42,Y,14.0,Y,1.9, ,167.4, ,22.3,Y
140,Twitchell Island,San Francisco Bay,5/27/2020,148,8.37,R,0.00, ,356, ,1.5, ,37.1,Y,21.0,R,28.8,Y,58,H,23,H,37,Y,12.7,Y,3.1, ,267.8, ,23.3,Y
140,Twitchell Island,San Francisco Bay,5/28/2020,149,8.06, ,0.00, ,358,R,1.4, ,33.9, ,15.9, ,24.8, ,76, ,27, ,46, ,12.2, ,3.7, ,317.8, ,22.8,Y
140,Twitchell Island,San Francisco Bay,5/29/2020,150,6.68, ,0.00, ,323, ,1.5, ,25.7, ,14.4, ,18.6, ,89, ,51, ,71, ,13.2, ,6.8, ,588.7, ,21.0, 
140,Twitchell Island,San Francisco Bay,5/30/2020,151,4.54, ,0.10, ,255, ,1.5, ,25.2, ,15.2, ,19.3, ,87, ,47, ,66, ,12.8, ,3.0, ,260.4, ,20.6, 
140,Twitchell Island,San Francisco Bay,5/31/2020,152,5.62, ,0.00, ,298, ,1.5, ,24.8, ,14.6, ,19.1, ,89, ,51, ,67, ,12.8, ,3.6, ,312.3, ,20.4, 
140,Twitchell Island,San Francisco Bay,6/1/2020,153,6.55, ,0.00, ,343, ,1.3, ,30.3, ,15.7, ,21.6, ,76, ,25, ,51, ,11.1, ,2.9, ,254.5, ,21.0, 
140,Twitchell Island,San Francisco Bay,6/2/2020,154,7.81, ,0.00, ,347, ,1.4, ,37.6,Y,17.4, ,26.4,Y,69, ,25, ,42,Y,12.3,Y,2.8, ,245.1, ,22.2, 
140,Twitchell Island,San Francisco Bay,6/3/2020,155,7.70, ,0.00, ,355, ,1.5, ,39.1,Y,17.1, ,27.9,Y,67, ,21, ,39,Y,12.7,Y,2.0, ,172.5, ,23.4,Y
140,Twitchell Island,San Francisco Bay,6/4/2020,156,7.94, ,0.00, ,360, ,1.4, ,39.8,Y,15.5, ,27.0,Y,74, ,22, ,40,Y,12.3,Y,2.4, ,210.5, ,23.7,Y
140,Twitchell Island,San Francisco Bay,6/5/2020,157,7.66, ,0.00, ,361,R,1.2, ,23.3, ,14.4, ,18.5, ,73, ,43, ,56, ,9.6, ,6.0, ,515.0, ,21.9, 
140,Twitchell Island,San Francisco Bay,6/6/2020,158,7.82, ,0.00, ,361, ,1.1, ,23.0, ,13.3, ,17.3, ,68, ,39, ,54, ,8.0, ,6.3, ,545.6, ,19.8, 
140,Twitchell Island,San Francisco Bay,6/7/2020,159,6.22, ,0.00, ,327, ,1.0, ,23.3, ,11.4, ,16.8, ,67, ,31, ,50, ,6.5, ,3.9, ,337.4, ,19.3, 
140,Twitchell Island,San Francisco Bay,6/8/2020,160,8.22, ,0.00, ,374,R,0.8,Y,29.4, ,13.3, ,20.3, ,53, ,14, ,33,Y,3.6,Y,3.9, ,340.1, ,20.1, 
140,Twitchell Island,San Francisco Bay,6/9/2020,161,7.57, ,0.00, ,366,R,1.0, ,33.6, ,11.0, ,23.6, ,73, ,18, ,35, ,7.1, ,2.6, ,224.3, ,21.2, 
140,Twitchell Island,San Francisco Bay,6/10/2020,162,7.71, ,0.00, ,345, ,1.3, ,34.5, ,16.8, ,25.5, ,67, ,19, ,40, ,11.1, ,3.0, ,262.7, ,22.6, 
140,Twitchell Island,San Francisco Bay,6/11/2020,163,7.26, ,0.00, ,333, ,1.5, ,33.1, ,18.2, ,23.8, ,71, ,28, ,50, ,12.8, ,3.7, ,316.7, ,22.9, 
140,Twitchell Island,San Francisco Bay,6/12/2020,164,6.09, ,0.00, ,284, ,1.2, ,23.3, ,14.4, ,18.6, ,71, ,48, ,58, ,10.2, ,5.4, ,464.3, ,21.4, 
140,Twitchell Island,San Francisco Bay,6/13/2020,165,6.68, ,0.00, ,338, ,1.2, ,24.0, ,13.8, ,18.0, ,78, ,38, ,58, ,9.5, ,4.6, ,394.8, ,20.4, 
140,Twitchell Island,San Francisco Bay,6/14/2020,166,6.79, ,0.00, ,353, ,1.5, ,29.1, ,14.5, ,20.7, ,87, ,38, ,60, ,12.7, ,3.9, ,335.2, ,21.1, 
140,Twitchell Island,San Francisco Bay,6/15/2020,167,6.79, ,0.00, ,262, ,1.3, ,27.5, ,16.4, ,21.0, ,67, ,37, ,52, ,10.8, ,5.4, ,465.4, ,21.2, 
140,Twitchell Island,San Francisco Bay,6/16/2020,168,7.24, ,0.00, ,369,R,1.2, ,27.0, ,14.4, ,20.0, ,73, ,31, ,50, ,9.3, ,4.1, ,354.9, ,20.9, 
140,Twitchell Island,San Francisco Bay,6/17/2020,169,8.83, ,0.00, ,378,R,0.9, ,31.4, ,16.7, ,23.7, ,64, ,17, ,31, ,5.4, ,4.1, ,351.5, ,21.5, 
140,Twitchell Island,San Francisco Bay,6/18/2020,170,8.84, ,0.00, ,371,R,0.9, ,36.2, ,16.7, ,26.3, ,50, ,11, ,27, ,5.8, ,3.0, ,259.5, ,22.4, 
140,Twitchell Island,San Francisco Bay,6/19/2020,171,9.16, ,0.00, ,359, ,1.2, ,32.5, ,17.2, ,24.0, ,68, ,27, ,42, ,10.2, ,5.2, ,453.4, ,23.0, 
140,Twitchell Island,San Francisco Bay,6/20/2020,172,8.01, ,0.00, ,357, ,1.5, ,28.5, ,14.2, ,20.9, ,87, ,40, ,59, ,12.6, ,6.0, ,516.5, ,22.1, 
140,Twitchell Island,San Francisco Bay,6/21/2020,173,8.35, ,0.00, ,357, ,1.6, ,32.7, ,17.7, ,23.9, ,75, ,35, ,53, ,13.9, ,5.0, ,433.6, ,22.8, 
140,Twitchell Island,San Francisco Bay,6/22/2020,174,8.03, ,0.00, ,358, ,1.6, ,36.7, ,14.9, ,24.2, ,86, ,28, ,53, ,14.0, ,3.9, ,336.4, ,23.4, 
140,Twitchell Island,San Francisco Bay,6/23/2020,175,8.41, ,0.00, ,351, ,1.5, ,33.7, ,15.6, ,22.9, ,84, ,32, ,55, ,13.5, ,5.9, ,506.7, ,23.3, 
140,Twitchell Island,San Francisco Bay,6/24/2020,176,8.08, ,0.00, ,352, ,1.6, ,33.9, ,15.3, ,24.0, ,86, ,35, ,55, ,14.3, ,4.6, ,394.2, ,23.2, 
140,Twitchell Island,San Francisco Bay,6/25/2020,177,8.50, ,0.00, ,351, ,1.6, ,33.8, ,16.9, ,24.4, ,78, ,36, ,53, ,14.3, ,5.0, ,433.9, ,24.0, 
140,Twitchell Island,San Francisco Bay,6/26/2020,178,8.75, ,0.00, ,349, ,1.6, ,33.3, ,16.3, ,23.6, ,82, ,39, ,56, ,14.4, ,6.7, ,578.4, ,23.5, 
140,Twitchell Island,San Francisco Bay,6/27/2020,179,8.09, ,0.00, ,363,R,1.5, ,29.5, ,15.5, ,21.2, ,85, ,40, ,60, ,13.2, ,5.8, ,502.9, ,23.0, 
140,Twitchell Island,San Francisco Bay,6/28/2020,180,7.63, ,0.00, ,356, ,1.2, ,25.3, ,13.8, ,19.8, ,78, ,37, ,52, ,9.8, ,4.3, ,370.1, ,22.4, 
140,Twitchell Island,San Francisco Bay,6/29/2020,181,8.83, ,0.00, ,348, ,1.0,Y,32.0, ,15.5, ,23.4, ,63, ,17, ,35,Y,7.0,Y,4.5, ,386.0, ,22.2, 
140,Twitchell Island,San Francisco Bay,6/30/2020,182,7.70, ,0.00, ,355, ,1.3, ,33.4, ,16.1, ,24.3, ,69, ,23, ,42, ,10.4, ,2.9, ,248.4, ,23.3, 
140,Twitchell Island,San Francisco Bay,7/1/2020,183,7.78, ,0.00, ,355, ,1.4, ,31.9, ,14.4, ,22.2, ,81, ,30, ,52, ,11.8, ,3.8, ,330.0, ,23.5, 
140,Twitchell Island,San Francisco Bay,7/2/2020,184,7.51, ,0.00, ,362,R,1.4, ,28.0, ,13.9, ,19.4, ,87, ,37, ,61, ,11.7, ,5.6, ,486.9, ,22.3, 
140,Twitchell Island,San Francisco Bay,7/3/2020,185,7.37, ,0.00, ,358, ,1.3, ,29.0, ,13.5, ,20.4, ,87, ,35, ,55, ,11.1, ,4.7, ,404.5, ,21.8, 
140,Twitchell Island,San Francisco Bay,7/4/2020,186,7.83, ,0.00, ,346, ,1.2, ,35.6, ,11.7, ,24.8, ,79, ,20, ,38, ,9.7, ,2.7, ,234.3, ,22.9, 
140,Twitchell Island,San Francisco Bay,7/5/2020,187,9.38, ,0.00, ,340, ,1.0,Y,33.6, ,19.1, ,25.6, ,45, ,20, ,31,Y,7.4,Y,4.9, ,425.4, ,23.5, 
140,Twitchell Island,San Francisco Bay,7/6/2020,188,9.57, ,0.00, ,364,R,1.1, ,29.8, ,17.5, ,22.7, ,54, ,27, ,40, ,8.4, ,6.1, ,527.3, ,23.0, 
140,Twitchell Island,San Francisco Bay,7/7/2020,189,7.96, ,0.00, ,358, ,1.2, ,34.3, ,15.0, ,22.8, ,65, ,25, ,42, ,9.3, ,4.1, ,358.5, ,22.5, 
140,Twitchell Island,San Francisco Bay,7/8/2020,190,8.19, ,0.20, ,354, ,1.3, ,33.5, ,17.2, ,25.0, ,68, ,25, ,42, ,11.1, ,3.7, ,315.6, ,23.7, 
140,Twitchell Island,San Francisco Bay,7/9/2020,191,7.91, ,0.00, ,344, ,1.3, ,35.0, ,13.9, ,24.7, ,75, ,21, ,42, ,10.8, ,3.1, ,264.5, ,24.1, 
140,Twitchell Island,San Francisco Bay,7/10/2020,192,8.79, ,0.00, ,346, ,1.2, ,36.3, ,19.3, ,26.9, ,55, ,18, ,34, ,9.5, ,4.0, ,344.3, ,24.4, 
140,Twitchell Island,San Francisco Bay,7/11/2020,193,8.59, ,0.00, ,358,R,1.1, ,37.6, ,12.7, ,27.0, ,84, ,12, ,31, ,8.4, ,2.7, ,235.7, ,24.8, 
140,Twitchell Island,San Francisco Bay,7/12/2020,194,9.00, ,0.00, ,364,R,1.1, ,37.7, ,18.1, ,27.8, ,54, ,12, ,30, ,8.8, ,3.3, ,286.6, ,25.2, 
140,Twitchell Island,San Francisco Bay,7/13/2020,195,8.26, ,0.00, ,344, ,1.5, ,31.0, ,16.5, ,23.5, ,72, ,36, ,50, ,12.5, ,4.9, ,419.8, ,24.9, 
140,Twitchell Island,San Francisco Bay,7/14/2020,196,7.14, ,0.00, ,342, ,1.5, ,30.1, ,14.7, ,21.1, ,83, ,38, ,59, ,12.8, ,4.6, ,399.7, ,23.6, 
140,Twitchell Island,San Francisco Bay,7/15/2020,197,7.45, ,0.00, ,330, ,1.5, ,31.7, ,14.7, ,21.2, ,87, ,35, ,60, ,13.2, ,6.2, ,537.1, ,23.0, 
140,Twitchell Island,San Francisco Bay,7/16/2020,198,7.73, ,0.00, ,328, ,1.4, ,28.2, ,14.7, ,20.2, ,87, ,31, ,59, ,12.1, ,6.9,Y,599.6,Y,22.2, 
140,Twitchell Island,San Francisco Bay,7/17/2020,199,6.90, ,0.00, ,320, ,1.5, ,28.0, ,14.8, ,20.0, ,87, ,41, ,63, ,12.9, ,5.9, ,506.6, ,22.1, 
140,Twitchell Island,San Francisco Bay,7/18/2020,200,7.31, ,0.00, ,322, ,1.5, ,33.9, ,15.2, ,22.7, ,88, ,25, ,55, ,13.1, ,5.0, ,429.8, ,22.7, 
140,Twitchell Island,San Francisco Bay,7/19/2020,201,8.29, ,0.00, ,341, ,1.5, ,28.3, ,15.4, ,20.6, ,85, ,39, ,60, ,12.6, ,8.2,R,707.6,R,22.2, 
140,Twitchell Island,San Francisco Bay,7/20/2020,202,7.02, ,0.00, ,315, ,1.5, ,25.8, ,14.5, ,19.2, ,87, ,47, ,66, ,12.7, ,7.5,Y,643.9,Y,21.5, 
140,Twitchell Island,San Francisco Bay,7/21/2020,203,6.33, ,0.00, ,291, ,1.5, ,28.4, ,14.2, ,19.5, ,88, ,41, ,66, ,13.0, ,6.5, ,564.4, ,21.4, 
140,Twitchell Island,San Francisco Bay,7/22/2020,204,7.00, ,0.00, ,354,R,1.5, ,27.5, ,14.6, ,19.4, ,89, ,46, ,68, ,13.4, ,5.7, ,495.3, ,21.6, 
140,Twitchell Island,San Francisco Bay,7/23/2020,205,7.22, ,0.00, ,343, ,1.5, ,29.9, ,14.4, ,20.9, ,89, ,37, ,62, ,13.2, ,5.2, ,448.8, ,21.9, 
140,Twitchell Island,San Francisco Bay,7/24/2020,206,7.59, ,0.00, ,339, ,1.4, ,29.6, ,15.9, ,21.6, ,75, ,36, ,55, ,12.3, ,5.0, ,428.4, ,22.5, 
140,Twitchell Island,San Francisco Bay,7/25/2020,207,7.36, ,0.00, ,339, ,1.4, ,33.1, ,14.5, ,22.2, ,87, ,25, ,53, ,12.0, ,4.5, ,389.1, ,22.5, 
140,Twitchell Island,San Francisco Bay,7/26/2020,208,8.38, ,0.00, ,337, ,1.4, ,32.2, ,15.5, ,22.7, ,86, ,26, ,50, ,11.6, ,5.9, ,509.8, ,22.7, 
140,Twitchell Island,San Francisco Bay,7/27/2020,209,9.20, ,0.00, ,337, ,1.2, ,31.7, ,15.6, ,22.5, ,78, ,23, ,45, ,10.1, ,6.9, ,596.2, ,22.5, 
140,Twitchell Island,San Francisco Bay,7/28/2020,210,8.23, ,0.00, ,339, ,1.4, ,31.3, ,15.0, ,22.4, ,80, ,33, ,52, ,12.1, ,6.4, ,551.4, ,22.5, 
140,Twitchell Island,San Francisco Bay,7/29/2020,211,8.09, ,0.00, ,350,R,1.4, ,32.1, ,15.2, ,22.6, ,82, ,23, ,50, ,11.5, ,5.2, ,448.5, ,22.9, 
140,Twitchell Island,San Francisco Bay,7/30/2020,212,7.90, ,0.00, ,343,R,1.3, ,31.8, ,15.0, ,21.7, ,82, ,24, ,52, ,11.4, ,5.7, ,494.6, ,22.7, 
140,Twitchell Island,San Francisco Bay,7/31/2020,213,8.08, ,0.00, ,356,R,1.3, ,30.2, ,14.3, ,21.8, ,84, ,33, ,52, ,11.4, ,5.9, ,507.9, ,22.4, 
140,Twitchell Island,San Francisco Bay,8/1/2020,214,8.12, ,0.00, ,340,R,1.3, ,32.7, ,16.7, ,23.9, ,71, ,28, ,45, ,11.1, ,4.6, ,401.6, ,22.9, 
140,Twitchell Island,San Francisco Bay,8/2/2020,215,7.99, ,0.00, ,339,R,1.4, ,33.2, ,14.4, ,24.0, ,80, ,28, ,46, ,11.6, ,4.4, ,377.3, ,23.4, 
140,Twitchell Island,San Francisco Bay,8/3/2020,216,8.67, ,0.00, ,333, ,1.4, ,34.2, ,19.8,Y,25.4, ,63, ,26, ,42, ,11.5, ,5.1, ,437.4, ,23.8, 
140,Twitchell Island,San Francisco Bay,8/4/2020,217,7.08, ,0.00, ,333, ,1.6, ,31.2, ,14.4, ,22.5, ,82, ,38, ,57, ,13.6, ,3.6, ,311.2, ,24.0, 
140,Twitchell Island,San Francisco Bay,8/5/2020,218,6.17, ,0.00, ,331, ,1.5, ,24.8, ,13.6, ,18.6, ,92, ,52, ,71, ,13.3, ,3.8, ,325.8, ,23.2, 
140,Twitchell Island,San Francisco Bay,8/6/2020,219,6.57, ,0.00, ,323, ,1.5, ,29.8, ,10.8, ,20.8, ,97, ,40, ,62, ,13.3, ,3.2, ,277.4, ,22.9, 
140,Twitchell Island,San Francisco Bay,8/7/2020,220,6.53, ,0.00, ,322, ,1.5, ,32.4, ,14.8, ,22.9, ,88, ,33, ,54, ,13.2, ,2.8, ,241.7, ,23.4, 
140,Twitchell Island,San Francisco Bay,8/8/2020,221,7.38, ,0.00, ,319, ,1.5, ,32.9, ,17.1, ,24.3, ,78, ,35, ,51, ,13.5, ,4.1, ,352.9, ,23.9, 
140,Twitchell Island,San Francisco Bay,8/9/2020,222,7.68, ,0.00, ,321, ,1.5, ,36.1, ,17.1, ,25.8, ,78, ,26, ,44, ,12.7, ,3.8, ,325.9, ,24.2, 
140,Twitchell Island,San Francisco Bay,8/10/2020,223,8.49, ,0.00, ,315, ,1.4, ,31.8, ,17.4, ,23.6, ,72, ,32, ,48, ,12.1, ,6.4, ,549.9, ,23.9, 
140,Twitchell Island,San Francisco Bay,8/11/2020,224,6.98, ,0.00, ,324, ,1.5, ,27.8, ,16.0, ,20.6, ,85, ,40, ,64, ,13.4, ,6.4, ,553.0, ,22.7, 
140,Twitchell Island,San Francisco Bay,8/12/2020,225,6.64, ,1.20, ,322, ,1.5, ,34.8, ,15.2, ,23.7, ,88, ,23, ,50, ,12.8, ,3.4, ,291.1, ,23.1, 
140,Twitchell Island,San Francisco Bay,8/13/2020,226,6.69, ,0.00, ,293, ,1.3, ,36.9, ,14.6, ,27.2,Y,78, ,21, ,36,Y,10.9,Y,2.0, ,169.6, ,24.4, 
140,Twitchell Island,San Francisco Bay,8/14/2020,227,7.02,R,0.00, ,284, ,1.5, ,40.5,Y,21.4,R,30.9,R,51,H,19,H,,R,,I,2.2, ,185.8, ,25.6,Y
140,Twitchell Island,San Francisco Bay,8/15/2020,228,7.14,R,0.00, ,293, ,1.6, ,41.0,Y,19.8,Y,31.2,R,80,H,20,H,,R,,I,2.6, ,224.0, ,26.4,R
140,Twitchell Island,San Francisco Bay,8/16/2020,229,6.66,R,1.10, ,255, ,1.8,Y,42.3,R,,S,31.5,R,67,H,22,H,,R,,I,3.1, ,267.2, ,,S
140,Twitchell Island,San Francisco Bay,8/17/2020,230,5.80,R,0.00, ,216, ,1.8,Y,39.9,Y,,S,30.4,R,54,H,27,H,,R,,I,3.5, ,305.4, ,26.6,R
140,Twitchell Island,San Francisco Bay,8/18/2020,231,7.69,R,0.00, ,277, ,1.7, ,39.2,Y,,S,30.7,R,72,H,22,H,,R,,I,3.4, ,294.9, ,,S
140,Twitchell Island,San Francisco Bay,8/19/2020,232,7.15,R,0.00, ,203, ,1.0,Y,37.6, ,,S,29.6,Y,29,H,15,H,24,Y,6.7,Y,4.3, ,367.5, ,25.8,R
140,Twitchell Island,San Francisco Bay,8/20/2020,233,7.34, ,0.00, ,246, ,1.3, ,32.4, ,18.8, ,24.6, ,63, ,26, ,41, ,10.6, ,5.0, ,434.9, ,24.6,Y
140,Twitchell Island,San Francisco Bay,8/21/2020,234,6.32, ,0.00, ,262, ,1.7, ,36.5, ,18.9, ,25.4, ,75, ,30, ,52, ,14.9, ,3.6, ,310.4, ,24.8,Y
140,Twitchell Island,San Francisco Bay,8/22/2020,235,5.73, ,0.00, ,234, ,1.7, ,36.3, ,20.4,Y,27.0, ,68, ,30, ,49, ,15.2, ,3.0, ,254.9, ,25.3,Y
140,Twitchell Island,San Francisco Bay,8/23/2020,236,5.98, ,0.00, ,226, ,1.5, ,33.3, ,15.4, ,25.4, ,83, ,28, ,47, ,13.3, ,2.8, ,239.9, ,25.1,Y
140,Twitchell Island,San Francisco Bay,8/24/2020,237,5.30, ,0.00, ,202, ,1.8,Y,32.7, ,19.2,Y,25.7, ,81, ,37, ,55,Y,16.0,Y,3.3, ,289.4, ,25.1,Y
140,Twitchell Island,San Francisco Bay,8/25/2020,238,6.35, ,0.00, ,255, ,1.8,Y,30.4, ,17.6, ,23.3, ,85, ,45, ,63,Y,15.8,Y,5.7, ,488.3, ,24.5,Y
140,Twitchell Island,San Francisco Bay,8/26/2020,239,6.62, ,0.00, ,268, ,1.5, ,29.5, ,16.0, ,21.6, ,81, ,37, ,57, ,12.9, ,5.2, ,450.2, ,23.7, 
140,Twitchell Island,San Francisco Bay,8/27/2020,240,5.90, ,0.00, ,283, ,1.4, ,31.7, ,14.4, ,21.5, ,86, ,30, ,56, ,12.4, ,4.0, ,346.2, ,23.0, 
140,Twitchell Island,San Francisco Bay,8/28/2020,241,6.43, ,0.00, ,261, ,1.5, ,31.8, ,16.9, ,23.1, ,76, ,36, ,55, ,13.5, ,4.9, ,420.1, ,23.3, 
140,Twitchell Island,San Francisco Bay,8/29/2020,242,5.73, ,0.00, ,258, ,1.5, ,29.2, ,15.9, ,21.1, ,87, ,37, ,61, ,13.4, ,4.2, ,365.6, ,23.2, 
140,Twitchell Island,San Francisco Bay,8/30/2020,243,5.55, ,0.00, ,243, ,1.5, ,31.7, ,15.3, ,21.9, ,87, ,33, ,56, ,12.7, ,3.8, ,324.2, ,22.9, 
140,Twitchell Island,San Francisco Bay,8/31/2020,244,5.90, ,0.00, ,254, ,1.5, ,31.9, ,15.4, ,22.0, ,87, ,34, ,58, ,13.3, ,4.4, ,382.4, ,23.0, 
140,Twitchell Island,San Francisco Bay,9/1/2020,245,5.86, ,0.00, ,247, ,1.5, ,26.6, ,15.7, ,19.9, ,81, ,45, ,66, ,13.4, ,7.0,Y,601.3,Y,22.1, 
140,Twitchell Island,San Francisco Bay,9/2/2020,246,5.56, ,0.00, ,260, ,1.6, ,27.2, ,15.7, ,19.9, ,85, ,44, ,68, ,13.8, ,6.1, ,523.4, ,21.6, 
140,Twitchell Island,San Francisco Bay,9/3/2020,247,5.93, ,0.00, ,267, ,1.6, ,29.0, ,15.4, ,20.8, ,89, ,44, ,65, ,14.0, ,6.1, ,524.8, ,21.6, 
140,Twitchell Island,San Francisco Bay,9/4/2020,248,6.66, ,0.00, ,257, ,1.3, ,32.8, ,15.7, ,23.9, ,82, ,22, ,44, ,11.0, ,4.7, ,407.0, ,22.0, 
140,Twitchell Island,San Francisco Bay,9/5/2020,249,5.52, ,0.00, ,257, ,1.6, ,39.2, ,15.0, ,26.9, ,76, ,26, ,45, ,13.9, ,1.4, ,118.9, ,23.6, 
140,Twitchell Island,San Francisco Bay,9/6/2020,250,6.08,R,0.00, ,248, ,1.7, ,43.5,Y,18.2, ,30.7,Y,77,H,17,H,38,Y,14.7,Y,1.7, ,150.4, ,24.8,Y
140,Twitchell Island,San Francisco Bay,9/7/2020,251,6.75,R,0.00, ,230, ,1.4, ,43.3,Y,21.4,Y,32.1,R,56,H,18,H,,R,,I,2.4, ,210.6, ,25.4,R
140,Twitchell Island,San Francisco Bay,9/8/2020,252,7.63,R,0.00, ,197, ,0.9,Y,34.7, ,22.8,R,28.1,Y,50,H,10,H,23,Y,5.3,Y,4.8, ,415.4, ,24.6,Y
140,Twitchell Island,San Francisco Bay,9/9/2020,253,2.33, ,0.00, ,98, ,1.5, ,23.7, ,16.6, ,19.9, ,85, ,43, ,64, ,13.0, ,3.0, ,256.6, ,23.3, 
140,Twitchell Island,San Francisco Bay,9/10/2020,254,2.08, ,0.00, ,119, ,1.6, ,23.7, ,15.0, ,18.9, ,91, ,55, ,74, ,14.2, ,2.5, ,220.1, ,22.3, 
140,Twitchell Island,San Francisco Bay,9/11/2020,255,4.03, ,0.00, ,200, ,1.6, ,31.4, ,15.9, ,22.2, ,84, ,33, ,58, ,13.6, ,2.2, ,192.7, ,22.3, 
140,Twitchell Island,San Francisco Bay,9/12/2020,256,3.87, ,0.00, ,199, ,1.6, ,33.8, ,12.8, ,22.5, ,97, ,24, ,58, ,13.7, ,1.2, ,104.3, ,22.8, 
140,Twitchell Island,San Francisco Bay,9/13/2020,257,4.47, ,0.00, ,202, ,1.5, ,28.7, ,16.1, ,21.6, ,83, ,41, ,60, ,13.4, ,3.4, ,293.8, ,22.5, 
140,Twitchell Island,San Francisco Bay,9/14/2020,258,4.62, ,0.00, ,226, ,1.5, ,30.3, ,14.8, ,20.8, ,89, ,30, ,61, ,12.9, ,4.2, ,360.9, ,21.6, 
140,Twitchell Island,San Francisco Bay,9/15/2020,259,4.60, ,0.00, ,224, ,1.6, ,32.0, ,16.2, ,22.3, ,90, ,28, ,60, ,14.2, ,3.9, ,338.9, ,21.9, 
140,Twitchell Island,San Francisco Bay,9/16/2020,260,4.92, ,0.00, ,246, ,1.8,Y,32.3, ,17.8, ,23.2, ,93, ,29, ,64,Y,16.1,Y,3.9, ,340.1, ,22.5, 
140,Twitchell Island,San Francisco Bay,9/17/2020,261,5.02, ,0.00, ,240, ,1.9,Y,32.0, ,17.8, ,23.2, ,95, ,33, ,65,Y,16.4,Y,3.8, ,331.0, ,22.9, 
140,Twitchell Island,San Francisco Bay,9/18/2020,262,4.67, ,0.00, ,231, ,1.8,Y,27.3, ,17.7, ,21.4, ,86, ,43, ,69,Y,15.5,Y,4.5, ,386.9, ,22.5, 
140,Twitchell Island,San Francisco Bay,9/19/2020,263,4.68, ,0.00, ,241, ,1.7, ,32.1, ,16.8, ,22.8, ,87, ,33, ,60, ,14.6, ,3.2, ,273.1, ,22.3, 
140,Twitchell Island,San Francisco Bay,9/20/2020,264,4.88, ,0.00, ,223, ,1.4, ,34.0, ,11.5, ,23.7, ,91, ,26, ,48, ,12.2, ,2.0, ,174.4, ,22.7, 
140,Twitchell Island,San Francisco Bay,9/21/2020,265,4.75, ,0.00, ,235, ,1.5, ,32.4, ,11.5, ,22.4, ,99, ,29, ,55, ,12.8, ,2.0, ,170.1, ,22.6,Y
140,Twitchell Island,San Francisco Bay,9/22/2020,266,5.97, ,0.00, ,249, ,1.3, ,30.4, ,15.0, ,22.7, ,77, ,20, ,47, ,10.8, ,4.0, ,348.8, ,22.4, 
140,Twitchell Island,San Francisco Bay,9/23/2020,267,5.65, ,0.00, ,242, ,1.5, ,30.8, ,17.4, ,23.0, ,79, ,32, ,52, ,12.6, ,4.3, ,372.5, ,22.3, 
140,Twitchell Island,San Francisco Bay,9/24/2020,268,5.59, ,0.00, ,235, ,1.7, ,30.0, ,17.3, ,22.8, ,87, ,41, ,61, ,15.0, ,5.4, ,464.6, ,22.5, 
140,Twitchell Island,San Francisco Bay,9/25/2020,269,4.84, ,0.00, ,234, ,1.4, ,29.5, ,14.0, ,22.0, ,82, ,38, ,54, ,12.3, ,3.2, ,276.6, ,22.0, 
140,Twitchell Island,San Francisco Bay,9/26/2020,270,5.15, ,0.00, ,211, ,1.6, ,33.1, ,18.4,Y,24.7, ,73, ,31, ,51, ,13.8, ,3.4, ,292.6, ,22.5, 
140,Twitchell Island,San Francisco Bay,9/27/2020,271,5.83, ,0.00, ,217, ,1.3, ,35.2, ,21.6,R,26.7,Y,57, ,24, ,37,Y,10.7,Y,2.9, ,251.1, ,23.2,Y
140,Twitchell Island,San Francisco Bay,9/28/2020,272,5.67,R,0.00, ,217, ,1.0, ,37.4, ,18.3,Y,26.9,Y,55, ,12, ,28,Y,7.0,Y,2.0, ,173.3, ,23.3,Y
140,Twitchell Island,San Francisco Bay,9/29/2020,273,4.49, ,0.00, ,200, ,1.5, ,35.6, ,12.9, ,24.2, ,87, ,24, ,49, ,12.7, ,2.3, ,197.7, ,22.9,Y
140,Twitchell Island,San Francisco Bay,9/30/2020,274,5.25, ,0.00, ,211, ,1.4, ,38.6,Y,17.5, ,26.3,Y,83, ,16, ,41,Y,11.9,Y,3.1, ,269.0, ,22.8,Y
140,Twitchell Island,San Francisco Bay,10/1/2020,275,3.72, ,0.00, ,170, ,1.5, ,35.9, ,15.9, ,24.4, ,76, ,24, ,49, ,13.0, ,1.3, ,114.1, ,23.2,Y
140,Twitchell Island,San Francisco Bay,10/2/2020,276,3.39, ,0.00, ,163, ,1.6, ,34.3, ,14.2, ,23.6, ,91, ,30, ,55, ,13.9, ,1.3, ,111.8, ,22.9,Y
140,Twitchell Island,San Francisco Bay,10/3/2020,277,3.74, ,0.00, ,179, ,1.5, ,38.0,Y,13.4, ,24.4,Y,90, ,27, ,50,Y,13.3,Y,1.2, ,104.4, ,22.9,Y
140,Twitchell Island,San Francisco Bay,10/4/2020,278,4.71, ,0.00, ,227,R,1.2, ,34.9, ,13.3, ,24.0,Y,89, ,14, ,41,Y,9.8,Y,1.8, ,158.9, ,22.5,Y
140,Twitchell Island,San Francisco Bay,10/5/2020,279,4.35, ,0.00, ,217, ,1.2, ,36.4,Y,10.0, ,23.2, ,83, ,18, ,41, ,9.3, ,1.5, ,125.6, ,22.3,Y
140,Twitchell Island,San Francisco Bay,10/6/2020,280,4.37, ,0.00, ,192, ,1.3, ,35.9,Y,12.5, ,23.7,Y,77, ,20, ,44,Y,10.6,Y,2.1, ,185.6, ,22.2,Y
140,Twitchell Island,San Francisco Bay,10/7/2020,281,4.10, ,0.40, ,195, ,1.4, ,27.4, ,14.4, ,19.7, ,83, ,36, ,61, ,11.8, ,3.5, ,305.3, ,21.6,Y
140,Twitchell Island,San Francisco Bay,10/8/2020,282,2.82, ,0.00, ,132, ,1.5, ,22.8, ,14.9, ,17.3, ,85, ,56, ,74, ,12.7, ,5.8, ,498.1, ,20.3, 
140,Twitchell Island,San Francisco Bay,10/9/2020,283,2.88, ,0.00, ,173, ,1.5, ,25.4, ,15.2, ,18.5, ,86, ,50, ,71, ,13.2, ,3.3, ,286.3, ,20.3, 
140,Twitchell Island,San Francisco Bay,10/10/2020,284,3.04, ,0.00, ,160, ,1.7,Y,24.0, ,16.1, ,19.4, ,87, ,64, ,77,Y,15.4,Y,4.0, ,342.4, ,20.7, 
140,Twitchell Island,San Francisco Bay,10/11/2020,285,4.41, ,0.00, ,207, ,1.2, ,29.6, ,15.3, ,20.9, ,88, ,17, ,47, ,9.3, ,3.1, ,271.0, ,20.7, 
140,Twitchell Island,San Francisco Bay,10/12/2020,286,4.04, ,0.00, ,207, ,1.2, ,32.5, ,10.1, ,21.5, ,84, ,23, ,47, ,9.6, ,1.8, ,154.4, ,20.7,Y
140,Twitchell Island,San Francisco Bay,10/13/2020,287,3.89, ,0.00, ,200, ,1.3, ,34.2, ,9.3, ,22.0, ,93, ,26, ,49, ,10.8, ,1.4, ,123.6, ,20.8,Y
140,Twitchell Island,San Francisco Bay,10/14/2020,288,5.30,R,0.00, ,202, ,1.1, ,34.9,Y,17.7,Y,26.5,R,61,H,13,H,,R,,I,2.6, ,227.6, ,21.4,Y
140,Twitchell Island,San Francisco Bay,10/15/2020,289,4.86,R,0.00, ,196, ,0.9, ,34.3, ,16.4,Y,25.2,R,46,H,15,H,,R,,I,2.1, ,179.7, ,21.5,Y
140,Twitchell Island,San Francisco Bay,10/16/2020,290,4.43,R,0.00, ,192, ,0.9, ,35.6,Y,11.8, ,23.6,Y,61, ,13, ,32,Y,5.9,Y,1.6, ,140.2, ,21.5,R
140,Twitchell Island,San Francisco Bay,10/17/2020,291,3.84, ,0.00, ,196, ,1.1, ,36.1,Y,10.2, ,22.2,Y,74, ,16, ,41,Y,8.4,Y,1.4, ,117.0, ,21.0,Y
140,Twitchell Island,San Francisco Bay,10/18/2020,292,3.84, ,0.00, ,191, ,1.2, ,34.7,Y,9.3, ,22.0,Y,87, ,21, ,45,Y,9.7,Y,1.7, ,150.5, ,20.9,Y
140,Twitchell Island,San Francisco Bay,10/19/2020,293,3.69,R,0.00, ,189, ,1.3, ,34.2,Y,11.3, ,22.6,Y,79, ,24, ,47,Y,10.7,Y,1.6, ,137.2, ,21.1,R
140,Twitchell Island,San Francisco Bay,10/20/2020,294,3.87,R,0.00, ,188, ,1.2, ,34.2,Y,10.5, ,22.6,Y,87, ,19, ,43,Y,9.4,Y,1.8, ,155.2, ,21.0,Y
140,Twitchell Island,San Francisco Bay,10/21/2020,295,3.61, ,0.00, ,186, ,1.2, ,33.5,Y,12.0, ,22.6,Y,72, ,22, ,44,Y,9.6,Y,1.6, ,137.9, ,21.1,R
140,Twitchell Island,San Francisco Bay,10/22/2020,296,4.70, ,0.20, ,103, ,0.7, ,28.1, ,13.0, ,20.5,Y,77, ,16, ,27,Y,1.0,Y,2.3, ,201.5, ,20.9,Y
140,Twitchell Island,San Francisco Bay,10/23/2020,297,3.28, ,0.00, ,186, ,1.2, ,24.0, ,12.1, ,17.1, ,92, ,27, ,61, ,9.6, ,3.8, ,327.2, ,19.4, 
140,Twitchell Island,San Francisco Bay,10/24/2020,298,2.88, ,0.00, ,179, ,1.4, ,20.7, ,10.1, ,15.9, ,95, ,61, ,78, ,12.0, ,4.3, ,369.3, ,19.0, 
140,Twitchell Island,San Francisco Bay,10/25/2020,299,3.85, ,0.00, ,147, ,0.9, ,21.2, ,8.1, ,15.7, ,91, ,13, ,49, ,5.1, ,4.4, ,376.2, ,18.7, 
140,Twitchell Island,San Francisco Bay,10/26/2020,300,6.05, ,0.00, ,181,R,0.3,R,23.0, ,10.9, ,16.4, ,19, ,8, ,,R,,I,5.6,Y,485.4,Y,17.7, 
140,Twitchell Island,San Francisco Bay,10/27/2020,301,2.99, ,0.00, ,171, ,0.6, ,22.2, ,4.4, ,13.9, ,79, ,17, ,40, ,0.5, ,1.6, ,139.4, ,17.7, 
140,Twitchell Island,San Francisco Bay,10/28/2020,302,2.51, ,0.00, ,172, ,0.8, ,24.5, ,3.3, ,13.1, ,90, ,22, ,52, ,3.4, ,1.0, ,82.2, ,17.3, 
140,Twitchell Island,San Francisco Bay,10/29/2020,303,2.45,R,0.00, ,168, ,0.9, ,28.2, ,1.9, ,13.4, ,89, ,22, ,55, ,4.7, ,0.8, ,70.8, ,17.2, 
140,Twitchell Island,San Francisco Bay,10/30/2020,304,2.44, ,0.00, ,168, ,0.9, ,28.0, ,4.5, ,14.2, ,92, ,24, ,56, ,5.5, ,0.9, ,75.6, ,17.1, 
140,Twitchell Island,San Francisco Bay,10/31/2020,305,2.44, ,0.00, ,164, ,1.0, ,28.4, ,2.4, ,14.4, ,97, ,25, ,58, ,6.3, ,0.9, ,78.5, ,17.1, 
140,Twitchell Island,San Francisco Bay,11/1/2020,306,2.52, ,0.00, ,157, ,1.0, ,28.6, ,2.7, ,14.5, ,95, ,25, ,58, ,6.4, ,0.9, ,77.6, ,17.0, 
140,Twitchell Island,San Francisco Bay,11/2/2020,307,2.67, ,0.00, ,159, ,1.0, ,29.9,Y,5.2, ,16.1, ,94, ,22, ,52, ,6.3, ,1.0, ,90.6, ,17.0, 
140,Twitchell Island,San Francisco Bay,11/3/2020,308,2.97, ,0.00, ,159, ,1.0, ,26.4, ,6.8, ,16.1, ,93, ,22, ,55, ,7.0, ,2.4, ,205.9, ,17.1, 
140,Twitchell Island,San Francisco Bay,11/4/2020,309,2.62, ,0.00, ,154, ,1.1, ,27.7, ,5.7, ,16.5, ,93, ,28, ,58, ,8.4, ,1.5, ,130.1, ,17.5, 
140,Twitchell Island,San Francisco Bay,11/5/2020,310,2.48, ,0.00, ,155, ,1.2, ,30.6,Y,6.3, ,16.7, ,100, ,29, ,64, ,9.8, ,1.0, ,82.7, ,17.6, 
140,Twitchell Island,San Francisco Bay,11/6/2020,311,3.22, ,0.00, ,133, ,1.0, ,18.8, ,9.1, ,14.1, ,78, ,42, ,61, ,6.8, ,5.3,Y,457.2,Y,16.6, 
140,Twitchell Island,San Francisco Bay,11/7/2020,312,2.17, ,0.00, ,148, ,0.9, ,18.9, ,6.0, ,11.5, ,89, ,37, ,63, ,4.8, ,2.2, ,190.8, ,16.3, 
140,Twitchell Island,San Francisco Bay,11/8/2020,313,3.18, ,0.00, ,157, ,0.5,Y,16.5, ,7.9, ,10.9, ,71, ,18, ,41,Y,-1.8,Y,3.7, ,319.7, ,15.2, 
140,Twitchell Island,San Francisco Bay,11/9/2020,314,2.73, ,0.00, ,148, ,0.5,Y,16.2, ,2.3, ,9.5, ,65, ,24, ,38,Y,-4.0,Y,2.4, ,209.1, ,15.0, 
140,Twitchell Island,San Francisco Bay,11/10/2020,315,1.98, ,0.00, ,154, ,0.6, ,18.4, ,-0.3, ,9.0, ,91, ,26, ,53, ,-0.1, ,0.9, ,80.8, ,14.4, 
140,Twitchell Island,San Francisco Bay,11/11/2020,316,1.61, ,0.00, ,120, ,0.9, ,16.5, ,2.8, ,10.0, ,98, ,51, ,71, ,5.0, ,1.5, ,125.6, ,15.1, 
140,Twitchell Island,San Francisco Bay,11/12/2020,317,1.67,R,0.10, ,145, ,0.8, ,20.0, ,-2.5,Y,8.2, ,100, ,34, ,70, ,3.1, ,0.6, ,51.7, ,14.3, 
140,Twitchell Island,San Francisco Bay,11/13/2020,318,0.75, ,3.90, ,50, ,1.0, ,16.9, ,5.1, ,11.1, ,96, ,44, ,79, ,7.7, ,2.3, ,195.4, ,14.3, 
140,Twitchell Island,San Francisco Bay,11/14/2020,319,1.78, ,0.00, ,137, ,1.1, ,19.1, ,3.5, ,11.5, ,100, ,49, ,81, ,8.3, ,2.0, ,170.3, ,15.0, 
140,Twitchell Island,San Francisco Bay,11/15/2020,320,1.67, ,0.20, ,139, ,1.0, ,23.4, ,0.9, ,10.6, ,100, ,40, ,78, ,6.9, ,0.9, ,77.3, ,14.4, 
140,Twitchell Island,San Francisco Bay,11/16/2020,321,1.86, ,0.00, ,146, ,1.0, ,21.7, ,4.3, ,11.8, ,100, ,44, ,72, ,6.9, ,1.1, ,99.3, ,14.6, 
140,Twitchell Island,San Francisco Bay,11/17/2020,322,0.72, ,4.40, ,43, ,1.3, ,20.1, ,6.4, ,12.9, ,97, ,48, ,84, ,10.3, ,2.5, ,214.3, ,14.5, 
140,Twitchell Island,San Francisco Bay,11/18/2020,323,1.62, ,0.60, ,111, ,1.4, ,19.7, ,6.6, ,14.2, ,100, ,62, ,87, ,12.0, ,3.0, ,257.7, ,15.5, 
140,Twitchell Island,San Francisco Bay,11/19/2020,324,1.78, ,0.20, ,135, ,1.0, ,18.5, ,3.4, ,11.2, ,100, ,43, ,74, ,6.8, ,1.9, ,161.7, ,14.7, 
140,Twitchell Island,San Francisco Bay,11/20/2020,325,2.06, ,0.00, ,156,R,0.7, ,19.7, ,2.0, ,10.0, ,100, ,32, ,60, ,2.7, ,1.5, ,126.8, ,13.9, 
140,Twitchell Island,San Francisco Bay,11/21/2020,326,1.82, ,0.00, ,147,R,0.7, ,19.4, ,0.1, ,9.0, ,100, ,33, ,65, ,2.7, ,1.3, ,113.6, ,13.0, 
140,Twitchell Island,San Francisco Bay,11/22/2020,327,1.88, ,0.00, ,145,R,0.8, ,19.8, ,-0.5, ,9.5, ,100, ,32, ,70, ,4.3, ,1.8, ,154.3, ,12.6, 
140,Twitchell Island,San Francisco Bay,11/23/2020,328,1.84, ,0.00, ,150,R,1.0, ,19.2, ,5.3, ,12.1, ,99, ,39, ,69, ,6.7, ,2.2, ,191.4, ,13.2, 
140,Twitchell Island,San Francisco Bay,11/24/2020,329,1.92, ,0.00, ,155,R,0.9, ,20.6, ,3.3, ,12.0, ,98, ,34, ,64, ,5.4, ,1.4, ,118.5, ,13.4, 
140,Twitchell Island,San Francisco Bay,11/25/2020,330,2.06, ,0.00, ,154,R,0.9, ,17.9, ,7.4, ,11.9, ,93, ,32, ,65, ,5.5, ,2.7, ,234.3, ,13.1, 
140,Twitchell Island,San Francisco Bay,11/26/2020,331,3.52, ,0.00, ,158,R,0.5, ,18.2, ,8.6, ,12.6, ,51, ,25, ,37, ,-1.8, ,4.9, ,426.2, ,12.6, 
140,Twitchell Island,San Francisco Bay,11/27/2020,332,1.62, ,0.00, ,153,R,0.6, ,17.5, ,0.8, ,8.0, ,85, ,36, ,59, ,0.5, ,1.2, ,101.0, ,12.4, 
140,Twitchell Island,San Francisco Bay,11/28/2020,333,1.83, ,0.00, ,153,R,0.7, ,18.9, ,-0.7, ,7.9, ,97, ,30, ,64, ,1.6, ,1.4, ,116.8, ,11.7, 
140,Twitchell Island,San Francisco Bay,11/29/2020,334,1.64, ,0.00, ,148,R,0.7, ,19.7, ,-1.0, ,7.5, ,100, ,34, ,71, ,2.6, ,0.9, ,73.4, ,11.3, 
140,Twitchell Island,San Francisco Bay,11/30/2020,335,1.68, ,0.00, ,148,R,0.7, ,19.2, ,-0.6, ,8.9, ,98, ,34, ,64, ,2.4, ,1.3, ,108.3, ,11.3, 
140,Twitchell Island,San Francisco Bay,12/1/2020,336,1.84, ,0.00, ,147,R,0.7, ,19.7, ,1.7, ,9.3, ,97, ,32, ,62, ,2.5, ,1.1, ,99.3, ,11.4, 
140,Twitchell Island,San Francisco Bay,12/2/2020,337,1.61, ,0.60,H,137,R,0.8, ,20.1, ,0.0, ,8.6, ,98, ,36, ,70, ,3.5, ,1.0, ,85.5, ,11.3, 
140,Twitchell Island,San Francisco Bay,12/3/2020,338,1.64, ,0.00, ,131, ,0.8, ,19.6, ,2.2, ,9.3, ,100, ,36, ,69, ,3.9, ,1.3, ,113.0, ,11.4, 
140,Twitchell Island,San Francisco Bay,12/4/2020,339,1.70, ,0.00, ,141,R,0.7, ,20.0, ,1.8, ,9.6, ,100, ,32, ,62, ,2.6, ,1.1, ,91.2, ,11.4, 
140,Twitchell Island,San Francisco Bay,12/5/2020,340,1.49, ,0.00, ,114, ,0.8, ,17.4, ,1.2, ,8.2, ,96, ,40, ,70, ,2.9, ,1.4, ,125.0, ,11.1, 
140,Twitchell Island,San Francisco Bay,12/6/2020,341,1.83, ,0.00, ,123, ,0.8, ,19.5, ,3.3, ,11.6, ,94, ,33, ,58, ,3.7, ,2.2, ,192.2, ,11.3, 
140,Twitchell Island,San Francisco Bay,12/7/2020,342,3.77,R,0.00, ,143,R,0.6, ,23.5,Y,11.8, ,16.3,Y,45, ,22, ,32,Y,-0.3,Y,4.6, ,397.9, ,11.9, 
140,Twitchell Island,San Francisco Bay,12/8/2020,343,1.61, ,0.00, ,145,R,0.7, ,20.1, ,1.8, ,9.6, ,84, ,29, ,58, ,1.6, ,1.1, ,97.5, ,11.9, 
140,Twitchell Island,San Francisco Bay,12/9/2020,344,1.83, ,0.00, ,130,R,0.7, ,19.5, ,1.4, ,10.0, ,89, ,32, ,59, ,2.3, ,1.6, ,138.9, ,11.5, 
140,Twitchell Island,San Francisco Bay,12/10/2020,345,2.21, ,0.00, ,140,R,0.6, ,20.7,Y,3.7, ,12.8, ,72, ,20, ,43, ,0.6, ,2.3, ,202.7, ,11.5, 
140,Twitchell Island,San Francisco Bay,12/11/2020,346,1.01, ,7.00, ,67, ,1.0, ,14.0, ,8.2, ,9.9, ,100, ,56, ,79, ,6.5, ,2.9, ,252.0, ,11.5, 
140,Twitchell Island,San Francisco Bay,12/12/2020,347,0.59, ,0.50, ,60, ,1.1, ,14.1, ,5.2, ,9.4, ,100, ,72, ,94, ,8.5, ,2.4, ,208.2, ,11.9, 
140,Twitchell Island,San Francisco Bay,12/13/2020,348,0.20, ,15.90, ,34, ,1.2, ,12.5, ,5.8, ,10.0, ,100, ,89, ,98, ,9.7, ,3.9, ,339.7, ,11.6, 
140,Twitchell Island,San Francisco Bay,12/14/2020,349,1.48, ,0.00, ,141,R,0.9, ,15.5, ,4.9, ,9.1, ,95, ,50, ,76, ,5.2, ,2.0, ,176.0, ,11.2, 
140,Twitchell Island,San Francisco Bay,12/15/2020,350,1.02, ,0.20, ,60, ,0.9, ,15.0, ,3.7, ,9.5, ,99, ,58, ,75, ,5.4, ,1.1, ,92.3, ,11.5, 
140,Twitchell Island,San Francisco Bay,12/16/2020,351,0.79, ,0.00, ,87, ,1.0, ,12.0, ,1.7, ,7.9, ,100, ,79, ,94, ,6.9, ,1.5, ,129.5, ,11.0, 
140,Twitchell Island,San Francisco Bay,12/17/2020,352,1.34, ,8.50, ,112, ,1.1, ,16.5, ,8.1, ,11.3, ,100, ,58, ,83, ,8.4, ,2.5, ,215.0, ,11.7, 
140,Twitchell Island,San Francisco Bay,12/18/2020,353,1.67, ,0.00, ,139,R,0.8, ,15.9, ,2.8, ,9.2, ,100, ,45, ,65, ,2.9, ,2.0, ,173.2, ,11.2, 
140,Twitchell Island,San Francisco Bay,12/19/2020,354,0.75, ,0.10, ,90, ,0.9, ,15.1, ,1.4, ,6.0, ,100, ,64, ,96, ,5.4, ,1.2, ,99.9, ,10.6, 
140,Twitchell Island,San Francisco Bay,12/20/2020,355,0.82, ,0.30, ,100, ,0.8, ,15.1, ,0.0, ,4.9, ,100, ,60, ,95, ,4.2, ,0.8, ,68.3, ,10.1, 
140,Twitchell Island,San Francisco Bay,12/21/2020,356,0.17, ,0.20, ,39, ,0.8, ,5.7,Y,2.2, ,4.1, ,100, ,100, ,100, ,4.1, ,1.5, ,132.7, ,9.9, 
140,Twitchell Island,San Francisco Bay,12/22/2020,357,1.03, ,0.00, ,99, ,0.8, ,16.3, ,2.8, ,7.3, ,100, ,36, ,77, ,3.7, ,2.0, ,174.8, ,10.0, 
140,Twitchell Island,San Francisco Bay,12/23/2020,358,1.05, ,0.00, ,118, ,0.8, ,8.7, ,-1.6, ,4.2, ,100, ,69, ,94, ,3.3, ,1.7, ,150.7, ,9.4, 
140,Twitchell Island,San Francisco Bay,12/24/2020,359,0.62, ,0.00, ,80, ,0.9, ,10.8, ,4.1, ,6.2, ,100, ,79, ,97, ,5.8, ,1.4, ,116.9, ,9.7, 
140,Twitchell Island,San Francisco Bay,12/25/2020,360,0.25, ,1.80, ,35, ,1.0, ,13.0, ,3.5, ,8.0, ,100, ,73, ,96, ,7.4, ,1.7, ,150.2, ,9.9, 
140,Twitchell Island,San Francisco Bay,12/26/2020,361,1.21, ,0.20, ,109, ,1.1, ,16.2, ,6.5, ,11.1, ,100, ,58, ,85, ,8.7, ,1.7, ,148.3, ,10.8, 
140,Twitchell Island,San Francisco Bay,12/27/2020,362,1.34, ,0.00, ,124, ,1.0, ,15.4, ,4.1, ,8.9, ,100, ,53, ,84, ,6.3, ,1.7, ,143.3, ,10.8, 
140,Twitchell Island,San Francisco Bay,12/28/2020,363,0.84, ,0.70, ,83, ,1.0, ,14.8, ,5.6, ,9.4, ,100, ,62, ,87, ,7.3, ,1.7, ,150.2, ,11.0, 
140,Twitchell Island,San Francisco Bay,12/29/2020,364,1.78, ,0.00, ,140,R,0.7, ,16.8, ,1.7, ,8.8, ,99, ,35, ,60, ,1.6, ,1.6, ,140.0, ,10.5, 
140,Twitchell Island,San Francisco Bay,12/30/2020,365,1.36, ,0.00, ,134,R,0.8, ,14.2, ,0.3, ,7.4, ,100, ,48, ,80, ,4.2, ,1.5, ,127.3, ,9.7, 
140,Twitchell Island,San Francisco Bay,12/31/2020,366,1.63, ,0.00, ,125, ,0.9, ,16.7, ,5.7, ,10.7, ,100, ,43, ,72, ,5.8, ,2.6, ,228.5, ,10.5, 
140,Twitchell Island,San Francisco Bay,1/1/2021,001,0.92, ,0.00, ,99, ,0.9, ,12.4, ,0.7, ,6.5, ,100, ,63, ,90, ,5.0, ,1.3, ,114.2, ,10.1, 
140,Twitchell Island,San Francisco Bay,1/2/2021,002,0.38, ,0.10, ,46, ,1.1, ,11.9, ,6.6, ,9.5, ,100, ,80, ,95, ,8.7, ,1.5, ,125.4, ,10.5, 
140,Twitchell Island,San Francisco Bay,1/3/2021,003,0.93, ,0.00, ,89, ,1.2, ,15.1, ,4.7, ,10.2, ,100, ,77, ,95, ,9.4, ,1.2, ,101.3, ,11.2, 
140,Twitchell Island,San Francisco Bay,1/4/2021,004,0.44, ,5.30, ,46, ,1.2, ,16.7, ,4.5, ,10.5, ,100, ,75, ,96, ,9.9, ,2.7, ,236.2, ,11.5, 
140,Twitchell Island,San Francisco Bay,1/5/2021,005,0.82, ,0.00, ,100, ,1.0, ,14.6, ,2.6, ,7.7, ,100, ,79, ,98, ,7.3, ,1.6, ,140.8, ,10.8, 
140,Twitchell Island,San Francisco Bay,1/6/2021,006,0.87, ,0.30, ,95, ,1.0, ,13.9, ,1.5, ,6.9, ,100, ,77, ,96, ,6.3, ,1.2, ,107.7, ,10.3, 
140,Twitchell Island,San Francisco Bay,1/7/2021,007,1.41, ,0.10, ,130, ,1.0, ,14.8, ,2.4, ,7.8, ,100, ,67, ,92, ,6.6, ,1.5, ,128.8, ,10.5, 
140,Twitchell Island,San Francisco Bay,1/8/2021,008,0.91, ,0.10, ,95, ,1.0, ,16.7, ,3.3, ,7.5, ,100, ,76, ,98, ,7.2, ,1.6, ,141.5, ,10.4, 
140,Twitchell Island,San Francisco Bay,1/9/2021,009,1.53, ,0.00, ,146,R,0.8, ,17.9, ,2.7, ,8.4, ,100, ,41, ,77, ,4.6, ,1.3, ,109.5, ,10.3, 
140,Twitchell Island,San Francisco Bay,1/10/2021,010,0.54, ,0.10, ,64, ,1.0, ,12.1, ,1.6, ,6.7, ,100, ,80, ,97, ,6.4, ,1.3, ,109.6, ,9.9, 
140,Twitchell Island,San Francisco Bay,1/11/2021,011,1.29, ,0.00, ,135, ,0.9, ,16.1, ,0.7, ,7.5, ,100, ,57, ,91, ,6.1, ,1.0, ,84.2, ,10.0, 
140,Twitchell Island,San Francisco Bay,1/12/2021,012,0.57, ,0.00, ,59, ,1.1, ,14.4, ,5.0, ,9.5, ,100, ,73, ,93, ,8.5, ,1.0, ,89.0, ,10.3, 
140,Twitchell Island,San Francisco Bay,1/13/2021,013,1.65, ,0.00, ,130, ,1.3, ,22.7,Y,6.5, ,12.9, ,100, ,61, ,88, ,11.0, ,1.8, ,156.4, ,11.2, 
140,Twitchell Island,San Francisco Bay,1/14/2021,014,1.74, ,0.00, ,153,R,1.1, ,19.5, ,4.4, ,11.1, ,100, ,54, ,87, ,9.0, ,1.1, ,98.2, ,11.6, 
140,Twitchell Island,San Francisco Bay,1/15/2021,015,1.24, ,0.10, ,120, ,1.1, ,19.7, ,3.2, ,9.6, ,100, ,55, ,92, ,8.3, ,1.2, ,102.1, ,11.2, 
140,Twitchell Island,San Francisco Bay,1/16/2021,016,2.02,R,0.00, ,150,R,1.1, ,24.7,R,5.1, ,13.7, ,100, ,36, ,70, ,8.4, ,1.2, ,99.8, ,11.6, 
140,Twitchell Island,San Francisco Bay,1/17/2021,017,1.89, ,0.00, ,154,R,1.1, ,23.3,Y,3.2, ,12.5, ,100, ,44, ,78, ,8.7, ,1.2, ,106.8, ,11.8, 
140,Twitchell Island,San Francisco Bay,1/18/2021,018,5.23,R,0.00, ,167,R,0.6, ,23.9,Y,7.6, ,16.5,R,100, ,12, ,,R,,I,5.1, ,440.3, ,11.7, 
140,Twitchell Island,San Francisco Bay,1/19/2021,019,4.34, ,0.20,H,165,R,0.4,Y,19.6, ,10.0, ,13.8,Y,32, ,16, ,25,Y,-5.6,Y,5.2,Y,445.6,Y,11.4, 
140,Twitchell Island,San Francisco Bay,1/20/2021,020,2.42, ,0.00, ,163,R,0.5, ,22.2,Y,3.4, ,11.8, ,70, ,16, ,35, ,-3.2, ,1.6, ,140.8, ,11.1, 
140,Twitchell Island,San Francisco Bay,1/21/2021,021,1.91, ,0.00, ,146, ,0.7, ,17.3, ,0.3, ,9.1, ,98, ,33, ,59, ,1.5, ,1.5, ,125.6, ,10.5, 
140,Twitchell Island,San Francisco Bay,1/22/2021,022,1.14, ,1.40, ,104, ,1.0, ,13.1, ,4.1, ,9.3, ,100, ,70, ,85, ,6.9, ,2.8, ,240.8, ,10.7, 
140,Twitchell Island,San Francisco Bay,1/23/2021,023,1.65, ,0.00, ,137, ,0.9, ,16.8, ,5.1, ,9.1, ,100, ,55, ,81, ,6.0, ,2.2, ,189.0, ,10.7, 
140,Twitchell Island,San Francisco Bay,1/24/2021,024,0.92, ,2.70, ,74, ,0.9, ,12.4, ,1.8, ,7.8, ,100, ,65, ,88, ,5.9, ,3.0, ,256.0, ,10.2, 
140,Twitchell Island,San Francisco Bay,1/25/2021,025,2.13, ,0.00, ,149, ,0.7, ,12.9, ,3.8, ,7.2, ,84, ,37, ,64, ,0.9, ,3.9, ,333.4, ,9.4, 
140,Twitchell Island,San Francisco Bay,1/26/2021,026,1.85, ,2.90, ,101, ,0.7, ,11.0, ,2.1, ,6.8, ,90, ,50, ,73, ,2.2, ,6.3,Y,545.4,Y,8.8, 
140,Twitchell Island,San Francisco Bay,1/27/2021,027,0.35, ,0.00, ,42, ,1.0, ,9.6, ,5.6, ,7.7, ,100, ,91, ,98, ,7.4, ,9.1,R,785.4,R,8.4, 
140,Twitchell Island,San Francisco Bay,1/28/2021,028,0.17, ,0.00, ,34, ,1.2, ,11.0, ,7.3, ,9.2, ,100, ,99, ,100, ,9.2, ,4.3, ,373.5, ,9.4, 
140,Twitchell Island,San Francisco Bay,1/29/2021,029,1.40, ,0.00, ,133, ,1.0, ,14.7, ,5.1, ,8.9, ,100, ,64, ,90, ,7.3, ,1.3, ,114.5, ,10.0, 
140,Twitchell Island,San Francisco Bay,1/30/2021,030,1.90, ,0.00, ,160,R,1.0, ,15.1, ,5.5, ,9.7, ,100, ,65, ,86, ,7.5, ,1.4, ,121.1, ,10.4, 
140,Twitchell Island,San Francisco Bay,1/31/2021,031,1.85, ,0.10, ,147, ,1.1, ,17.1, ,8.0, ,12.1, ,100, ,54, ,82, ,9.0, ,1.4, ,124.2, ,11.2, 
140,Twitchell Island,San Francisco Bay,2/1/2021,032,2.29, ,0.00, ,159, ,1.1, ,20.4, ,4.6, ,13.0, ,100, ,38, ,74, ,8.4, ,2.1, ,185.3, ,11.8, 
140,Twitchell Island,San Francisco Bay,2/2/2021,033,1.33, ,0.10, ,123, ,1.3, ,17.5, ,7.8, ,12.0, ,100, ,56, ,89, ,10.3, ,1.8, ,151.8, ,12.4, 
140,Twitchell Island,San Francisco Bay,2/3/2021,034,1.68, ,0.00, ,136, ,1.0, ,15.2, ,6.2, ,9.9, ,100, ,58, ,80, ,6.6, ,3.0, ,257.7, ,11.5, 
140,Twitchell Island,San Francisco Bay,2/4/2021,035,2.52, ,0.00, ,191,R,0.7, ,18.4, ,4.0, ,10.4, ,93, ,34, ,56, ,2.1, ,2.6, ,222.0, ,11.3, 
140,Twitchell Island,San Francisco Bay,2/5/2021,036,2.30, ,0.00, ,196,R,0.9, ,19.9, ,3.0, ,10.2, ,97, ,42, ,69, ,4.7, ,1.3, ,109.9, ,10.9, 
140,Twitchell Island,San Francisco Bay,2/6/2021,037,2.32, ,0.00, ,197,R,0.9, ,19.7, ,2.0, ,10.0, ,100, ,45, ,76, ,5.9, ,1.2, ,100.7, ,10.8, 
140,Twitchell Island,San Francisco Bay,2/7/2021,038,2.33, ,0.00, ,193,R,1.0, ,21.2, ,3.0, ,10.4, ,100, ,40, ,78, ,6.7, ,1.0, ,82.2, ,10.8, 
140,Twitchell Island,San Francisco Bay,2/8/2021,039,1.89, ,0.00, ,157, ,1.1, ,18.9, ,2.7, ,10.3, ,100, ,58, ,86, ,8.1, ,1.3, ,114.8, ,10.9, 
140,Twitchell Island,San Francisco Bay,2/9/2021,040,1.99, ,0.00, ,115, ,1.1, ,17.2, ,10.1, ,13.3, ,95, ,48, ,75, ,8.9, ,3.2, ,280.3, ,11.7, 
140,Twitchell Island,San Francisco Bay,2/10/2021,041,2.64, ,0.00, ,194,R,1.1, ,19.0, ,9.3, ,13.4, ,86, ,50, ,71, ,8.2, ,3.6, ,311.6, ,11.9, 
140,Twitchell Island,San Francisco Bay,2/11/2021,042,0.69, ,0.10, ,59, ,1.1, ,14.5, ,8.4, ,11.6, ,100, ,64, ,84, ,9.0, ,2.8, ,238.4, ,11.9, 
140,Twitchell Island,San Francisco Bay,2/12/2021,043,2.48, ,0.00, ,193,R,1.1, ,17.1, ,7.8, ,12.2, ,96, ,54, ,79, ,8.6, ,4.0, ,347.1, ,11.8, 
140,Twitchell Island,San Francisco Bay,2/13/2021,044,2.93, ,0.00, ,192,R,1.1, ,18.2, ,8.7, ,13.0, ,98, ,46, ,75, ,8.7, ,4.4, ,382.2, ,12.2, 
140,Twitchell Island,San Francisco Bay,2/14/2021,045,1.22, ,0.00, ,90, ,1.0, ,13.5, ,7.0, ,10.4, ,99, ,59, ,77, ,6.6, ,2.8, ,244.0, ,11.7, 
140,Twitchell Island,San Francisco Bay,2/15/2021,046,1.26, ,0.00, ,97, ,1.3, ,16.9, ,9.5, ,12.3, ,100, ,73, ,89, ,10.6, ,4.2, ,361.8, ,12.1, 
140,Twitchell Island,San Francisco Bay,2/16/2021,047,2.08, ,0.00, ,150, ,1.0, ,15.6, ,6.5, ,10.7, ,95, ,55, ,78, ,7.0, ,3.6, ,310.3, ,11.9, 
140,Twitchell Island,San Francisco Bay,2/17/2021,048,4.07, ,0.20,H,222,R,0.6, ,17.3, ,6.1, ,11.8, ,92, ,22, ,45, ,0.3, ,4.0, ,344.3, ,11.7, 
140,Twitchell Island,San Francisco Bay,2/18/2021,049,2.23, ,0.00, ,175, ,0.7, ,18.2, ,2.3, ,10.9, ,85, ,32, ,54, ,1.9, ,1.2, ,101.9, ,11.5, 
140,Twitchell Island,San Francisco Bay,2/19/2021,050,1.12, ,0.30, ,108, ,1.2, ,15.7, ,8.6, ,11.5, ,100, ,73, ,86, ,9.3, ,2.2, ,188.0, ,12.1, 
140,Twitchell Island,San Francisco Bay,2/20/2021,051,3.03, ,0.60, ,219,R,0.9, ,16.4, ,6.6, ,11.3, ,87, ,43, ,65, ,5.0, ,3.5, ,302.5, ,11.8, 
140,Twitchell Island,San Francisco Bay,2/21/2021,052,3.34, ,0.00, ,225,R,0.7, ,20.4, ,5.3, ,12.5, ,68, ,32, ,51, ,2.6, ,2.4, ,203.3, ,11.8, 
140,Twitchell Island,San Francisco Bay,2/22/2021,053,2.99, ,0.00, ,231,R,0.9, ,23.2,Y,4.0, ,12.7, ,95, ,34, ,62, ,5.6, ,1.3, ,109.4, ,11.9, 
140,Twitchell Island,San Francisco Bay,2/23/2021,054,5.05,R,0.00, ,238,R,0.7, ,25.8,Y,5.9, ,16.1,Y,94, ,12, ,36,Y,1.0,Y,3.1, ,271.0, ,12.0, 
140,Twitchell Island,San Francisco Bay,2/24/2021,055,5.75, ,0.00, ,247,R,0.4, ,20.0, ,6.9, ,14.4, ,46, ,14, ,25, ,-5.2, ,5.0, ,430.8, ,11.8, 
140,Twitchell Island,San Francisco Bay,2/25/2021,056,4.25, ,0.00, ,239,R,0.5, ,22.3,Y,6.0, ,13.2, ,71, ,17, ,31, ,-3.6, ,3.0, ,259.6, ,11.4, 
140,Twitchell Island,San Francisco Bay,2/26/2021,057,3.50, ,0.00, ,241,R,0.9, ,19.3, ,2.0, ,12.1, ,97, ,39, ,63, ,5.2, ,3.3, ,286.7, ,11.6, 
140,Twitchell Island,San Francisco Bay,2/27/2021,058,4.42, ,0.00, ,246,R,0.5, ,18.7, ,6.1, ,12.2, ,78, ,19, ,38, ,-1.6, ,3.7, ,317.8, ,11.6, 
140,Twitchell Island,San Francisco Bay,2/28/2021,059,3.75, ,0.00, ,248,R,0.6, ,20.5, ,4.1, ,12.4, ,87, ,30, ,42, ,0.0, ,2.3, ,200.3, ,11.5, 
140,Twitchell Island,San Francisco Bay,3/1/2021,060,3.34, ,0.00, ,247,R,0.7, ,24.3,Y,2.7, ,12.1, ,100, ,23, ,53, ,2.7, ,1.3, ,111.6, ,11.5, 
140,Twitchell Island,San Francisco Bay,3/2/2021,061,3.38, ,0.00, ,212, ,0.7, ,22.7, ,5.4, ,13.3, ,74, ,24, ,48, ,2.6, ,1.7, ,149.7, ,11.8, 
140,Twitchell Island,San Francisco Bay,3/3/2021,062,3.09,R,0.00, ,161, ,0.8, ,20.9, ,3.9, ,12.4, ,99, ,34, ,59, ,4.6, ,2.9, ,252.8, ,11.9, 
140,Twitchell Island,San Francisco Bay,3/4/2021,063,3.16, ,0.00, ,249,R,1.0, ,21.4, ,3.7, ,11.8, ,99, ,43, ,72, ,6.8, ,2.1, ,180.7, ,12.1, 
140,Twitchell Island,San Francisco Bay,3/5/2021,064,3.41, ,0.60, ,251,R,1.0, ,20.1, ,1.9, ,12.0, ,100, ,43, ,73, ,7.4, ,2.2, ,185.9, ,12.2, 
140,Twitchell Island,San Francisco Bay,3/6/2021,065,3.41, ,1.40, ,258,R,1.0, ,19.9, ,6.8, ,11.6, ,97, ,40, ,72, ,6.7, ,3.4, ,296.0, ,12.5, 
140,Twitchell Island,San Francisco Bay,3/7/2021,066,3.71, ,0.00, ,260,R,0.9, ,19.2, ,6.3, ,12.0, ,87, ,34, ,62, ,4.8, ,3.2, ,273.2, ,12.3, 
140,Twitchell Island,San Francisco Bay,3/8/2021,067,3.29, ,0.00, ,205, ,0.8, ,15.9, ,5.7, ,11.0, ,87, ,42, ,61, ,3.8, ,3.8, ,330.7, ,12.3, 
140,Twitchell Island,San Francisco Bay,3/9/2021,068,2.27, ,2.00, ,144, ,0.9, ,16.4, ,3.9, ,9.6, ,100, ,45, ,75, ,5.3, ,2.6, ,223.3, ,11.7, 
140,Twitchell Island,San Francisco Bay,3/10/2021,069,2.03, ,6.50, ,163, ,1.0, ,13.2, ,4.5, ,8.6, ,100, ,58, ,85, ,6.2, ,2.6, ,225.2, ,11.4, 
140,Twitchell Island,San Francisco Bay,3/11/2021,070,3.29, ,0.10,H,249,R,0.9, ,17.0, ,3.9, ,9.8, ,100, ,43, ,74, ,5.5, ,2.6, ,220.7, ,11.2, 
140,Twitchell Island,San Francisco Bay,3/12/2021,071,4.12, ,0.00, ,276,R,0.8, ,22.9, ,5.8, ,13.3, ,83, ,21, ,53, ,4.0, ,2.7, ,230.8, ,11.5, 
140,Twitchell Island,San Francisco Bay,3/13/2021,072,4.12, ,0.00, ,275,R,1.0, ,17.4, ,8.1, ,11.8, ,91, ,52, ,72, ,6.9, ,5.2, ,445.8, ,12.0, 
140,Twitchell Island,San Francisco Bay,3/14/2021,073,2.46, ,4.90, ,172, ,1.0, ,16.0, ,4.4, ,10.8, ,96, ,55, ,75, ,6.5, ,3.1, ,267.4, ,11.9, 
140,Twitchell Island,San Francisco Bay,3/15/2021,074,2.49, ,0.20, ,194, ,0.8, ,13.4, ,5.6, ,8.3, ,88, ,51, ,71, ,3.5, ,4.0, ,349.1, ,11.4, 
140,Twitchell Island,San Francisco Bay,3/16/2021,075,3.59, ,0.00, ,271,R,0.8, ,17.0, ,4.0, ,10.1, ,87, ,44, ,66, ,4.1, ,2.4, ,209.0, ,11.4, 
140,Twitchell Island,San Francisco Bay,3/17/2021,076,2.34, ,0.00, ,178, ,0.9, ,16.4, ,2.2, ,9.6, ,100, ,57, ,77, ,5.8, ,1.5, ,131.6, ,11.5, 
140,Twitchell Island,San Francisco Bay,3/18/2021,077,1.17, ,7.30, ,108, ,1.3, ,14.9, ,9.1, ,12.1, ,100, ,75, ,92, ,10.9, ,1.7, ,143.8, ,12.0, 
140,Twitchell Island,San Francisco Bay,3/19/2021,078,1.75, ,0.10, ,125, ,1.2, ,17.2, ,8.0, ,12.4, ,100, ,49, ,81, ,9.3, ,2.2, ,187.0, ,12.6, 
140,Twitchell Island,San Francisco Bay,3/20/2021,079,4.17, ,0.00, ,294,R,0.9, ,19.6, ,7.0, ,11.7, ,90, ,37, ,66, ,5.6, ,3.1, ,266.9, ,12.4, 
140,Twitchell Island,San Francisco Bay,3/21/2021,080,4.95, ,0.00, ,295,R,0.8, ,21.9, ,5.5, ,13.3, ,92, ,23, ,54, ,4.3, ,3.7, ,317.4, ,12.3, 
140,Twitchell Island,San Francisco Bay,3/22/2021,081,4.11, ,0.00, ,263,R,1.0, ,20.7, ,8.8, ,13.4, ,81, ,41, ,63, ,6.6, ,4.2, ,364.2, ,12.5, 
140,Twitchell Island,San Francisco Bay,3/23/2021,082,6.20, ,0.00, ,305,R,0.6, ,20.4, ,8.7, ,14.0, ,82, ,22, ,40, ,0.5, ,5.0, ,435.5, ,12.2, 
140,Twitchell Island,San Francisco Bay,3/24/2021,083,5.04, ,0.00, ,276,R,0.6, ,23.2, ,7.8, ,14.2, ,84, ,21, ,40, ,0.8, ,3.0, ,263.3, ,12.1, 
140,Twitchell Island,San Francisco Bay,3/25/2021,084,4.32, ,0.20, ,275,R,1.0, ,20.9, ,9.2, ,13.8, ,82, ,42, ,61, ,6.5, ,4.3, ,368.5, ,12.6, 
140,Twitchell Island,San Francisco Bay,3/26/2021,085,5.64, ,0.00, ,312,R,0.7, ,24.3, ,9.0, ,15.6, ,67, ,18, ,37, ,0.9, ,3.5, ,305.9, ,12.7, 
140,Twitchell Island,San Francisco Bay,3/27/2021,086,4.89, ,0.00, ,313,R,0.9, ,27.5, ,4.1, ,16.1, ,99, ,26, ,47, ,4.9, ,1.5, ,132.4, ,13.6, 
140,Twitchell Island,San Francisco Bay,3/28/2021,087,5.33, ,0.00, ,313,R,0.9, ,27.5, ,5.8, ,16.6, ,100, ,23, ,48, ,5.6, ,2.1, ,180.4, ,14.4, 
140,Twitchell Island,San Francisco Bay,3/29/2021,088,5.90, ,0.00, ,313,R,0.8, ,23.6, ,10.9, ,16.5, ,70, ,21, ,40, ,2.9, ,3.9, ,340.8, ,14.4, 
140,Twitchell Island,San Francisco Bay,3/30/2021,089,7.43, ,0.00, ,325,R,0.5,Y,26.4, ,11.1, ,18.6, ,35, ,16, ,21,Y,-4.0,Y,4.6, ,399.2, ,13.9, 
140,Twitchell Island,San Francisco Bay,3/31/2021,090,5.41, ,0.00, ,321,R,0.8, ,29.7,Y,7.3, ,17.5, ,79, ,24, ,41, ,4.1, ,1.6, ,137.1, ,14.8, 
140,Twitchell Island,San Francisco Bay,4/1/2021,091,5.70, ,0.00, ,321,R,1.0, ,30.7,Y,5.0, ,18.6, ,100, ,20, ,46, ,6.9, ,1.7, ,148.6, ,15.5, 
140,Twitchell Island,San Francisco Bay,4/2/2021,092,6.16, ,0.00, ,315,R,0.9, ,26.7, ,7.5, ,17.2, ,82, ,22, ,45, ,5.1, ,4.0, ,343.3, ,15.7, 
140,Twitchell Island,San Francisco Bay,4/3/2021,093,5.34, ,0.00, ,307,R,1.0, ,19.0, ,10.0, ,13.2, ,85, ,50, ,67, ,7.2, ,6.2, ,537.1, ,14.2, 
140,Twitchell Island,San Francisco Bay,4/4/2021,094,4.56, ,0.00, ,294,R,1.0, ,20.4, ,8.9, ,13.8, ,79, ,47, ,65, ,7.3, ,3.7, ,321.8, ,14.2, 
140,Twitchell Island,San Francisco Bay,4/5/2021,095,4.84, ,0.00, ,297,R,1.1, ,19.5, ,9.9, ,13.6, ,90, ,52, ,70, ,8.3, ,4.6, ,400.2, ,14.2, 
140,Twitchell Island,San Francisco Bay,4/6/2021,096,5.17, ,0.00, ,323,R,1.2, ,23.9, ,9.0, ,14.8, ,92, ,39, ,69, ,9.2, ,4.1, ,353.5, ,14.7, 
140,Twitchell Island,San Francisco Bay,4/7/2021,097,5.51, ,0.00, ,325,R,1.0, ,21.8, ,9.1, ,13.7, ,88, ,40, ,65, ,7.3, ,5.3, ,455.1, ,14.3, 
140,Twitchell Island,San Francisco Bay,4/8/2021,098,5.55, ,0.00, ,326,R,1.0, ,24.1, ,9.0, ,15.6, ,86, ,33, ,56, ,6.8, ,3.8, ,332.2, ,14.5, 
140,Twitchell Island,San Francisco Bay,4/9/2021,099,5.72, ,0.00, ,316,R,1.0, ,22.6, ,10.6, ,15.1, ,76, ,44, ,60, ,7.3, ,5.0, ,433.4, ,14.8, 
140,Twitchell Island,San Francisco Bay,4/10/2021,100,5.57, ,0.00, ,317,R,1.0, ,25.5, ,9.1, ,16.0, ,82, ,33, ,56, ,7.3, ,4.1, ,350.5, ,14.9, 
140,Twitchell Island,San Francisco Bay,4/11/2021,101,5.69, ,0.00, ,315,R,1.0, ,27.6, ,10.7, ,17.9, ,76, ,29, ,49, ,7.0, ,3.6, ,307.4, ,15.8, 
140,Twitchell Island,San Francisco Bay,4/12/2021,102,5.88, ,0.00, ,311,R,1.0, ,29.8,Y,8.7, ,18.1, ,80, ,23, ,46, ,6.3, ,3.4, ,292.9, ,16.3, 
140,Twitchell Island,San Francisco Bay,4/13/2021,103,5.84, ,0.00, ,313,R,1.0, ,22.2, ,8.2, ,15.2, ,75, ,41, ,56, ,6.6, ,4.4, ,380.9, ,16.0, 
140,Twitchell Island,San Francisco Bay,4/14/2021,104,5.46, ,0.20,H,310,R,0.9, ,23.9, ,5.8, ,14.9, ,89, ,31, ,54, ,5.7, ,3.0, ,258.3, ,16.2, 
140,Twitchell Island,San Francisco Bay,4/15/2021,105,5.47, ,0.00, ,318,R,0.9, ,24.2, ,8.7, ,15.4, ,81, ,21, ,52, ,5.7, ,3.4, ,290.6, ,16.6, 
140,Twitchell Island,San Francisco Bay,4/16/2021,106,6.18, ,0.00, ,314,R,1.0, ,24.3, ,9.2, ,15.7, ,91, ,32, ,58, ,7.5, ,5.6, ,484.4, ,16.5, 
140,Twitchell Island,San Francisco Bay,4/17/2021,107,6.71, ,0.00, ,324,R,0.9, ,30.6,Y,10.1, ,19.5, ,88, ,13, ,38, ,4.8, ,3.7, ,320.0, ,16.9, 
140,Twitchell Island,San Francisco Bay,4/18/2021,108,7.14, ,0.00, ,329,R,0.8, ,32.8,Y,8.9, ,21.6,Y,64, ,12, ,30,Y,3.2,Y,2.9, ,253.9, ,17.7, 
140,Twitchell Island,San Francisco Bay,4/19/2021,109,6.74, ,0.00, ,319,R,1.0, ,26.7, ,12.3, ,18.8, ,71, ,32, ,48, ,7.6, ,4.7, ,409.7, ,18.1, 
140,Twitchell Island,San Francisco Bay,4/20/2021,110,5.97, ,0.20, ,310, ,1.1, ,21.3, ,12.2, ,15.8, ,75, ,47, ,60, ,8.0, ,5.0, ,432.3, ,17.5, 
140,Twitchell Island,San Francisco Bay,4/21/2021,111,6.02, ,0.00, ,319,R,1.1, ,24.1, ,11.1, ,16.2, ,83, ,33, ,59, ,8.2, ,4.7, ,405.2, ,17.6, 
140,Twitchell Island,San Francisco Bay,4/22/2021,112,5.38, ,0.00, ,321,R,1.1, ,19.6, ,10.2, ,13.7, ,86, ,56, ,72, ,8.7, ,5.3, ,454.7, ,17.0, 
140,Twitchell Island,San Francisco Bay,4/23/2021,113,5.31, ,0.00, ,312, ,1.1, ,22.6, ,6.5, ,14.2, ,100, ,47, ,69, ,8.6, ,3.7, ,315.5, ,17.1, 
140,Twitchell Island,San Francisco Bay,4/24/2021,114,4.89, ,0.00, ,260, ,1.0, ,19.9, ,10.4, ,14.0, ,83, ,34, ,66, ,7.7, ,4.7, ,406.9, ,16.9, 
140,Twitchell Island,San Francisco Bay,4/25/2021,115,2.41, ,0.00, ,154, ,1.0, ,16.6, ,7.8, ,12.8, ,80, ,51, ,67, ,6.8, ,3.2, ,275.3, ,16.5, 
140,Twitchell Island,San Francisco Bay,4/26/2021,116,5.21, ,0.00, ,319, ,0.9, ,19.8, ,8.0, ,13.2, ,88, ,36, ,60, ,5.6, ,3.6, ,307.7, ,16.4, 
140,Twitchell Island,San Francisco Bay,4/27/2021,117,6.68, ,0.00, ,337,R,0.8, ,26.5, ,9.1, ,17.2, ,81, ,18, ,42, ,4.3, ,3.9, ,335.1, ,17.0, 
140,Twitchell Island,San Francisco Bay,4/28/2021,118,6.84, ,0.00, ,340,R,0.8, ,31.3, ,5.4, ,20.4, ,91, ,19, ,35, ,4.6, ,2.7, ,236.2, ,18.3, 
140,Twitchell Island,San Francisco Bay,4/29/2021,119,6.90, ,0.00, ,331,R,1.0, ,30.8, ,10.2, ,21.1, ,84, ,22, ,40, ,6.8, ,2.8, ,244.9, ,19.4, 
140,Twitchell Island,San Francisco Bay,4/30/2021,120,6.67, ,0.00, ,313, ,1.1, ,28.1, ,12.3, ,18.6, ,74, ,25, ,50, ,7.9, ,4.0, ,341.5, ,19.4, 
140,Twitchell Island,San Francisco Bay,5/1/2021,121,6.96, ,0.00, ,338,R,1.2, ,24.6, ,12.2, ,17.8, ,80, ,44, ,60, ,10.0, ,5.6, ,480.6, ,18.8, 
140,Twitchell Island,San Francisco Bay,5/2/2021,122,7.70, ,0.00, ,341,R,1.0, ,28.8, ,13.1, ,19.8, ,68, ,16, ,44, ,7.1, ,5.0, ,428.2, ,18.8, 
140,Twitchell Island,San Francisco Bay,5/3/2021,123,8.46, ,0.00, ,343,R,0.8, ,31.3, ,16.1,Y,23.3,Y,60, ,10, ,29,Y,4.2,Y,4.1, ,355.3, ,19.5, 
140,Twitchell Island,San Francisco Bay,5/4/2021,124,7.24, ,0.00, ,101, ,1.1, ,33.1,Y,18.0,Y,23.4,Y,57, ,21, ,38,Y,8.4,Y,2.6, ,226.0, ,22.4,R
140,Twitchell Island,San Francisco Bay,5/5/2021,125,6.48, ,0.00, ,293, ,1.2, ,34.8,Y,10.4, ,22.5, ,83, ,22, ,44, ,9.6, ,2.6, ,223.8, ,21.5,R
140,Twitchell Island,San Francisco Bay,5/6/2021,126,6.65, ,0.00, ,219, ,1.2, ,24.8, ,13.8, ,18.9, ,78, ,37, ,54, ,9.4, ,5.0, ,433.5, ,20.6,Y
140,Twitchell Island,San Francisco Bay,5/7/2021,127,6.29, ,0.00, ,299, ,1.1, ,26.5, ,11.9, ,18.5, ,75, ,34, ,51, ,8.2, ,4.2, ,363.0, ,19.8, 
140,Twitchell Island,San Francisco Bay,5/8/2021,128,8.73, ,0.00, ,306, ,0.6,Y,30.7, ,13.6, ,22.9, ,61, ,12, ,22,Y,0.3,Y,4.3, ,375.5, ,20.1,Y
140,Twitchell Island,San Francisco Bay,5/9/2021,129,8.27, ,0.00, ,298, ,0.9, ,30.9, ,17.3,Y,23.9,Y,54, ,18, ,29,Y,4.9,Y,4.2, ,364.3, ,21.0,Y
140,Twitchell Island,San Francisco Bay,5/10/2021,130,8.29, ,0.00, ,309, ,0.8, ,32.1, ,16.3,Y,23.9,Y,58, ,13, ,28,Y,4.2,Y,3.7, ,323.5, ,21.3,Y
140,Twitchell Island,San Francisco Bay,5/11/2021,131,7.44, ,0.00, ,307, ,0.9, ,35.9,Y,15.3, ,24.4,Y,52, ,13, ,30,Y,5.7,Y,2.9, ,248.8, ,22.0,R
140,Twitchell Island,San Francisco Bay,5/12/2021,132,7.30, ,0.00, ,308, ,1.1, ,30.3, ,13.0, ,20.9, ,77, ,23, ,43, ,8.0, ,3.9, ,339.0, ,21.9,R
140,Twitchell Island,San Francisco Bay,5/13/2021,133,6.61, ,0.00, ,311, ,1.2, ,26.8, ,10.6, ,17.3, ,90, ,36, ,61, ,9.7, ,5.8, ,497.7, ,20.8,Y
140,Twitchell Island,San Francisco Bay,5/14/2021,134,6.29, ,0.00, ,309, ,1.2, ,24.5, ,11.1, ,16.8, ,88, ,42, ,62, ,9.5, ,4.5, ,392.5, ,20.4, 
140,Twitchell Island,San Francisco Bay,5/15/2021,135,4.86, ,0.00, ,277, ,1.2, ,22.4, ,10.4, ,15.7, ,85, ,46, ,67, ,9.5, ,3.8, ,330.0, ,20.3, 
140,Twitchell Island,San Francisco Bay,5/16/2021,136,5.67, ,0.00, ,0, ,1.2, ,12.2,Y,12.0, ,12.1, ,88, ,51, ,87, ,9.9, ,6.8,H,584.2,H,19.5, 
140,Twitchell Island,San Francisco Bay,5/17/2021,137,5.91, ,0.00, ,330, ,1.2, ,22.6, ,11.5, ,16.2, ,88, ,48, ,65, ,9.6, ,5.5, ,473.3, ,19.8, 
140,Twitchell Island,San Francisco Bay,5/18/2021,138,7.84, ,0.00, ,314, ,0.9, ,26.7, ,12.9, ,18.7, ,71, ,22, ,43, ,6.1, ,5.6, ,480.6, ,19.8, 
140,Twitchell Island,San Francisco Bay,5/19/2021,139,7.37, ,0.00, ,315, ,0.8, ,22.5, ,11.6, ,16.3, ,64, ,31, ,46, ,4.5, ,5.8, ,500.4, ,19.4, 
140,Twitchell Island,San Francisco Bay,5/20/2021,140,6.22, ,0.20, ,286, ,0.7,Y,21.7, ,8.8, ,15.1, ,65, ,24, ,40,Y,1.5,Y,4.0, ,349.3, ,19.1, 
140,Twitchell Island,San Francisco Bay,5/21/2021,141,7.01, ,0.00, ,315, ,0.7,Y,24.0, ,10.2, ,16.9, ,60, ,19, ,36,Y,1.6,Y,3.6, ,313.0, ,19.4, 
140,Twitchell Island,San Francisco Bay,5/22/2021,142,6.27, ,0.00, ,290, ,0.9, ,25.7, ,9.1, ,17.4, ,79, ,26, ,47, ,5.9, ,3.8, ,326.3, ,20.0, 
140,Twitchell Island,San Francisco Bay,5/23/2021,143,6.05, ,0.00, ,314, ,1.1, ,25.4, ,9.2, ,17.2, ,84, ,36, ,56, ,8.2, ,3.2, ,276.8, ,20.5, 
140,Twitchell Island,San Francisco Bay,5/24/2021,144,7.03, ,0.00, ,314, ,1.2, ,29.1, ,11.8, ,19.7, ,83, ,27, ,50, ,9.1, ,4.2, ,363.0, ,21.1, 
140,Twitchell Island,San Francisco Bay,5/25/2021,145,6.97, ,0.00, ,323, ,1.2, ,26.7, ,15.7, ,19.8, ,72, ,33, ,52, ,9.8, ,4.5, ,389.8, ,21.6, 
140,Twitchell Island,San Francisco Bay,5/26/2021,146,7.19, ,0.00, ,323, ,1.1, ,30.7, ,13.6, ,20.9, ,71, ,21, ,44, ,8.1, ,3.7, ,318.3, ,22.1,Y
140,Twitchell Island,San Francisco Bay,5/27/2021,147,7.35, ,0.00, ,318, ,1.2, ,27.8, ,12.2, ,19.9, ,67, ,28, ,50, ,9.2, ,4.8, ,417.4, ,21.8, 
140,Twitchell Island,San Francisco Bay,5/28/2021,148,6.90, ,0.00, ,312, ,1.3, ,29.7, ,14.1, ,20.5, ,76, ,35, ,55, ,11.3, ,4.5, ,391.1, ,22.4,Y
140,Twitchell Island,San Francisco Bay,5/29/2021,149,6.56, ,0.00, ,310, ,1.2, ,25.2, ,11.8, ,17.6, ,81, ,41, ,61, ,9.9, ,4.9, ,419.8, ,21.9, 
140,Twitchell Island,San Francisco Bay,5/30/2021,150,7.53, ,0.00, ,313, ,1.3, ,33.2, ,12.3, ,22.4, ,83, ,25, ,46, ,10.3, ,3.8, ,326.2, ,22.3, 
140,Twitchell Island,San Francisco Bay,5/31/2021,151,7.94, ,0.00, ,311, ,1.3, ,38.6,Y,13.2, ,26.2,Y,81, ,24, ,39,Y,11.0,Y,3.1, ,266.6, ,23.8,Y
140,Twitchell Island,San Francisco Bay,6/1/2021,152,8.42, ,0.00, ,313, ,1.3, ,32.5, ,16.5, ,23.7, ,69, ,28, ,45, ,11.0, ,5.1, ,438.0, ,24.1,R
140,Twitchell Island,San Francisco Bay,6/2/2021,153,7.10, ,0.00, ,318, ,1.4, ,30.0, ,12.5, ,20.3, ,89, ,36, ,59, ,11.9, ,5.3, ,456.0, ,23.3,Y
140,Twitchell Island,San Francisco Bay,6/3/2021,154,7.60, ,0.00, ,316, ,1.4, ,33.0, ,13.9, ,23.1, ,82, ,29, ,48, ,11.5, ,4.4, ,380.4, ,23.5,Y
140,Twitchell Island,San Francisco Bay,6/4/2021,155,8.08, ,0.00, ,304, ,1.3, ,29.9, ,17.1, ,22.6, ,59, ,33, ,47, ,10.7, ,5.7, ,495.0, ,23.6,Y
140,Twitchell Island,San Francisco Bay,6/5/2021,156,7.31, ,0.00, ,312, ,1.2, ,31.5, ,13.1, ,22.4, ,72, ,31, ,44, ,9.6, ,3.5, ,305.0, ,23.5,Y
140,Twitchell Island,San Francisco Bay,6/6/2021,157,8.32, ,0.00, ,321, ,1.1, ,28.7, ,16.2, ,21.6, ,59, ,28, ,43, ,8.6, ,5.3, ,458.8, ,23.5,Y
140,Twitchell Island,San Francisco Bay,6/7/2021,158,8.24, ,0.00, ,327, ,0.9, ,24.8, ,13.2, ,18.3, ,64, ,33, ,45, ,6.2, ,6.1, ,528.7, ,22.4, 
140,Twitchell Island,San Francisco Bay,6/8/2021,159,7.29, ,0.00, ,330, ,1.0, ,22.3, ,12.3, ,16.4, ,72, ,37, ,53, ,6.7, ,5.9, ,505.5, ,21.5, 
140,Twitchell Island,San Francisco Bay,6/9/2021,160,7.31, ,0.00, ,330, ,0.9, ,21.2, ,12.0, ,15.9, ,69, ,35, ,52, ,6.0, ,5.7, ,496.5, ,20.9, 
140,Twitchell Island,San Francisco Bay,6/10/2021,161,6.48, ,0.00, ,328, ,1.0, ,26.0, ,10.9, ,17.0, ,81, ,26, ,50, ,6.4, ,3.7, ,318.3, ,21.4, 
140,Twitchell Island,San Francisco Bay,6/11/2021,162,7.31, ,0.00, ,319, ,1.1, ,25.9, ,12.6, ,18.8, ,78, ,29, ,49, ,7.9, ,4.9, ,420.1, ,21.7, 
140,Twitchell Island,San Francisco Bay,6/12/2021,163,6.69, ,0.00, ,314, ,1.7, ,31.0, ,16.2, ,22.4, ,89, ,37, ,62, ,14.7, ,4.3, ,374.6, ,23.3,Y
140,Twitchell Island,San Francisco Bay,6/13/2021,164,7.14, ,0.00, ,318, ,1.7, ,28.8, ,17.2, ,21.8, ,88, ,39, ,64, ,14.7, ,5.5, ,473.0, ,23.7,Y
140,Twitchell Island,San Francisco Bay,6/14/2021,165,6.96, ,0.00, ,316, ,1.5, ,27.5, ,16.4, ,21.1, ,92, ,32, ,61, ,13.3, ,4.4, ,383.3, ,23.8,Y
140,Twitchell Island,San Francisco Bay,6/15/2021,166,7.43, ,0.00, ,333, ,1.1, ,33.4, ,14.5, ,22.4, ,72, ,16, ,42, ,8.8, ,3.7, ,323.2, ,23.5, 
140,Twitchell Island,San Francisco Bay,6/16/2021,167,7.34, ,0.00, ,310, ,1.2, ,35.1, ,16.5, ,26.4, ,63, ,20, ,36, ,10.1, ,2.5, ,219.7, ,24.7,Y
140,Twitchell Island,San Francisco Bay,6/17/2021,168,7.14,R,0.00, ,325, ,1.3, ,40.7,Y,15.8, ,29.8,Y,66, ,18, ,30,Y,10.3,Y,1.2,Y,106.5,Y,25.9,R
140,Twitchell Island,San Francisco Bay,6/18/2021,169,7.08,R,0.00, ,319, ,1.3, ,43.4,Y,15.9, ,29.9,Y,84, ,16, ,31,Y,11.1,Y,0.9,Y,81.6,Y,26.7,R
140,Twitchell Island,San Francisco Bay,6/19/2021,170,7.65, ,0.00, ,320, ,1.2, ,36.5, ,17.6, ,26.3, ,64, ,16, ,36, ,10.0, ,2.3, ,201.1, ,26.3,R
140,Twitchell Island,San Francisco Bay,6/20/2021,171,6.74, ,0.00, ,328, ,1.4, ,33.3, ,15.3, ,22.8, ,81, ,25, ,49, ,11.6, ,2.6, ,221.2, ,25.7,Y
140,Twitchell Island,San Francisco Bay,6/21/2021,172,7.14, ,0.00, ,322, ,1.4, ,25.9, ,14.3, ,18.8, ,88, ,43, ,66, ,12.5, ,6.9, ,594.6, ,24.2, 
140,Twitchell Island,San Francisco Bay,6/22/2021,173,6.74, ,0.00, ,319, ,1.5, ,25.8, ,15.6, ,19.8, ,83, ,48, ,66, ,13.1, ,5.6, ,482.4, ,23.9, 
140,Twitchell Island,San Francisco Bay,6/23/2021,174,7.01, ,0.00, ,317, ,1.5, ,26.9, ,15.2, ,20.0, ,83, ,43, ,63, ,12.8, ,5.6, ,483.7, ,23.9, 
140,Twitchell Island,San Francisco Bay,6/24/2021,175,7.12, ,0.00, ,320, ,1.4, ,27.6, ,14.8, ,19.8, ,84, ,37, ,61, ,12.1, ,6.0, ,517.4, ,23.6, 
140,Twitchell Island,San Francisco Bay,6/25/2021,176,7.11, ,0.00, ,312, ,1.5, ,30.5, ,13.7, ,20.4, ,91, ,34, ,62, ,13.0, ,6.0, ,516.9, ,23.6, 
140,Twitchell Island,San Francisco Bay,6/26/2021,177,7.32, ,0.00, ,305, ,1.6, ,33.0, ,14.8, ,22.7, ,89, ,33, ,57, ,13.7, ,5.2, ,447.6, ,24.2, 
140,Twitchell Island,San Francisco Bay,6/27/2021,178,7.50, ,0.00, ,313, ,1.5, ,30.1, ,15.3, ,21.2, ,84, ,36, ,62, ,13.5, ,6.3, ,540.4, ,24.3, 
140,Twitchell Island,San Francisco Bay,6/28/2021,179,7.92, ,0.00, ,321, ,1.6, ,28.7, ,15.0, ,21.4, ,88, ,42, ,61, ,13.6, ,7.1,Y,612.1,Y,23.8, 
140,Twitchell Island,San Francisco Bay,6/29/2021,180,7.84, ,0.00, ,312, ,1.6, ,33.2, ,17.7, ,24.5, ,73, ,33, ,51, ,13.8, ,5.0, ,430.3, ,24.5, 
140,Twitchell Island,San Francisco Bay,6/30/2021,181,7.21, ,0.00, ,301, ,1.6, ,29.2, ,17.4, ,22.3, ,75, ,42, ,58, ,13.6, ,5.0, ,430.6, ,24.9, 
140,Twitchell Island,San Francisco Bay,7/1/2021,182,6.90, ,0.00, ,310, ,1.6, ,29.4, ,15.6, ,21.7, ,86, ,40, ,61, ,13.9, ,4.7, ,405.0, ,24.8, 
140,Twitchell Island,San Francisco Bay,7/2/2021,183,7.18, ,0.00, ,320, ,1.6, ,31.9, ,15.0, ,21.9, ,88, ,36, ,60, ,13.8, ,4.8, ,411.8, ,24.9, 
140,Twitchell Island,San Francisco Bay,7/3/2021,184,6.50, ,0.00, ,274, ,1.5, ,30.2, ,14.6, ,21.0, ,91, ,39, ,62, ,13.5, ,5.8, ,501.7, ,24.5, 
140,Twitchell Island,San Francisco Bay,7/4/2021,185,7.34, ,0.00, ,313, ,1.5, ,29.5, ,14.6, ,20.6, ,91, ,36, ,62, ,13.1, ,6.2, ,534.4, ,24.1, 
140,Twitchell Island,San Francisco Bay,7/5/2021,186,7.27, ,0.00, ,319, ,1.5, ,30.0, ,14.1, ,20.3, ,93, ,36, ,63, ,13.1, ,6.1, ,530.1, ,23.9, 
140,Twitchell Island,San Francisco Bay,7/6/2021,187,7.62, ,0.00, ,313, ,1.4, ,29.2, ,13.8, ,20.4, ,91, ,31, ,57, ,11.8, ,5.9, ,513.2, ,23.7, 
140,Twitchell Island,San Francisco Bay,7/7/2021,188,7.60, ,0.00, ,323, ,1.4, ,30.5, ,14.1, ,21.3, ,84, ,35, ,55, ,12.0, ,5.4, ,470.4, ,23.9, 
140,Twitchell Island,San Francisco Bay,7/8/2021,189,7.17, ,0.00, ,326, ,1.4, ,38.4, ,13.9, ,25.4, ,85, ,14, ,43, ,12.0, ,2.4, ,205.3, ,25.0, 
140,Twitchell Island,San Francisco Bay,7/9/2021,190,7.50, ,0.00, ,241, ,1.2, ,39.1, ,17.4, ,29.3,Y,72, ,12, ,30,Y,10.0,Y,3.2, ,273.4, ,26.4,Y
140,Twitchell Island,San Francisco Bay,7/10/2021,191,8.36, ,0.00, ,244, ,1.2, ,40.1,Y,18.6, ,28.9,Y,59, ,13, ,29,Y,9.3,Y,4.5, ,385.9, ,26.6,Y
140,Twitchell Island,San Francisco Bay,7/11/2021,192,8.32, ,0.00, ,253, ,1.3, ,33.4, ,16.7, ,24.7, ,69, ,28, ,42, ,10.8, ,6.1, ,530.5, ,26.2,Y
140,Twitchell Island,San Francisco Bay,7/12/2021,193,6.64, ,0.00, ,249, ,1.4, ,30.5, ,14.7, ,21.2, ,79, ,34, ,55, ,11.7, ,5.8, ,499.3, ,25.2, 
140,Twitchell Island,San Francisco Bay,7/13/2021,194,5.92, ,0.00, ,251, ,1.4, ,27.9, ,13.8, ,19.4, ,87, ,39, ,62, ,12.0, ,5.5, ,475.6, ,24.6, 
140,Twitchell Island,San Francisco Bay,7/14/2021,195,5.79, ,0.00, ,260, ,1.4, ,28.8, ,13.0, ,19.6, ,92, ,37, ,62, ,12.1, ,4.8, ,417.1, ,24.4, 
140,Twitchell Island,San Francisco Bay,7/15/2021,196,6.02, ,0.00, ,272, ,1.4, ,28.8, ,13.1, ,19.4, ,90, ,34, ,61, ,11.6, ,4.8, ,413.3, ,24.3, 
140,Twitchell Island,San Francisco Bay,7/16/2021,197,5.89, ,0.00, ,273, ,1.4, ,31.2, ,13.1, ,21.2, ,91, ,31, ,56, ,12.2, ,3.5, ,299.7, ,24.6, 
140,Twitchell Island,San Francisco Bay,7/17/2021,198,6.42, ,0.00, ,272, ,1.4, ,35.0, ,15.1, ,24.1, ,83, ,23, ,47, ,12.1, ,2.8, ,245.2, ,25.5, 
140,Twitchell Island,San Francisco Bay,7/18/2021,199,6.10, ,0.00, ,241, ,1.3, ,36.7, ,15.5, ,25.8, ,74, ,18, ,40, ,11.2, ,2.6, ,222.4, ,26.1,Y
140,Twitchell Island,San Francisco Bay,7/19/2021,200,6.67, ,0.00, ,258, ,1.4, ,35.6, ,17.5, ,25.4, ,67, ,22, ,42, ,11.6, ,3.1, ,270.4, ,26.5,Y
140,Twitchell Island,San Francisco Bay,7/20/2021,201,7.33, ,0.00, ,271, ,1.3, ,31.3, ,15.6, ,23.1, ,80, ,28, ,48, ,11.4, ,4.6, ,401.1, ,25.8,Y
140,Twitchell Island,San Francisco Bay,7/21/2021,202,7.52, ,0.00, ,203, ,1.2, ,33.1, ,18.5, ,25.9, ,64, ,25, ,36, ,9.8, ,4.6, ,396.8, ,27.0,Y
140,Twitchell Island,San Francisco Bay,7/22/2021,203,7.09, ,0.00, ,285, ,1.3, ,33.4, ,13.8, ,23.3, ,80, ,25, ,46, ,11.1, ,3.3, ,287.9, ,25.8,Y
140,Twitchell Island,San Francisco Bay,7/23/2021,204,6.73, ,0.00, ,270, ,1.3, ,37.0, ,15.4, ,24.5, ,76, ,23, ,44, ,11.3, ,3.1, ,271.2, ,26.2,Y
140,Twitchell Island,San Francisco Bay,7/24/2021,205,7.54, ,0.00, ,276, ,1.3, ,34.5, ,15.7, ,24.1, ,75, ,22, ,44, ,11.0, ,4.5, ,390.1, ,26.2,Y
140,Twitchell Island,San Francisco Bay,7/25/2021,206,7.66, ,0.00, ,257, ,1.2, ,33.1, ,15.1, ,23.1, ,82, ,23, ,43, ,9.9, ,5.8, ,499.1, ,25.5, 
140,Twitchell Island,San Francisco Bay,7/26/2021,207,4.88, ,0.00, ,195, ,1.3, ,28.2, ,15.3, ,20.3, ,79, ,34, ,56, ,11.3, ,4.6, ,396.1, ,24.6, 
140,Twitchell Island,San Francisco Bay,7/27/2021,208,6.12, ,0.00, ,247, ,1.3, ,35.2, ,14.4, ,25.1, ,80, ,20, ,42, ,11.2, ,2.2, ,188.0, ,25.1, 
140,Twitchell Island,San Francisco Bay,7/28/2021,209,7.22, ,0.00, ,250, ,1.4, ,37.3, ,18.4, ,26.4, ,65, ,23, ,42, ,12.3, ,4.3, ,373.0, ,25.8,Y
140,Twitchell Island,San Francisco Bay,7/29/2021,210,7.48, ,0.00, ,258, ,1.5, ,35.9, ,18.6, ,26.6, ,69, ,25, ,43, ,12.9, ,4.6, ,396.6, ,26.2,Y
140,Twitchell Island,San Francisco Bay,7/30/2021,211,8.17, ,0.00, ,268, ,1.4, ,35.9, ,18.5, ,25.6, ,67, ,22, ,42, ,11.7, ,5.2, ,451.3, ,26.2,Y
140,Twitchell Island,San Francisco Bay,7/31/2021,212,7.16, ,0.00, ,265, ,1.5, ,30.9, ,16.3, ,22.4, ,83, ,31, ,54, ,12.7, ,5.8, ,500.9, ,25.5,Y
140,Twitchell Island,San Francisco Bay,8/1/2021,213,7.05, ,0.00, ,279, ,1.4, ,30.4, ,15.4, ,21.0, ,87, ,32, ,58, ,12.3, ,6.3, ,543.3, ,24.9, 
140,Twitchell Island,San Francisco Bay,8/2/2021,214,6.53, ,0.00, ,275, ,1.3, ,33.4, ,14.8, ,22.1, ,85, ,18, ,50, ,11.1, ,4.7, ,405.2, ,24.7, 
140,Twitchell Island,San Francisco Bay,8/3/2021,215,7.34, ,0.00, ,289, ,1.2, ,35.2, ,14.3, ,23.6, ,85, ,16, ,43, ,10.2, ,4.7, ,402.0, ,25.0, 
140,Twitchell Island,San Francisco Bay,8/4/2021,216,7.11, ,0.00, ,286, ,1.4, ,31.2, ,14.5, ,21.1, ,83, ,24, ,54, ,11.6, ,5.7, ,491.4, ,24.8, 
140,Twitchell Island,San Francisco Bay,8/5/2021,217,6.19, ,0.00, ,285, ,1.5, ,28.1, ,14.9, ,20.5, ,88, ,39, ,62, ,13.1, ,5.6, ,481.6, ,24.4, 
140,Twitchell Island,San Francisco Bay,8/6/2021,218,5.26, ,0.00, ,214, ,1.5, ,34.0, ,16.4, ,24.5, ,86, ,27, ,49, ,13.0, ,2.7, ,236.5, ,24.8, 
140,Twitchell Island,San Francisco Bay,8/7/2021,219,4.81, ,0.00, ,197, ,1.5, ,32.6, ,15.1, ,23.6, ,77, ,27, ,51, ,12.8, ,2.7, ,229.3, ,24.9, 
140,Twitchell Island,San Francisco Bay,8/8/2021,220,5.91, ,0.00, ,270, ,1.6, ,31.3, ,15.4, ,22.3, ,91, ,39, ,60, ,14.3, ,3.5, ,303.4, ,25.2, 
140,Twitchell Island,San Francisco Bay,8/9/2021,221,6.46, ,0.00, ,274, ,1.3, ,33.6, ,16.0, ,23.3, ,81, ,15, ,47, ,11.3, ,3.4, ,293.4, ,25.4, 
140,Twitchell Island,San Francisco Bay,8/10/2021,222,6.54, ,0.00, ,264, ,1.3, ,37.5, ,15.2, ,25.2, ,87, ,19, ,41, ,11.0, ,3.4, ,297.4, ,25.6,Y
140,Twitchell Island,San Francisco Bay,8/11/2021,223,7.91, ,0.20, ,256, ,1.3, ,34.5, ,18.0, ,25.4, ,65, ,23, ,39, ,10.5, ,4.8, ,410.5, ,25.7,Y
140,Twitchell Island,San Francisco Bay,8/12/2021,224,7.22, ,0.00, ,237, ,1.3, ,31.9, ,18.5, ,23.8, ,64, ,32, ,46, ,11.4, ,5.5, ,475.4, ,25.2,Y
140,Twitchell Island,San Francisco Bay,8/13/2021,225,7.25, ,0.00, ,250, ,1.4, ,29.0, ,17.5, ,23.2, ,69, ,37, ,50, ,12.0, ,5.5, ,475.1, ,24.9, 
140,Twitchell Island,San Francisco Bay,8/14/2021,226,7.11, ,0.00, ,254, ,1.5, ,35.1, ,18.2, ,25.4, ,72, ,30, ,48, ,13.5, ,4.7, ,402.6, ,25.4,Y
140,Twitchell Island,San Francisco Bay,8/15/2021,227,6.26, ,0.00, ,229, ,1.7, ,34.4, ,18.2, ,25.5, ,76, ,33, ,51, ,14.7, ,4.3, ,367.8, ,25.6,Y
140,Twitchell Island,San Francisco Bay,8/16/2021,228,7.52, ,0.00, ,250, ,1.5, ,35.6, ,18.8, ,26.1, ,73, ,24, ,44, ,12.9, ,4.8, ,418.3, ,25.6,Y
140,Twitchell Island,San Francisco Bay,8/17/2021,229,5.85, ,0.00, ,230, ,1.4, ,30.2, ,17.7, ,23.1, ,66, ,37, ,51, ,12.3, ,3.9, ,338.9, ,25.3,Y
140,Twitchell Island,San Francisco Bay,8/18/2021,230,4.98, ,0.00, ,196, ,1.4, ,30.7, ,15.9, ,21.7, ,78, ,27, ,52, ,11.5, ,4.0, ,346.8, ,24.6, 
140,Twitchell Island,San Francisco Bay,8/19/2021,231,5.12, ,0.00, ,210, ,1.6, ,27.1, ,16.0, ,20.8, ,86, ,46, ,64, ,13.7, ,5.2, ,446.5, ,24.0, 
140,Twitchell Island,San Francisco Bay,8/20/2021,232,4.29, ,0.00, ,207, ,1.6, ,28.2, ,15.4, ,19.9, ,93, ,41, ,69, ,14.1, ,3.8, ,325.9, ,23.9, 
140,Twitchell Island,San Francisco Bay,8/21/2021,233,5.02, ,0.00, ,247, ,1.5, ,23.5, ,14.8, ,18.4, ,88, ,56, ,72, ,13.3, ,5.1, ,444.7, ,23.5, 
140,Twitchell Island,San Francisco Bay,8/22/2021,234,5.21, ,0.00, ,259, ,1.5, ,28.2, ,14.4, ,19.8, ,90, ,40, ,66, ,13.3, ,4.1, ,353.6, ,23.5, 
140,Twitchell Island,San Francisco Bay,8/23/2021,235,5.37, ,0.00, ,254, ,1.5, ,26.9, ,14.2, ,19.1, ,92, ,42, ,66, ,12.7, ,4.7, ,409.4, ,23.6, 
140,Twitchell Island,San Francisco Bay,8/24/2021,236,5.38, ,0.00, ,251, ,1.4, ,28.1, ,13.7, ,19.3, ,89, ,30, ,62, ,11.7, ,4.5, ,392.3, ,23.3, 
140,Twitchell Island,San Francisco Bay,8/25/2021,237,5.48, ,0.00, ,260, ,1.3, ,29.2, ,13.9, ,20.1, ,87, ,23, ,57, ,11.2, ,3.7, ,321.2, ,23.4, 
140,Twitchell Island,San Francisco Bay,8/26/2021,238,5.72,H,0.00,H,259,H,1.3,H,35.8, ,10.1,Y,23.6,H,91,H,23,H,45, ,11.0, ,2.4,H,207.0,H,23.8,H
140,Twitchell Island,San Francisco Bay,8/27/2021,239,5.66,R,0.00, ,236, ,1.4, ,38.0, ,12.1, ,25.9, ,88, ,20, ,41, ,11.8, ,1.8, ,151.7, ,24.6,Y
140,Twitchell Island,San Francisco Bay,8/28/2021,240,5.56,R,0.00, ,243, ,1.5, ,39.3, ,13.7, ,26.6, ,91, ,20, ,43, ,13.2, ,1.5, ,131.7, ,25.1,Y
140,Twitchell Island,San Francisco Bay,8/29/2021,241,7.12, ,0.00, ,247, ,1.4, ,36.7, ,19.5, ,27.0, ,63, ,22, ,38, ,11.5, ,3.8, ,331.8, ,25.3,Y
140,Twitchell Island,San Francisco Bay,8/30/2021,242,6.31, ,0.00, ,259, ,1.4, ,35.5, ,16.0, ,24.6, ,79, ,22, ,46, ,12.2, ,3.2, ,276.8, ,25.3,Y
140,Twitchell Island,San Francisco Bay,8/31/2021,243,6.53, ,0.00, ,259, ,1.3, ,30.5, ,16.5, ,22.5, ,69, ,31, ,49, ,11.3, ,4.4, ,381.0, ,24.7,Y
140,Twitchell Island,San Francisco Bay,9/1/2021,244,5.17, ,0.00, ,254, ,1.4, ,24.2, ,14.3, ,18.1, ,82, ,50, ,67, ,11.9, ,4.8, ,417.3, ,23.8, 
140,Twitchell Island,San Francisco Bay,9/2/2021,245,4.55, ,0.00, ,236, ,1.4, ,27.2, ,13.0, ,18.7, ,86, ,36, ,63, ,11.6, ,3.5, ,299.1, ,23.3, 
140,Twitchell Island,San Francisco Bay,9/3/2021,246,4.83, ,0.00, ,245, ,1.4, ,33.5, ,13.7, ,20.9, ,90, ,27, ,57, ,12.2, ,3.2, ,277.1, ,23.6, 
140,Twitchell Island,San Francisco Bay,9/4/2021,247,5.29, ,0.00, ,250, ,1.3, ,35.7, ,12.8, ,23.3, ,89, ,21, ,46, ,11.0, ,2.2, ,192.8, ,24.1, 
140,Twitchell Island,San Francisco Bay,9/5/2021,248,5.78, ,0.00, ,251, ,1.2, ,39.7, ,10.7, ,25.3, ,89, ,15, ,38, ,9.8, ,2.0, ,174.0, ,24.5,Y
140,Twitchell Island,San Francisco Bay,9/6/2021,249,5.66, ,0.00, ,239, ,1.2, ,40.7,Y,11.7, ,26.6, ,85, ,14, ,35, ,9.8, ,1.7, ,145.2, ,24.9,Y
140,Twitchell Island,San Francisco Bay,9/7/2021,250,7.41, ,0.00, ,237, ,1.2, ,34.8, ,19.7,Y,27.8, ,51, ,19, ,32, ,9.4, ,3.8, ,325.4, ,25.2,Y
140,Twitchell Island,San Francisco Bay,9/8/2021,251,7.00, ,0.00, ,232, ,1.4, ,37.4, ,21.8,Y,28.4,Y,57, ,23, ,37,Y,12.1,Y,3.8, ,331.9, ,25.6,R
140,Twitchell Island,San Francisco Bay,9/9/2021,252,6.15, ,0.00, ,203, ,1.4, ,34.1, ,20.4,Y,25.8, ,59, ,25, ,41, ,11.7, ,3.9, ,336.7, ,25.7,R
140,Twitchell Island,San Francisco Bay,9/10/2021,253,5.43, ,1.10, ,222, ,1.6, ,28.9, ,17.2, ,22.4, ,82, ,41, ,58, ,13.8, ,4.4, ,384.2, ,24.7,Y
140,Twitchell Island,San Francisco Bay,9/11/2021,254,5.25, ,0.00, ,242, ,1.5, ,36.2, ,16.9, ,24.5, ,73, ,26, ,48, ,12.7, ,2.6, ,226.2, ,24.6,Y
140,Twitchell Island,San Francisco Bay,9/12/2021,255,5.70, ,0.00, ,239, ,1.4, ,35.3, ,13.2, ,25.3, ,82, ,25, ,42, ,11.6, ,2.7, ,229.7, ,24.9,Y
140,Twitchell Island,San Francisco Bay,9/13/2021,256,5.41, ,0.00, ,232, ,1.4, ,37.2, ,18.0, ,26.0, ,67, ,24, ,41, ,11.7, ,2.4, ,205.0, ,25.2,R
140,Twitchell Island,San Francisco Bay,9/14/2021,257,5.38, ,0.00, ,230, ,1.3, ,38.1, ,13.5, ,24.8, ,78, ,20, ,43, ,11.4, ,2.5, ,220.1, ,25.1,R
140,Twitchell Island,San Francisco Bay,9/15/2021,258,5.03, ,0.00, ,227, ,1.4, ,27.7, ,14.6, ,19.5, ,85, ,40, ,64, ,12.5, ,5.3, ,455.9, ,24.1,Y
140,Twitchell Island,San Francisco Bay,9/16/2021,259,4.14, ,0.00, ,221, ,1.5, ,25.8, ,14.2, ,18.3, ,91, ,50, ,71, ,13.0, ,4.7, ,403.1, ,23.3,Y
140,Twitchell Island,San Francisco Bay,9/17/2021,260,4.22, ,0.00, ,223, ,1.5, ,27.0, ,13.4, ,18.4, ,89, ,45, ,69, ,12.7, ,4.3, ,375.5, ,23.0, 
140,Twitchell Island,San Francisco Bay,9/18/2021,261,4.26, ,0.00, ,216, ,1.6, ,25.1, ,14.5, ,19.0, ,83, ,58, ,73, ,14.2, ,4.5, ,391.6, ,22.7, 
140,Twitchell Island,San Francisco Bay,9/19/2021,262,4.16, ,0.00, ,212, ,1.5, ,28.9, ,15.1, ,21.4, ,88, ,29, ,59, ,13.1, ,3.0, ,258.8, ,23.3,Y
140,Twitchell Island,San Francisco Bay,9/20/2021,263,5.04, ,0.00, ,226, ,1.1, ,34.9, ,14.1, ,22.9, ,77, ,17, ,41, ,8.9, ,2.0, ,173.7, ,23.2,Y
140,Twitchell Island,San Francisco Bay,9/21/2021,264,4.19, ,0.00, ,209, ,1.4, ,36.5, ,11.6, ,23.5, ,90, ,26, ,49, ,12.1, ,1.2, ,107.2, ,23.1,Y
140,Twitchell Island,San Francisco Bay,9/22/2021,265,5.53, ,0.00, ,214, ,1.3, ,34.5, ,14.5, ,25.1, ,72, ,23, ,40, ,10.6, ,2.7, ,230.6, ,23.8,Y
140,Twitchell Island,San Francisco Bay,9/23/2021,266,5.11, ,0.00, ,208, ,1.3, ,37.4, ,14.9, ,26.0, ,79, ,21, ,40, ,11.3, ,2.3, ,200.3, ,23.8,Y
140,Twitchell Island,San Francisco Bay,9/24/2021,267,4.81, ,0.00, ,207, ,1.4, ,36.8, ,13.2, ,25.2, ,86, ,24, ,43, ,11.8, ,2.1, ,180.4, ,24.2,R
140,Twitchell Island,San Francisco Bay,9/25/2021,268,4.04, ,0.00, ,188, ,1.6, ,27.7, ,15.6, ,20.1, ,88, ,42, ,66, ,13.6, ,4.3, ,371.2, ,23.6,Y
140,Twitchell Island,San Francisco Bay,9/26/2021,269,4.17, ,0.00, ,206, ,1.5, ,25.9, ,15.4, ,18.8, ,85, ,47, ,70, ,13.1, ,5.0, ,428.5, ,22.5, 
140,Twitchell Island,San Francisco Bay,9/27/2021,270,4.12, ,0.00, ,206, ,1.7, ,25.2, ,15.4, ,19.5, ,88, ,56, ,74, ,14.7, ,5.2, ,446.7, ,22.2, 
140,Twitchell Island,San Francisco Bay,9/28/2021,271,4.82, ,0.00, ,212, ,1.0, ,27.5, ,13.7, ,19.4, ,81, ,14, ,46, ,7.6, ,3.3, ,287.9, ,22.0, 
140,Twitchell Island,San Francisco Bay,9/29/2021,272,4.88, ,0.00, ,209, ,1.1, ,32.0, ,14.4, ,21.1, ,74, ,20, ,43, ,7.9, ,3.3, ,285.8, ,21.8, 
140,Twitchell Island,San Francisco Bay,9/30/2021,273,3.92, ,0.00, ,208, ,1.1, ,34.1, ,8.3, ,20.4, ,88, ,19, ,47, ,8.7, ,1.2, ,107.0, ,22.0, 
140,Twitchell Island,San Francisco Bay,10/1/2021,274,3.86, ,0.00, ,200, ,1.2, ,34.5, ,7.6, ,21.4, ,96, ,19, ,49, ,10.2, ,0.9, ,78.8, ,21.8, 
140,Twitchell Island,San Francisco Bay,10/2/2021,275,3.65, ,0.00, ,194, ,1.3, ,36.7, ,10.2, ,22.0, ,88, ,21, ,51, ,11.3, ,0.8, ,68.6, ,22.0, 
140,Twitchell Island,San Francisco Bay,10/3/2021,276,3.39, ,0.00, ,181, ,1.4, ,33.1, ,12.4, ,21.0, ,97, ,29, ,57, ,12.3, ,0.9, ,77.9, ,21.8, 
140,Twitchell Island,San Francisco Bay,10/4/2021,277,3.81, ,0.00, ,175, ,1.4, ,36.6, ,10.1, ,22.8, ,99, ,24, ,50, ,12.0, ,1.4, ,121.0, ,21.6, 
140,Twitchell Island,San Francisco Bay,10/5/2021,278,4.30, ,0.00, ,182, ,1.4, ,30.9, ,14.9, ,20.8, ,84, ,29, ,57, ,12.0, ,3.9, ,340.8, ,21.6, 
140,Twitchell Island,San Francisco Bay,10/6/2021,279,3.91, ,0.00, ,174, ,1.3, ,26.8, ,14.9, ,19.6, ,79, ,39, ,59, ,11.2, ,3.5, ,306.1, ,21.3, 
140,Twitchell Island,San Francisco Bay,10/7/2021,280,3.66, ,0.00, ,164, ,1.2, ,24.4, ,13.5, ,17.4, ,73, ,41, ,59, ,9.4, ,3.6, ,306.8, ,20.7, 
140,Twitchell Island,San Francisco Bay,10/8/2021,281,3.67, ,0.20, ,178, ,1.2, ,21.4, ,11.5, ,16.1, ,81, ,42, ,64, ,9.2, ,4.1, ,355.4, ,20.3, 
140,Twitchell Island,San Francisco Bay,10/9/2021,282,3.44, ,0.00, ,188, ,1.2, ,27.7, ,10.2, ,17.8, ,92, ,30, ,59, ,9.6, ,2.4, ,211.5, ,20.2, 
140,Twitchell Island,San Francisco Bay,10/10/2021,283,3.72, ,0.00, ,187, ,1.2, ,31.2, ,7.0, ,19.5, ,94, ,27, ,51, ,9.2, ,2.0, ,172.3, ,20.3, 
140,Twitchell Island,San Francisco Bay,10/11/2021,284,5.74, ,0.00, ,181, ,0.6, ,22.1, ,11.1, ,17.1, ,63, ,18, ,32, ,0.2, ,5.0, ,433.1, ,19.5, 
140,Twitchell Island,San Francisco Bay,10/12/2021,285,5.01, ,0.00, ,189, ,0.5,Y,23.6, ,9.1, ,15.8, ,54, ,14, ,30,Y,-1.9,Y,3.9, ,335.3, ,18.5, 
140,Twitchell Island,San Francisco Bay,10/13/2021,286,2.64, ,0.00, ,148, ,1.0, ,24.5, ,5.3, ,15.6, ,86, ,30, ,58, ,7.3, ,1.7, ,150.8, ,18.7, 
140,Twitchell Island,San Francisco Bay,10/14/2021,287,4.07, ,0.00, ,182, ,0.8, ,27.4, ,8.4, ,17.4, ,88, ,18, ,41, ,4.1, ,2.3, ,198.2, ,19.1, 
140,Twitchell Island,San Francisco Bay,10/15/2021,288,3.06, ,0.00, ,179, ,1.0, ,30.1, ,4.0, ,16.3, ,97, ,22, ,52, ,6.4, ,0.9, ,80.9, ,18.7, 
140,Twitchell Island,San Francisco Bay,10/16/2021,289,3.08, ,0.00, ,177, ,1.0, ,31.0, ,6.3, ,17.3, ,92, ,21, ,49, ,6.5, ,0.9, ,78.5, ,18.8, 
140,Twitchell Island,San Francisco Bay,10/17/2021,290,2.64, ,0.10, ,137, ,1.2, ,29.4, ,4.1, ,15.3, ,99, ,35, ,70, ,9.9, ,2.8, ,239.0, ,18.4, 
140,Twitchell Island,San Francisco Bay,10/18/2021,291,2.80, ,0.00, ,175, ,1.1, ,24.7, ,7.9, ,15.0, ,87, ,39, ,65, ,8.5, ,2.5, ,216.2, ,18.3, 
140,Twitchell Island,San Francisco Bay,10/19/2021,292,2.31,R,0.00, ,148, ,1.1, ,23.5, ,2.7,Y,14.3, ,100, ,41, ,68, ,8.6, ,1.2, ,100.9, ,17.9, 
140,Twitchell Island,San Francisco Bay,10/20/2021,293,1.08, ,0.50, ,66, ,1.5, ,22.6, ,14.2, ,17.5, ,100, ,52, ,73, ,12.6, ,1.4, ,121.0, ,18.5, 
140,Twitchell Island,San Francisco Bay,10/21/2021,294,1.20, ,2.50, ,93, ,1.9,Y,26.1, ,14.5, ,18.6, ,100, ,66, ,89,Y,16.7,Y,1.3, ,109.6, ,19.1, 
140,Twitchell Island,San Francisco Bay,10/22/2021,295,1.96, ,5.20, ,118, ,1.5, ,21.0, ,14.6, ,17.2, ,96, ,55, ,76, ,13.0, ,3.3, ,286.6, ,18.9, 
140,Twitchell Island,San Francisco Bay,10/23/2021,296,1.46, ,8.20, ,101, ,1.5, ,21.5, ,12.8, ,16.3, ,100, ,61, ,82, ,13.1, ,2.0, ,172.5, ,18.5, 
140,Twitchell Island,San Francisco Bay,10/24/2021,297,0.00, ,89.10, ,8, ,1.7,Y,18.9, ,13.6, ,15.6, ,100, ,90, ,97,Y,15.2,Y,4.4, ,376.8, ,16.8, 
140,Twitchell Island,San Francisco Bay,10/25/2021,298,2.30, ,8.60, ,150, ,1.4, ,19.6, ,10.0, ,15.2, ,100, ,58, ,82, ,12.2, ,3.1, ,269.3, ,16.5, 
140,Twitchell Island,San Francisco Bay,10/26/2021,299,1.42, ,0.00, ,106, ,1.4, ,20.6, ,9.6, ,15.5, ,99, ,55, ,77, ,11.5, ,1.2, ,107.7, ,16.5, 
140,Twitchell Island,San Francisco Bay,10/27/2021,300,2.20, ,0.00, ,149, ,1.6, ,23.9, ,10.6, ,16.9, ,100, ,63, ,85, ,14.4, ,1.4, ,119.8, ,17.6, 
140,Twitchell Island,San Francisco Bay,10/28/2021,301,2.14,R,0.20, ,79, ,1.8,Y,27.4, ,11.7, ,18.7, ,100, ,53, ,82,Y,15.5,Y,0.6, ,55.3, ,19.0, 
140,Twitchell Island,San Francisco Bay,10/29/2021,302,1.52, ,0.20, ,121, ,1.8,Y,27.4, ,9.5, ,17.4, ,100, ,55, ,92,Y,16.0,Y,1.0, ,85.2, ,17.8, 
140,Twitchell Island,San Francisco Bay,10/30/2021,303,1.97, ,0.00, ,131, ,1.7,Y,26.9, ,13.7, ,17.6, ,95, ,71, ,84,Y,14.8,Y,3.3, ,286.8, ,18.0, 
140,Twitchell Island,San Francisco Bay,10/31/2021,304,1.95, ,0.00, ,147, ,1.4, ,21.4, ,7.9, ,15.3, ,100, ,57, ,82, ,12.3, ,1.1, ,90.7, ,17.4, 
140,Twitchell Island,San Francisco Bay,11/1/2021,305,0.31, ,2.80, ,43, ,1.7,Y,19.2, ,12.6, ,16.0, ,100, ,88, ,96,Y,15.4,Y,1.4, ,123.4, ,17.2, 
140,Twitchell Island,San Francisco Bay,11/2/2021,306,1.49, ,0.40, ,107, ,1.8,Y,22.7, ,11.3, ,17.5, ,100, ,66, ,88,Y,15.5,Y,1.0, ,88.8, ,17.8, 
140,Twitchell Island,San Francisco Bay,11/3/2021,307,2.28, ,0.00, ,160, ,1.5, ,25.6, ,9.6, ,16.3, ,100, ,50, ,81, ,13.1, ,0.7, ,60.8, ,17.4, 
140,Twitchell Island,San Francisco Bay,11/4/2021,308,2.18, ,0.60, ,147, ,1.6, ,21.3, ,12.6, ,16.9, ,100, ,57, ,83, ,14.0, ,2.0, ,168.7, ,17.8, 
140,Twitchell Island,San Francisco Bay,11/5/2021,309,2.06, ,0.00, ,136, ,1.4, ,19.7, ,10.7, ,15.3, ,100, ,53, ,80, ,11.9, ,2.5, ,214.5, ,17.1, 
140,Twitchell Island,San Francisco Bay,11/6/2021,310,0.96, ,0.00, ,72, ,1.4, ,18.4, ,12.2, ,14.9, ,98, ,64, ,83, ,12.0, ,2.3, ,200.9, ,16.6, 
140,Twitchell Island,San Francisco Bay,11/7/2021,311,2.35, ,0.00, ,162,R,0.9, ,19.1, ,6.4, ,12.7, ,89, ,34, ,63, ,5.9, ,1.8, ,158.1, ,15.9, 
140,Twitchell Island,San Francisco Bay,11/8/2021,312,1.78,R,7.60, ,132, ,1.1, ,18.4, ,3.7, ,12.7, ,100, ,44, ,74, ,8.2, ,1.5, ,126.4, ,15.1, 
140,Twitchell Island,San Francisco Bay,11/9/2021,313,1.00, ,9.10, ,67, ,1.5, ,18.6, ,11.2, ,14.4, ,100, ,78, ,90, ,12.8, ,4.5,Y,384.5,Y,15.0, 
140,Twitchell Island,San Francisco Bay,11/10/2021,314,1.39, ,0.10, ,112, ,1.6,Y,21.3, ,10.1, ,15.1, ,100, ,66, ,92,Y,13.7,Y,1.2, ,105.0, ,15.7, 
140,Twitchell Island,San Francisco Bay,11/11/2021,315,1.99, ,0.00, ,150, ,1.4, ,21.7, ,8.0, ,14.3, ,100, ,61, ,88, ,12.4, ,1.0, ,83.9, ,15.8, 
140,Twitchell Island,San Francisco Bay,11/12/2021,316,0.63, ,0.40, ,72, ,1.4, ,17.9, ,8.3, ,12.2, ,100, ,92, ,100, ,12.3, ,0.8, ,69.6, ,15.3, 
140,Twitchell Island,San Francisco Bay,11/13/2021,317,0.81, ,0.20, ,85, ,1.5, ,18.6, ,10.9, ,12.9, ,100, ,85, ,98, ,12.6, ,1.1, ,93.8, ,15.9, 
140,Twitchell Island,San Francisco Bay,11/14/2021,318,0.04, ,0.10, ,29, ,1.5, ,14.3, ,11.6, ,12.6, ,100, ,100, ,100, ,12.6, ,1.0, ,90.5, ,15.8, 
140,Twitchell Island,San Francisco Bay,11/15/2021,319,0.04, ,0.00, ,28, ,1.4, ,13.8, ,10.6, ,12.2, ,100, ,100, ,100, ,12.2, ,1.3, ,114.6, ,15.6, 
140,Twitchell Island,San Francisco Bay,11/16/2021,320,0.98, ,0.00, ,87, ,1.4, ,20.5, ,7.6, ,13.0, ,100, ,63, ,94, ,12.0, ,1.5, ,132.6, ,15.5, 
140,Twitchell Island,San Francisco Bay,11/17/2021,321,1.10, ,0.50, ,103, ,1.2, ,20.3, ,5.7, ,10.6, ,100, ,72, ,96, ,10.0, ,0.7, ,60.8, ,15.0, 
140,Twitchell Island,San Francisco Bay,11/18/2021,322,0.49, ,0.20, ,62, ,1.3, ,15.2, ,4.7, ,10.5, ,100, ,95, ,100, ,10.6, ,0.8, ,72.1, ,14.3, 
140,Twitchell Island,San Francisco Bay,11/19/2021,323,0.60, ,0.00, ,63, ,1.4, ,17.6, ,7.2, ,13.0, ,100, ,87, ,96, ,12.4, ,1.6, ,138.5, ,14.8, 
140,Twitchell Island,San Francisco Bay,11/20/2021,324,2.09, ,0.00, ,144, ,1.0, ,20.9, ,7.5, ,13.8, ,98, ,41, ,67, ,7.7, ,1.7, ,149.6, ,15.2, 
140,Twitchell Island,San Francisco Bay,11/21/2021,325,1.71, ,0.00, ,140, ,1.1, ,21.3, ,3.0, ,10.9, ,100, ,41, ,82, ,8.0, ,1.0, ,87.4, ,14.3, 
140,Twitchell Island,San Francisco Bay,11/22/2021,326,1.55, ,0.20, ,133, ,1.1, ,20.2, ,3.7, ,10.1, ,100, ,61, ,90, ,8.6, ,0.9, ,75.9, ,13.7, 
140,Twitchell Island,San Francisco Bay,11/23/2021,327,1.26, ,0.30, ,107, ,1.0, ,17.8, ,2.7, ,10.4, ,100, ,44, ,81, ,7.3, ,1.7, ,150.1, ,13.4, 
140,Twitchell Island,San Francisco Bay,11/24/2021,328,2.90, ,0.00, ,141,R,0.7, ,19.9, ,4.3, ,12.3, ,100, ,28, ,47, ,1.3, ,3.2, ,279.9, ,13.0, 
140,Twitchell Island,San Francisco Bay,11/25/2021,329,1.43, ,0.00, ,125, ,1.0, ,19.1, ,0.2, ,9.1, ,100, ,58, ,87, ,7.1, ,1.1, ,97.1, ,12.4, 
140,Twitchell Island,San Francisco Bay,11/26/2021,330,1.59, ,0.00, ,131, ,1.0, ,21.5, ,3.9, ,10.6, ,100, ,36, ,79, ,7.0, ,0.9, ,80.7, ,12.7, 
140,Twitchell Island,San Francisco Bay,11/27/2021,331,1.51, ,0.00, ,124, ,1.1, ,20.5, ,2.6, ,10.9, ,100, ,48, ,82, ,8.0, ,0.9, ,76.0, ,12.8, 
140,Twitchell Island,San Francisco Bay,11/28/2021,332,1.57, ,0.10, ,125, ,1.1, ,21.2, ,5.9, ,11.5, ,100, ,52, ,85, ,9.0, ,1.1, ,93.4, ,12.9, 
140,Twitchell Island,San Francisco Bay,11/29/2021,333,1.34, ,0.10, ,112, ,1.1, ,21.9, ,3.6, ,10.5, ,100, ,57, ,91, ,9.0, ,0.9, ,79.2, ,12.9, 
140,Twitchell Island,San Francisco Bay,11/30/2021,334,1.33, ,0.20, ,117, ,1.1, ,21.2, ,3.4, ,10.2, ,100, ,62, ,92, ,9.0, ,0.9, ,77.2, ,12.8, 
140,Twitchell Island,San Francisco Bay,12/1/2021,335,1.45, ,0.20, ,122, ,1.2, ,23.3,Y,4.1, ,11.1, ,100, ,61, ,92, ,9.9, ,0.8, ,65.4, ,13.0, 
140,Twitchell Island,San Francisco Bay,12/2/2021,336,1.02, ,0.30, ,94, ,1.2, ,19.8, ,5.4, ,10.9, ,100, ,68, ,95, ,10.1, ,0.8, ,72.5, ,13.0, 
140,Twitchell Island,San Francisco Bay,12/3/2021,337,0.82, ,0.10, ,83, ,1.3, ,15.2, ,4.6, ,11.4, ,100, ,89, ,99, ,11.2, ,2.6, ,228.4, ,13.1, 
140,Twitchell Island,San Francisco Bay,12/4/2021,338,0.40, ,0.10, ,54, ,1.2, ,16.6, ,4.7, ,9.6, ,100, ,76, ,98, ,9.3, ,1.7, ,150.6, ,12.7, 
140,Twitchell Island,San Francisco Bay,12/5/2021,339,0.50, ,0.00, ,64, ,1.1, ,15.9, ,3.1, ,9.3, ,100, ,76, ,97, ,8.8, ,1.2, ,101.1, ,12.9, 
140,Twitchell Island,San Francisco Bay,12/6/2021,340,0.03, ,0.30, ,22, ,1.1, ,10.6, ,4.2, ,8.4, ,100, ,94, ,100, ,8.4, ,1.2, ,99.9, ,12.0, 
140,Twitchell Island,San Francisco Bay,12/7/2021,341,0.74, ,0.00, ,75, ,1.1, ,15.7, ,4.9, ,9.5, ,100, ,77, ,97, ,9.0, ,1.4, ,116.7, ,12.6, 
140,Twitchell Island,San Francisco Bay,12/8/2021,342,0.09, ,0.10, ,26, ,1.2, ,11.6, ,5.7, ,10.0, ,100, ,100, ,100, ,10.0, ,1.2, ,105.5, ,12.3, 
140,Twitchell Island,San Francisco Bay,12/9/2021,343,1.07, ,0.20, ,92, ,1.1, ,16.2, ,6.8, ,10.9, ,100, ,53, ,87, ,8.8, ,2.7, ,235.3, ,12.8, 
140,Twitchell Island,San Francisco Bay,12/10/2021,344,1.71, ,0.00, ,124, ,0.7, ,15.1, ,0.8, ,7.8, ,100, ,36, ,65, ,1.6, ,1.8, ,159.6, ,11.7, 
140,Twitchell Island,San Francisco Bay,12/11/2021,345,1.39, ,0.00, ,122, ,0.8, ,14.3, ,-1.0, ,6.9, ,100, ,43, ,76, ,3.0, ,1.2, ,100.3, ,10.5, 
140,Twitchell Island,San Francisco Bay,12/12/2021,346,0.06, ,7.40, ,24, ,1.1, ,11.1, ,7.0, ,9.2, ,100, ,89, ,98, ,8.8, ,4.4, ,379.6, ,11.0, 
140,Twitchell Island,San Francisco Bay,12/13/2021,347,0.03,R,51.10, ,19, ,1.2, ,10.9, ,6.8, ,10.0, ,100, ,97, ,100, ,9.9, ,1.2, ,101.3, ,10.8, 
140,Twitchell Island,San Francisco Bay,12/14/2021,348,1.07,R,2.50, ,109, ,0.9, ,11.6, ,3.0, ,7.5, ,100, ,61, ,87, ,5.4, ,1.4, ,124.4, ,10.4, 
140,Twitchell Island,San Francisco Bay,12/15/2021,349,1.08, ,11.90, ,69, ,0.9, ,11.8, ,3.1, ,8.0, ,100, ,76, ,87, ,6.0, ,5.3, ,455.5, ,9.7, 
140,Twitchell Island,San Francisco Bay,12/16/2021,350,0.93, ,9.10, ,94, ,1.0, ,15.1, ,5.4, ,8.3, ,100, ,75, ,94, ,7.5, ,3.7, ,318.6, ,9.9, 
140,Twitchell Island,San Francisco Bay,12/17/2021,351,1.19, ,0.00, ,122, ,0.8, ,13.7, ,0.2, ,5.5, ,100, ,61, ,91, ,4.2, ,1.1, ,94.6, ,9.7, 
140,Twitchell Island,San Francisco Bay,12/18/2021,352,0.46, ,0.10, ,59, ,0.9, ,9.7, ,1.9, ,5.5, ,100, ,81, ,97, ,5.0, ,1.9, ,165.5, ,9.3, 
140,Twitchell Island,San Francisco Bay,12/19/2021,353,0.10, ,0.00, ,28, ,0.9, ,8.2, ,4.8, ,6.6, ,100, ,87, ,97, ,6.1, ,1.4, ,117.4, ,9.7, 
140,Twitchell Island,San Francisco Bay,12/20/2021,354,0.27, ,0.00, ,41, ,0.9, ,9.6, ,1.3, ,6.3, ,100, ,80, ,96, ,5.6, ,1.3, ,114.0, ,9.7, 
140,Twitchell Island,San Francisco Bay,12/21/2021,355,0.28, ,3.50, ,42, ,0.9, ,7.9, ,4.6, ,6.4, ,100, ,85, ,96, ,5.8, ,1.4, ,117.1, ,9.9, 
140,Twitchell Island,San Francisco Bay,12/22/2021,356,0.27, ,9.10, ,43, ,1.1, ,11.8, ,5.7, ,8.1, ,100, ,91, ,99, ,8.0, ,1.9, ,166.1, ,9.9, 
140,Twitchell Island,San Francisco Bay,12/23/2021,357,0.22, ,29.60, ,35, ,1.3,Y,16.2, ,8.4, ,11.3, ,100, ,84, ,99,Y,11.1,Y,2.5, ,220.0, ,10.8, 
140,Twitchell Island,San Francisco Bay,12/24/2021,358,1.43, ,4.70, ,105, ,1.1, ,13.4, ,8.3, ,10.4, ,100, ,63, ,88, ,8.5, ,3.4, ,290.5, ,11.0, 
140,Twitchell Island,San Francisco Bay,12/25/2021,359,0.11, ,15.70, ,24, ,1.1, ,11.2, ,5.6, ,8.9, ,100, ,86, ,95, ,8.1, ,4.3, ,372.0, ,10.3, 
140,Twitchell Island,San Francisco Bay,12/26/2021,360,0.28, ,2.60, ,41, ,0.9, ,9.7, ,2.1, ,7.0, ,100, ,78, ,93, ,6.0, ,2.9, ,246.6, ,9.3, 
140,Twitchell Island,San Francisco Bay,12/27/2021,361,1.05, ,4.70, ,92, ,0.9, ,11.4, ,4.0, ,8.1, ,100, ,68, ,85, ,5.8, ,3.7, ,322.8, ,9.6, 
140,Twitchell Island,San Francisco Bay,12/28/2021,362,0.89, ,0.00, ,85, ,0.7, ,10.3, ,3.2, ,6.4, ,88, ,62, ,78, ,2.8, ,2.2, ,189.0, ,9.3, 
140,Twitchell Island,San Francisco Bay,12/29/2021,363,0.20, ,7.70, ,28, ,0.9, ,8.9, ,5.4, ,6.4, ,100, ,81, ,98, ,6.0, ,5.3,Y,457.4,Y,9.1, 
140,Twitchell Island,San Francisco Bay,12/30/2021,364,1.09, ,0.00, ,104, ,0.9, ,13.8, ,4.2, ,7.7, ,100, ,66, ,86, ,5.4, ,1.8, ,156.5, ,9.5, 
140,Twitchell Island,San Francisco Bay,12/31/2021,365,1.04, ,0.00, ,99, ,0.9, ,13.0, ,2.9, ,6.7, ,100, ,59, ,87, ,4.7, ,1.9, ,163.4, ,9.4, 
140,Twitchell Island,San Francisco Bay,1/1/2022,001,1.59, ,0.00, ,127, ,0.6, ,13.3, ,1.0, ,6.4, ,100, ,38, ,64, ,0.0, ,2.3, ,201.9, ,9.0, 
140,Twitchell Island,San Francisco Bay,1/2/2022,002,1.13, ,0.00, ,124, ,0.7, ,9.8, ,-0.4, ,4.1, ,100, ,65, ,91, ,2.8, ,1.5, ,130.2, ,8.3, 
140,Twitchell Island,San Francisco Bay,1/3/2022,003,0.66, ,0.10, ,67, ,1.0, ,12.3, ,0.4, ,7.5, ,100, ,80, ,95, ,6.8, ,2.8, ,245.3, ,8.4, 
140,Twitchell Island,San Francisco Bay,1/4/2022,004,0.64, ,0.10, ,67, ,1.3, ,15.0, ,7.8, ,10.8, ,100, ,89, ,98, ,10.4, ,1.9, ,167.9, ,9.9, 
140,Twitchell Island,San Francisco Bay,1/5/2022,005,1.30, ,0.00, ,118, ,1.3,Y,16.8, ,8.4, ,11.9, ,100, ,78, ,96,Y,11.3,Y,2.5, ,216.6, ,11.1, 
140,Twitchell Island,San Francisco Bay,1/6/2022,006,0.09, ,0.10, ,29, ,1.2, ,12.1, ,7.9, ,10.1, ,100, ,100, ,100, ,10.1, ,1.1, ,90.8, ,11.5, 
140,Twitchell Island,San Francisco Bay,1/7/2022,007,0.45, ,0.00, ,54, ,1.2, ,15.2, ,5.7, ,10.4, ,100, ,86, ,98, ,10.1, ,2.0, ,172.0, ,11.6, 
140,Twitchell Island,San Francisco Bay,1/8/2022,008,0.47, ,0.00, ,56, ,1.1, ,16.0, ,3.5, ,8.9, ,100, ,64, ,95, ,8.2, ,1.4, ,119.1, ,11.1, 
140,Twitchell Island,San Francisco Bay,1/9/2022,009,0.83, ,0.10, ,88, ,1.0, ,15.5, ,3.5, ,7.2, ,100, ,72, ,97, ,6.7, ,1.5, ,126.1, ,10.4, 
140,Twitchell Island,San Francisco Bay,1/10/2022,010,1.62, ,0.10, ,127, ,1.0, ,19.1, ,2.8, ,9.4, ,100, ,45, ,81, ,6.3, ,1.3, ,108.5, ,10.4, 
140,Twitchell Island,San Francisco Bay,1/11/2022,011,1.29, ,0.00, ,116, ,1.0, ,16.6, ,1.6, ,8.6, ,100, ,62, ,88, ,6.8, ,0.9, ,78.0, ,10.2, 
140,Twitchell Island,San Francisco Bay,1/12/2022,012,1.25, ,0.20, ,116, ,1.0, ,15.4, ,3.5, ,8.6, ,100, ,64, ,93, ,7.5, ,1.3, ,111.7, ,10.5, 
140,Twitchell Island,San Francisco Bay,1/13/2022,013,0.93, ,0.00, ,90, ,1.1, ,16.9, ,3.0, ,9.5, ,100, ,74, ,96, ,8.9, ,1.2, ,105.8, ,10.6, 
140,Twitchell Island,San Francisco Bay,1/14/2022,014,1.53, ,0.00, ,124, ,1.0, ,18.2, ,1.7, ,8.9, ,100, ,61, ,86, ,6.8, ,1.5, ,128.5, ,10.5, 
140,Twitchell Island,San Francisco Bay,1/15/2022,015,0.47, ,0.20, ,63, ,1.0, ,10.7, ,2.4, ,6.3, ,100, ,100, ,100, ,6.4, ,1.1, ,92.4, ,10.1, 
140,Twitchell Island,San Francisco Bay,1/16/2022,016,1.26, ,0.00, ,110, ,1.1, ,18.1, ,5.4, ,9.6, ,100, ,56, ,89, ,7.9, ,1.5, ,128.2, ,10.5, 
140,Twitchell Island,San Francisco Bay,1/17/2022,017,1.02, ,0.00, ,99, ,1.0, ,18.2, ,2.7, ,8.9, ,100, ,49, ,86, ,6.8, ,1.0, ,90.5, ,10.3, 
140,Twitchell Island,San Francisco Bay,1/18/2022,018,1.40, ,0.00, ,127, ,1.1, ,16.6, ,2.0, ,9.3, ,100, ,57, ,91, ,8.0, ,1.5, ,129.3, ,10.5, 
140,Twitchell Island,San Francisco Bay,1/19/2022,019,1.53, ,0.10, ,123, ,1.0, ,19.4, ,1.6, ,8.8, ,100, ,45, ,87, ,6.7, ,1.1, ,98.2, ,10.6, 
140,Twitchell Island,San Francisco Bay,1/20/2022,020,1.54, ,0.00, ,133, ,1.0, ,19.4, ,1.2, ,9.1, ,100, ,51, ,87, ,7.1, ,1.0, ,88.0, ,10.5, 
140,Twitchell Island,San Francisco Bay,1/21/2022,021,3.35, ,0.10, ,127, ,0.8, ,19.3, ,2.6, ,12.1, ,100, ,31, ,54, ,3.2, ,4.1, ,357.9, ,10.3, 
140,Twitchell Island,San Francisco Bay,1/22/2022,022,2.78, ,0.00, ,137, ,0.7, ,19.4, ,5.4, ,12.3, ,100, ,34, ,52, ,2.8, ,3.2, ,274.3, ,10.9, 
140,Twitchell Island,San Francisco Bay,1/23/2022,023,1.27, ,0.00, ,118, ,0.9, ,18.7, ,0.6, ,7.2, ,100, ,54, ,92, ,5.9, ,1.0, ,87.7, ,10.5, 
140,Twitchell Island,San Francisco Bay,1/24/2022,024,1.59, ,0.20, ,142, ,0.9, ,16.0, ,-0.2, ,7.0, ,100, ,64, ,92, ,5.7, ,1.2, ,106.4, ,10.0, 
140,Twitchell Island,San Francisco Bay,1/25/2022,025,1.96, ,0.00, ,152, ,0.9, ,21.2, ,1.5, ,9.8, ,100, ,26, ,75, ,5.6, ,1.5, ,132.4, ,10.0, 
140,Twitchell Island,San Francisco Bay,1/26/2022,026,1.81, ,0.00, ,144, ,0.9, ,19.3, ,2.6, ,9.2, ,100, ,47, ,80, ,5.8, ,1.5, ,127.4, ,10.2, 
140,Twitchell Island,San Francisco Bay,1/27/2022,027,1.85, ,0.00, ,154, ,0.8, ,20.3, ,-0.5, ,8.3, ,100, ,39, ,76, ,4.3, ,1.1, ,90.8, ,9.9, 
140,Twitchell Island,San Francisco Bay,1/28/2022,028,1.67, ,0.10, ,134, ,0.9, ,19.2, ,0.1, ,8.3, ,100, ,45, ,82, ,5.4, ,1.3, ,113.2, ,9.7, 
140,Twitchell Island,San Francisco Bay,1/29/2022,029,1.71, ,0.00, ,137, ,0.9, ,18.4, ,1.2, ,8.3, ,100, ,43, ,78, ,4.6, ,1.2, ,102.3, ,9.6, 
140,Twitchell Island,San Francisco Bay,1/30/2022,030,1.72, ,0.00, ,152, ,0.9, ,16.9, ,-1.7, ,7.7, ,100, ,54, ,86, ,5.5, ,1.0, ,87.7, ,9.4, 
140,Twitchell Island,San Francisco Bay,1/31/2022,031,1.86, ,0.00, ,137, ,1.0, ,18.3, ,-2.1, ,9.8, ,100, ,49, ,81, ,6.6, ,1.6, ,139.6, ,9.8, 
140,Twitchell Island,San Francisco Bay,2/1/2022,032,4.20, ,0.00, ,164,R,0.4,Y,16.0, ,7.7, ,11.1, ,55, ,23, ,32,Y,-5.1,Y,5.6,Y,483.4,Y,9.8, 
140,Twitchell Island,San Francisco Bay,2/2/2022,033,3.93, ,0.00, ,160, ,0.5,Y,16.2, ,7.4, ,11.0, ,52, ,23, ,34,Y,-4.1,Y,4.9, ,425.2, ,9.7, 
140,Twitchell Island,San Francisco Bay,2/3/2022,034,2.09, ,0.00, ,143, ,0.7, ,18.8, ,1.6, ,9.2, ,94, ,31, ,57, ,1.1, ,1.6, ,140.1, ,9.8, 
140,Twitchell Island,San Francisco Bay,2/4/2022,035,1.87, ,0.00, ,159, ,0.8, ,18.5, ,0.2, ,8.1, ,100, ,39, ,74, ,3.7, ,1.2, ,104.1, ,9.7, 
140,Twitchell Island,San Francisco Bay,2/5/2022,036,2.00, ,0.00, ,150, ,0.8, ,20.1, ,0.7, ,8.9, ,100, ,35, ,72, ,4.2, ,1.2, ,104.9, ,9.6, 
140,Twitchell Island,San Francisco Bay,2/6/2022,037,1.92, ,0.00, ,170, ,0.9, ,20.4, ,-1.4, ,8.7, ,100, ,37, ,77, ,4.9, ,1.0, ,89.7, ,9.6, 
140,Twitchell Island,San Francisco Bay,2/7/2022,038,2.16, ,0.00, ,168, ,1.0, ,23.4,Y,3.2, ,10.4, ,100, ,37, ,76, ,6.4, ,1.3, ,114.3, ,9.9, 
140,Twitchell Island,San Francisco Bay,2/8/2022,039,2.19, ,0.00, ,170, ,1.0, ,22.0, ,0.5, ,10.5, ,100, ,43, ,75, ,6.4, ,1.1, ,90.8, ,10.0, 
140,Twitchell Island,San Francisco Bay,2/9/2022,040,2.04, ,0.20, ,156, ,1.0, ,22.4, ,-0.1, ,11.1, ,100, ,36, ,73, ,6.5, ,1.2, ,103.9, ,10.3, 
140,Twitchell Island,San Francisco Bay,2/10/2022,041,2.29, ,0.00, ,176, ,1.0, ,23.2, ,1.5, ,12.1, ,100, ,41, ,74, ,7.6, ,1.1, ,96.2, ,10.8, 
140,Twitchell Island,San Francisco Bay,2/11/2022,042,2.33, ,0.00, ,178, ,1.2, ,26.0,Y,4.0, ,13.7, ,100, ,39, ,76, ,9.6, ,1.1, ,94.3, ,11.5, 
140,Twitchell Island,San Francisco Bay,2/12/2022,043,2.39, ,0.00, ,178, ,1.2, ,25.4,Y,4.9, ,13.5, ,100, ,44, ,78, ,9.8, ,1.1, ,94.9, ,11.7, 
140,Twitchell Island,San Francisco Bay,2/13/2022,044,2.52, ,0.00, ,181, ,1.2, ,26.7,Y,5.9, ,13.9, ,100, ,36, ,73, ,9.1, ,1.2, ,100.3, ,11.8, 
140,Twitchell Island,San Francisco Bay,2/14/2022,045,2.39, ,0.00, ,170, ,1.2, ,16.9, ,6.7, ,11.8, ,100, ,64, ,86, ,9.6, ,4.5, ,387.2, ,11.6, 
140,Twitchell Island,San Francisco Bay,2/15/2022,046,3.64, ,0.00, ,188,R,0.7, ,17.4, ,6.1, ,11.4, ,88, ,26, ,48, ,0.9, ,4.5, ,390.4, ,10.9, 
140,Twitchell Island,San Francisco Bay,2/16/2022,047,3.62, ,0.00, ,189,R,0.7, ,23.0, ,6.4, ,14.5, ,58, ,25, ,41, ,1.4, ,3.1, ,268.6, ,11.1, 
140,Twitchell Island,San Francisco Bay,2/17/2022,048,2.66, ,0.00, ,192,R,0.8, ,20.6, ,3.7, ,11.7, ,96, ,36, ,57, ,3.5, ,1.7, ,144.3, ,11.5, 
140,Twitchell Island,San Francisco Bay,2/18/2022,049,2.43, ,0.00, ,189, ,0.9, ,22.4, ,2.0, ,10.6, ,100, ,40, ,74, ,6.1, ,1.1, ,94.6, ,10.8, 
140,Twitchell Island,San Francisco Bay,2/19/2022,050,2.61, ,0.00, ,195,R,1.0, ,22.7, ,1.5, ,11.8, ,100, ,38, ,72, ,6.9, ,1.4, ,119.2, ,10.5, 
140,Twitchell Island,San Francisco Bay,2/20/2022,051,2.17, ,0.00, ,135, ,1.0, ,17.3, ,3.4, ,11.4, ,100, ,54, ,77, ,7.5, ,3.4, ,294.8, ,10.7, 
140,Twitchell Island,San Francisco Bay,2/21/2022,052,3.03, ,0.00, ,200,R,0.8, ,15.8, ,5.1, ,10.2, ,87, ,37, ,65, ,3.9, ,5.0, ,429.4, ,10.3, 
140,Twitchell Island,San Francisco Bay,2/22/2022,053,2.25, ,0.00, ,166, ,0.7, ,13.2, ,3.4, ,7.7, ,91, ,49, ,70, ,2.6, ,3.8, ,328.7, ,9.9, 
140,Twitchell Island,San Francisco Bay,2/23/2022,054,3.22, ,0.00, ,209,R,0.5, ,14.5, ,1.8, ,7.3, ,89, ,21, ,47, ,-3.3, ,3.3, ,287.2, ,9.4, 
140,Twitchell Island,San Francisco Bay,2/24/2022,055,2.50, ,0.00, ,206,R,0.6, ,15.5, ,-3.6,Y,7.3, ,92, ,27, ,56, ,-0.9, ,1.6, ,139.2, ,9.2, 
140,Twitchell Island,San Francisco Bay,2/25/2022,056,2.76, ,0.00, ,210,R,0.6, ,18.7, ,1.4, ,8.9, ,100, ,22, ,55, ,0.3, ,1.7, ,149.6, ,9.3, 
140,Twitchell Island,San Francisco Bay,2/26/2022,057,1.92, ,0.00, ,142, ,0.8, ,17.2, ,-0.3, ,8.9, ,100, ,40, ,70, ,3.7, ,1.0, ,90.5, ,9.2, 
140,Twitchell Island,San Francisco Bay,2/27/2022,058,3.16, ,0.00, ,207, ,0.8, ,21.3, ,2.1, ,12.7, ,95, ,32, ,56, ,4.1, ,1.7, ,147.0, ,10.1, 
140,Twitchell Island,San Francisco Bay,2/28/2022,059,3.15, ,0.00, ,209, ,1.0, ,22.8, ,3.1, ,13.8, ,100, ,39, ,62, ,6.7, ,1.6, ,135.8, ,10.6, 
140,Twitchell Island,San Francisco Bay,3/1/2022,060,2.92, ,0.00, ,186, ,1.1, ,23.5, ,4.5, ,14.8, ,100, ,39, ,67, ,8.8, ,1.9, ,160.4, ,11.5, 
140,Twitchell Island,San Francisco Bay,3/2/2022,061,3.24, ,0.00, ,195, ,1.2, ,23.9, ,5.3, ,14.8, ,100, ,37, ,71, ,9.7, ,2.3, ,203.0, ,12.0, 
140,Twitchell Island,San Francisco Bay,3/3/2022,062,1.93, ,0.00, ,131, ,1.3, ,18.9, ,7.7, ,13.4, ,100, ,59, ,84, ,10.6, ,2.5, ,214.6, ,12.2, 
140,Twitchell Island,San Francisco Bay,3/4/2022,063,3.41, ,0.50, ,203, ,1.2, ,18.5, ,7.6, ,12.7, ,100, ,50, ,80, ,9.3, ,5.2, ,450.5, ,12.4, 
140,Twitchell Island,San Francisco Bay,3/5/2022,064,2.05, ,0.00, ,160, ,0.8, ,16.9, ,3.5, ,8.9, ,98, ,40, ,71, ,3.9, ,2.3, ,196.7, ,11.4, 
140,Twitchell Island,San Francisco Bay,3/6/2022,065,3.13, ,0.00, ,226,R,0.9, ,19.5, ,4.5, ,11.2, ,99, ,32, ,66, ,5.1, ,2.2, ,192.8, ,11.0, 
140,Twitchell Island,San Francisco Bay,3/7/2022,066,4.53, ,0.00, ,224, ,0.6, ,21.6, ,6.6, ,13.5, ,79, ,18, ,37, ,-0.7, ,3.5, ,300.6, ,11.2, 
140,Twitchell Island,San Francisco Bay,3/8/2022,067,3.55, ,0.00, ,229, ,0.8, ,23.8, ,2.2, ,13.5, ,87, ,27, ,49, ,2.9, ,1.6, ,134.0, ,11.3, 
140,Twitchell Island,San Francisco Bay,3/9/2022,068,3.85, ,0.00, ,227, ,0.9, ,22.0, ,6.6, ,14.5, ,87, ,30, ,56, ,5.8, ,2.9, ,248.6, ,11.6, 
140,Twitchell Island,San Francisco Bay,3/10/2022,069,5.52, ,0.00, ,243,R,0.5, ,21.2, ,8.1, ,14.8, ,82, ,13, ,30, ,-2.6, ,4.7, ,404.3, ,11.9, 
140,Twitchell Island,San Francisco Bay,3/11/2022,070,3.77, ,0.00, ,241,R,0.6, ,25.0, ,1.1, ,13.5, ,79, ,17, ,36, ,-1.3, ,1.4, ,123.0, ,11.6, 
140,Twitchell Island,San Francisco Bay,3/12/2022,071,3.93, ,0.00, ,234, ,0.8, ,24.2, ,2.3, ,12.9, ,100, ,24, ,55, ,4.0, ,2.6, ,226.7, ,11.3, 
140,Twitchell Island,San Francisco Bay,3/13/2022,072,3.76, ,0.00, ,224, ,1.1, ,19.8, ,10.3, ,14.6, ,93, ,38, ,68, ,8.7, ,3.3, ,287.3, ,12.3, 
140,Twitchell Island,San Francisco Bay,3/14/2022,073,3.60, ,0.00, ,236, ,1.0, ,24.1, ,5.2, ,15.2, ,99, ,31, ,58, ,7.0, ,2.0, ,174.5, ,12.5, 
140,Twitchell Island,San Francisco Bay,3/15/2022,074,2.92, ,1.70, ,187, ,1.6,Y,22.3, ,12.9,Y,16.6, ,100, ,62, ,86,Y,14.3,Y,3.0, ,256.9, ,13.5, 
140,Twitchell Island,San Francisco Bay,3/16/2022,075,4.16, ,0.00, ,241, ,1.2, ,24.1, ,10.6, ,16.4, ,96, ,39, ,64, ,9.5, ,3.7, ,315.5, ,13.9, 
140,Twitchell Island,San Francisco Bay,3/17/2022,076,3.99, ,0.20,H,212, ,1.1, ,23.3, ,12.2, ,17.2, ,84, ,37, ,56, ,8.2, ,4.2, ,365.6, ,14.2, 
140,Twitchell Island,San Francisco Bay,3/18/2022,077,3.74, ,0.00, ,240, ,1.2, ,25.4, ,5.7, ,15.5, ,100, ,37, ,66, ,9.1, ,2.3, ,196.8, ,13.7, 
140,Twitchell Island,San Francisco Bay,3/19/2022,078,1.61, ,0.80, ,92, ,1.2, ,16.3, ,10.6, ,13.6, ,94, ,65, ,76, ,9.5, ,4.1, ,352.3, ,13.5, 
140,Twitchell Island,San Francisco Bay,3/20/2022,079,5.24, ,0.00, ,255,R,0.8, ,23.3, ,8.0, ,14.9, ,83, ,14, ,45, ,3.0, ,4.3, ,371.7, ,13.2, 
140,Twitchell Island,San Francisco Bay,3/21/2022,080,5.07, ,0.00, ,249, ,1.1, ,27.9,Y,10.0, ,18.0,H,72,H,33,H,52, ,7.9, ,4.2, ,364.8, ,13.6, 
140,Twitchell Island,San Francisco Bay,3/22/2022,081,4.74,R,0.00, ,253, ,1.4, ,30.9,Y,9.0, ,20.9,Y,88,H,35,H,55,Y,11.4,Y,2.2, ,187.2, ,14.6, 
140,Twitchell Island,San Francisco Bay,3/23/2022,082,4.64, ,0.00, ,254, ,1.4, ,26.6, ,9.0, ,18.3, ,100, ,44, ,65, ,11.7, ,2.7, ,233.5, ,15.0, 
140,Twitchell Island,San Francisco Bay,3/24/2022,083,4.47, ,0.00, ,255, ,1.3, ,27.5, ,7.5, ,17.7, ,95, ,32, ,65, ,11.0, ,2.6, ,226.5, ,15.0, 
140,Twitchell Island,San Francisco Bay,3/25/2022,084,4.50, ,0.00, ,268,R,1.2, ,24.5, ,9.3, ,15.9, ,100, ,33, ,67, ,9.7, ,4.2, ,364.5, ,14.7, 
140,Twitchell Island,San Francisco Bay,3/26/2022,085,4.89, ,0.00, ,262, ,1.3, ,24.3, ,11.8, ,17.3, ,85, ,42, ,64, ,10.4, ,4.1, ,353.9, ,14.9, 
140,Twitchell Island,San Francisco Bay,3/27/2022,086,3.32, ,9.30, ,202, ,1.4, ,21.8, ,11.6, ,15.6, ,100, ,58, ,78, ,11.7, ,2.9, ,254.5, ,14.9, 
140,Twitchell Island,San Francisco Bay,3/28/2022,087,2.16, ,1.70, ,152, ,1.4, ,21.7, ,10.4, ,14.0, ,100, ,51, ,89, ,12.2, ,2.9, ,249.1, ,14.6, 
140,Twitchell Island,San Francisco Bay,3/29/2022,088,4.20, ,0.00, ,262, ,1.4, ,21.6, ,10.1, ,15.0, ,100, ,58, ,83, ,12.0, ,3.9, ,334.7, ,14.7, 
140,Twitchell Island,San Francisco Bay,3/30/2022,089,3.28, ,0.00, ,213, ,1.3, ,19.1, ,8.6, ,13.7, ,100, ,61, ,80, ,10.3, ,3.0, ,255.3, ,14.6, 
140,Twitchell Island,San Francisco Bay,3/31/2022,090,4.37, ,0.00, ,256, ,1.2, ,23.2, ,9.8, ,15.7, ,100, ,42, ,68, ,9.9, ,3.1, ,268.4, ,14.7, 
140,Twitchell Island,San Francisco Bay,4/1/2022,091,5.00, ,0.00, ,275, ,1.1, ,25.9, ,9.5, ,17.7, ,88, ,29, ,55, ,8.4, ,3.2, ,277.1, ,15.0, 
140,Twitchell Island,San Francisco Bay,4/2/2022,092,5.39, ,0.00, ,271, ,1.1, ,28.0, ,11.8, ,18.7, ,83, ,20, ,49, ,7.9, ,3.3, ,287.1, ,15.2, 
140,Twitchell Island,San Francisco Bay,4/3/2022,093,6.22, ,0.00, ,278, ,0.9, ,25.8, ,10.7, ,17.7, ,81, ,27, ,47, ,6.2, ,4.6, ,395.0, ,15.4, 
140,Twitchell Island,San Francisco Bay,4/4/2022,094,5.30, ,0.00, ,250, ,1.2, ,23.0, ,11.9, ,16.1, ,92, ,49, ,65, ,9.5, ,6.1, ,530.2, ,15.0, 
140,Twitchell Island,San Francisco Bay,4/5/2022,095,5.56, ,0.00, ,287, ,0.9, ,25.1, ,10.3, ,16.8, ,91, ,15, ,47, ,5.4, ,3.8, ,324.1, ,14.9, 
140,Twitchell Island,San Francisco Bay,4/6/2022,096,5.56, ,0.00, ,287, ,0.9, ,31.3,Y,8.2, ,19.8,Y,90, ,16, ,37,Y,4.8,Y,1.9, ,164.0, ,14.8, 
140,Twitchell Island,San Francisco Bay,4/7/2022,097,5.09,R,0.00, ,277, ,1.4, ,32.8,Y,10.0, ,20.4,Y,93, ,28, ,57,Y,11.5,Y,1.4, ,117.2, ,15.4, 
140,Twitchell Island,San Francisco Bay,4/8/2022,098,6.00,R,0.00, ,272, ,1.2, ,31.3,Y,10.9, ,21.5,Y,92, ,23, ,47,Y,9.8,Y,3.0, ,262.3, ,16.2, 
140,Twitchell Island,San Francisco Bay,4/9/2022,099,7.44, ,0.00, ,284, ,0.6,Y,26.1, ,11.4, ,18.7, ,68, ,9, ,27,Y,-0.8,Y,5.0, ,432.3, ,15.7, 
140,Twitchell Island,San Francisco Bay,4/10/2022,100,7.13, ,0.00, ,256, ,0.6, ,23.8, ,11.1, ,16.6, ,67, ,17, ,33, ,0.1, ,6.0, ,520.4, ,15.0, 
140,Twitchell Island,San Francisco Bay,4/11/2022,101,4.77, ,1.00, ,223, ,0.8, ,17.2, ,7.0, ,12.4, ,100, ,25, ,56, ,3.8, ,5.5, ,470.9, ,14.6, 
140,Twitchell Island,San Francisco Bay,4/12/2022,102,4.64, ,0.00, ,265, ,0.7, ,17.9, ,4.9, ,10.4, ,75, ,33, ,54, ,1.5, ,4.2, ,361.7, ,13.8, 
140,Twitchell Island,San Francisco Bay,4/13/2022,103,3.76, ,0.00, ,208, ,0.8, ,17.6, ,6.6, ,11.6, ,82, ,45, ,61, ,4.3, ,3.3, ,288.8, ,13.8, 
140,Twitchell Island,San Francisco Bay,4/14/2022,104,1.42, ,0.60, ,99, ,1.3, ,16.9, ,10.6, ,13.1, ,100, ,69, ,84, ,10.5, ,3.1, ,271.5, ,14.3, 
140,Twitchell Island,San Francisco Bay,4/15/2022,105,4.80, ,0.00, ,272, ,1.1, ,21.3, ,9.5, ,14.8, ,99, ,38, ,66, ,8.5, ,2.9, ,252.6, ,15.0, 
140,Twitchell Island,San Francisco Bay,4/16/2022,106,3.71, ,3.60, ,213, ,1.2, ,21.2, ,9.6, ,15.1, ,98, ,51, ,73, ,10.2, ,3.7, ,320.6, ,15.6, 
140,Twitchell Island,San Francisco Bay,4/17/2022,107,5.17, ,0.00, ,305, ,0.9, ,21.2, ,6.5, ,13.3, ,83, ,35, ,57, ,5.1, ,3.7, ,319.4, ,15.2, 
140,Twitchell Island,San Francisco Bay,4/18/2022,108,4.93, ,0.00, ,270, ,1.1, ,22.7, ,8.1, ,14.9, ,92, ,43, ,64, ,8.2, ,4.0, ,347.2, ,15.1, 
140,Twitchell Island,San Francisco Bay,4/19/2022,109,4.02, ,2.50, ,238, ,1.2, ,19.8, ,10.0, ,14.8, ,100, ,44, ,70, ,9.4, ,2.8, ,238.5, ,15.9, 
140,Twitchell Island,San Francisco Bay,4/20/2022,110,5.07, ,0.00, ,295, ,1.2, ,22.4, ,6.4, ,15.3, ,100, ,41, ,66, ,9.1, ,3.1, ,270.7, ,15.7, 
140,Twitchell Island,San Francisco Bay,4/21/2022,111,3.17, ,5.50, ,192, ,1.2, ,19.3, ,8.1, ,14.2, ,99, ,49, ,77, ,10.2, ,2.8, ,239.2, ,16.0, 
140,Twitchell Island,San Francisco Bay,4/22/2022,112,3.45, ,0.00, ,226, ,1.1, ,19.7, ,5.8, ,13.5, ,100, ,47, ,70, ,8.3, ,2.5, ,218.4, ,15.5, 
140,Twitchell Island,San Francisco Bay,4/23/2022,113,5.86, ,0.00, ,316, ,1.1, ,25.9, ,10.0, ,16.8, ,95, ,22, ,55, ,7.7, ,3.6, ,314.4, ,15.6, 
140,Twitchell Island,San Francisco Bay,4/24/2022,114,5.80, ,0.00, ,315, ,1.1, ,26.5, ,11.6, ,18.2, ,86, ,25, ,52, ,8.2, ,3.1, ,269.6, ,16.3, 
140,Twitchell Island,San Francisco Bay,4/25/2022,115,5.97, ,0.00, ,318, ,1.1, ,25.8, ,6.9, ,17.3, ,99, ,32, ,54, ,8.0, ,2.9, ,251.3, ,16.8, 
140,Twitchell Island,San Francisco Bay,4/26/2022,116,6.39, ,0.00, ,315, ,1.0, ,22.5, ,12.1, ,16.4, ,71, ,38, ,55, ,7.5, ,5.3, ,461.7, ,16.8, 
140,Twitchell Island,San Francisco Bay,4/27/2022,117,6.06, ,0.00, ,321, ,0.9, ,22.5, ,10.3, ,15.4, ,77, ,35, ,54, ,6.2, ,4.8, ,413.3, ,16.5, 
140,Twitchell Island,San Francisco Bay,4/28/2022,118,5.87, ,0.00, ,327,R,0.9, ,19.9, ,9.2, ,14.0, ,73, ,43, ,58, ,5.9, ,4.9, ,424.7, ,16.2, 
140,Twitchell Island,San Francisco Bay,4/29/2022,119,6.33, ,0.00, ,316, ,0.9, ,25.6, ,8.2, ,17.2, ,78, ,22, ,44, ,4.9, ,3.5, ,304.9, ,16.3, 
140,Twitchell Island,San Francisco Bay,4/30/2022,120,6.56, ,0.00, ,320, ,1.2, ,23.7, ,12.0, ,17.1, ,75, ,51, ,61, ,9.4, ,5.5, ,471.3, ,16.9, 
140,Twitchell Island,San Francisco Bay,5/1/2022,121,6.83, ,0.00, ,332,R,0.9, ,27.2, ,9.5, ,17.7, ,86, ,17, ,46, ,5.8, ,4.3, ,372.9, ,16.7, 
140,Twitchell Island,San Francisco Bay,5/2/2022,122,6.22, ,0.00, ,304, ,1.0, ,20.7, ,11.6, ,16.0, ,73, ,36, ,54, ,6.7, ,5.1, ,444.0, ,16.8, 
140,Twitchell Island,San Francisco Bay,5/3/2022,123,7.41, ,0.00, ,337,R,0.7, ,28.1, ,12.5, ,19.3, ,50, ,19, ,33, ,2.5, ,4.0, ,342.6, ,16.8, 
140,Twitchell Island,San Francisco Bay,5/4/2022,124,6.32, ,0.00, ,334,R,1.1, ,31.9, ,9.9, ,20.7, ,81, ,25, ,47, ,8.9, ,2.3, ,203.0, ,17.6, 
140,Twitchell Island,San Francisco Bay,5/5/2022,125,5.18, ,0.00, ,247, ,1.2, ,22.0, ,12.1, ,16.6, ,88, ,39, ,62, ,9.3, ,4.3, ,369.2, ,17.5, 
140,Twitchell Island,San Francisco Bay,5/6/2022,126,4.05, ,0.00, ,224, ,1.5, ,22.7, ,13.5, ,17.4, ,93, ,60, ,76, ,13.1, ,4.2, ,365.6, ,17.4, 
140,Twitchell Island,San Francisco Bay,5/7/2022,127,6.03, ,0.00, ,325, ,1.1, ,21.7, ,10.9, ,15.8, ,87, ,47, ,64, ,8.9, ,4.7, ,409.6, ,17.4, 
140,Twitchell Island,San Francisco Bay,5/8/2022,128,6.14, ,0.00, ,325, ,0.8, ,16.9, ,8.3, ,12.3, ,71, ,42, ,57, ,4.1, ,5.7, ,488.2, ,16.6, 
140,Twitchell Island,San Francisco Bay,5/9/2022,129,5.57, ,0.00, ,320, ,0.8, ,17.0, ,6.9, ,11.8, ,77, ,38, ,57, ,3.6, ,4.2, ,366.6, ,16.1, 
140,Twitchell Island,San Francisco Bay,5/10/2022,130,5.13, ,0.00, ,317, ,0.8, ,17.7, ,5.5, ,11.4, ,90, ,37, ,58, ,3.5, ,2.9, ,250.8, ,15.9, 
140,Twitchell Island,San Francisco Bay,5/11/2022,131,5.52, ,0.30, ,303, ,0.9, ,20.9, ,6.4, ,13.9, ,91, ,35, ,54, ,4.6, ,3.3, ,286.2, ,15.9, 
140,Twitchell Island,San Francisco Bay,5/12/2022,132,5.89, ,0.00, ,306, ,0.9, ,20.8, ,9.4, ,14.5, ,76, ,34, ,55, ,5.6, ,4.5, ,385.5, ,15.7, 
140,Twitchell Island,San Francisco Bay,5/13/2022,133,6.00, ,0.00, ,306, ,1.2, ,27.1, ,11.3, ,18.9, ,77, ,36, ,57, ,10.1, ,3.3, ,284.6, ,17.0, 
140,Twitchell Island,San Francisco Bay,5/14/2022,134,6.73, ,0.00, ,312, ,1.4, ,32.5, ,14.3, ,22.3, ,86, ,25, ,50, ,11.5, ,3.3, ,283.3, ,18.7, 
140,Twitchell Island,San Francisco Bay,5/15/2022,135,6.98, ,0.00, ,294, ,1.4, ,26.4, ,15.0, ,20.3, ,71, ,43, ,58, ,11.6, ,5.4, ,468.6, ,19.1, 
140,Twitchell Island,San Francisco Bay,5/16/2022,136,6.44, ,0.00, ,317, ,1.3, ,24.3, ,13.3, ,17.8, ,86, ,45, ,63, ,10.6, ,5.5, ,476.8, ,18.3, 
140,Twitchell Island,San Francisco Bay,5/17/2022,137,7.06, ,0.00, ,316, ,1.2, ,28.1, ,12.5, ,19.7, ,76, ,36, ,52, ,9.6, ,4.6, ,397.4, ,18.4, 
140,Twitchell Island,San Francisco Bay,5/18/2022,138,7.60, ,0.00, ,314, ,1.2, ,32.2, ,14.8, ,23.1, ,61, ,27, ,44, ,10.1, ,4.0, ,349.1, ,19.2, 
140,Twitchell Island,San Francisco Bay,5/19/2022,139,7.18, ,0.00, ,300, ,1.2, ,29.7, ,16.6, ,23.0, ,66, ,30, ,44, ,10.2, ,3.5, ,303.4, ,20.4, 
140,Twitchell Island,San Francisco Bay,5/20/2022,140,8.81, ,0.00, ,321, ,0.5,R,27.6, ,14.4, ,20.4, ,41, ,12, ,,R,,I,5.0, ,431.3, ,19.4, 
140,Twitchell Island,San Francisco Bay,5/21/2022,141,7.24, ,0.00, ,321, ,0.8,Y,31.2, ,11.9, ,21.6, ,60, ,13, ,32,Y,4.0,Y,2.8, ,238.4, ,19.6, 
140,Twitchell Island,San Francisco Bay,5/22/2022,142,7.43, ,0.00, ,311, ,1.0, ,32.4, ,14.7, ,22.3, ,62, ,18, ,37, ,7.0, ,3.5, ,302.3, ,20.0, 
140,Twitchell Island,San Francisco Bay,5/23/2022,143,7.78, ,0.00, ,313, ,1.1, ,30.7, ,15.2, ,22.8, ,56, ,27, ,39, ,8.2, ,4.0, ,344.5, ,20.3, 
140,Twitchell Island,San Francisco Bay,5/24/2022,144,7.96, ,0.00, ,315, ,1.0, ,37.2,Y,13.3, ,26.4,Y,72, ,9, ,29,Y,6.8,Y,2.8, ,239.6, ,21.1, 
140,Twitchell Island,San Francisco Bay,5/25/2022,145,7.74, ,0.00, ,305, ,1.3, ,38.9,Y,17.9,Y,27.5,Y,53, ,22, ,35,Y,10.6,Y,2.8, ,245.3, ,22.3, 
140,Twitchell Island,San Francisco Bay,5/26/2022,146,5.40, ,0.00, ,262, ,1.4, ,21.6, ,13.4, ,16.9, ,86, ,56, ,71, ,11.5, ,6.3, ,543.1, ,20.7, 
140,Twitchell Island,San Francisco Bay,5/27/2022,147,5.58, ,0.00, ,275, ,1.4, ,22.0, ,13.8, ,16.9, ,86, ,56, ,71, ,11.7, ,6.0, ,522.4, ,19.3, 
140,Twitchell Island,San Francisco Bay,5/28/2022,148,6.10, ,0.00, ,304, ,1.4, ,22.8, ,13.9, ,17.5, ,87, ,49, ,68, ,11.5, ,5.4, ,464.5, ,19.3, 
140,Twitchell Island,San Francisco Bay,5/29/2022,149,6.84, ,0.00, ,326, ,1.1, ,25.4, ,12.2, ,18.6, ,90, ,23, ,51, ,8.4, ,4.1, ,352.7, ,19.7, 
140,Twitchell Island,San Francisco Bay,5/30/2022,150,7.06, ,0.00, ,324, ,0.9, ,27.5, ,12.5, ,19.2, ,67, ,22, ,42, ,5.9, ,3.8, ,332.4, ,19.9, 
140,Twitchell Island,San Francisco Bay,5/31/2022,151,8.17, ,0.00, ,328, ,0.8,Y,31.0, ,12.8, ,21.8, ,65, ,14, ,31,Y,4.0,Y,4.0, ,343.4, ,20.2, 
140,Twitchell Island,San Francisco Bay,6/1/2022,152,7.41, ,0.00, ,324, ,1.0, ,32.5, ,10.9, ,23.2, ,73, ,17, ,35, ,6.8, ,2.8, ,237.9, ,21.1, 
140,Twitchell Island,San Francisco Bay,6/2/2022,153,7.78, ,0.00, ,294, ,1.1, ,29.1, ,16.4, ,21.7, ,66, ,29, ,42, ,8.2, ,4.6, ,394.4, ,21.1, 
140,Twitchell Island,San Francisco Bay,6/3/2022,154,5.59, ,0.00, ,250, ,1.5, ,24.8, ,15.9, ,19.7, ,73, ,54, ,64, ,12.8, ,4.8, ,412.6, ,20.6, 
140,Twitchell Island,San Francisco Bay,6/4/2022,155,4.03, ,0.00, ,165, ,1.2, ,24.4, ,15.3, ,19.2, ,75, ,34, ,53, ,9.4, ,3.4, ,297.9, ,20.1, 
140,Twitchell Island,San Francisco Bay,6/5/2022,156,2.71, ,1.60, ,160, ,1.8,Y,27.1, ,15.3, ,20.3, ,100, ,57, ,77,Y,16.2,Y,2.3, ,195.9, ,20.6, 
140,Twitchell Island,San Francisco Bay,6/6/2022,157,6.77, ,0.00, ,322, ,1.4, ,28.6, ,14.5, ,21.2, ,85, ,34, ,54, ,11.6, ,3.5, ,300.0, ,21.0, 
140,Twitchell Island,San Francisco Bay,6/7/2022,158,7.80, ,0.00, ,313, ,1.2, ,31.4, ,16.0, ,22.4, ,72, ,29, ,45, ,9.8, ,4.5, ,387.9, ,21.3, 
140,Twitchell Island,San Francisco Bay,6/8/2022,159,8.24, ,0.20, ,300, ,1.2, ,29.6, ,17.9, ,22.6, ,64, ,35, ,45, ,10.1, ,5.6, ,487.0, ,20.9, 
140,Twitchell Island,San Francisco Bay,6/9/2022,160,8.53, ,0.00, ,321, ,1.3, ,34.3, ,16.8, ,25.2, ,63, ,24, ,40, ,10.7, ,4.3, ,374.6, ,21.5, 
140,Twitchell Island,San Francisco Bay,6/10/2022,161,8.91, ,0.00, ,339, ,1.5, ,37.4, ,20.6,Y,28.2,Y,61, ,23, ,40,Y,13.4,Y,4.3, ,375.5, ,22.8, 
140,Twitchell Island,San Francisco Bay,6/11/2022,162,8.69, ,0.00, ,346, ,1.7,Y,33.7, ,20.2,Y,25.9, ,73, ,27, ,52,Y,15.1,Y,5.0, ,434.9, ,23.2, 
140,Twitchell Island,San Francisco Bay,6/12/2022,163,6.52, ,0.00, ,303, ,1.7, ,27.5, ,15.8, ,21.7, ,76, ,56, ,65, ,14.8, ,4.6, ,394.9, ,23.0, 
140,Twitchell Island,San Francisco Bay,6/13/2022,164,7.53, ,0.00, ,366,R,1.0, ,29.6, ,14.2, ,21.1, ,78, ,14, ,41, ,7.5, ,3.7, ,316.6, ,22.0, 
140,Twitchell Island,San Francisco Bay,6/14/2022,165,8.02, ,0.00, ,357, ,0.9, ,33.2, ,16.4, ,24.2, ,63, ,12, ,31, ,6.0, ,3.3, ,282.7, ,22.3, 
140,Twitchell Island,San Francisco Bay,6/15/2022,166,8.59, ,0.00, ,349, ,1.0, ,33.4, ,16.6, ,24.0, ,62, ,16, ,35, ,7.6, ,4.0, ,347.6, ,22.5, 
140,Twitchell Island,San Francisco Bay,6/16/2022,167,8.65, ,0.00, ,353, ,1.1, ,27.7, ,14.2, ,20.0, ,68, ,28, ,45, ,7.8, ,6.4, ,549.3, ,21.5, 
140,Twitchell Island,San Francisco Bay,6/17/2022,168,6.76, ,0.00, ,325, ,1.1, ,21.7, ,13.3, ,16.7, ,76, ,39, ,57, ,8.1, ,5.2, ,452.9, ,20.6, 
140,Twitchell Island,San Francisco Bay,6/18/2022,169,6.85, ,0.00, ,342, ,1.1, ,25.0, ,12.2, ,18.0, ,81, ,27, ,51, ,7.8, ,3.9, ,338.9, ,20.9, 
140,Twitchell Island,San Francisco Bay,6/19/2022,170,7.69, ,0.00, ,343, ,1.1, ,31.3, ,13.8, ,21.7, ,78, ,24, ,43, ,8.6, ,3.8, ,325.0, ,21.5, 
140,Twitchell Island,San Francisco Bay,6/20/2022,171,8.21, ,0.00, ,340, ,1.1, ,34.0, ,15.6, ,25.1, ,70, ,16, ,34, ,7.9, ,3.2, ,276.1, ,22.3, 
140,Twitchell Island,San Francisco Bay,6/21/2022,172,8.35, ,0.00, ,342, ,1.0, ,39.6,Y,18.3, ,29.0,Y,44, ,13, ,26,Y,7.4,Y,2.2, ,188.2, ,23.4, 
140,Twitchell Island,San Francisco Bay,6/22/2022,173,6.58, ,0.00, ,241, ,1.2, ,35.5, ,18.7, ,28.0, ,46, ,22, ,32, ,9.7, ,2.4, ,211.2, ,24.0, 
140,Twitchell Island,San Francisco Bay,6/23/2022,174,8.23, ,0.00, ,318, ,1.2, ,36.9, ,17.6, ,27.3, ,67, ,22, ,34, ,10.1, ,2.8, ,242.8, ,24.4, 
140,Twitchell Island,San Francisco Bay,6/24/2022,175,7.87, ,0.00, ,322, ,1.2, ,36.1, ,17.7, ,26.4, ,59, ,19, ,36, ,10.1, ,2.9, ,248.9, ,24.7, 
140,Twitchell Island,San Francisco Bay,6/25/2022,176,8.62, ,0.00, ,340, ,1.1, ,34.4, ,15.0, ,24.9, ,66, ,13, ,35, ,8.2, ,3.5, ,304.9, ,24.2, 
140,Twitchell Island,San Francisco Bay,6/26/2022,177,8.15, ,0.00, ,350, ,1.3, ,34.5, ,15.6, ,23.8, ,80, ,18, ,44, ,10.9, ,4.0, ,348.8, ,23.9, 
140,Twitchell Island,San Francisco Bay,6/27/2022,178,8.52, ,0.00, ,348, ,1.3, ,34.0, ,15.1, ,23.6, ,79, ,26, ,44, ,10.5, ,4.7, ,407.6, ,23.7, 
140,Twitchell Island,San Francisco Bay,6/28/2022,179,9.86, ,0.00, ,342, ,1.0, ,33.5, ,18.1, ,24.9, ,53, ,14, ,31, ,6.8, ,5.3, ,458.6, ,23.2, 
140,Twitchell Island,San Francisco Bay,6/29/2022,180,8.03, ,0.00, ,347, ,1.3, ,29.8, ,14.6, ,21.1, ,80, ,29, ,50, ,10.3, ,5.0, ,432.2, ,23.3, 
140,Twitchell Island,San Francisco Bay,6/30/2022,181,7.13, ,0.00, ,342, ,1.3, ,27.5, ,13.0, ,19.3, ,86, ,38, ,59, ,11.0, ,4.2, ,364.8, ,22.8, 
140,Twitchell Island,San Francisco Bay,7/1/2022,182,7.42, ,0.00, ,346, ,1.2, ,28.3, ,12.8, ,19.5, ,85, ,32, ,55, ,10.3, ,4.5, ,388.5, ,22.6, 
140,Twitchell Island,San Francisco Bay,7/2/2022,183,6.76, ,0.00, ,341, ,1.3, ,23.5, ,10.5, ,17.5, ,87, ,50, ,67, ,11.2, ,4.8, ,416.4, ,22.1, 
140,Twitchell Island,San Francisco Bay,7/3/2022,184,5.68, ,0.00, ,271, ,1.3, ,22.8, ,14.1, ,17.0, ,83, ,47, ,69, ,11.1, ,6.2, ,536.5, ,21.1, 
140,Twitchell Island,San Francisco Bay,7/4/2022,185,6.52, ,0.00, ,307, ,1.6, ,28.0, ,14.3, ,20.8, ,87, ,48, ,66, ,14.3, ,5.0, ,431.1, ,21.6, 
140,Twitchell Island,San Francisco Bay,7/5/2022,186,6.86, ,0.00, ,321, ,1.8,Y,27.9, ,17.6, ,22.0, ,85, ,50, ,67,Y,15.5,Y,4.5, ,387.5, ,23.0, 
140,Twitchell Island,San Francisco Bay,7/6/2022,187,7.02, ,0.00, ,332, ,1.5, ,25.1, ,16.3, ,19.9, ,82, ,52, ,65, ,13.2, ,5.5, ,471.4, ,22.6, 
140,Twitchell Island,San Francisco Bay,7/7/2022,188,7.41, ,0.00, ,338, ,1.4, ,29.0, ,15.1, ,20.9, ,85, ,34, ,57, ,12.1, ,4.9, ,426.3, ,22.3, 
140,Twitchell Island,San Francisco Bay,7/8/2022,189,8.04, ,0.00, ,338, ,1.4, ,32.3, ,17.5, ,23.4, ,66, ,29, ,48, ,11.8, ,4.3, ,375.1, ,22.9, 
140,Twitchell Island,San Francisco Bay,7/9/2022,190,8.10, ,0.00, ,337, ,1.5, ,29.6, ,16.5, ,22.2, ,78, ,37, ,55, ,12.8, ,5.9, ,513.6, ,22.8, 
140,Twitchell Island,San Francisco Bay,7/10/2022,191,7.86, ,0.00, ,336, ,1.4, ,36.5, ,16.7, ,26.3, ,75, ,20, ,42, ,12.3, ,3.0, ,257.3, ,23.7, 
140,Twitchell Island,San Francisco Bay,7/11/2022,192,8.54, ,0.00, ,329, ,1.4, ,36.2, ,16.4, ,27.1, ,77, ,24, ,40, ,12.3, ,3.4, ,296.7, ,24.6, 
140,Twitchell Island,San Francisco Bay,7/12/2022,193,7.47,A,,M,,M,,M,,M,,M,,M,,M,,M,,M,,M,,M,,M,,M
140,Twitchell Island,San Francisco Bay,7/13/2022,194,6.36,H,0.00,H,335,H,1.5,H,29.6, ,15.7, ,21.2,H,73,H,34,H,61, ,13.5, ,5.5,H,477.4,H,23.2,H
140,Twitchell Island,San Francisco Bay,7/14/2022,195,7.21,H,0.00,H,331,H,1.4,H,33.7, ,13.4, ,23.5,H,86,H,31,H,50, ,12.5, ,3.3,H,282.3,H,23.7,H
140,Twitchell Island,San Francisco Bay,7/15/2022,196,8.11, ,0.00, ,331, ,1.3, ,32.8, ,16.3, ,23.7, ,69, ,25, ,45, ,11.2, ,4.5, ,384.6, ,23.6, 
140,Twitchell Island,San Francisco Bay,7/16/2022,197,8.01, ,0.00, ,328, ,1.3, ,37.6, ,16.8, ,26.4, ,72, ,12, ,37, ,10.5, ,3.3, ,286.7, ,24.2, 
140,Twitchell Island,San Francisco Bay,7/17/2022,198,8.65, ,0.00, ,324, ,1.3, ,35.6, ,18.3, ,26.4, ,66, ,20, ,38, ,10.9, ,3.7, ,322.5, ,24.7, 
140,Twitchell Island,San Francisco Bay,7/18/2022,199,8.37, ,0.00, ,322, ,1.2, ,35.3, ,18.0, ,26.3, ,64, ,17, ,35, ,9.6, ,3.3, ,286.2, ,24.9, 
140,Twitchell Island,San Francisco Bay,7/19/2022,200,8.78, ,0.00, ,332, ,1.1, ,34.1, ,17.7, ,25.0, ,62, ,18, ,36, ,8.9, ,4.2, ,363.8, ,24.5, 
140,Twitchell Island,San Francisco Bay,7/20/2022,201,8.45, ,0.00, ,332, ,1.2, ,34.0, ,14.9, ,23.6, ,72, ,16, ,40, ,9.3, ,4.6, ,393.7, ,24.2, 
140,Twitchell Island,San Francisco Bay,7/21/2022,202,8.61, ,0.00, ,336, ,1.2, ,33.7, ,14.8, ,23.3, ,77, ,20, ,40, ,9.1, ,4.8, ,416.1, ,23.8, 
140,Twitchell Island,San Francisco Bay,7/22/2022,203,9.31, ,0.00, ,330, ,1.0,Y,32.9, ,17.4, ,24.4, ,60, ,14, ,33,Y,7.2,Y,5.2, ,453.4, ,23.5, 
140,Twitchell Island,San Francisco Bay,7/23/2022,204,7.87, ,0.00, ,337, ,1.2, ,33.6, ,14.2, ,23.1, ,77, ,22, ,43, ,9.8, ,4.6, ,396.1, ,23.5, 
140,Twitchell Island,San Francisco Bay,7/24/2022,205,7.58, ,0.00, ,330, ,1.4, ,32.8, ,14.2, ,21.9, ,84, ,28, ,52, ,11.6, ,4.6, ,397.4, ,23.8, 
140,Twitchell Island,San Francisco Bay,7/25/2022,206,7.49, ,0.00, ,315, ,1.4, ,29.2, ,13.8, ,20.1, ,87, ,34, ,60, ,12.0, ,6.6, ,567.7, ,23.0, 
140,Twitchell Island,San Francisco Bay,7/26/2022,207,7.50, ,0.00, ,302, ,1.4, ,30.0, ,15.3, ,21.0, ,86, ,26, ,58, ,12.3, ,6.6, ,570.8, ,22.8, 
140,Twitchell Island,San Francisco Bay,7/27/2022,208,7.90, ,0.00, ,211, ,1.3, ,30.6, ,17.8, ,24.0, ,89, ,23, ,43, ,10.5, ,6.5, ,563.5, ,23.4, 
140,Twitchell Island,San Francisco Bay,7/28/2022,209,6.09, ,0.00, ,238, ,1.5, ,29.4, ,15.0, ,21.4, ,82, ,39, ,59, ,13.0, ,6.0, ,521.1, ,22.5, 
140,Twitchell Island,San Francisco Bay,7/29/2022,210,7.02, ,0.00, ,305, ,1.6, ,31.1, ,16.3, ,22.0, ,83, ,40, ,62, ,14.3, ,5.4, ,465.7, ,23.0, 
140,Twitchell Island,San Francisco Bay,7/30/2022,211,6.54, ,0.00, ,289, ,1.7, ,29.5, ,16.7, ,21.3, ,82, ,45, ,65, ,14.6, ,5.5, ,471.3, ,23.1, 
140,Twitchell Island,San Francisco Bay,7/31/2022,212,4.23, ,0.00, ,174, ,1.6, ,27.6, ,16.8, ,21.2, ,85, ,50, ,65, ,14.5, ,4.7, ,406.0, ,23.0, 
140,Twitchell Island,San Francisco Bay,8/1/2022,213,3.93, ,0.00, ,170, ,1.5, ,30.9, ,17.4, ,22.7, ,77, ,29, ,53, ,12.7, ,2.7, ,235.8, ,23.0, 
140,Twitchell Island,San Francisco Bay,8/2/2022,214,7.67, ,0.00, ,296, ,1.6, ,35.7, ,19.5,Y,26.3, ,70, ,30, ,45, ,13.6, ,3.7, ,316.6, ,23.9, 
140,Twitchell Island,San Francisco Bay,8/3/2022,215,8.49, ,0.00, ,0,R,1.4, ,26.3, ,,S,25.3, ,62, ,29, ,44, ,12.0, ,3.4, ,290.2, ,24.7, 
140,Twitchell Island,San Francisco Bay,8/4/2022,216,8.27, ,0.00, ,294, ,1.3, ,32.4, ,18.6, ,24.8, ,67, ,24, ,43, ,11.4, ,4.8, ,413.9, ,24.3, 
140,Twitchell Island,San Francisco Bay,8/5/2022,217,6.27, ,0.00, ,291, ,1.7, ,28.7, ,16.9, ,21.1, ,82, ,48, ,66, ,14.5, ,5.6, ,482.3, ,23.7, 
140,Twitchell Island,San Francisco Bay,8/6/2022,218,6.99, ,0.00, ,310, ,1.6, ,27.8, ,17.0, ,21.1, ,83, ,39, ,63, ,13.6, ,6.2, ,538.4, ,23.3, 
140,Twitchell Island,San Francisco Bay,8/7/2022,219,7.17, ,0.00, ,312, ,1.5, ,28.6, ,16.4, ,21.2, ,83, ,38, ,61, ,13.3, ,6.2, ,537.3, ,22.9, 
140,Twitchell Island,San Francisco Bay,8/8/2022,220,7.47, ,0.00, ,306, ,1.5, ,29.6, ,16.5, ,21.7, ,82, ,34, ,58, ,13.1, ,6.4, ,555.9, ,22.7, 
140,Twitchell Island,San Francisco Bay,8/9/2022,221,6.95, ,0.00, ,297, ,1.5, ,28.8, ,16.8, ,21.5, ,81, ,39, ,60, ,13.4, ,5.6, ,483.1, ,22.8, 
140,Twitchell Island,San Francisco Bay,8/10/2022,222,6.98, ,0.00, ,308, ,1.5, ,30.1, ,16.6, ,22.2, ,83, ,31, ,57, ,13.2, ,4.7, ,404.7, ,23.0, 
140,Twitchell Island,San Francisco Bay,8/11/2022,223,7.02, ,0.00, ,307, ,1.5, ,30.9, ,14.1, ,22.4, ,85, ,27, ,54, ,12.6, ,4.1, ,353.5, ,23.2, 
140,Twitchell Island,San Francisco Bay,8/12/2022,224,7.38, ,0.00, ,309, ,1.4, ,31.5, ,14.9, ,22.9, ,75, ,25, ,49, ,11.6, ,4.1, ,356.4, ,23.2, 
140,Twitchell Island,San Francisco Bay,8/13/2022,225,7.09, ,0.00, ,311, ,1.3, ,33.9, ,16.8, ,24.0, ,70, ,20, ,43, ,10.6, ,3.2, ,275.9, ,23.4, 
140,Twitchell Island,San Francisco Bay,8/14/2022,226,7.04, ,0.00, ,310, ,1.3, ,37.7, ,12.5, ,24.7, ,89, ,17, ,42, ,10.9, ,2.9, ,246.9, ,23.7, 
140,Twitchell Island,San Francisco Bay,8/15/2022,227,6.84, ,0.00, ,298, ,1.4, ,38.6, ,14.7, ,26.6, ,80, ,20, ,41, ,12.1, ,2.3, ,195.6, ,24.3, 
140,Twitchell Island,San Francisco Bay,8/16/2022,228,7.18, ,0.00, ,291, ,1.3, ,42.8,Y,14.1, ,28.1,Y,80, ,13, ,34,Y,10.6,Y,2.4, ,204.6, ,24.8, 
140,Twitchell Island,San Francisco Bay,8/17/2022,229,5.22,R,0.00, ,144, ,1.3, ,32.8, ,22.5,R,27.2,H,46,H,24,H,35, ,10.3, ,4.3, ,371.4, ,24.4, 
140,Twitchell Island,San Francisco Bay,8/18/2022,230,8.81, ,0.00, ,286, ,1.3, ,34.3, ,18.9, ,25.4, ,60, ,24, ,40, ,10.9, ,6.1, ,523.4, ,23.8, 
140,Twitchell Island,San Francisco Bay,8/19/2022,231,7.70, ,0.00, ,295, ,1.5, ,34.3, ,17.6, ,25.0, ,73, ,28, ,46, ,12.6, ,5.0, ,430.3, ,23.8, 
140,Twitchell Island,San Francisco Bay,8/20/2022,232,6.96, ,0.00, ,294, ,1.4, ,39.1,Y,14.1, ,26.0, ,87, ,21, ,43, ,12.4, ,2.8, ,238.8, ,24.3, 
140,Twitchell Island,San Francisco Bay,8/21/2022,233,6.91, ,0.00, ,291, ,1.5, ,28.7, ,16.3, ,21.6, ,82, ,35, ,60, ,13.4, ,5.5, ,479.0, ,23.9, 
140,Twitchell Island,San Francisco Bay,8/22/2022,234,7.08, ,0.00, ,289, ,1.6, ,33.1, ,16.8, ,24.0, ,74, ,30, ,53, ,13.9, ,4.7, ,403.3, ,23.6, 
140,Twitchell Island,San Francisco Bay,8/23/2022,235,6.34, ,0.00, ,287, ,1.7, ,35.6, ,17.1, ,25.8, ,83, ,28, ,51, ,15.0, ,2.8, ,238.6, ,24.5, 
140,Twitchell Island,San Francisco Bay,8/24/2022,236,6.41, ,0.00, ,285, ,1.6, ,33.5, ,15.8, ,23.8, ,82, ,34, ,54, ,14.0, ,3.2, ,275.2, ,24.7, 
140,Twitchell Island,San Francisco Bay,8/25/2022,237,6.12, ,0.00, ,289, ,1.6, ,30.6, ,16.1, ,21.8, ,87, ,38, ,62, ,14.2, ,4.4, ,383.7, ,24.5, 
140,Twitchell Island,San Francisco Bay,8/26/2022,238,5.74, ,0.00, ,278, ,1.6, ,32.7, ,15.1, ,22.5, ,92, ,29, ,58, ,13.8, ,3.5, ,298.3, ,24.3, 
140,Twitchell Island,San Francisco Bay,8/27/2022,239,6.12, ,0.00, ,283, ,1.5, ,29.3, ,14.9, ,21.3, ,90, ,41, ,61, ,13.5, ,4.2, ,361.2, ,24.1, 
140,Twitchell Island,San Francisco Bay,8/28/2022,240,6.12, ,0.00, ,279, ,1.5, ,28.5, ,15.2, ,20.7, ,86, ,32, ,61, ,12.8, ,5.0, ,431.0, ,23.6, 
140,Twitchell Island,San Francisco Bay,8/29/2022,241,6.17, ,0.00, ,256, ,1.5, ,30.9, ,15.7, ,21.4, ,86, ,30, ,59, ,13.0, ,5.5, ,474.9, ,23.2, 
140,Twitchell Island,San Francisco Bay,8/30/2022,242,6.50, ,0.00, ,273, ,1.6, ,31.9, ,16.6, ,22.3, ,82, ,32, ,58, ,13.6, ,5.5, ,479.4, ,23.2, 
140,Twitchell Island,San Francisco Bay,8/31/2022,243,6.38, ,0.00, ,279, ,1.3, ,34.1, ,15.1, ,23.1, ,89, ,14, ,47, ,11.0, ,4.3, ,375.6, ,23.3, 
140,Twitchell Island,San Francisco Bay,9/1/2022,244,6.44, ,0.00, ,269, ,1.3, ,40.5,Y,14.6, ,27.4, ,70, ,18, ,35, ,10.6, ,2.3, ,199.5, ,24.2, 
140,Twitchell Island,San Francisco Bay,9/2/2022,245,7.67, ,0.00, ,272, ,1.2, ,35.6, ,15.8, ,26.0, ,74, ,16, ,35, ,9.4, ,4.1, ,355.4, ,24.4, 
140,Twitchell Island,San Francisco Bay,9/3/2022,246,7.40, ,0.00, ,267, ,1.2, ,36.4, ,20.2, ,26.9, ,50, ,18, ,35, ,10.0, ,3.9, ,339.9, ,24.3, 
140,Twitchell Island,San Francisco Bay,9/4/2022,247,6.09, ,0.00, ,261, ,1.3, ,42.0,Y,16.8, ,28.5,Y,64, ,16, ,33,Y,10.7,Y,1.7, ,147.3, ,24.9,Y
140,Twitchell Island,San Francisco Bay,9/5/2022,248,6.73,R,0.00, ,252, ,1.3, ,44.8,Y,19.5, ,32.2,R,57,H,17,H,,R,,I,2.2, ,187.0, ,25.6,Y
140,Twitchell Island,San Francisco Bay,9/6/2022,249,7.10,R,0.00, ,254, ,1.4, ,46.7,R,20.7,Y,32.8,R,66,H,17,H,,R,,I,2.4, ,209.3, ,26.5,R
140,Twitchell Island,San Francisco Bay,9/7/2022,250,7.87,R,0.00, ,250, ,1.3, ,39.6, ,19.7, ,31.0,Y,68, ,13, ,29,Y,10.8,Y,3.5, ,306.4, ,26.2,R
140,Twitchell Island,San Francisco Bay,9/8/2022,251,6.97,R,0.00, ,247, ,1.4, ,44.4,Y,,S,33.4,R,40,H,20,H,,R,,I,3.0, ,257.0, ,26.5,R
140,Twitchell Island,San Francisco Bay,9/9/2022,252,6.85, ,0.00, ,242, ,1.3, ,42.7,Y,21.8,Y,30.5,Y,47,H,18,H,30,Y,10.8,Y,3.1, ,268.2, ,26.6,R
140,Twitchell Island,San Francisco Bay,9/10/2022,253,4.51, ,0.00, ,162, ,1.6, ,27.5, ,18.9, ,22.7, ,72, ,47, ,59, ,14.2, ,4.7, ,403.7, ,25.3,Y
140,Twitchell Island,San Francisco Bay,9/11/2022,254,4.83, ,0.00, ,151, ,1.3, ,32.6, ,19.0, ,24.8, ,67, ,18, ,40, ,10.4, ,3.3, ,283.3, ,24.5,Y
140,Twitchell Island,San Francisco Bay,9/12/2022,255,5.60, ,0.00, ,176, ,1.3, ,31.4, ,19.4,Y,24.5, ,62, ,26, ,44, ,11.4, ,4.8, ,414.2, ,24.1, 
140,Twitchell Island,San Francisco Bay,9/13/2022,256,5.54, ,0.00, ,248, ,1.5, ,25.4, ,17.0, ,20.1, ,74, ,47, ,62, ,12.6, ,5.7, ,491.4, ,23.3, 
140,Twitchell Island,San Francisco Bay,9/14/2022,257,4.99, ,0.00, ,239, ,1.5, ,25.0, ,16.0, ,19.6, ,81, ,45, ,64, ,12.6, ,4.6, ,398.9, ,22.8, 
140,Twitchell Island,San Francisco Bay,9/15/2022,258,4.53, ,0.00, ,233, ,1.4, ,24.8, ,15.5, ,19.2, ,82, ,43, ,64, ,12.3, ,3.6, ,307.8, ,22.7, 
140,Twitchell Island,San Francisco Bay,9/16/2022,259,4.45, ,0.00, ,240, ,1.4, ,28.5, ,8.7, ,19.2, ,99, ,35, ,62, ,11.8, ,2.0, ,169.8, ,22.7, 
140,Twitchell Island,San Francisco Bay,9/17/2022,260,4.23, ,0.00, ,218, ,1.4, ,24.5, ,8.6, ,17.6, ,99, ,45, ,67, ,11.5, ,2.8, ,243.3, ,22.4, 
140,Twitchell Island,San Francisco Bay,9/18/2022,261,2.90, ,2.20, ,136, ,1.6, ,24.6, ,14.6, ,18.4, ,93, ,55, ,76, ,14.1, ,4.2, ,362.8, ,21.9, 
140,Twitchell Island,San Francisco Bay,9/19/2022,262,1.96, ,12.00, ,130, ,1.8,Y,25.2, ,15.2, ,18.8, ,100, ,56, ,83,Y,15.9,Y,1.9, ,160.4, ,21.9, 
140,Twitchell Island,San Francisco Bay,9/20/2022,263,2.97, ,0.00, ,178, ,1.7, ,26.5, ,15.8, ,19.7, ,100, ,46, ,74, ,14.9, ,2.0, ,169.3, ,21.9, 
140,Twitchell Island,San Francisco Bay,9/21/2022,264,3.39, ,1.00, ,179, ,1.5, ,26.4, ,16.5, ,19.8, ,88, ,41, ,65, ,13.0, ,3.1, ,266.1, ,21.7, 
140,Twitchell Island,San Francisco Bay,9/22/2022,265,4.40, ,0.00, ,233, ,1.5, ,28.9, ,15.0, ,21.1, ,89, ,34, ,60, ,13.1, ,2.6, ,220.9, ,21.7, 
140,Twitchell Island,San Francisco Bay,9/23/2022,266,4.53, ,0.00, ,235, ,1.5, ,32.4, ,12.1, ,22.5, ,94, ,32, ,55, ,13.1, ,1.9, ,167.4, ,22.1, 
140,Twitchell Island,San Francisco Bay,9/24/2022,267,4.72, ,0.00, ,234, ,1.5, ,36.0, ,11.3, ,23.9, ,99, ,20, ,49, ,12.5, ,1.7, ,142.9, ,22.2, 
140,Twitchell Island,San Francisco Bay,9/25/2022,268,5.28, ,0.00, ,223, ,1.5, ,31.9, ,17.7, ,23.3, ,78, ,28, ,53, ,13.3, ,4.5, ,385.9, ,22.4, 
140,Twitchell Island,San Francisco Bay,9/26/2022,269,4.89, ,0.00, ,225, ,1.6, ,29.8, ,15.6, ,21.0, ,89, ,37, ,63, ,13.6, ,5.0, ,432.0, ,21.7, 
140,Twitchell Island,San Francisco Bay,9/27/2022,270,4.56, ,0.00, ,231, ,1.5, ,27.4, ,14.0, ,19.4, ,90, ,37, ,65, ,12.7, ,5.1, ,440.0, ,20.8, 
140,Twitchell Island,San Francisco Bay,9/28/2022,271,5.36, ,0.00, ,224, ,1.5, ,28.4, ,16.3, ,21.5, ,79, ,30, ,57, ,12.7, ,5.1, ,437.6, ,20.8, 
140,Twitchell Island,San Francisco Bay,9/29/2022,272,4.23, ,0.00, ,223, ,1.7, ,32.2, ,16.5, ,22.9, ,88, ,30, ,61, ,14.9, ,3.0, ,260.4, ,21.5, 
140,Twitchell Island,San Francisco Bay,9/30/2022,273,4.88, ,0.00, ,221, ,1.4, ,34.3, ,13.7, ,24.6, ,91, ,23, ,44, ,11.5, ,2.3, ,201.7, ,22.0, 
140,Twitchell Island,San Francisco Bay,10/1/2022,274,4.55, ,0.00, ,217, ,1.6, ,25.6, ,15.7, ,20.0, ,88, ,52, ,70, ,14.3, ,5.5, ,476.5, ,21.3, 
140,Twitchell Island,San Francisco Bay,10/2/2022,275,4.56, ,0.00, ,212, ,1.5, ,25.4, ,16.6, ,20.1, ,82, ,46, ,66, ,13.5, ,5.3, ,454.6, ,20.6, 
140,Twitchell Island,San Francisco Bay,10/3/2022,276,4.56, ,0.00, ,211, ,1.6, ,28.7, ,15.7, ,20.8, ,82, ,40, ,64, ,13.6, ,5.0, ,431.2, ,20.6, 
140,Twitchell Island,San Francisco Bay,10/4/2022,277,4.08, ,0.00, ,212, ,1.6, ,29.0, ,13.9, ,21.0, ,96, ,42, ,65, ,14.2, ,3.0, ,259.4, ,21.0, 
140,Twitchell Island,San Francisco Bay,10/5/2022,278,3.71, ,0.00, ,208, ,1.6, ,35.3, ,12.7, ,22.7, ,95, ,31, ,59, ,14.1, ,1.4, ,123.1, ,21.6, 
140,Twitchell Island,San Francisco Bay,10/6/2022,279,4.01, ,0.00, ,201, ,1.6, ,36.2, ,11.5, ,23.0, ,98, ,26, ,57, ,13.9, ,1.9, ,163.5, ,21.9, 
140,Twitchell Island,San Francisco Bay,10/7/2022,280,4.50, ,0.00, ,200, ,1.5, ,36.0, ,17.2, ,24.8,Y,76, ,24, ,48,Y,13.1,Y,2.8, ,243.6, ,22.3,Y
140,Twitchell Island,San Francisco Bay,10/8/2022,281,4.60, ,0.00, ,197, ,1.5, ,33.7, ,15.4, ,23.9,Y,85, ,30, ,51,Y,13.1,Y,3.2, ,277.3, ,22.4,Y
140,Twitchell Island,San Francisco Bay,10/9/2022,282,4.33, ,0.00, ,197, ,1.5, ,29.1, ,15.3, ,21.1, ,86, ,39, ,62, ,13.4, ,4.8, ,414.4, ,21.7,Y
140,Twitchell Island,San Francisco Bay,10/10/2022,283,4.10, ,0.00, ,196, ,1.5, ,30.7, ,15.2, ,21.6, ,88, ,31, ,57, ,12.7, ,3.2, ,278.4, ,21.6,Y
140,Twitchell Island,San Francisco Bay,10/11/2022,284,3.93, ,0.00, ,197, ,1.4, ,30.9, ,12.5, ,20.4, ,89, ,26, ,58, ,11.9, ,3.0, ,258.2, ,21.4,Y
140,Twitchell Island,San Francisco Bay,10/12/2022,285,3.93, ,0.00, ,188, ,1.6, ,26.1, ,14.6, ,19.0, ,92, ,46, ,71, ,13.7, ,5.9,Y,505.5,Y,20.8, 
140,Twitchell Island,San Francisco Bay,10/13/2022,286,3.31, ,0.00, ,190, ,1.5, ,27.8, ,12.3, ,18.7, ,90, ,45, ,70, ,13.1, ,3.7, ,319.5, ,20.5, 
140,Twitchell Island,San Francisco Bay,10/14/2022,287,3.24, ,0.00, ,191, ,1.6, ,29.1, ,13.0, ,19.5, ,97, ,41, ,69, ,13.8, ,2.8, ,245.2, ,20.8, 
140,Twitchell Island,San Francisco Bay,10/15/2022,288,3.44, ,0.00, ,185, ,1.6, ,22.7, ,14.7, ,17.9, ,93, ,60, ,78, ,14.1, ,6.0,Y,518.0,Y,20.3, 
140,Twitchell Island,San Francisco Bay,10/16/2022,289,2.86, ,0.00, ,154, ,1.5, ,21.7, ,11.7, ,17.6, ,91, ,59, ,73, ,12.7, ,3.6, ,311.5, ,20.0, 
140,Twitchell Island,San Francisco Bay,10/17/2022,290,2.69, ,0.00, ,175, ,1.5, ,28.0, ,10.7, ,18.2, ,96, ,44, ,72, ,13.0, ,1.5, ,133.4, ,20.0, 
140,Twitchell Island,San Francisco Bay,10/18/2022,291,2.51, ,0.00, ,144, ,1.5, ,30.7, ,12.8, ,19.6, ,96, ,38, ,66, ,13.2, ,1.1, ,96.4, ,20.2, 
140,Twitchell Island,San Francisco Bay,10/19/2022,292,3.14, ,0.00, ,181, ,1.3, ,34.8, ,9.9, ,20.9, ,99, ,21, ,54, ,11.2, ,0.9, ,74.2, ,20.1, 
140,Twitchell Island,San Francisco Bay,10/20/2022,293,3.02, ,0.00, ,176, ,1.3, ,34.7,Y,10.5, ,21.1, ,94, ,22, ,54, ,11.4, ,1.1, ,92.1, ,20.0, 
140,Twitchell Island,San Francisco Bay,10/21/2022,294,3.19, ,0.00, ,172, ,1.5, ,25.3, ,12.8, ,18.5, ,91, ,49, ,68, ,12.6, ,3.3, ,286.5, ,19.7, 
140,Twitchell Island,San Francisco Bay,10/22/2022,295,2.75, ,0.00, ,126, ,1.3, ,24.7, ,12.8, ,18.6, ,82, ,41, ,63, ,11.4, ,4.1, ,353.8, ,19.4, 
140,Twitchell Island,San Francisco Bay,10/23/2022,296,4.35, ,0.00, ,177, ,0.7, ,22.4, ,10.8, ,16.6, ,70, ,22, ,38, ,2.1, ,3.6, ,313.5, ,18.4, 
140,Twitchell Island,San Francisco Bay,10/24/2022,297,3.18, ,0.00, ,170, ,0.8, ,26.2, ,8.0, ,16.7, ,78, ,23, ,40, ,3.0, ,1.5, ,132.2, ,18.1, 
140,Twitchell Island,San Francisco Bay,10/25/2022,298,2.75, ,0.00, ,164, ,1.1, ,26.0, ,8.3, ,16.3, ,90, ,37, ,61, ,8.8, ,2.1, ,178.9, ,17.9, 
140,Twitchell Island,San Francisco Bay,10/26/2022,299,3.18, ,0.00, ,164, ,1.0, ,24.1, ,12.2, ,17.3, ,76, ,26, ,52, ,7.4, ,2.8, ,243.6, ,17.8, 
140,Twitchell Island,San Francisco Bay,10/27/2022,300,2.97, ,0.00, ,165, ,0.9, ,25.7, ,8.1, ,16.5, ,86, ,25, ,47, ,5.1, ,1.5, ,133.7, ,17.6, 
140,Twitchell Island,San Francisco Bay,10/28/2022,301,2.24, ,0.00, ,132, ,1.1, ,25.0, ,5.6, ,15.4, ,95, ,29, ,60, ,7.7, ,1.7, ,143.8, ,17.0, 
140,Twitchell Island,San Francisco Bay,10/29/2022,302,2.78, ,0.00, ,146, ,1.2, ,25.4, ,12.5, ,17.7, ,84, ,30, ,58, ,9.3, ,2.9, ,247.6, ,17.3, 
140,Twitchell Island,San Francisco Bay,10/30/2022,303,2.65, ,0.00, ,160, ,1.3, ,26.5, ,6.5, ,17.1, ,100, ,31, ,64, ,10.3, ,1.9, ,166.8, ,17.7, 
140,Twitchell Island,San Francisco Bay,10/31/2022,304,1.25, ,0.00, ,100, ,1.3, ,23.7, ,8.7, ,14.9, ,100, ,51, ,78, ,11.0, ,1.4, ,118.5, ,17.2, 
140,Twitchell Island,San Francisco Bay,11/1/2022,305,1.15, ,4.50, ,71, ,1.3, ,19.0, ,9.5, ,14.0, ,93, ,62, ,79, ,10.4, ,3.8, ,325.5, ,16.7, 
140,Twitchell Island,San Francisco Bay,11/2/2022,306,2.06, ,2.40, ,143, ,1.0, ,16.5, ,6.9, ,11.8, ,98, ,56, ,74, ,7.3, ,2.3, ,197.3, ,15.8, 
140,Twitchell Island,San Francisco Bay,11/3/2022,307,2.75, ,0.00, ,157, ,0.7, ,18.1, ,5.5, ,11.0, ,93, ,25, ,56, ,2.6, ,2.6, ,225.5, ,15.2, 
140,Twitchell Island,San Francisco Bay,11/4/2022,308,1.69, ,0.00, ,129, ,0.9, ,19.6, ,3.0, ,11.5, ,97, ,43, ,69, ,6.0, ,1.1, ,99.2, ,14.9, 
140,Twitchell Island,San Francisco Bay,11/5/2022,309,0.49, ,0.20, ,49, ,1.4, ,18.5, ,8.4, ,14.1, ,100, ,73, ,89, ,12.3, ,1.9, ,163.6, ,15.2, 
140,Twitchell Island,San Francisco Bay,11/6/2022,310,2.42, ,0.00, ,132, ,1.1, ,18.8, ,10.3, ,14.3, ,91, ,43, ,66, ,8.0, ,3.3, ,282.7, ,15.8, 
                                                                                                                                                                                                                                                                                                                                                                                                                                                                                                                                                                                                                                                                                                                                                                                                                                                                                                                                                                                                                                                                